﻿序號,縣市別代碼,機關代碼,市話,傳真,年,月,日,時,分,縣市,區,死亡數量,受傷數量,2-30,天候,道路照明設備,道路類別,道路速限,道路型態,事故位置,路面鋪裝,路面狀態,路面缺陷,障礙物,視距,號誌種類,號誌動作,分向設施,快車道或一般車道間,快慢車道間,路面邊線,事故類型及型態,受傷程度,主要傷處,保護裝備,行動電話或功能裝置,當事者區分_類別,車輛用途,當事者行動狀態,駕照狀態,駕照種類,飲酒情形,車輛撞擊部位最初,車輛撞擊部位其他,肇事因素個別,肇事因素主要,肇事逃逸,職業,共享經濟或外送平台,GPS座標X,GPS座標Y,事故類別
338,66000,387130000C,(04)23274275,(04)23288582,2025,03,1,23,44,臺中市,北屯區,0,1,0,7,1,6,50,4,1,1,5,4,6,6,2,1,10,5,5,2,16,2,9,1,1,C03,7,5,1,10,2,11,14,1,1,1,12,4,120.686216,24.181487,2
339,66000,387130000C,(04)23274275,(04)23288582,2025,03,1,23,51,臺中市,龍井區,0,0,0,7,,,50,,,,,,,,,,,,,,16,,,,,C03,,,1,,2,,,8,8,1,5,4,120.586997,24.181363,3
340,66000,387130000C,(04)23274275,(04)23288582,2025,03,1,23,54,臺中市,東區,0,0,0,7,,,50,,,,,,,,,,,,,,13,,,,,B03,,,1,,1,,,7,7,1,13,4,120.698733,24.132997,3
341,66000,387130000C,(04)23274275,(04)23288582,2025,03,2,0,18,臺中市,豐原區,1,1,0,7,1,6,50,4,1,1,5,4,6,6,3,1,1,2,5,1,15,1,9,5,4,B03,7,9,1,8,2,4,,24,24,1,12,4,120.715278,24.256103,1
342,66000,387130000C,(04)23274275,(04)23288582,2025,03,2,0,22,臺中市,西屯區,0,1,0,7,1,6,40,4,8,1,5,4,6,6,2,1,3,4,4,2,17,2,9,1,1,C03,7,9,1,10,2,11,,59,59,1,13,4,120.658344,24.194915,2
343,66000,387130000C,(04)23274275,(04)23288582,2025,03,2,1,6,臺中市,北區,0,0,0,7,,,50,,,,,,,,,,,,,,17,,,,,B03,,,1,,9,,,21,21,2,13,4,120.685393,24.157579,3
344,66000,387130000C,(04)23274275,(04)23288582,2025,03,2,1,8,臺中市,西屯區,0,0,0,7,,,50,,,,,,,,,,,,,,17,,,,,C03,,,1,,2,,,50,50,1,12,4,120.644794,24.173523,3
345,66000,387130000C,(04)23274275,(04)23288582,2025,03,2,1,9,臺中市,烏日區,0,1,0,7,1,6,50,13,9,1,5,4,6,6,4,4,10,4,5,1,18,2,9,2,1,F03,7,9,7,21,7,11,12,84,84,1,6,4,120.64747,24.071716,2
346,66000,387130000C,(04)23274275,(04)23288582,2025,03,2,2,5,臺中市,北區,0,1,0,7,3,9,50,13,9,1,5,4,6,6,4,4,5,4,4,2,17,3,10,5,4,B03,7,14,1,7,2,4,,76,76,1,13,4,120.677774,24.149561,2
347,66000,387130000C,(04)23274275,(04)23288582,2025,03,2,2,11,臺中市,西屯區,0,1,0,7,1,6,50,13,9,1,5,4,6,6,4,4,5,5,5,2,30,2,9,5,4,B03,7,9,1,8,9,5,,84,84,1,13,4,120.648912,24.168599,2
348,66000,387130000C,(04)23274275,(04)23288582,2025,03,2,2,29,臺中市,西屯區,0,0,0,7,,,50,,,,,,,,,,,,,,17,,,,,C03,,,5,,2,,,59,59,1,12,4,120.664694,24.175991,3
349,66000,387130000C,(04)23274275,(04)23288582,2025,03,2,2,31,臺中市,西屯區,0,1,0,7,1,6,30,3,1,1,5,4,6,6,3,1,10,5,5,2,17,2,9,1,1,C03,7,9,1,10,2,12,,85,85,1,5,4,120.646462,24.178825,2
350,66000,387130000C,(04)23274275,(04)23288582,2025,03,2,2,52,臺中市,豐原區,0,0,0,7,,,50,,,,,,,,,,,,,,14,,,,,B03,,,1,,2,,,84,84,1,12,4,120.708788,24.250127,4
351,66000,387130000C,(04)23274275,(04)23288582,2025,03,2,3,41,臺中市,南屯區,0,0,0,7,,,40,,,,,,,,,,,,,,17,,,,,B03,,,1,,2,,,50,50,1,13,4,120.642617,24.145969,3
352,66000,387130000C,(04)23274275,(04)23288582,2025,03,2,4,15,臺中市,東區,0,1,0,7,1,6,50,13,9,1,5,4,6,6,4,4,9,4,5,2,9,3,10,3,1,B01,7,9,1,8,2,5,,7,7,1,12,4,120.68833,24.136168,2
353,66000,387130000C,(04)23274275,(04)23288582,2025,03,2,4,52,臺中市,潭子區,0,0,0,7,,,60,,,,,,,,,,,,,,,,,,,A12,,,1,,9,,,84,84,1,12,4,120.70265,24.194985,3
354,66000,387130000C,(04)23274275,(04)23288582,2025,03,2,5,0,臺中市,西屯區,0,0,0,7,,,40,,,,,,,,,,,,,,17,,,,,B01,,,1,,9,,,8,8,1,12,4,120.651334,24.162234,3
355,66000,387130000C,(04)23274275,(04)23288582,2025,03,2,5,10,臺中市,南區,0,2,0,7,1,6,50,13,9,1,5,4,6,6,4,4,3,2,5,2,13,2,9,2,1,C03,7,9,1,10,7,11,,53,53,1,13,4,120.652586,24.118016,2
356,66000,387130000C,(04)23274275,(04)23288582,2025,03,2,5,57,臺中市,東區,0,0,0,7,,,50,,,,,,,,,,,,,,17,,,,,B03,,,1,,2,,,55,55,1,12,4,120.69622,24.136324,3
357,66000,387130000C,(04)23274275,(04)23288582,2025,03,2,6,6,臺中市,東區,0,0,0,7,,,50,,,,,,,,,,,,,,13,,,,,B03,,,1,,1,,,82,82,1,13,4,120.692419,24.142862,3
358,66000,387130000C,(04)23274275,(04)23288582,2025,03,2,6,7,臺中市,大里區,0,1,0,7,1,6,50,4,1,1,5,4,6,6,3,1,10,5,5,2,15,2,9,1,1,F01,7,9,7,21,1,11,,20,20,1,2,4,120.687242,24.095523,2
359,66000,387130000C,(04)23274275,(04)23288582,2025,03,2,6,14,臺中市,大甲區,0,1,0,7,1,6,50,13,9,1,5,4,6,6,4,4,8,4,5,1,27,2,9,3,1,B03,7,9,1,10,2,5,,84,84,1,12,4,120.677821,24.364729,2
360,66000,387130000C,(04)23274275,(04)23288582,2025,03,2,6,30,臺中市,清水區,0,0,0,7,2,6,50,3,2,1,5,,6,6,1,1,8,3,4,2,12,,,,,B03,,,1,,1,,,34,34,1,12,4,120.575436,24.269143,3
361,66000,387130000C,(04)23274275,(04)23288582,2025,03,2,6,38,臺中市,北屯區,0,1,0,7,3,6,50,13,9,1,5,4,6,6,4,4,1,4,5,1,13,2,9,2,1,C03,7,9,3,19,6,11,,53,53,1,6,4,120.676784,24.201354,2
362,66000,387130000C,(04)23274275,(04)23288582,2025,03,2,6,51,臺中市,大里區,0,2,0,7,3,6,50,3,2,1,5,4,6,6,4,4,5,4,4,2,17,2,9,5,4,C03,7,6,1,10,2,11,,20,20,1,13,4,120.680037,24.101077,2
363,66000,387130000C,(04)23274275,(04)23288582,2025,03,2,6,58,臺中市,北區,0,1,0,7,2,6,50,4,1,1,5,4,6,6,2,1,1,4,5,2,16,3,10,3,1,B03,7,5,1,8,2,2,,47,47,1,13,4,120.671456,24.17374,2
364,66000,387130000C,(04)23274275,(04)23288582,2025,03,2,6,58,臺中市,沙鹿區,0,2,0,7,2,6,50,4,1,1,5,4,6,6,3,1,10,5,5,2,15,2,7,3,1,B03,7,9,1,8,2,8,,24,24,1,6,4,120.564279,24.236543,2
365,66000,387130000C,(04)23274275,(04)23288582,2025,03,2,7,20,臺中市,梧棲區,0,1,0,7,2,6,50,3,1,1,5,4,6,6,4,4,10,5,5,2,18,2,9,1,1,C03,7,9,1,10,1,12,,59,59,1,6,4,120.519749,24.238164,2
366,66000,387130000C,(04)23274275,(04)23288582,2025,03,2,7,26,臺中市,南區,0,0,0,7,,,50,,,,,,,,,,,,,,17,,,,,B03,,,1,,1,,,87,87,1,13,4,120.662593,24.12325,3
367,66000,387130000C,(04)23274275,(04)23288582,2025,03,2,7,34,臺中市,大里區,0,3,0,6,2,6,50,5,1,1,5,4,6,6,1,1,10,5,5,2,17,2,8,3,1,B03,7,6,1,8,2,1,,25,25,1,13,4,120.690064,24.092694,2
368,66000,387130000C,(04)23274275,(04)23288582,2025,03,2,7,36,臺中市,北屯區,1,1,0,7,2,6,50,4,1,1,5,4,6,6,3,1,10,5,5,2,15,1,9,1,1,C03,7,9,1,10,2,14,,24,24,1,12,4,120.716901,24.178241,1
369,66000,387130000C,(04)23274275,(04)23288582,2025,03,2,7,37,臺中市,東區,0,2,0,7,1,6,50,13,9,1,5,4,6,6,4,4,9,4,5,2,12,2,9,1,1,C03,7,9,1,10,2,11,14,7,7,1,12,4,120.692533,24.138761,2
370,66000,387130000C,(04)23274275,(04)23288582,2025,03,2,7,38,臺中市,西屯區,0,0,0,7,,,50,,,,,,,,,,,,,,13,,,,,C03,,,1,,1,,,84,84,1,13,4,120.644164,24.201417,3
371,66000,387130000C,(04)23274275,(04)23288582,2025,03,2,8,6,臺中市,沙鹿區,0,0,0,7,,,50,,,,,,,,,,,,,,17,,,,,B03,,,1,,9,,,8,8,1,6,4,120.551014,24.23215,3
372,66000,387130000C,(04)23274275,(04)23288582,2025,03,2,8,11,臺中市,大里區,0,1,0,7,2,6,50,13,7,1,5,4,6,6,1,1,1,4,4,1,13,3,10,1,1,C03,7,9,1,10,2,11,,7,7,1,12,4,120.674857,24.102938,2
373,66000,387130000C,(04)23274275,(04)23288582,2025,03,2,8,15,臺中市,梧棲區,0,0,0,7,,,30,,,,,,,,,,,,,,14,,,,,B03,,,1,,1,,,49,49,1,6,4,120.528468,24.256044,3
374,66000,387130000C,(04)23274275,(04)23288582,2025,03,2,8,20,臺中市,神岡區,0,0,0,7,1,6,30,13,14,1,5,4,6,6,4,4,10,5,5,2,30,,,,,B03,,,1,,1,,,87,87,1,12,4,120.652628,24.263811,3
375,66000,387130000C,(04)23274275,(04)23288582,2025,03,2,8,23,臺中市,中區,0,1,0,7,1,6,50,4,1,1,5,4,6,6,1,1,10,5,5,1,30,,,,,,,,,,,,,119,119,1,,,120.685535,24.138626,2
376,66000,387130000C,(04)23274275,(04)23288582,2025,03,2,8,23,臺中市,南屯區,0,2,0,7,2,6,40,13,8,1,5,4,6,6,4,4,1,5,3,2,13,2,8,1,1,C03,7,9,1,10,2,11,,7,7,1,6,4,120.586817,24.161065,2
377,66000,387130000C,(04)23274275,(04)23288582,2025,03,2,8,41,臺中市,西屯區,0,0,0,7,,,50,,,,,,,,,,,,,,9,,,,,B03,,,1,,1,,,8,8,1,12,4,120.659884,24.196783,3
378,66000,387130000C,(04)23274275,(04)23288582,2025,03,2,8,47,臺中市,大雅區,0,2,0,7,3,6,30,13,9,1,5,4,6,6,4,4,10,5,5,1,17,2,8,1,1,C03,7,9,1,10,7,14,,53,53,1,12,4,120.631836,24.237081,2
379,66000,387130000C,(04)23274275,(04)23288582,2025,03,2,8,55,臺中市,西屯區,0,2,0,7,2,6,50,4,1,1,5,4,6,6,1,1,1,4,5,2,3,2,9,6,5,H01,8,18,7,21,10,17,,96,96,1,12,5,120.653478,24.195259,2
380,66000,387130000C,(04)23274275,(04)23288582,2025,03,2,9,14,臺中市,龍井區,0,1,0,7,2,6,50,4,1,1,5,4,6,6,1,1,10,5,5,2,16,3,10,5,4,C03,7,5,1,10,2,12,,84,84,1,6,4,120.581367,24.174789,2
381,66000,387130000C,(04)23274275,(04)23288582,2025,03,2,9,19,臺中市,北屯區,0,1,0,7,2,6,30,4,1,1,5,4,6,6,3,1,10,5,5,2,15,2,9,2,1,C03,7,9,1,10,2,11,,20,20,1,12,4,120.694488,24.188181,2
382,66000,387130000C,(04)23274275,(04)23288582,2025,03,2,9,27,臺中市,大里區,0,0,0,7,,,60,,,,,,,,,,,,,,13,,,,,B03,,,1,,2,,,84,84,1,13,4,120.666402,24.105516,3
383,66000,387130000C,(04)23274275,(04)23288582,2025,03,2,9,36,臺中市,豐原區,0,0,0,7,,,50,,,,,,,,,,,,,,13,,,,,C03,,,1,,2,,,7,7,1,12,4,120.703318,24.237965,4
384,66000,387130000C,(04)23274275,(04)23288582,2025,03,2,9,42,臺中市,大里區,0,0,0,7,,,50,,,,,,,,,,,,,,9,,,,,B03,,,1,,2,,,50,50,1,12,4,120.683155,24.098594,3
385,66000,387130000C,(04)23274275,(04)23288582,2025,03,2,9,43,臺中市,中區,0,1,0,7,2,6,50,13,9,1,5,4,6,6,4,4,5,4,5,1,13,2,9,2,1,C03,7,9,1,10,2,11,,7,7,1,13,4,120.68338,24.141003,2
386,66000,387130000C,(04)23274275,(04)23288582,2025,03,2,9,47,臺中市,太平區,0,1,0,7,2,6,50,4,4,1,5,4,6,6,1,1,5,4,5,2,13,3,10,3,1,B03,7,1,1,8,2,5,,84,84,1,13,4,120.720297,24.15791,2
387,66000,387130000C,(04)23274275,(04)23288582,2025,03,2,9,52,臺中市,南屯區,0,1,0,7,2,6,50,3,1,1,5,4,6,6,4,4,9,4,5,2,17,2,9,1,1,C03,7,9,1,10,2,12,,85,85,1,12,4,120.626268,24.149891,2
388,66000,387130000C,(04)23274275,(04)23288582,2025,03,2,9,59,臺中市,潭子區,0,2,0,7,3,6,30,4,1,1,5,4,6,6,4,4,10,5,5,2,15,2,7,2,1,C03,7,9,1,10,2,14,,12,12,1,13,4,120.70274,24.209975,2
389,66000,387130000C,(04)23274275,(04)23288582,2025,03,2,10,0,臺中市,南屯區,0,2,0,7,3,6,50,13,8,1,5,4,6,6,1,1,5,5,4,2,12,3,10,3,1,A02,7,7,1,2,2,2,,40,40,1,12,4,120.614335,24.14375,2
390,66000,387130000C,(04)23274275,(04)23288582,2025,03,2,10,1,臺中市,北屯區,0,0,0,7,,,50,,,,,,,,,,,,,,13,,,,,B03,,,1,,1,,,59,59,1,12,4,120.698392,24.170491,3
391,66000,387130000C,(04)23274275,(04)23288582,2025,03,2,10,4,臺中市,潭子區,0,0,0,7,,,30,,,,,,,,,,,,,,,,,,,B03,,,1,,2,,,7,7,1,13,4,120.735062,24.207507,3
392,66000,387130000C,(04)23274275,(04)23288582,2025,03,2,10,7,臺中市,霧峰區,0,0,0,7,,,50,,,,,,,,,,,,,,13,,,,,B12,,,1,,2,,,62,62,1,13,4,120.694774,24.051489,3
393,66000,387130000C,(04)23274275,(04)23288582,2025,03,2,10,10,臺中市,神岡區,0,0,0,7,,,30,,,,,,,,,,,,,,17,,,,,B03,,,1,,9,,,85,85,1,13,4,120.651895,24.281074,3
394,66000,387130000C,(04)23274275,(04)23288582,2025,03,2,10,14,臺中市,西屯區,0,0,0,7,,,50,,,,,,,,,,,,,,13,,,,,B03,,,1,,1,,,59,59,1,12,4,120.61422,24.176189,3
395,66000,387130000C,(04)23274275,(04)23288582,2025,03,2,10,16,臺中市,太平區,0,0,0,7,,,30,,,,,,,,,,,,,,,,,,,B03,,,1,,2,,,49,49,1,12,4,120.740474,24.133472,3
396,66000,387130000C,(04)23274275,(04)23288582,2025,03,2,10,17,臺中市,霧峰區,0,2,0,7,2,6,50,13,9,1,5,4,6,6,4,4,5,4,5,1,3,2,9,6,5,H01,8,16,7,21,10,17,,98,98,1,13,5,120.719488,24.078273,2
397,66000,387130000C,(04)23274275,(04)23288582,2025,03,2,10,18,臺中市,北屯區,0,1,0,6,2,6,50,13,9,1,5,4,6,6,4,4,3,4,5,1,18,2,9,5,1,F01,7,9,7,21,2,14,,84,84,1,12,4,120.685677,24.171428,2
398,66000,387130000C,(04)23274275,(04)23288582,2025,03,2,10,20,臺中市,北屯區,0,0,0,7,,,50,,,,,,,,,,,,,,9,,,,,B03,,,1,,2,,,84,84,1,6,4,120.686306,24.186899,3
399,66000,387130000C,(04)23274275,(04)23288582,2025,03,2,10,20,臺中市,和平區,0,0,0,7,,,25,,,,,,,,,,,,,,10,,,,,B02,,,1,,1,,,84,84,1,12,4,120.896593,24.21437,3
400,66000,387130000C,(04)23274275,(04)23288582,2025,03,2,10,25,臺中市,豐原區,0,1,0,7,2,6,50,4,1,1,5,4,6,6,1,1,5,4,5,1,16,2,9,1,1,C03,7,6,3,19,2,12,,36,36,1,12,4,120.72524,24.234609,2
401,66000,387130000C,(04)23274275,(04)23288582,2025,03,2,10,48,臺中市,和平區,0,0,0,7,3,6,30,13,9,1,5,4,6,6,4,4,10,5,5,2,12,3,10,5,4,A02,7,1,1,2,2,4,,51,51,1,6,4,121.266548,24.284159,3
402,66000,387130000C,(04)23274275,(04)23288582,2025,03,2,10,51,臺中市,南屯區,0,1,0,7,3,6,50,13,7,1,5,4,6,6,4,4,5,4,4,2,17,3,10,3,1,B03,7,11,1,8,2,4,,39,39,1,12,4,120.615579,24.139183,2
403,66000,387130000C,(04)23274275,(04)23288582,2025,03,2,10,52,臺中市,南區,0,2,0,7,2,6,30,13,9,1,5,4,6,6,4,4,10,5,4,2,8,3,10,3,1,B03,7,9,1,8,2,2,,84,84,1,12,4,120.682829,24.132856,2
404,66000,387130000C,(04)23274275,(04)23288582,2025,03,2,10,52,臺中市,大里區,0,1,0,7,3,6,30,4,1,1,5,4,6,6,3,1,10,5,5,2,16,2,9,2,1,C03,7,6,3,19,9,11,,20,20,1,6,4,120.67733,24.097525,2
405,66000,387130000C,(04)23274275,(04)23288582,2025,03,2,10,52,臺中市,龍井區,0,1,0,7,3,6,50,3,1,1,5,4,6,6,2,1,1,4,5,1,13,2,7,2,1,C03,7,9,1,10,2,11,,7,7,1,12,4,120.543068,24.192502,2
406,66000,387130000C,(04)23274275,(04)23288582,2025,03,2,10,54,臺中市,東區,0,3,0,7,2,6,50,13,8,1,5,4,6,6,4,4,7,4,5,2,17,2,9,1,1,C03,7,1,1,10,2,14,,51,51,1,12,4,120.690693,24.133445,2
407,66000,387130000C,(04)23274275,(04)23288582,2025,03,2,10,54,臺中市,龍井區,0,1,0,7,2,6,50,4,1,1,5,4,6,6,1,1,10,5,5,2,16,3,10,5,4,C03,7,5,1,10,2,12,,8,8,1,5,4,120.583421,24.179761,2
408,66000,387130000C,(04)23274275,(04)23288582,2025,03,2,10,55,臺中市,新社區,0,0,0,7,,,50,,,,,,,,,,,,,,,,,,,B03,,,1,,1,,,49,49,1,12,4,120.786143,24.235795,3
409,66000,387130000C,(04)23274275,(04)23288582,2025,03,2,11,3,臺中市,西區,0,0,0,7,2,6,50,13,9,1,5,4,6,6,4,4,5,4,5,2,14,,,,,B12,,,1,,1,,,49,49,1,13,4,120.662646,24.146947,3
410,66000,387130000C,(04)23274275,(04)23288582,2025,03,2,11,3,臺中市,北屯區,0,0,0,7,,,50,,,,,,,,,,,,,,14,,,,,B03,,,1,,1,,,49,49,1,12,4,120.662829,24.198766,3
411,66000,387130000C,(04)23274275,(04)23288582,2025,03,2,11,6,臺中市,大雅區,0,3,0,7,1,6,70,3,1,1,5,4,6,6,1,1,1,5,5,1,15,2,9,1,1,C03,7,1,1,10,2,14,,25,25,1,13,4,120.636893,24.234787,2
412,66000,387130000C,(04)23274275,(04)23288582,2025,03,2,11,7,臺中市,潭子區,0,0,0,7,,,50,,,,,,,,,,,,,,,,,,,B03,,,1,,2,,,84,84,1,13,4,120.717781,24.197709,3
413,66000,387130000C,(04)23274275,(04)23288582,2025,03,2,11,7,臺中市,西區,0,0,0,7,,,50,,,,,,,,,,,,,,,,,,,B03,,,1,,1,,,14,14,1,12,4,120.667833,24.131045,3
414,66000,387130000C,(04)23274275,(04)23288582,2025,03,2,11,7,臺中市,大里區,0,0,0,7,,,50,,,,,,,,,,,,,,17,,,,,C03,,,1,,2,,,21,21,1,12,4,120.689618,24.115367,3
415,66000,387130000C,(04)23274275,(04)23288582,2025,03,2,11,7,臺中市,豐原區,0,1,0,7,2,6,30,13,9,1,5,4,4,6,4,4,10,5,5,2,8,3,10,5,4,C03,7,9,1,10,2,15,,84,84,1,12,4,120.716266,24.250862,2
416,66000,387130000C,(04)23274275,(04)23288582,2025,03,2,11,19,臺中市,北屯區,0,2,0,7,2,6,50,3,2,1,5,4,6,6,4,4,10,5,5,2,16,2,9,2,1,C03,7,6,1,8,2,12,,48,48,1,12,4,120.695482,24.165253,2
417,66000,387130000C,(04)23274275,(04)23288582,2025,03,2,11,20,臺中市,外埔區,0,0,0,7,,,40,,,,,,,,,,,,,,12,,,,,C03,,,1,,2,,,58,58,1,6,4,120.649013,24.335639,3
418,66000,387130000C,(04)23274275,(04)23288582,2025,03,2,11,25,臺中市,沙鹿區,0,0,0,7,,,50,,,,,,,,,,,,,,,,,,,B03,,,1,,2,,,20,20,1,6,4,120.565097,24.242946,3
419,66000,387130000C,(04)23274275,(04)23288582,2025,03,2,11,26,臺中市,沙鹿區,0,0,0,7,,,60,,,,,,,,,,,,,,13,,,,,B03,,,1,,1,,,56,56,1,6,4,120.581839,24.250368,3
420,66000,387130000C,(04)23274275,(04)23288582,2025,03,2,11,29,臺中市,西區,0,1,0,7,2,6,30,3,1,1,5,4,6,6,4,4,9,5,5,2,16,3,10,2,1,C03,7,6,1,10,2,12,,14,14,1,12,4,120.663488,24.147634,2
421,66000,387130000C,(04)23274275,(04)23288582,2025,03,2,11,30,臺中市,東區,0,0,0,7,,,50,,,,,,,,,,,,,,17,3,10,3,1,B03,7,15,1,8,1,5,,84,84,1,12,4,120.685284,24.130088,3
422,66000,387130000C,(04)23274275,(04)23288582,2025,03,2,11,33,臺中市,霧峰區,0,0,0,7,,,50,,,,,,,,,,,,,,11,,,,,B12,,,1,,2,,,34,34,1,13,4,120.736899,24.03545,3
423,66000,387130000C,(04)23274275,(04)23288582,2025,03,2,11,34,臺中市,西區,0,1,0,7,2,6,50,13,7,1,5,4,6,6,1,1,5,4,4,2,13,2,9,1,1,C03,7,9,1,10,2,11,,7,7,1,13,4,120.665278,24.148267,2
424,66000,387130000C,(04)23274275,(04)23288582,2025,03,2,11,38,臺中市,西區,0,1,0,7,1,6,50,4,1,1,5,4,6,6,1,1,10,5,5,1,17,3,10,5,4,C03,7,5,1,8,2,14,,87,87,1,12,4,120.664585,24.152857,2
425,66000,387130000C,(04)23274275,(04)23288582,2025,03,2,11,38,臺中市,南屯區,0,0,0,7,,,40,,,,,,,,,,,,,,,,,,,B12,,,1,,1,,,49,49,1,13,4,120.615109,24.147056,3
426,66000,387130000C,(04)23274275,(04)23288582,2025,03,2,11,40,臺中市,龍井區,0,0,0,7,,,60,,,,,,,,,,,,,,,,,,,B03,,,1,,2,,,7,7,1,12,4,120.581398,24.175646,3
427,66000,387130000C,(04)23274275,(04)23288582,2025,03,2,11,40,臺中市,石岡區,0,0,0,7,2,6,50,3,1,1,5,4,6,6,4,4,5,5,5,1,14,3,10,5,4,B03,7,2,1,8,2,7,,49,49,1,13,4,120.778001,24.275653,3
428,66000,387130000C,(04)23274275,(04)23288582,2025,03,2,11,41,臺中市,東區,0,0,0,7,,,50,,,,,,,,,,,,,,13,,,,,F03,,,7,,2,,,84,84,1,12,4,120.708154,24.142746,3
429,66000,387130000C,(04)23274275,(04)23288582,2025,03,2,11,41,臺中市,南屯區,0,0,0,7,,,,,,,,,,,,,,,,,,,,,,,,,,,,,,119,119,1,,,120.647641,24.149304,3
430,66000,387130000C,(04)23274275,(04)23288582,2025,03,2,11,41,臺中市,大里區,0,1,0,7,2,6,50,13,9,1,5,4,6,6,4,4,5,4,5,2,17,3,10,3,1,B03,7,5,1,8,2,6,,84,84,1,12,4,120.68688,24.115087,2
431,66000,387130000C,(04)23274275,(04)23288582,2025,03,2,11,43,臺中市,南區,0,1,0,7,3,6,50,3,1,1,5,4,6,6,4,4,10,5,5,2,11,3,10,3,1,B03,7,6,1,8,2,8,,41,41,1,12,4,120.648977,24.113128,2
432,66000,387130000C,(04)23274275,(04)23288582,2025,03,2,11,52,臺中市,東區,0,1,0,7,2,6,50,3,1,1,5,4,6,6,4,4,10,5,5,2,16,3,10,3,1,B03,7,5,1,8,2,2,,14,14,1,12,4,120.701437,24.141521,2
433,66000,387130000C,(04)23274275,(04)23288582,2025,03,2,11,55,臺中市,西屯區,0,1,0,7,1,6,40,4,1,1,5,4,6,6,1,1,10,5,5,1,12,3,10,3,1,B03,7,5,1,8,2,2,,47,47,1,12,4,120.624383,24.178531,2
434,66000,387130000C,(04)23274275,(04)23288582,2025,03,2,11,56,臺中市,北區,0,1,0,7,2,6,50,13,9,1,5,4,6,6,4,4,2,4,5,2,13,2,8,1,1,C03,7,9,1,10,2,11,,7,7,1,12,4,120.683533,24.148044,2
435,66000,387130000C,(04)23274275,(04)23288582,2025,03,2,12,0,臺中市,南屯區,0,0,0,7,,,50,,,,,,,,,,,,,,12,,,,,C03,,,1,,1,,,8,8,1,12,4,120.638145,24.141882,3
436,66000,387130000C,(04)23274275,(04)23288582,2025,03,2,12,0,臺中市,梧棲區,0,0,0,7,,,50,,,,,,,,,,,,,,14,,,,,B03,,,1,,1,,,49,49,1,6,4,120.532722,24.259998,3
437,66000,387130000C,(04)23274275,(04)23288582,2025,03,2,12,1,臺中市,西屯區,0,1,0,7,2,6,50,13,9,1,5,4,6,6,4,4,3,4,5,2,16,3,10,5,4,B03,7,5,1,8,2,2,,84,84,1,12,4,120.625821,24.181932,2
438,66000,387130000C,(04)23274275,(04)23288582,2025,03,2,12,4,臺中市,潭子區,0,1,0,7,3,6,30,3,9,1,5,4,6,6,4,4,10,5,5,2,17,3,10,2,1,C03,7,5,1,10,2,14,,12,12,1,13,4,120.712186,24.199091,2
439,66000,387130000C,(04)23274275,(04)23288582,2025,03,2,12,5,臺中市,北屯區,0,1,0,7,2,6,50,4,1,1,5,4,6,6,4,4,5,5,5,2,15,2,9,2,1,C03,7,9,1,10,2,11,,15,15,1,12,4,120.702075,24.168988,2
440,66000,387130000C,(04)23274275,(04)23288582,2025,03,2,12,5,臺中市,大里區,0,1,0,7,3,6,50,3,1,1,5,4,6,6,4,4,10,5,5,2,16,3,10,3,1,B03,7,11,1,8,2,4,,45,45,1,13,4,120.679048,24.10868,2
441,66000,387130000C,(04)23274275,(04)23288582,2025,03,2,12,7,臺中市,西屯區,0,0,0,7,,,60,,,,,,,,,,,,,,17,,,,,B03,,,1,,1,,,40,40,1,13,4,120.646454,24.164454,3
442,66000,387130000C,(04)23274275,(04)23288582,2025,03,2,12,10,臺中市,南屯區,0,1,0,7,3,6,50,13,9,1,5,4,6,6,3,1,5,5,4,2,16,3,10,3,1,B03,7,6,1,8,2,5,,24,24,1,12,4,120.606582,24.135684,2
443,66000,387130000C,(04)23274275,(04)23288582,2025,03,2,12,10,臺中市,太平區,0,2,0,7,2,6,30,4,1,1,5,4,6,6,4,4,10,5,5,2,15,2,9,2,1,C03,7,9,1,10,2,14,,12,12,1,13,4,120.719722,24.149926,2
444,66000,387130000C,(04)23274275,(04)23288582,2025,03,2,12,11,臺中市,西屯區,0,1,0,7,2,6,30,13,9,1,5,4,6,6,3,1,9,4,5,2,18,2,9,1,1,C03,7,9,1,10,2,12,,57,57,1,12,4,120.653834,24.179898,2
445,66000,387130000C,(04)23274275,(04)23288582,2025,03,2,12,13,臺中市,大甲區,0,0,0,7,,,50,,,,,,,,,,,,,,,,,,,B03,,,1,,2,,,59,59,1,6,4,120.618969,24.348454,3
446,66000,387130000C,(04)23274275,(04)23288582,2025,03,2,12,23,臺中市,大甲區,0,0,0,7,,,50,,,,,,,,,,,,,,15,,,,,B03,,,1,,2,,,7,7,1,12,4,120.65723,24.381007,3
447,66000,387130000C,(04)23274275,(04)23288582,2025,03,2,12,24,臺中市,西區,0,2,0,7,2,6,50,3,2,1,5,4,6,6,4,4,10,5,5,1,16,2,9,2,1,C03,7,6,3,19,2,14,,14,14,1,13,4,120.670153,24.142502,2
448,66000,387130000C,(04)23274275,(04)23288582,2025,03,2,12,24,臺中市,北區,0,1,0,7,2,6,50,13,9,1,5,4,6,6,4,4,2,4,5,2,17,2,9,1,1,C03,7,9,1,10,2,14,,7,7,1,13,2,120.684614,24.150629,2
449,66000,387130000C,(04)23274275,(04)23288582,2025,03,2,12,25,臺中市,石岡區,0,1,0,7,2,9,50,18,24,1,5,4,6,6,4,4,10,5,5,2,18,2,9,6,1,F02,7,15,7,21,2,15,,84,84,1,12,4,120.777004,24.276814,2