﻿序號,縣市別代碼,機關代碼,市話,傳真,年,月,日,時,分,縣市,區,死亡數量,受傷數量,2-30,天候,道路照明設備,道路類別,道路速限,道路型態,事故位置,路面鋪裝,路面狀態,路面缺陷,障礙物,視距,號誌種類,號誌動作,分向設施,快車道或一般車道間,快慢車道間,路面邊線,事故類型及型態,受傷程度,主要傷處,保護裝備,行動電話或功能裝置,當事者區分_類別,車輛用途,當事者行動狀態,駕照狀態,駕照種類,飲酒情形,車輛撞擊部位最初,車輛撞擊部位其他,肇事因素個別,肇事因素主要,肇事逃逸,職業,共享經濟或外送平台,GPS座標X,GPS座標Y,事故類別
450,66000,387130000C,(04)23274275,(04)23288582,2025,03,2,12,31,臺中市,豐原區,0,1,0,7,2,6,50,13,9,1,5,4,6,6,4,4,5,5,5,1,17,2,9,2,1,C03,7,9,1,10,2,11,,56,56,1,12,4,120.714159,24.239343,2
451,66000,387130000C,(04)23274275,(04)23288582,2025,03,2,12,33,臺中市,南屯區,0,1,0,7,2,6,50,4,2,1,5,4,6,6,1,1,1,4,1,2,12,3,10,3,1,B03,7,7,1,8,2,2,,84,84,1,13,4,120.640046,24.117032,2
452,66000,387130000C,(04)23274275,(04)23288582,2025,03,2,12,40,臺中市,南屯區,0,0,0,7,3,6,50,13,9,1,5,4,6,6,1,1,5,2,5,2,13,,,,,B03,,,1,,2,,,84,84,1,12,4,120.637986,24.146997,3
453,66000,387130000C,(04)23274275,(04)23288582,2025,03,2,12,40,臺中市,西屯區,0,0,0,7,,,50,,,,,,,,,,,,,,12,,,,,B12,,,1,,1,,,51,51,1,13,4,120.642258,24.169515,3
454,66000,387130000C,(04)23274275,(04)23288582,2025,03,2,12,41,臺中市,豐原區,0,0,0,7,,,50,,,,,,,,,,,,,,17,,,,,B03,,,1,,2,,,84,84,1,12,4,120.716872,24.251762,3
455,66000,387130000C,(04)23274275,(04)23288582,2025,03,2,12,45,臺中市,和平區,0,0,0,7,1,2,50,13,9,1,5,4,6,6,1,1,4,2,5,1,13,,,,,B03,,,1,,2,,,7,7,1,12,4,120.948699,24.166731,3
456,66000,387130000C,(04)23274275,(04)23288582,2025,03,2,12,47,臺中市,大里區,0,0,0,7,,,50,,,,,,,,,,,,,,17,,,,,B03,,,1,,10,,,87,87,1,12,4,120.687572,24.111748,3
457,66000,387130000C,(04)23274275,(04)23288582,2025,03,2,12,49,臺中市,南屯區,0,0,0,6,,,50,,,,,,,,,,,,,,,,,,,B03,,,1,,2,,,59,59,1,6,4,120.623351,24.113245,3
458,66000,387130000C,(04)23274275,(04)23288582,2025,03,2,12,50,臺中市,豐原區,0,2,0,7,2,6,50,4,1,1,5,4,6,6,1,1,5,5,5,2,17,2,9,2,1,C03,7,6,1,10,2,11,,11,11,1,12,4,120.721531,24.246705,2
459,66000,387130000C,(04)23274275,(04)23288582,2025,03,2,12,51,臺中市,豐原區,0,0,0,7,,,50,,,,,,,,,,,,,,17,,,,,B03,,,1,,2,,,40,40,1,12,4,120.706401,24.237096,3
460,66000,387130000C,(04)23274275,(04)23288582,2025,03,2,12,54,臺中市,東區,0,1,0,7,2,6,50,4,1,1,5,4,6,6,1,1,10,5,5,2,17,3,10,3,1,B03,7,5,1,8,2,6,,84,84,1,12,4,120.700759,24.127186,2
461,66000,387130000C,(04)23274275,(04)23288582,2025,03,2,12,55,臺中市,沙鹿區,0,0,0,7,,,40,,,,,,,,,,,,,,17,,,,,B03,,,1,,2,,,51,51,1,6,4,120.562433,24.245515,3
462,66000,387130000C,(04)23274275,(04)23288582,2025,03,2,13,7,臺中市,神岡區,0,0,0,7,,,50,,,,,,,,,,,,,,14,,,,,B12,,,1,,1,,,49,49,1,12,4,120.696642,24.25388,3
463,66000,387130000C,(04)23274275,(04)23288582,2025,03,2,13,12,臺中市,北屯區,0,0,0,7,,,30,,,,,,,,,,,,,,,,,,,B03,,,2,,11,,,49,49,1,12,4,120.68292,24.19195,3
464,66000,387130000C,(04)23274275,(04)23288582,2025,03,2,13,24,臺中市,太平區,0,1,0,7,3,6,50,4,1,1,5,4,6,6,1,1,10,5,5,2,18,2,9,1,1,C03,7,9,1,10,2,14,,84,84,1,12,4,120.717207,24.124124,2
465,66000,387130000C,(04)23274275,(04)23288582,2025,03,2,13,28,臺中市,南屯區,0,0,0,7,,,50,,,,,,,,,,,,,,,,,,,B03,,,1,,1,,,59,59,1,13,4,120.62267,24.140394,3
466,66000,387130000C,(04)23274275,(04)23288582,2025,03,2,13,37,臺中市,北屯區,0,1,0,7,1,6,50,4,2,1,5,4,6,6,4,4,9,5,5,2,22,2,3,3,1,B12,7,9,5,19,8,1,,84,84,1,13,4,120.740502,24.180431,2
467,66000,387130000C,(04)23274275,(04)23288582,2025,03,2,13,37,臺中市,北屯區,0,1,0,7,3,6,50,13,9,1,5,4,6,6,4,4,10,5,5,2,17,3,10,3,1,B03,7,5,1,8,2,6,,84,84,1,6,4,120.685019,24.16896,2
468,66000,387130000C,(04)23274275,(04)23288582,2025,03,2,13,37,臺中市,豐原區,0,0,0,7,,,50,,,,,,,,,,,,,,17,,,,,B03,,,1,,2,,,7,7,1,12,4,120.720829,24.250765,3
469,66000,387130000C,(04)23274275,(04)23288582,2025,03,2,13,38,臺中市,神岡區,0,0,0,7,1,6,50,13,14,1,5,4,6,6,4,4,5,5,4,1,12,,,,,C03,,,1,,1,,,51,51,1,12,4,120.669447,24.257155,3
470,66000,387130000C,(04)23274275,(04)23288582,2025,03,2,13,47,臺中市,西屯區,0,0,0,7,,,40,,,,,,,,,,,,,,13,,,,,B03,,,1,,1,,,7,7,1,12,4,120.635202,24.160478,3
471,66000,387130000C,(04)23274275,(04)23288582,2025,03,2,13,49,臺中市,南屯區,0,0,0,7,3,6,50,13,9,1,5,4,6,6,1,1,3,4,5,2,13,,,,,B12,,,1,,1,,,7,7,1,12,4,120.61524,24.147704,3
472,66000,387130000C,(04)23274275,(04)23288582,2025,03,2,13,50,臺中市,大雅區,0,0,0,7,,,0,,,,,,,,,,,,,,,,,,,C03,,,1,,1,,,84,84,1,13,4,120.649074,24.216233,3
473,66000,387130000C,(04)23274275,(04)23288582,2025,03,2,13,56,臺中市,西區,0,0,0,7,,,50,,,,,,,,,,,,,,13,,,,,B03,,,1,,1,,,84,84,1,12,4,120.66544,24.135693,3
474,66000,387130000C,(04)23274275,(04)23288582,2025,03,2,14,3,臺中市,西區,0,0,0,7,,,50,,,,,,,,,,,,,,,,,,,B03,,,1,8,1,,,84,84,1,13,4,120.662614,24.138991,3
475,66000,387130000C,(04)23274275,(04)23288582,2025,03,2,14,7,臺中市,南屯區,0,0,0,7,,,50,,,,,,,,,,,,,,17,,,,,,,,,,,,,119,119,1,,,120.643987,24.143827,3
476,66000,387130000C,(04)23274275,(04)23288582,2025,03,2,14,15,臺中市,新社區,0,0,0,7,2,6,50,13,9,1,5,4,6,6,4,4,5,,4,1,11,3,10,5,4,B03,7,9,1,20,11,8,,8,8,2,13,4,120.805023,24.19536,3
477,66000,387130000C,(04)23274275,(04)23288582,2025,03,2,14,17,臺中市,豐原區,0,1,0,7,2,6,50,3,2,1,5,4,6,6,1,1,5,5,4,2,13,2,9,5,4,C03,7,9,1,10,2,11,,7,7,1,12,4,120.740451,24.255688,2
478,66000,387130000C,(04)23274275,(04)23288582,2025,03,2,14,20,臺中市,西屯區,0,2,0,7,2,6,50,13,9,1,5,4,6,6,4,4,1,4,5,2,13,2,9,2,1,C03,7,9,1,10,2,11,,59,59,1,12,4,120.611016,24.186861,2
479,66000,387130000C,(04)23274275,(04)23288582,2025,03,2,14,23,臺中市,西區,0,0,0,7,,,50,,,,,,,,,,,,,,13,,,,,B03,,,1,,1,,,7,7,1,13,4,120.660602,24.156864,3
480,66000,387130000C,(04)23274275,(04)23288582,2025,03,2,14,23,臺中市,西區,0,0,0,7,,,50,,,,,,,,,,,,,,,,,,,B03,,,1,,1,,,87,87,1,12,4,120.667115,24.132177,3
481,66000,387130000C,(04)23274275,(04)23288582,2025,03,2,14,27,臺中市,后里區,0,0,0,7,2,6,50,3,2,1,5,4,6,6,1,1,1,2,5,1,2,3,10,3,1,B03,7,9,1,8,2,1,,7,7,1,12,4,120.72248,24.302916,3
482,66000,387130000C,(04)23274275,(04)23288582,2025,03,2,14,28,臺中市,西區,0,1,0,7,2,6,50,4,1,1,5,4,6,6,1,1,10,5,5,2,16,3,10,3,1,B03,7,5,1,8,2,2,,11,11,1,13,4,120.662572,24.163561,2
483,66000,387130000C,(04)23274275,(04)23288582,2025,03,2,14,33,臺中市,潭子區,0,0,0,7,,,50,,,,,,,,,,,,,,,,,,,B03,,,5,,2,,,8,8,1,13,4,120.701785,24.207404,3
484,66000,387130000C,(04)23274275,(04)23288582,2025,03,2,14,34,臺中市,西屯區,0,0,0,7,,,60,,,,,,,,,,,,,,,,,,,B03,,,1,,9,,,8,8,1,12,4,120.62904,24.163157,3
485,66000,387130000C,(04)23274275,(04)23288582,2025,03,2,14,40,臺中市,大肚區,0,1,0,7,1,6,30,4,1,1,5,4,6,6,4,4,10,5,5,2,16,3,10,3,1,B03,7,6,1,8,2,8,,14,14,1,6,4,120.574055,24.167126,2
486,66000,387130000C,(04)23274275,(04)23288582,2025,03,2,14,44,臺中市,北屯區,0,0,0,7,,,40,,,,,,,,,,,,,,,,,,,C03,,,1,,1,,,78,78,1,6,4,120.694785,24.176329,3
487,66000,387130000C,(04)23274275,(04)23288582,2025,03,2,14,45,臺中市,南區,0,0,0,7,,,50,,,,,,,,,,,,,,,,,,,B03,,,1,,1,,,7,7,1,8,4,120.670117,24.114136,3
488,66000,387130000C,(04)23274275,(04)23288582,2025,03,2,14,45,臺中市,石岡區,0,0,0,7,,,50,,,,,,,,,,,,,,,,,,,B03,,,1,,2,,,11,11,1,12,4,120.776897,24.274306,3
489,66000,387130000C,(04)23274275,(04)23288582,2025,03,2,14,56,臺中市,大里區,0,3,0,7,3,6,50,4,1,1,5,4,6,6,1,1,10,5,5,2,16,2,9,2,1,C03,7,6,3,19,2,11,,11,11,1,13,4,120.680059,24.095574,2
490,66000,387130000C,(04)23274275,(04)23288582,2025,03,2,14,57,臺中市,北屯區,0,0,0,7,,,40,,,,,,,,,,,,,,17,,,,,B03,,,1,,1,,,51,51,1,12,4,120.696428,24.164751,3
491,66000,387130000C,(04)23274275,(04)23288582,2025,03,2,14,59,臺中市,太平區,0,2,0,7,3,6,30,11,9,1,5,4,6,6,4,4,5,5,5,1,12,2,9,2,1,C03,7,9,3,19,2,12,,84,84,1,12,4,120.808065,24.095749,2
492,66000,387130000C,(04)23274275,(04)23288582,2025,03,2,14,59,臺中市,神岡區,0,2,0,7,2,6,50,13,14,1,5,4,6,6,4,4,5,5,4,1,27,2,9,3,1,B03,7,9,1,8,2,5,,55,55,1,12,4,120.648108,24.283114,2
493,66000,387130000C,(04)23274275,(04)23288582,2025,03,2,15,0,臺中市,霧峰區,0,1,0,7,3,6,30,13,9,1,5,4,6,6,4,4,10,5,5,1,27,2,9,1,1,C03,7,9,1,10,2,11,,84,84,1,6,4,120.669494,24.035457,2
494,66000,387130000C,(04)23274275,(04)23288582,2025,03,2,15,3,臺中市,霧峰區,0,0,0,7,,,40,,,,,,,,,,,,,,17,,,,,B03,,,1,8,2,,,84,84,1,13,4,120.689781,24.065863,3
495,66000,387130000C,(04)23274275,(04)23288582,2025,03,2,15,8,臺中市,北屯區,0,1,0,7,2,6,50,5,1,1,5,4,6,6,2,1,10,5,5,2,13,2,9,1,1,C03,7,9,1,10,2,11,,21,21,1,12,4,120.673786,24.174055,2
496,66000,387130000C,(04)23274275,(04)23288582,2025,03,2,15,18,臺中市,梧棲區,0,0,0,7,2,6,50,4,2,1,5,4,6,6,1,1,10,5,5,2,13,3,10,3,1,B03,7,9,5,8,9,1,,7,7,1,13,4,120.529167,24.251678,3
497,66000,387130000C,(04)23274275,(04)23288582,2025,03,2,15,25,臺中市,豐原區,0,0,0,7,,,30,,,,,,,,,,,,,,11,,,,,B03,,,1,,1,,,8,8,1,12,4,120.740628,24.244457,4
498,66000,387130000C,(04)23274275,(04)23288582,2025,03,2,15,27,臺中市,中區,0,2,0,7,2,6,50,4,1,1,5,4,6,6,2,1,5,4,4,2,13,3,10,3,1,B03,7,9,1,8,2,1,,7,7,1,12,4,120.679497,24.142426,2
499,66000,387130000C,(04)23274275,(04)23288582,2025,03,2,15,27,臺中市,北區,0,0,0,7,,,50,,,,,,,,,,,,,,17,,,,,F01,,,7,,1,,,39,39,1,13,4,120.686193,24.149269,3
500,66000,387130000C,(04)23274275,(04)23288582,2025,03,2,15,35,臺中市,大里區,0,0,0,7,,,40,,,,,,,,,,,,,,12,,,,,C03,,,1,,1,,,8,8,1,13,4,120.692478,24.102396,3
501,66000,387130000C,(04)23274275,(04)23288582,2025,03,2,15,36,臺中市,大甲區,0,0,0,7,,,50,,,,,,,,,,,,,,13,,,,,B03,,,1,,1,,,59,59,1,6,4,120.62972,24.350451,3
502,66000,387130000C,(04)23274275,(04)23288582,2025,03,2,15,36,臺中市,豐原區,0,0,0,7,,,50,,,,,,,,,,,,,,14,,,,,B03,,,1,,2,,,49,49,1,12,4,120.722438,24.27744,3
503,66000,387130000C,(04)23274275,(04)23288582,2025,03,2,15,37,臺中市,大甲區,0,0,0,7,,,70,,,,,,,,,,,,,,,,,,,B03,,,1,,1,,,84,84,1,6,4,120.647961,24.395944,3
504,66000,387130000C,(04)23274275,(04)23288582,2025,03,2,15,38,臺中市,南屯區,0,1,0,7,3,6,50,3,1,1,5,4,6,6,3,1,5,5,4,2,17,3,10,3,1,B03,7,6,1,8,3,8,,11,11,1,12,4,120.61097,24.132806,2
505,66000,387130000C,(04)23274275,(04)23288582,2025,03,2,15,40,臺中市,潭子區,0,0,0,7,,,25,,,,,,,,,,,,,,,,,,,B03,,,1,,2,,,7,7,1,13,4,120.71243,24.205669,3
506,66000,387130000C,(04)23274275,(04)23288582,2025,03,2,15,41,臺中市,西屯區,0,1,0,7,1,6,50,4,1,1,5,4,6,6,1,1,8,4,5,1,17,3,10,5,4,B03,7,11,1,8,1,1,,45,45,1,13,4,120.646861,24.174894,2
507,66000,387130000C,(04)23274275,(04)23288582,2025,03,2,15,42,臺中市,大里區,0,2,0,7,3,6,50,4,1,1,5,4,6,6,1,1,1,4,1,1,13,2,9,1,1,C03,7,9,1,10,2,11,,7,7,1,13,4,120.687725,24.094825,2
508,66000,387130000C,(04)23274275,(04)23288582,2025,03,2,15,45,臺中市,大里區,0,0,0,7,,,50,,,,,,,,,,,,,,30,,,,,A11,,,1,,1,,,85,85,1,13,4,120.671519,24.096863,3
509,66000,387130000C,(04)23274275,(04)23288582,2025,03,2,15,57,臺中市,西屯區,0,1,0,7,2,6,50,4,1,1,5,4,6,6,1,1,1,5,1,2,12,3,10,3,1,B01,7,7,1,4,2,5,,40,40,1,12,4,120.635879,24.181852,2
510,66000,387130000C,(04)23274275,(04)23288582,2025,03,2,15,58,臺中市,北區,0,0,0,7,,,50,,,,,,,,,,,,,,13,,,,,B03,,,1,,1,,,7,7,1,13,4,120.688694,24.14702,3
511,66000,387130000C,(04)23274275,(04)23288582,2025,03,2,16,1,臺中市,北屯區,0,1,0,7,2,6,50,5,1,1,5,4,6,6,1,1,10,5,5,2,17,3,10,3,1,B03,7,5,1,8,1,8,,11,11,1,6,4,120.691366,24.166941,2
512,66000,387130000C,(04)23274275,(04)23288582,2025,03,2,16,3,臺中市,西屯區,0,1,0,7,2,6,50,13,9,1,5,4,6,6,4,4,4,3,4,1,18,2,9,1,4,C03,7,9,1,10,2,11,,59,59,1,12,4,120.656889,24.18319,2
513,66000,387130000C,(04)23274275,(04)23288582,2025,03,2,16,7,臺中市,北屯區,0,1,0,7,2,6,50,13,9,1,5,4,6,6,4,4,5,5,5,2,18,2,9,1,1,C03,7,9,1,10,2,12,,5,5,1,4,4,120.705528,24.167471,2
514,66000,387130000C,(04)23274275,(04)23288582,2025,03,2,16,10,臺中市,南區,0,0,0,7,1,6,50,4,1,1,5,4,6,6,4,4,10,5,5,2,17,3,10,3,1,B03,7,15,1,8,2,5,,84,84,1,12,4,120.663573,24.128559,3
515,66000,387130000C,(04)23274275,(04)23288582,2025,03,2,16,10,臺中市,太平區,0,0,0,7,,,50,,,,,,,,,,,,,,17,,,,,C03,,,1,,2,,,50,50,1,12,4,120.710889,24.151598,3
516,66000,387130000C,(04)23274275,(04)23288582,2025,03,2,16,12,臺中市,西屯區,0,0,0,7,,,50,,,,,,,,,,,,,,14,,,,,B12,,,1,,1,,,49,49,1,12,4,120.614048,24.175656,3
517,66000,387130000C,(04)23274275,(04)23288582,2025,03,2,16,13,臺中市,西區,0,0,0,7,,,,,,,,,,,,,,,,,,,,,,,,,,,,,,85,85,1,,,120.67654,24.13785,3
518,66000,387130000C,(04)23274275,(04)23288582,2025,03,2,16,14,臺中市,西屯區,0,1,0,7,2,6,50,3,9,1,5,4,6,6,4,4,3,4,4,2,16,3,10,5,4,B03,7,5,1,8,2,2,,14,14,1,13,4,120.64026,24.166808,2
519,66000,387130000C,(04)23274275,(04)23288582,2025,03,2,16,24,臺中市,神岡區,0,0,0,7,1,6,50,13,14,1,5,4,6,6,4,4,9,5,5,1,2,,,,,B03,,,1,,2,,,8,8,1,12,4,120.674243,24.26154,3
520,66000,387130000C,(04)23274275,(04)23288582,2025,03,2,16,29,臺中市,豐原區,0,3,0,7,2,6,50,4,1,1,5,4,6,6,1,1,1,4,5,1,23,2,9,3,1,B03,7,9,1,8,2,5,,59,59,1,12,4,120.746225,24.265651,2
521,66000,387130000C,(04)23274275,(04)23288582,2025,03,2,16,30,臺中市,南屯區,0,1,0,7,2,6,50,5,1,1,5,4,1,6,1,1,5,2,5,2,12,2,9,2,1,C03,7,5,1,10,2,14,,8,8,1,12,4,120.608866,24.155672,2
522,66000,387130000C,(04)23274275,(04)23288582,2025,03,2,16,36,臺中市,南區,0,1,0,7,3,6,50,13,9,1,5,4,6,6,4,4,10,5,5,2,13,2,9,2,2,C03,7,9,1,10,2,11,,61,61,1,13,4,120.6579,24.127465,2
523,66000,387130000C,(04)23274275,(04)23288582,2025,03,2,16,38,臺中市,大里區,0,1,0,7,2,6,40,13,9,1,5,4,3,6,4,4,5,4,5,1,12,3,10,3,1,B03,7,7,1,8,2,2,,40,40,1,13,4,120.689894,24.107304,2
524,66000,387130000C,(04)23274275,(04)23288582,2025,03,2,16,40,臺中市,東勢區,0,3,0,7,3,9,40,13,24,1,5,4,6,6,4,4,8,5,5,2,11,2,9,1,1,F01,7,8,7,21,2,11,,26,26,1,12,4,120.810652,24.278569,2
525,66000,387130000C,(04)23274275,(04)23288582,2025,03,2,16,41,臺中市,梧棲區,0,1,0,7,2,6,30,13,9,1,5,4,6,6,4,4,10,5,5,2,16,3,10,3,1,B03,7,11,1,8,2,8,,45,45,1,13,4,120.557524,24.241313,2
526,66000,387130000C,(04)23274275,(04)23288582,2025,03,2,16,47,臺中市,西區,0,1,0,7,1,6,30,13,24,1,5,4,6,6,4,4,3,5,5,2,30,2,9,5,4,F01,7,9,7,21,2,15,,84,84,1,12,4,120.665157,24.128686,2
527,66000,387130000C,(04)23274275,(04)23288582,2025,03,2,16,47,臺中市,太平區,0,0,0,7,,,50,,,,,,,,,,,,,,,,,,,B12,,,1,,2,,,15,15,1,12,4,120.717074,24.116763,3
528,66000,387130000C,(04)23274275,(04)23288582,2025,03,2,16,49,臺中市,豐原區,0,2,0,7,2,6,50,3,1,1,5,4,6,6,3,1,5,5,4,2,13,2,9,2,1,C03,7,9,1,10,2,11,,84,84,1,6,4,120.7057,24.242055,2
529,66000,387130000C,(04)23274275,(04)23288582,2025,03,2,16,54,臺中市,大里區,0,1,0,7,3,6,50,4,2,1,5,4,6,6,2,1,1,4,5,1,13,3,10,1,1,C03,7,1,1,10,2,11,,51,51,1,13,4,120.678974,24.11473,2
530,66000,387130000C,(04)23274275,(04)23288582,2025,03,2,16,59,臺中市,東區,0,2,0,7,2,6,50,4,2,1,5,4,6,6,1,1,5,4,5,2,13,2,8,2,1,C03,7,9,5,10,2,11,,84,84,1,12,4,120.687868,24.132143,2
531,66000,387130000C,(04)23274275,(04)23288582,2025,03,2,17,1,臺中市,南區,0,2,0,7,3,6,50,4,1,1,5,4,6,6,1,1,10,5,5,2,13,2,9,1,1,C03,7,9,1,10,2,11,,7,7,1,6,4,120.666824,24.119158,2
532,66000,387130000C,(04)23274275,(04)23288582,2025,03,2,17,3,臺中市,石岡區,0,2,0,7,2,8,10,13,13,1,5,4,6,6,4,4,9,5,5,1,2,2,9,5,4,F01,7,9,7,21,2,11,,7,7,1,13,4,120.784564,24.274719,2
533,66000,387130000C,(04)23274275,(04)23288582,2025,03,2,17,5,臺中市,后里區,0,0,0,7,,,50,,,,,,,,,,,,,,13,,,,,B03,,,1,,2,,,7,7,1,12,4,120.725283,24.321165,3
534,66000,387130000C,(04)23274275,(04)23288582,2025,03,2,17,6,臺中市,南屯區,0,1,0,7,2,6,50,4,1,1,5,4,6,6,1,1,9,5,5,2,17,3,10,2,1,C01,7,4,1,9,2,11,,1,1,1,13,4,120.620854,24.13999,2
535,66000,387130000C,(04)23274275,(04)23288582,2025,03,2,17,8,臺中市,烏日區,0,0,0,7,,,50,,,,,,,,,,,,,,16,,,,,B01,,,1,,2,,,15,15,1,6,4,120.600276,24.109628,3
536,66000,387130000C,(04)23274275,(04)23288582,2025,03,2,17,8,臺中市,豐原區,0,0,0,7,2,6,50,3,1,1,5,4,6,6,4,4,1,4,5,1,12,3,10,3,1,B03,7,7,1,8,2,2,,40,40,1,12,4,120.751416,24.270693,3
537,66000,387130000C,(04)23274275,(04)23288582,2025,03,2,17,10,臺中市,北屯區,0,0,0,7,,,50,,,,,,,,,,,,,,,,,,,C02,,,1,,2,,,84,84,1,13,4,120.663054,24.196413,3
538,66000,387130000C,(04)23274275,(04)23288582,2025,03,2,17,10,臺中市,豐原區,0,1,0,7,2,6,50,3,1,1,5,4,6,6,1,1,5,5,5,2,16,2,9,6,1,F01,7,6,7,21,2,14,,48,48,1,2,4,120.745332,24.260041,2
539,66000,387130000C,(04)23274275,(04)23288582,2025,03,2,17,13,臺中市,西屯區,0,3,0,7,3,6,50,3,9,1,5,4,6,6,4,4,5,5,5,2,16,2,8,2,1,C03,7,1,1,10,2,14,,51,51,1,12,4,120.626183,24.185315,2
540,66000,387130000C,(04)23274275,(04)23288582,2025,03,2,17,14,臺中市,西屯區,0,0,0,7,,,50,,,,,,,,,,,,,,13,,,,,B01,,,1,,1,,,7,7,1,12,4,120.655634,24.199244,3
541,66000,387130000C,(04)23274275,(04)23288582,2025,03,2,17,18,臺中市,南屯區,0,0,0,7,3,6,50,13,9,1,5,4,6,6,1,1,3,4,5,2,13,3,10,1,1,C03,7,9,1,10,1,11,,84,84,1,12,4,120.623476,24.145122,3
542,66000,387130000C,(04)23274275,(04)23288582,2025,03,2,17,25,臺中市,東區,0,1,0,7,3,6,50,3,1,1,5,4,6,6,1,1,1,4,4,2,13,2,8,2,1,C03,7,9,1,10,2,11,,7,7,1,13,4,120.691192,24.132024,2
543,66000,387130000C,(04)23274275,(04)23288582,2025,03,2,17,26,臺中市,北屯區,0,0,0,7,,,50,,,,,,,,,,,,,,14,,,,,B03,,,1,,1,,,49,49,1,13,4,120.690412,24.18559,3
544,66000,387130000C,(04)23274275,(04)23288582,2025,03,2,17,27,臺中市,大雅區,0,0,0,7,,,50,,,,,,,,,,,,,,,,,,,B02,,,1,,2,,,84,84,1,13,4,120.640448,24.249085,3
545,66000,387130000C,(04)23274275,(04)23288582,2025,03,2,17,28,臺中市,西區,0,0,0,7,,,30,,,,,,,,,,,,,,,,,,,B03,,,1,,9,,,84,84,1,6,4,120.662093,24.151443,3
546,66000,387130000C,(04)23274275,(04)23288582,2025,03,2,17,28,臺中市,西屯區,0,0,0,7,,,50,,,,,,,,,,,,,,14,,,,,B03,,,1,,1,,,50,50,1,13,4,120.612891,24.190292,3
547,66000,387130000C,(04)23274275,(04)23288582,2025,03,2,17,34,臺中市,龍井區,0,0,0,6,,,60,,,,,,,,,,,,,,13,,,,,B03,,,1,,1,,,82,82,1,6,4,120.573345,24.186727,3
548,66000,387130000C,(04)23274275,(04)23288582,2025,03,2,17,36,臺中市,大肚區,0,0,0,7,,,50,,,,,,,,,,,,,,,,,,,B03,,,1,,2,,,49,49,1,12,4,120.545635,24.150011,3
549,66000,387130000C,(04)23274275,(04)23288582,2025,03,2,17,46,臺中市,梧棲區,0,3,0,7,2,6,50,3,2,1,5,4,6,6,4,4,5,5,5,1,16,2,7,2,1,C03,7,5,1,10,2,11,,14,14,1,13,4,120.533555,24.245143,2
550,66000,387130000C,(04)23274275,(04)23288582,2025,03,2,17,51,臺中市,神岡區,0,1,0,7,1,6,30,3,1,1,5,4,6,6,4,4,10,5,5,2,16,3,10,5,4,B03,7,6,1,8,2,5,,20,20,1,12,4,120.693131,24.23759,2
551,66000,387130000C,(04)23274275,(04)23288582,2025,03,2,17,56,臺中市,北區,0,1,0,7,2,6,50,13,9,1,5,4,6,6,4,4,3,4,5,1,17,3,10,3,1,B03,7,9,1,8,2,2,,8,8,1,12,4,120.679007,24.162987,2
552,66000,387130000C,(04)23274275,(04)23288582,2025,03,2,17,56,臺中市,北區,0,0,0,7,,,50,,,,,,,,,,,,,,13,,,,,B01,,,1,,1,,,59,59,1,12,4,120.673671,24.16479,3
553,66000,387130000C,(04)23274275,(04)23288582,2025,03,2,18,0,臺中市,神岡區,0,0,0,6,,,50,,,,,,,,,,,,,,12,,,,,C03,,,1,,2,,,40,40,1,12,4,120.695422,24.248454,3
554,66000,387130000C,(04)23274275,(04)23288582,2025,03,2,18,2,臺中市,北區,0,0,0,7,,,50,,,,,,,,,,,,,,14,,,,,B03,,,1,,2,,,49,49,1,13,4,120.692591,24.15753,3
555,66000,387130000C,(04)23274275,(04)23288582,2025,03,2,18,7,臺中市,西區,0,0,0,7,1,6,50,18,8,1,5,4,6,6,4,4,10,5,4,2,17,,,,,C03,,,1,,1,,,50,50,1,13,4,120.655281,24.152682,3
556,66000,387130000C,(04)23274275,(04)23288582,2025,03,2,18,10,臺中市,北屯區,0,1,0,7,1,6,50,4,1,1,5,3,5,6,1,1,10,5,5,2,24,2,9,1,1,C03,7,9,1,10,2,11,,58,58,1,12,4,120.697355,24.160946,2
557,66000,387130000C,(04)23274275,(04)23288582,2025,03,2,18,14,臺中市,南屯區,0,1,0,7,1,6,50,4,2,1,5,4,6,6,1,1,8,3,5,1,17,3,10,3,1,B01,7,6,1,4,2,16,,11,11,1,12,4,120.620854,24.13999,2
558,66000,387130000C,(04)23274275,(04)23288582,2025,03,2,18,15,臺中市,烏日區,0,0,0,7,,,40,,,,,,,,,,,,,,,,,,,B03,,,1,,1,,,7,7,1,6,4,120.607854,24.118381,3
559,66000,387130000C,(04)23274275,(04)23288582,2025,03,2,18,19,臺中市,北屯區,0,0,0,7,,,50,,,,,,,,,,,,,,16,,,,,B02,,,1,8,1,,,11,11,1,6,4,120.685356,24.1752,3
560,66000,387130000C,(04)23274275,(04)23288582,2025,03,2,18,20,臺中市,北屯區,0,0,0,7,,,50,,,,,,,,,,,,,,12,,,,,B03,,,1,,1,,,26,26,1,12,4,120.68639,24.188272,3
561,66000,387130000C,(04)23274275,(04)23288582,2025,03,2,18,24,臺中市,大里區,0,0,0,7,1,6,30,13,9,1,5,4,6,6,4,4,10,5,5,2,17,,,,,C03,,,1,,2,,,84,84,1,13,4,120.681314,24.109003,3
562,66000,387130000C,(04)23274275,(04)23288582,2025,03,2,18,27,臺中市,沙鹿區,0,0,0,7,,,60,,,,,,,,,,,,,,,,,,,B03,,,1,,2,,,7,7,1,12,4,120.566996,24.20349,3