﻿序號,縣市別代碼,機關代碼,市話,傳真,年,月,日,時,分,縣市,區,死亡數量,受傷數量,2-30,天候,道路照明設備,道路類別,道路速限,道路型態,事故位置,路面鋪裝,路面狀態,路面缺陷,障礙物,視距,號誌種類,號誌動作,分向設施,快車道或一般車道間,快慢車道間,路面邊線,事故類型及型態,受傷程度,主要傷處,保護裝備,行動電話或功能裝置,當事者區分_類別,車輛用途,當事者行動狀態,駕照狀態,駕照種類,飲酒情形,車輛撞擊部位最初,車輛撞擊部位其他,肇事因素個別,肇事因素主要,肇事逃逸,職業,共享經濟或外送平台,GPS座標X,GPS座標Y,事故類別
563,66000,387130000C,(04)23274275,(04)23288582,2025,03,2,18,30,臺中市,北屯區,0,0,0,7,,,50,,,,,,,,,,,,,,14,,,,,B03,,,1,,1,,,49,49,1,6,4,120.707048,24.190186,3
564,66000,387130000C,(04)23274275,(04)23288582,2025,03,2,18,30,臺中市,沙鹿區,0,1,0,7,1,6,30,13,9,1,5,4,6,6,4,4,10,5,5,1,11,2,7,1,1,C03,7,9,1,10,2,15,,8,8,1,13,4,120.569913,24.25163,2
565,66000,387130000C,(04)23274275,(04)23288582,2025,03,2,18,40,臺中市,太平區,0,2,0,7,1,6,40,13,8,1,5,4,6,6,4,4,5,5,4,2,13,2,7,1,1,C03,7,9,1,10,2,11,,84,84,1,12,4,120.713341,24.149452,2
566,66000,387130000C,(04)23274275,(04)23288582,2025,03,2,18,44,臺中市,豐原區,0,1,0,7,1,6,50,3,4,1,5,4,6,6,2,1,5,2,4,1,13,3,10,3,1,B02,7,9,1,8,2,1,,59,59,1,12,4,120.721736,24.239203,2
567,66000,387130000C,(04)23274275,(04)23288582,2025,03,2,18,45,臺中市,南屯區,0,0,0,7,,,60,,,,,,,,,,,,,,12,,,,,B03,,,1,,1,,,40,40,1,6,4,120.62293,24.149868,3
568,66000,387130000C,(04)23274275,(04)23288582,2025,03,2,18,46,臺中市,西區,0,1,0,7,1,6,50,13,8,1,5,4,6,6,4,4,5,4,4,2,17,2,9,2,1,C03,7,9,1,10,2,11,,59,59,1,12,4,120.672332,24.144531,2
569,66000,387130000C,(04)23274275,(04)23288582,2025,03,2,19,5,臺中市,東區,0,0,0,7,1,6,50,3,1,1,5,4,6,6,4,4,10,5,5,2,14,3,10,3,1,B03,7,2,1,8,1,6,,49,49,1,12,4,120.692389,24.127557,3
570,66000,387130000C,(04)23274275,(04)23288582,2025,03,2,19,9,臺中市,西屯區,0,2,0,7,1,6,40,4,2,1,5,4,6,6,1,1,1,5,1,2,12,3,10,3,1,B03,7,9,1,8,2,5,,8,8,1,12,4,120.646692,24.155593,2
571,66000,387130000C,(04)23274275,(04)23288582,2025,03,2,19,13,臺中市,太平區,0,3,0,7,1,6,40,3,8,1,5,4,6,6,2,1,5,5,4,1,3,2,9,6,5,H01,8,16,7,21,10,17,,98,98,1,12,5,120.729136,24.10311,2
572,66000,387130000C,(04)23274275,(04)23288582,2025,03,2,19,14,臺中市,南區,0,0,0,7,,,50,,,,,,,,,,,,,,,,,,,C03,,,1,,1,,,51,51,1,13,4,120.67472,24.129261,3
573,66000,387130000C,(04)23274275,(04)23288582,2025,03,2,19,20,臺中市,大雅區,0,0,0,7,,,30,,,,,,,,,,,,,,,,,,,B03,,,1,,2,,,50,50,1,12,4,120.643952,24.223345,3
574,66000,387130000C,(04)23274275,(04)23288582,2025,03,2,19,26,臺中市,北屯區,0,1,0,7,1,6,50,13,8,1,5,4,6,6,4,4,3,4,4,2,13,2,9,1,1,C03,7,9,1,10,2,11,,7,7,1,13,4,120.666313,24.182001,2
575,66000,387130000C,(04)23274275,(04)23288582,2025,03,2,19,27,臺中市,東區,0,0,0,7,,,50,,,,,,,,,,,,,,12,,,,,C03,,,1,,1,,,84,84,1,6,4,120.690009,24.137917,3
576,66000,387130000C,(04)23274275,(04)23288582,2025,03,2,19,34,臺中市,北屯區,0,1,0,7,1,6,50,13,7,1,5,4,6,6,4,4,1,3,3,2,13,3,10,3,1,B03,7,1,1,8,2,5,,84,84,1,13,4,120.718786,24.16154,2
577,66000,387130000C,(04)23274275,(04)23288582,2025,03,2,19,35,臺中市,西屯區,0,0,0,7,2,6,50,3,2,1,5,4,6,6,2,1,4,3,4,1,13,3,10,3,4,B01,7,9,1,1,1,1,,7,7,1,12,4,120.648432,24.1702,3
578,66000,387130000C,(04)23274275,(04)23288582,2025,03,2,19,43,臺中市,豐原區,0,4,0,7,1,6,60,18,19,1,5,4,6,6,3,1,10,5,5,2,3,2,9,1,1,C03,7,9,1,10,2,11,,10,10,1,6,4,120.737066,24.252639,2
579,66000,387130000C,(04)23274275,(04)23288582,2025,03,2,19,47,臺中市,霧峰區,0,0,0,7,,,30,,,,,,,,,,,,,,,,,,,C03,,,1,,2,,,49,49,1,6,4,120.700973,24.069089,3
580,66000,387130000C,(04)23274275,(04)23288582,2025,03,2,19,50,臺中市,西屯區,0,0,0,7,,,40,,,,,,,,,,,,,,11,,,,,B03,,,1,,1,,,39,39,1,13,4,120.644323,24.194663,3
581,66000,387130000C,(04)23274275,(04)23288582,2025,03,2,19,59,臺中市,沙鹿區,0,2,0,7,1,6,50,4,1,1,5,4,6,6,1,1,10,5,5,2,17,2,8,2,1,C03,7,6,1,10,2,12,,36,36,1,6,4,120.558754,24.233577,2
582,66000,387130000C,(04)23274275,(04)23288582,2025,03,2,20,0,臺中市,南區,0,2,0,7,1,6,50,4,1,1,5,4,6,6,2,1,5,5,5,2,12,2,8,2,1,C03,7,1,1,10,2,14,,84,84,1,13,4,120.662718,24.127013,2
583,66000,387130000C,(04)23274275,(04)23288582,2025,03,2,20,7,臺中市,西屯區,0,2,0,7,1,6,50,3,1,1,5,4,6,6,4,4,10,5,5,2,13,2,8,2,1,C03,7,9,1,10,2,11,,7,7,1,12,4,120.645269,24.177988,2
584,66000,387130000C,(04)23274275,(04)23288582,2025,03,2,20,9,臺中市,太平區,0,0,0,7,,,50,,,,,,,,,,,,,,13,,,,,B03,,,1,,2,,,40,40,1,12,4,120.716189,24.133468,3
585,66000,387130000C,(04)23274275,(04)23288582,2025,03,2,20,10,臺中市,南屯區,0,0,0,7,,,50,,,,,,,,,,,,,,,,,,,B03,,,1,,1,,,84,84,1,6,4,120.636299,24.120502,3
586,66000,387130000C,(04)23274275,(04)23288582,2025,03,2,20,13,臺中市,南屯區,0,0,0,7,,,50,,,,,,,,,,,,,,,,,,,C03,,,1,,1,,,7,7,1,13,4,120.6514,24.150796,3
587,66000,387130000C,(04)23274275,(04)23288582,2025,03,2,20,19,臺中市,東區,0,0,0,7,,,50,,,,,,,,,,,,,,,,,,,C04,,,1,,1,,,7,7,1,13,4,120.699357,24.14797,3
588,66000,387130000C,(04)23274275,(04)23288582,2025,03,2,20,23,臺中市,南屯區,0,1,0,7,1,6,50,4,9,1,5,4,6,6,4,4,5,5,4,2,15,3,10,1,1,C04,7,9,1,10,2,12,,13,13,1,12,4,120.616394,24.153226,2
589,66000,387130000C,(04)23274275,(04)23288582,2025,03,2,20,28,臺中市,東區,0,0,0,7,,,50,,,,,,,,,,,,,,13,,,,,B03,,,1,,1,,,84,84,1,6,4,120.692172,24.140002,3
590,66000,387130000C,(04)23274275,(04)23288582,2025,03,2,20,36,臺中市,烏日區,0,0,0,7,,,60,,,,,,,,,,,,,,13,,,,,B03,,,1,,2,,,7,7,1,6,4,120.644796,24.109771,3
591,66000,387130000C,(04)23274275,(04)23288582,2025,03,2,20,39,臺中市,中區,0,0,0,7,,,50,,,,,,,,,,,,,,,,,,,B03,,,1,8,2,,,11,11,1,13,4,120.680692,24.138637,3
592,66000,387130000C,(04)23274275,(04)23288582,2025,03,2,20,46,臺中市,豐原區,0,0,0,7,,,50,,,,,,,,,,,,,,15,,,,,B03,,,1,,2,,,6,6,1,12,4,120.703949,24.243505,3
593,66000,387130000C,(04)23274275,(04)23288582,2025,03,2,20,54,臺中市,北屯區,0,1,0,7,1,6,50,3,1,1,5,4,6,6,2,1,10,5,5,2,16,3,10,3,1,B12,7,6,1,8,2,6,,38,38,1,12,4,120.697951,24.164875,2
594,66000,387130000C,(04)23274275,(04)23288582,2025,03,2,21,0,臺中市,北區,0,2,0,7,1,6,50,13,9,1,5,4,6,6,4,4,5,5,5,2,3,2,9,6,5,H01,8,16,7,21,9,17,,95,95,1,13,5,120.666517,24.15514,2
595,66000,387130000C,(04)23274275,(04)23288582,2025,03,2,21,11,臺中市,西屯區,0,0,0,7,,,50,,,,,,,,,,,,,,13,,,,,B03,,,1,,2,,,59,59,1,12,4,120.657617,24.163366,3
596,66000,387130000C,(04)23274275,(04)23288582,2025,03,2,21,16,臺中市,大肚區,0,0,0,7,,,50,,,,,,,,,,,,,,,,,,,B03,,,1,,2,,,2,2,1,6,4,120.543127,24.162948,3
597,66000,387130000C,(04)23274275,(04)23288582,2025,03,2,21,20,臺中市,西區,0,0,0,7,,,50,,,,,,,,,,,,,,,,,,,,,,,,,,,84,84,1,,,120.670559,24.140009,3
598,66000,387130000C,(04)23274275,(04)23288582,2025,03,2,21,26,臺中市,東區,0,3,0,7,1,6,50,4,1,1,5,4,6,6,1,1,10,5,5,2,17,2,9,1,1,C03,7,6,1,10,2,14,,23,23,1,12,4,120.696618,24.133741,2
599,66000,387130000C,(04)23274275,(04)23288582,2025,03,2,21,27,臺中市,東區,0,0,0,7,,,50,,,,,,,,,,,,,,,,,,,B03,,,1,,1,,,59,59,1,13,4,120.698274,24.150708,3
600,66000,387130000C,(04)23274275,(04)23288582,2025,03,2,21,48,臺中市,中區,0,0,0,7,,,50,,,,,,,,,,,,,,,,,,,B03,,,1,,1,,,13,13,1,6,4,120.677819,24.145231,3
601,66000,387130000C,(04)23274275,(04)23288582,2025,03,2,22,0,臺中市,東區,0,0,0,7,,,30,,,,,,,,,,,,,,17,,,,,C03,,,1,,10,,,87,87,1,12,4,120.691393,24.144175,3
602,66000,387130000C,(04)23274275,(04)23288582,2025,03,2,22,6,臺中市,大里區,0,2,0,7,1,6,50,4,1,1,5,4,6,6,2,1,5,4,5,1,13,2,9,1,1,C03,7,9,1,10,2,11,,7,7,1,13,4,120.689791,24.109903,2
603,66000,387130000C,(04)23274275,(04)23288582,2025,03,2,22,13,臺中市,大里區,0,1,0,7,1,6,30,4,2,1,5,4,5,6,4,4,10,5,5,1,28,,,,,,,,,,,,,118,118,1,,,120.691351,24.100043,2
604,66000,387130000C,(04)23274275,(04)23288582,2025,03,2,22,29,臺中市,沙鹿區,0,2,0,7,1,6,40,4,1,1,5,4,6,6,1,1,10,5,5,2,17,2,8,5,1,C03,7,9,1,10,2,11,,21,21,1,12,4,120.552979,24.217216,2
605,66000,387130000C,(04)23274275,(04)23288582,2025,03,2,22,40,臺中市,潭子區,0,1,0,7,1,6,50,3,1,1,5,4,6,6,3,1,3,4,4,1,17,2,9,1,1,C03,7,6,1,10,2,14,,48,48,1,12,4,120.692682,24.215907,2
606,66000,387130000C,(04)23274275,(04)23288582,2025,03,2,23,6,臺中市,大里區,0,1,0,7,1,6,50,4,1,1,5,4,6,6,1,1,10,5,5,2,16,3,10,3,1,B03,7,6,1,8,2,5,,11,11,1,12,4,120.694774,24.111463,2
607,66000,387130000C,(04)23274275,(04)23288582,2025,03,2,23,6,臺中市,大甲區,0,0,0,7,,,40,,,,,,,,,,,,,,,,,,,B03,,,3,,1,,,24,24,1,12,4,120.623587,24.342484,3
608,66000,387130000C,(04)23274275,(04)23288582,2025,03,2,23,7,臺中市,南屯區,0,0,0,7,,,50,,,,,,,,,,,,,,17,,,,,B12,,,1,,2,,,84,84,1,12,4,120.63106,24.141201,3
609,66000,387130000C,(04)23274275,(04)23288582,2025,03,2,23,46,臺中市,烏日區,0,1,0,7,1,6,50,4,1,1,5,4,6,6,3,1,10,5,5,2,17,3,10,3,1,B03,7,9,1,8,2,16,,20,20,1,6,4,120.637705,24.109008,2
610,66000,387130000C,(04)23274275,(04)23288582,2025,03,3,0,25,臺中市,北屯區,0,1,0,7,1,6,50,4,1,1,5,4,6,6,3,1,10,5,5,2,15,3,10,3,1,B03,7,9,1,8,2,4,,24,24,1,12,4,120.687603,24.186889,2
611,66000,387130000C,(04)23274275,(04)23288582,2025,03,3,0,30,臺中市,西屯區,0,0,0,7,,,50,,,,,,,,,,,,,,23,,,,,B03,,,1,,2,,,59,59,1,13,4,120.651984,24.179801,3
612,66000,387130000C,(04)23274275,(04)23288582,2025,03,3,1,8,臺中市,南屯區,0,1,0,7,1,6,50,4,2,1,5,4,6,6,2,1,10,5,5,2,17,2,9,2,1,C03,7,9,2,19,2,11,,59,59,1,13,4,120.61524,24.147704,2
613,66000,387130000C,(04)23274275,(04)23288582,2025,03,3,1,17,臺中市,西屯區,0,0,0,7,,,50,,,,,,,,,,,,,,13,,,,,B01,,,1,,1,,,7,7,1,12,4,120.649634,24.162839,3
614,66000,387130000C,(04)23274275,(04)23288582,2025,03,3,1,19,臺中市,北區,0,0,0,7,,,30,,,,,,,,,,,,,,17,,,,,C03,,,1,,1,,,59,59,1,13,4,120.695081,24.154289,3
615,66000,387130000C,(04)23274275,(04)23288582,2025,03,3,2,15,臺中市,西屯區,0,0,0,7,,,50,,,,,,,,,,,,,,13,,,,,B03,,,1,,1,,,7,7,1,13,4,120.638083,24.180977,3
616,66000,387130000C,(04)23274275,(04)23288582,2025,03,3,6,9,臺中市,沙鹿區,0,2,0,7,2,6,30,4,1,1,5,4,6,6,4,4,10,5,5,2,16,2,8,2,1,C03,7,6,1,10,2,11,,48,48,1,6,4,120.562297,24.255662,2
617,66000,387130000C,(04)23274275,(04)23288582,2025,03,3,6,10,臺中市,北屯區,0,2,0,7,2,6,50,4,1,1,5,4,6,6,1,1,10,5,5,2,15,2,9,5,4,C03,7,9,1,10,2,14,,24,24,1,12,4,120.703112,24.180079,2
618,66000,387130000C,(04)23274275,(04)23288582,2025,03,3,6,22,臺中市,大里區,0,1,0,7,2,6,50,3,1,1,5,4,6,6,4,4,10,5,5,2,18,3,10,1,1,C03,7,9,1,10,2,16,,20,20,1,12,4,120.682382,24.10529,2
619,66000,387130000C,(04)23274275,(04)23288582,2025,03,3,6,28,臺中市,南屯區,0,1,0,7,3,6,50,4,1,1,5,4,6,6,1,1,10,5,5,2,17,2,9,2,1,C03,7,6,3,19,2,14,,36,36,1,12,4,120.626318,24.148689,2
620,66000,387130000C,(04)23274275,(04)23288582,2025,03,3,6,38,臺中市,神岡區,0,1,0,7,2,6,50,4,1,1,5,4,5,6,4,4,10,5,5,2,15,2,9,5,4,C03,7,9,5,19,2,12,,15,15,1,13,4,120.660209,24.272024,2
621,66000,387130000C,(04)23274275,(04)23288582,2025,03,3,6,40,臺中市,北屯區,0,0,0,7,,,30,,,,,,,,,,,,,,17,,,,,B03,,,1,,9,,,84,84,2,13,4,120.66916,24.175582,3
622,66000,387130000C,(04)23274275,(04)23288582,2025,03,3,6,44,臺中市,后里區,0,0,0,7,,,40,,,,,,,,,,,,,,15,,,,,B03,,,1,,9,,,21,21,1,12,4,120.685573,24.315076,3
623,66000,387130000C,(04)23274275,(04)23288582,2025,03,3,6,46,臺中市,太平區,0,1,0,6,2,6,40,13,8,1,5,4,6,6,4,4,5,5,4,1,18,2,9,4,1,F01,7,9,7,21,1,14,,84,84,1,12,1,120.721541,24.149336,2
624,66000,387130000C,(04)23274275,(04)23288582,2025,03,3,6,55,臺中市,西屯區,0,1,0,7,2,6,30,4,2,1,5,4,6,6,3,1,10,5,5,2,18,2,9,1,4,C03,7,9,1,10,9,15,,84,84,1,13,4,120.645896,24.191409,2
625,66000,387130000C,(04)23274275,(04)23288582,2025,03,3,7,7,臺中市,龍井區,0,1,0,7,2,6,30,4,1,1,5,4,6,6,4,4,10,5,5,2,16,3,10,5,4,B03,7,5,6,20,11,1,,12,12,1,6,4,120.587321,24.180597,2
626,66000,387130000C,(04)23274275,(04)23288582,2025,03,3,7,9,臺中市,大雅區,0,1,0,7,2,6,60,13,9,1,5,4,6,6,4,4,1,4,5,1,17,3,10,3,1,B03,7,7,1,8,2,2,,40,40,1,12,4,120.64724,24.221943,2
627,66000,387130000C,(04)23274275,(04)23288582,2025,03,3,7,10,臺中市,大肚區,1,0,0,7,2,6,50,11,9,1,5,4,6,6,4,4,4,5,5,1,11,1,3,1,1,C03,7,9,1,10,9,15,,84,84,1,6,4,120.554976,24.150463,1
628,66000,387130000C,(04)23274275,(04)23288582,2025,03,3,7,10,臺中市,梧棲區,0,1,0,7,3,6,60,4,1,1,5,4,1,6,1,1,10,5,5,2,16,3,10,3,1,B03,7,5,1,8,2,2,,11,11,1,6,4,120.528366,24.22188,2
629,66000,387130000C,(04)23274275,(04)23288582,2025,03,3,7,12,臺中市,東區,0,1,0,7,2,6,50,3,2,1,5,4,6,6,1,1,1,4,5,2,18,2,7,1,1,C03,7,9,1,10,2,12,,84,84,1,12,4,120.710978,24.1427,2
630,66000,387130000C,(04)23274275,(04)23288582,2025,03,3,7,12,臺中市,豐原區,0,1,0,7,2,6,50,13,8,1,5,4,6,6,3,1,3,4,4,1,2,3,10,1,1,C03,7,9,1,10,2,11,,59,59,1,13,4,120.713585,24.243656,2
631,66000,387130000C,(04)23274275,(04)23288582,2025,03,3,7,13,臺中市,西區,0,0,0,7,,,30,,,,,,,,,,,,,,,,,,,B03,,,1,,2,,,85,85,1,12,4,120.655921,24.153815,3
632,66000,387130000C,(04)23274275,(04)23288582,2025,03,3,7,17,臺中市,沙鹿區,0,1,0,7,3,6,40,3,1,1,5,4,6,6,1,1,10,5,5,2,13,2,9,2,1,C03,7,12,3,19,2,12,,84,84,1,6,4,120.580337,24.219707,2
633,66000,387130000C,(04)23274275,(04)23288582,2025,03,3,7,22,臺中市,西屯區,0,3,0,7,3,6,50,4,1,1,5,4,6,6,4,4,10,5,5,2,15,2,9,5,4,C03,7,9,1,10,2,11,,15,15,1,13,4,120.658039,24.169073,2
634,66000,387130000C,(04)23274275,(04)23288582,2025,03,3,7,25,臺中市,石岡區,0,0,0,7,,,70,,,,,,,,,,,,,,,,,,,B03,,,1,,1,,,26,26,1,13,4,120.773924,24.27487,3
635,66000,387130000C,(04)23274275,(04)23288582,2025,03,3,7,30,臺中市,西屯區,0,1,0,7,1,6,50,13,9,1,5,4,6,6,4,4,1,4,5,2,12,3,10,3,1,B02,7,9,1,8,2,2,,85,85,1,12,4,120.612311,24.187094,2
636,66000,387130000C,(04)23274275,(04)23288582,2025,03,3,7,32,臺中市,北屯區,0,0,0,7,,,50,,,,,,,,,,,,,,9,,,,,B03,,,1,,1,,,7,7,1,12,4,120.677335,24.17354,3
637,66000,387130000C,(04)23274275,(04)23288582,2025,03,3,7,38,臺中市,沙鹿區,0,0,0,7,,,50,,,,,,,,,,,,,,13,,,,,B03,,,1,,1,,,84,84,1,6,4,120.569002,24.223006,3
638,66000,387130000C,(04)23274275,(04)23288582,2025,03,3,7,40,臺中市,太平區,0,0,0,7,2,6,50,13,9,1,5,4,6,6,4,4,5,5,5,2,17,3,10,1,1,C03,7,1,1,10,2,14,,51,51,1,6,4,120.709159,24.154457,3
639,66000,387130000C,(04)23274275,(04)23288582,2025,03,3,7,40,臺中市,龍井區,0,0,0,7,,,40,,,,,,,,,,,,,,,,,,,B03,,,1,,1,,,7,7,1,6,4,120.591738,24.183184,3
640,66000,387130000C,(04)23274275,(04)23288582,2025,03,3,7,41,臺中市,烏日區,0,1,0,7,2,6,50,13,9,1,5,4,6,6,4,4,1,4,5,1,13,3,10,2,1,C03,7,9,1,10,2,11,,7,7,1,6,4,120.637768,24.107521,2
641,66000,387130000C,(04)23274275,(04)23288582,2025,03,3,7,42,臺中市,東區,0,1,0,7,1,6,50,3,1,1,5,4,6,6,4,4,9,4,5,2,12,3,10,3,1,B03,7,5,1,8,2,2,,84,84,1,12,4,120.710611,24.141796,2
642,66000,387130000C,(04)23274275,(04)23288582,2025,03,3,7,42,臺中市,外埔區,0,0,0,7,,,40,,,,,,,,,,,,,,12,,,,,B03,,,1,,2,,,8,8,1,12,4,120.64172,24.346471,3
643,66000,387130000C,(04)23274275,(04)23288582,2025,03,3,7,44,臺中市,北屯區,0,0,0,7,,,60,,,,,,,,,,,,,,12,,,,,C02,,,1,,1,,,40,40,1,12,4,120.720464,24.162869,3
644,66000,387130000C,(04)23274275,(04)23288582,2025,03,3,7,44,臺中市,北屯區,0,1,0,7,2,6,40,13,8,1,5,4,6,6,2,1,5,5,4,2,13,2,9,6,1,F02,7,9,7,21,2,11,,58,58,1,12,4,120.727111,24.171753,2
645,66000,387130000C,(04)23274275,(04)23288582,2025,03,3,7,44,臺中市,太平區,0,2,0,7,2,6,50,4,1,1,5,4,6,6,2,1,10,5,5,2,13,2,8,2,1,C03,7,6,1,10,2,13,12,84,84,1,12,4,120.724976,24.107984,2
646,66000,387130000C,(04)23274275,(04)23288582,2025,03,3,7,45,臺中市,南區,0,0,0,7,,,50,,,,,,,,,,,,,,,,,,,B03,,,,,1,,,40,40,1,6,4,120.661476,24.121735,3
647,66000,387130000C,(04)23274275,(04)23288582,2025,03,3,7,45,臺中市,南屯區,0,0,0,7,,,50,,,,,,,,,,,,,,13,,,,,B03,,,1,,1,,,59,59,1,12,4,120.61522,24.147438,3
648,66000,387130000C,(04)23274275,(04)23288582,2025,03,3,7,45,臺中市,北屯區,0,0,0,7,,,50,,,,,,,,,,,,,,,,,,,B03,,,1,,1,,,11,11,1,12,4,120.673577,24.199269,3
649,66000,387130000C,(04)23274275,(04)23288582,2025,03,3,7,46,臺中市,大里區,0,1,0,7,2,6,40,4,2,1,5,4,6,6,1,1,10,5,5,1,16,3,10,1,1,C03,7,5,1,10,2,12,,84,84,1,12,4,120.688122,24.094449,2
650,66000,387130000C,(04)23274275,(04)23288582,2025,03,3,7,48,臺中市,西屯區,0,0,0,7,,,50,,,,,,,,,,,,,,12,,,,,B03,,,1,,1,,,42,42,1,12,4,120.626236,24.184701,3
651,66000,387130000C,(04)23274275,(04)23288582,2025,03,3,7,50,臺中市,霧峰區,0,1,0,7,2,6,50,3,2,1,5,4,6,6,4,4,4,3,5,1,17,2,9,1,1,F03,7,9,7,21,2,11,,7,7,1,6,4,120.68795,24.065865,2
652,66000,387130000C,(04)23274275,(04)23288582,2025,03,3,7,51,臺中市,西屯區,0,0,0,7,,,50,,,,,,,,,,,,,,,,,,,B03,,,1,,1,,,59,59,1,12,4,120.590107,24.171685,3
653,66000,387130000C,(04)23274275,(04)23288582,2025,03,3,7,54,臺中市,豐原區,0,1,0,6,2,6,50,13,7,1,5,4,6,6,4,4,1,4,4,1,17,2,9,2,4,C03,7,9,1,10,2,14,,43,43,1,12,4,120.740472,24.262916,2
654,66000,387130000C,(04)23274275,(04)23288582,2025,03,3,7,55,臺中市,潭子區,0,1,0,7,3,6,50,13,9,1,5,4,6,6,4,4,5,4,5,1,17,2,9,2,1,C03,7,6,1,10,2,12,,4,4,1,13,4,120.700759,24.215258,2
655,66000,387130000C,(04)23274275,(04)23288582,2025,03,3,7,55,臺中市,東區,0,0,0,7,,,50,,,,,,,,,,,,,,,,,,,B03,,,1,,1,,,50,50,1,12,4,120.702429,24.139079,3
656,66000,387130000C,(04)23274275,(04)23288582,2025,03,3,7,55,臺中市,大里區,0,1,0,6,2,6,50,4,1,1,5,4,6,6,1,1,10,5,5,2,17,3,10,3,1,B03,7,6,1,8,2,1,,58,58,1,12,4,120.665979,24.106021,2
657,66000,387130000C,(04)23274275,(04)23288582,2025,03,3,7,56,臺中市,大里區,0,2,0,7,2,6,50,11,9,1,5,4,6,6,4,4,5,4,5,1,13,2,9,1,1,C03,7,9,1,10,2,11,,85,85,1,12,4,120.694066,24.107107,2
658,66000,387130000C,(04)23274275,(04)23288582,2025,03,3,7,57,臺中市,大雅區,0,0,0,7,,,60,,,,,,,,,,,,,,,,,,,C03,,,1,,2,,,7,7,1,12,4,120.668612,24.236486,3
659,66000,387130000C,(04)23274275,(04)23288582,2025,03,3,7,57,臺中市,南區,0,0,0,7,,,40,,,,,,,,,,,,,,13,,,,,C03,,,1,,1,,,7,7,1,12,4,120.655457,24.115199,3
660,66000,387130000C,(04)23274275,(04)23288582,2025,03,3,7,57,臺中市,豐原區,0,0,0,7,,,50,,,,,,,,,,,,,,16,,,,,C03,,,1,,2,,,39,39,1,12,4,120.748424,24.267077,3
661,66000,387130000C,(04)23274275,(04)23288582,2025,03,3,7,59,臺中市,霧峰區,0,2,0,7,2,6,50,13,9,1,5,4,6,6,4,4,9,5,5,1,18,2,9,1,1,C03,7,9,3,19,2,12,,7,7,1,13,4,120.705553,24.074042,2
662,66000,387130000C,(04)23274275,(04)23288582,2025,03,3,8,0,臺中市,北屯區,0,0,0,7,,,50,,,,,,,,,,,,,,17,,,,,B03,,,1,,1,,,58,58,1,12,4,120.698969,24.166505,3
663,66000,387130000C,(04)23274275,(04)23288582,2025,03,3,8,0,臺中市,霧峰區,0,1,0,7,2,6,50,5,2,1,5,4,6,6,1,1,4,3,4,1,17,3,10,3,1,B03,7,9,1,8,2,2,,85,85,1,6,4,120.6963,24.054327,2
664,66000,387130000C,(04)23274275,(04)23288582,2025,03,3,8,0,臺中市,烏日區,0,1,0,7,3,6,50,4,1,1,5,4,6,6,4,4,5,5,5,2,12,3,10,3,1,B03,7,5,1,7,2,6,,47,47,1,6,4,120.610735,24.105662,2
665,66000,387130000C,(04)23274275,(04)23288582,2025,03,3,8,2,臺中市,西屯區,0,0,0,7,,,50,,,,,,,,,,,,,,13,,,,,B03,,,1,,1,,,58,58,1,12,4,120.640941,24.154805,3
666,66000,387130000C,(04)23274275,(04)23288582,2025,03,3,8,3,臺中市,北屯區,0,0,0,7,,,50,,,,,,,,,,,,,,,,,,,C03,,,1,,1,,,47,47,1,12,4,120.697047,24.169516,3
667,66000,387130000C,(04)23274275,(04)23288582,2025,03,3,8,4,臺中市,后里區,1,0,0,7,2,6,50,13,9,1,5,4,6,6,4,4,9,5,5,1,27,1,1,5,4,C03,7,9,5,19,2,11,,85,85,1,6,4,120.709971,24.327559,1
668,66000,387130000C,(04)23274275,(04)23288582,2025,03,3,8,6,臺中市,西區,0,0,0,7,,,50,,,,,,,,,,,,,,,,,,,C03,,,1,,1,,,7,7,1,12,4,120.67772,24.136017,3
669,66000,387130000C,(04)23274275,(04)23288582,2025,03,3,8,6,臺中市,北屯區,0,0,0,7,,,50,,,,,,,,,,,,,,,,,,,B03,,,1,,2,,,40,40,1,12,4,120.721003,24.175968,3
670,66000,387130000C,(04)23274275,(04)23288582,2025,03,3,8,8,臺中市,大雅區,0,0,0,7,,,50,,,,,,,,,,,,,,,,,,,B03,,,1,,1,,,8,8,1,12,4,120.657127,24.224958,3
671,66000,387130000C,(04)23274275,(04)23288582,2025,03,3,8,8,臺中市,西屯區,0,0,0,7,,,50,,,,,,,,,,,,,,13,,,,,B03,,,1,,1,,,7,7,1,12,4,120.633602,24.173196,3
672,66000,387130000C,(04)23274275,(04)23288582,2025,03,3,8,8,臺中市,豐原區,0,1,0,7,2,6,50,5,1,1,5,4,6,6,1,1,10,5,5,2,15,3,10,3,1,B03,7,9,1,8,2,7,,21,21,1,13,4,120.712389,24.245787,2
673,66000,387130000C,(04)23274275,(04)23288582,2025,03,3,8,10,臺中市,北屯區,0,0,0,7,,,50,,,,,,,,,,,,,,17,,,,,C03,,,3,,1,,,84,84,1,12,4,120.68514,24.170436,3
674,66000,387130000C,(04)23274275,(04)23288582,2025,03,3,8,10,臺中市,后里區,0,0,0,7,,,50,,,,,,,,,,,,,,12,,,,,B03,,,1,,1,,,84,84,2,12,4,120.727259,24.308316,3
675,66000,387130000C,(04)23274275,(04)23288582,2025,03,3,8,13,臺中市,南屯區,0,0,0,7,,,50,,,,,,,,,,,,,,,,,,,B03,,,1,,1,,,50,50,1,6,4,120.639398,24.148751,3