﻿序號,縣市別代碼,機關代碼,市話,傳真,年,月,日,時,分,縣市,區,死亡數量,受傷數量,2-30,天候,道路照明設備,道路類別,道路速限,道路型態,事故位置,路面鋪裝,路面狀態,路面缺陷,障礙物,視距,號誌種類,號誌動作,分向設施,快車道或一般車道間,快慢車道間,路面邊線,事故類型及型態,受傷程度,主要傷處,保護裝備,行動電話或功能裝置,當事者區分_類別,車輛用途,當事者行動狀態,駕照狀態,駕照種類,飲酒情形,車輛撞擊部位最初,車輛撞擊部位其他,肇事因素個別,肇事因素主要,肇事逃逸,職業,共享經濟或外送平台,GPS座標X,GPS座標Y,事故類別
789,66000,387130000C,(04)23274275,(04)23288582,2025,03,3,13,23,臺中市,北屯區,0,0,0,7,,,50,,,,,,,,,,,,,,,,,,,C03,,,1,,1,,,40,40,1,12,4,120.704831,24.163478,3
790,66000,387130000C,(04)23274275,(04)23288582,2025,03,3,13,23,臺中市,龍井區,0,1,0,7,2,6,40,13,8,1,5,4,6,6,4,4,10,5,1,1,17,2,9,5,4,C03,7,9,1,10,2,11,,7,7,1,5,4,120.586682,24.185455,2
791,66000,387130000C,(04)23274275,(04)23288582,2025,03,3,13,40,臺中市,南區,0,0,0,7,,,30,,,,,,,,,,,,,,,,,,,B03,,,1,,2,,,49,49,1,12,4,120.675629,24.131803,3
792,66000,387130000C,(04)23274275,(04)23288582,2025,03,3,13,41,臺中市,南屯區,0,0,0,7,,,50,,,,,,,,,,,,,,17,,,,,B03,,,1,,1,,,51,51,1,12,4,120.635066,24.155697,3
793,66000,387130000C,(04)23274275,(04)23288582,2025,03,3,13,47,臺中市,南區,0,1,0,7,3,6,50,13,9,1,5,4,6,6,2,1,5,5,5,2,12,3,10,3,1,B03,7,9,1,8,2,2,,1,1,1,6,4,120.653546,24.122823,2
794,66000,387130000C,(04)23274275,(04)23288582,2025,03,3,13,48,臺中市,北區,0,2,0,7,2,6,50,4,1,1,5,4,6,6,2,1,1,4,5,2,16,2,9,1,1,C03,7,5,1,10,2,12,,47,47,1,13,4,120.671456,24.17374,2
795,66000,387130000C,(04)23274275,(04)23288582,2025,03,3,14,3,臺中市,西屯區,0,0,0,7,,,40,,,,,,,,,,,,,,12,,,,,B03,,,1,,2,,,51,51,1,13,4,120.66322,24.180415,3
796,66000,387130000C,(04)23274275,(04)23288582,2025,03,3,14,4,臺中市,南屯區,0,0,0,7,,,50,,,,,,,,,,,,,,,,,,,B03,,,1,,1,,,42,42,1,6,4,120.623241,24.137107,3
797,66000,387130000C,(04)23274275,(04)23288582,2025,03,3,14,17,臺中市,龍井區,0,2,0,7,3,6,30,4,1,1,5,4,6,6,4,4,10,5,5,2,15,2,1,2,1,C03,7,9,1,10,2,11,,20,20,1,6,4,120.52931,24.185311,2
798,66000,387130000C,(04)23274275,(04)23288582,2025,03,3,14,18,臺中市,大雅區,0,1,0,7,1,6,30,3,2,1,5,4,6,6,4,4,10,5,5,2,17,3,10,3,1,B03,7,1,1,8,2,8,,51,51,1,13,4,120.636634,24.235546,2
799,66000,387130000C,(04)23274275,(04)23288582,2025,03,3,14,18,臺中市,西區,0,1,0,7,2,6,50,4,1,1,5,4,6,6,1,1,5,4,4,2,15,3,10,3,1,B03,7,9,1,8,2,1,,21,21,1,12,4,120.652174,24.146735,2
800,66000,387130000C,(04)23274275,(04)23288582,2025,03,3,14,24,臺中市,東區,0,1,0,7,2,6,30,4,1,1,5,4,6,6,4,4,10,5,5,2,15,2,9,1,1,C03,7,9,6,20,2,12,14,12,12,1,12,4,120.706157,24.13196,2
801,66000,387130000C,(04)23274275,(04)23288582,2025,03,3,14,28,臺中市,北屯區,0,2,0,7,2,6,50,4,1,1,5,4,6,6,4,4,10,5,5,2,13,2,9,2,1,C03,7,9,1,10,2,11,,7,7,1,12,4,120.683246,24.170233,2
802,66000,387130000C,(04)23274275,(04)23288582,2025,03,3,14,36,臺中市,南屯區,0,0,0,7,,,50,,,,,,,,,,,,,,,,,,,B01,,,1,,2,,,59,59,1,13,4,120.637544,24.140283,3
803,66000,387130000C,(04)23274275,(04)23288582,2025,03,3,14,39,臺中市,南屯區,0,1,0,7,2,6,50,5,1,1,5,4,6,6,2,1,10,5,5,2,16,3,10,3,1,B03,7,7,1,8,2,5,,35,35,1,6,4,120.633201,24.15086,2
804,66000,387130000C,(04)23274275,(04)23288582,2025,03,3,14,41,臺中市,西屯區,0,0,0,7,,,40,,,,,,,,,,,,,,14,,,,,B03,,,1,,1,,,49,49,1,12,4,120.620262,24.18106,3
805,66000,387130000C,(04)23274275,(04)23288582,2025,03,3,14,42,臺中市,南屯區,0,0,0,7,3,6,50,13,9,1,5,4,6,6,4,4,9,5,5,2,12,,,,,B02,,,1,,2,,,84,84,1,12,4,120.615051,24.15018,3
806,66000,387130000C,(04)23274275,(04)23288582,2025,03,3,14,43,臺中市,北屯區,0,1,0,7,2,6,50,4,1,1,5,4,6,6,1,1,10,5,5,2,17,2,8,2,1,C03,7,6,1,10,2,13,,84,84,1,6,4,120.699938,24.167567,2
807,66000,387130000C,(04)23274275,(04)23288582,2025,03,3,14,47,臺中市,北屯區,0,0,0,7,,,50,,,,,,,,,,,,,,,,,,,B03,,,1,,1,,,84,84,1,13,4,120.693739,24.186872,3
808,66000,387130000C,(04)23274275,(04)23288582,2025,03,3,14,50,臺中市,大甲區,0,0,0,7,,,50,,,,,,,,,,,,,,15,,,,,B11,,,1,,2,,,84,,1,12,4,120.632661,24.345883,3
809,66000,387130000C,(04)23274275,(04)23288582,2025,03,3,14,51,臺中市,西屯區,0,2,0,7,2,6,30,4,1,1,5,4,6,6,4,4,10,5,5,2,15,2,9,2,1,C03,7,9,1,10,2,12,,15,15,1,12,4,120.643973,24.180444,2
810,66000,387130000C,(04)23274275,(04)23288582,2025,03,3,14,56,臺中市,豐原區,0,1,0,7,2,6,50,13,9,1,5,4,6,6,4,4,5,5,5,2,17,2,9,1,1,C03,7,14,3,19,2,14,,84,84,1,12,4,120.711383,24.248983,2
811,66000,387130000C,(04)23274275,(04)23288582,2025,03,3,14,57,臺中市,南屯區,0,0,0,7,,,50,,,,,,,,,,,,,,17,,,,,C03,,,1,,2,,,59,59,1,12,4,120.653,24.148822,3
812,66000,387130000C,(04)23274275,(04)23288582,2025,03,3,14,57,臺中市,西屯區,0,1,0,7,2,6,40,13,8,1,5,4,6,6,4,4,8,4,4,1,17,3,10,5,4,B03,7,15,1,8,2,4,,76,76,1,13,4,120.65297,24.156466,2
813,66000,387130000C,(04)23274275,(04)23288582,2025,03,3,15,4,臺中市,西屯區,0,0,0,7,,,40,,,,,,,,,,,,,,13,,,,,C03,,,1,,2,,,59,59,1,13,4,120.620066,24.180891,3
814,66000,387130000C,(04)23274275,(04)23288582,2025,03,3,15,9,臺中市,南屯區,0,1,0,7,2,6,50,4,1,1,5,4,6,6,3,1,9,5,5,2,17,3,10,3,1,B03,7,9,1,8,2,2,,24,24,1,13,4,120.640335,24.140912,2
815,66000,387130000C,(04)23274275,(04)23288582,2025,03,3,15,12,臺中市,東區,0,1,0,7,2,6,50,4,1,1,5,4,6,6,2,1,10,5,5,2,16,3,10,3,1,B03,7,5,2,19,2,5,,47,47,1,12,4,120.697364,24.14806,2
816,66000,387130000C,(04)23274275,(04)23288582,2025,03,3,15,12,臺中市,西屯區,0,1,0,7,2,6,40,3,1,1,5,4,6,6,4,4,1,5,1,2,12,3,10,3,1,B03,7,7,1,8,2,2,,40,40,1,12,4,120.640534,24.202956,2
817,66000,387130000C,(04)23274275,(04)23288582,2025,03,3,15,13,臺中市,大甲區,0,0,0,7,,,50,,,,,,,,,,,,,,21,,,,,B12,,,1,,2,,,84,84,1,6,4,120.628457,24.34542,3
818,66000,387130000C,(04)23274275,(04)23288582,2025,03,3,15,13,臺中市,大甲區,0,0,0,7,,,50,,,,,,,,,,,,,,21,,,,,B12,,,1,,2,,,39,39,1,6,4,120.627776,24.346616,3
819,66000,387130000C,(04)23274275,(04)23288582,2025,03,3,15,20,臺中市,南屯區,0,1,0,7,2,6,50,4,1,1,5,4,6,6,2,1,10,5,5,2,17,3,10,1,1,C03,7,9,1,10,2,12,,8,8,1,5,4,120.609707,24.138486,2
820,66000,387130000C,(04)23274275,(04)23288582,2025,03,3,15,20,臺中市,龍井區,0,0,0,7,,,50,,,,,,,,,,,,,,15,,,,,,,,,,,,,6,6,1,,,120.589213,24.189266,3
821,66000,387130000C,(04)23274275,(04)23288582,2025,03,3,15,21,臺中市,龍井區,0,1,0,7,3,6,30,4,1,1,5,4,6,6,4,4,10,5,5,2,15,2,9,1,1,C03,7,9,1,10,2,11,,20,20,1,6,4,120.54669,24.217323,2
822,66000,387130000C,(04)23274275,(04)23288582,2025,03,3,15,23,臺中市,潭子區,0,1,0,7,3,6,50,3,1,1,5,4,6,6,1,1,5,4,5,1,17,3,10,3,1,B03,7,5,1,8,2,2,,84,84,1,13,4,120.719093,24.193232,2
823,66000,387130000C,(04)23274275,(04)23288582,2025,03,3,15,24,臺中市,南屯區,0,0,0,7,,,50,,,,,,,,,,,,,,,,,,,B03,,,1,,1,,,8,8,1,13,4,120.638921,24.140255,3
824,66000,387130000C,(04)23274275,(04)23288582,2025,03,3,15,25,臺中市,大雅區,0,0,0,7,,,50,,,,,,,,,,,,,,,,,,,B03,,,1,,2,,,8,8,1,12,4,120.654962,24.219173,3
825,66000,387130000C,(04)23274275,(04)23288582,2025,03,3,15,26,臺中市,南屯區,0,1,0,7,3,6,50,13,7,1,5,4,6,6,4,4,5,5,4,2,12,2,9,1,1,C03,7,9,1,10,2,12,,84,84,1,12,4,120.637018,24.144535,2
826,66000,387130000C,(04)23274275,(04)23288582,2025,03,3,15,29,臺中市,烏日區,0,2,0,7,2,6,30,13,9,1,5,4,6,6,4,4,10,5,5,2,17,2,9,5,4,F02,7,9,7,21,2,14,,84,84,1,12,4,120.648296,24.097825,2
827,66000,387130000C,(04)23274275,(04)23288582,2025,03,3,15,30,臺中市,清水區,0,1,0,7,2,6,50,4,1,1,5,4,6,6,1,1,8,3,4,1,17,3,10,1,1,C03,7,9,1,10,2,16,,21,21,1,12,4,120.547198,24.267061,2
828,66000,387130000C,(04)23274275,(04)23288582,2025,03,3,15,31,臺中市,西屯區,0,0,0,7,,,30,,,,,,,,,,,,,,14,,,,,B03,,,1,,11,,,8,8,1,12,4,120.666453,24.176773,4
829,66000,387130000C,(04)23274275,(04)23288582,2025,03,3,15,32,臺中市,南區,0,1,0,7,2,6,50,3,1,1,5,4,6,6,4,4,9,4,4,2,16,3,10,3,1,B03,7,5,1,8,2,5,,14,14,1,13,4,120.655055,24.115622,2
830,66000,387130000C,(04)23274275,(04)23288582,2025,03,3,15,36,臺中市,烏日區,0,0,0,7,2,6,50,13,7,1,5,4,6,6,1,1,1,4,1,2,12,3,10,3,1,A12,7,5,1,1,1,7,,84,84,1,6,4,120.612645,24.102879,3
831,66000,387130000C,(04)23274275,(04)23288582,2025,03,3,15,40,臺中市,后里區,0,0,0,7,,,50,,,,,,,,,,,,,,27,,,,,B03,,,2,,2,,,59,59,1,12,4,120.670153,24.334214,3
832,66000,387130000C,(04)23274275,(04)23288582,2025,03,3,15,48,臺中市,烏日區,0,1,0,7,2,6,50,3,8,1,5,4,6,6,1,1,1,4,4,1,13,3,10,3,1,A04,7,1,1,2,2,5,,51,51,1,6,4,120.63596,24.106987,2
833,66000,387130000C,(04)23274275,(04)23288582,2025,03,3,15,51,臺中市,南屯區,0,0,0,7,,,50,,,,,,,,,,,,,,17,,,,,B03,,,1,,1,,,8,8,1,12,4,120.646415,24.149204,3
834,66000,387130000C,(04)23274275,(04)23288582,2025,03,3,15,54,臺中市,北屯區,0,1,0,7,3,6,50,4,1,1,5,4,6,6,1,1,10,5,5,2,18,2,9,2,1,C03,7,9,1,10,2,14,,59,59,1,13,4,120.712817,24.172853,2
835,66000,387130000C,(04)23274275,(04)23288582,2025,03,3,15,55,臺中市,東區,0,2,0,7,2,6,50,13,7,1,5,4,6,6,4,4,5,4,4,2,17,3,10,3,1,B03,7,1,1,8,2,16,,51,51,1,6,4,120.709935,24.144501,2
836,66000,387130000C,(04)23274275,(04)23288582,2025,03,3,15,55,臺中市,豐原區,0,0,0,7,,,,,,,,,,,,,,,,,30,,,,,,,,,,,,,112,112,1,,,120.720892,24.268767,3
837,66000,387130000C,(04)23274275,(04)23288582,2025,03,3,15,56,臺中市,太平區,0,1,0,7,2,6,30,3,1,1,5,4,6,6,4,4,5,4,5,1,16,3,10,2,1,C03,7,5,1,10,2,14,,12,12,1,12,4,120.71731,24.133418,2
838,66000,387130000C,(04)23274275,(04)23288582,2025,03,3,15,59,臺中市,北區,0,2,0,7,2,6,50,13,9,1,5,4,6,6,4,4,1,5,5,2,11,2,9,6,1,F01,7,9,7,21,1,11,,26,26,1,13,4,120.681169,24.165526,2
839,66000,387130000C,(04)23274275,(04)23288582,2025,03,3,16,0,臺中市,北區,0,1,0,7,2,6,50,13,9,1,5,4,6,6,2,1,1,4,4,2,17,2,9,2,1,C03,7,8,1,10,2,13,,40,40,1,12,4,120.692452,24.161141,2
840,66000,387130000C,(04)23274275,(04)23288582,2025,03,3,16,11,臺中市,北區,0,0,0,7,,,50,,,,,,,,,,,,,,17,,,,,B02,,,1,,2,,,59,59,1,12,4,120.6846,24.150558,3
841,66000,387130000C,(04)23274275,(04)23288582,2025,03,3,16,11,臺中市,南屯區,0,0,0,7,,,50,,,,,,,,,,,,,,13,,,,,B03,,,1,,2,,,7,7,1,6,4,120.6117,24.13826,3
842,66000,387130000C,(04)23274275,(04)23288582,2025,03,3,16,12,臺中市,東區,0,1,0,7,3,6,50,13,9,1,5,4,6,6,4,4,1,2,5,2,17,2,9,2,1,C03,7,3,1,10,2,11,,50,50,1,13,4,120.684112,24.13507,2
843,66000,387130000C,(04)23274275,(04)23288582,2025,03,3,16,17,臺中市,太平區,0,2,0,7,2,6,50,13,9,1,5,4,6,6,4,4,9,4,5,2,16,2,9,2,1,C03,7,6,3,19,2,14,,48,48,1,13,4,120.726423,24.107603,2
844,66000,387130000C,(04)23274275,(04)23288582,2025,03,3,16,19,臺中市,西區,0,2,0,7,1,6,50,3,1,1,5,4,6,6,1,1,10,5,5,1,17,3,10,5,4,C03,7,9,1,10,2,11,14,7,7,1,12,4,120.657387,24.152526,2
845,66000,387130000C,(04)23274275,(04)23288582,2025,03,3,16,20,臺中市,西區,0,0,0,7,,,50,,,,,,,,,,,,,,,,,,,B03,,,1,,1,,,49,49,1,12,4,120.652505,24.146824,3
846,66000,387130000C,(04)23274275,(04)23288582,2025,03,3,16,21,臺中市,大雅區,0,0,0,7,,,50,,,,,,,,,,,,,,,,,,,B12,,,1,,1,,,84,84,1,13,4,120.613962,24.215243,3
847,66000,387130000C,(04)23274275,(04)23288582,2025,03,3,16,23,臺中市,霧峰區,0,1,0,7,2,6,30,3,1,1,5,4,6,1,4,4,10,5,5,2,16,3,10,3,1,B03,7,6,1,8,2,8,,14,14,1,13,4,120.684067,24.049369,2
848,66000,387130000C,(04)23274275,(04)23288582,2025,03,3,16,31,臺中市,沙鹿區,0,1,0,7,2,6,40,13,8,1,5,4,6,6,1,1,3,3,3,1,17,3,10,5,4,C03,7,9,1,10,2,11,,59,59,1,13,4,120.580317,24.21684,2
849,66000,387130000C,(04)23274275,(04)23288582,2025,03,3,16,32,臺中市,沙鹿區,0,0,0,7,,,60,,,,,,,,,,,,,,,,,,,B03,,,1,,2,,,84,84,1,12,4,120.571623,24.242627,3
850,66000,387130000C,(04)23274275,(04)23288582,2025,03,3,16,34,臺中市,大里區,0,1,0,7,2,6,30,13,9,1,5,4,6,6,4,4,10,5,5,2,13,2,9,1,1,C03,7,9,1,10,2,11,12,7,7,1,6,4,120.692439,24.115974,2
851,66000,387130000C,(04)23274275,(04)23288582,2025,03,3,16,35,臺中市,大雅區,0,2,0,7,3,9,50,13,9,1,5,4,6,6,4,4,4,5,5,1,17,2,8,1,1,C03,7,9,3,19,2,11,,7,7,1,12,4,120.653439,24.225021,2
852,66000,387130000C,(04)23274275,(04)23288582,2025,03,3,16,35,臺中市,北屯區,0,0,0,7,,,50,,,,,,,,,,,,,,13,,,,,B03,,,1,,2,,,59,59,1,12,4,120.686367,24.187907,3
853,66000,387130000C,(04)23274275,(04)23288582,2025,03,3,16,36,臺中市,太平區,0,0,0,6,2,6,50,13,9,1,5,4,6,6,4,4,5,4,5,1,13,3,10,3,1,B02,7,9,1,8,1,1,,59,59,1,6,4,120.7325,24.134604,3
854,66000,387130000C,(04)23274275,(04)23288582,2025,03,3,16,37,臺中市,北區,0,1,0,7,2,6,50,11,8,1,5,4,6,6,4,4,5,5,4,2,17,2,9,1,1,C03,7,6,1,10,2,11,,84,84,1,13,4,120.674572,24.168846,2
855,66000,387130000C,(04)23274275,(04)23288582,2025,03,3,16,37,臺中市,南屯區,0,1,0,7,2,6,50,3,1,1,5,4,6,6,4,4,9,5,5,2,17,2,9,2,1,C03,7,1,1,10,2,13,,51,51,1,13,4,120.647297,24.132055,2
856,66000,387130000C,(04)23274275,(04)23288582,2025,03,3,16,38,臺中市,烏日區,0,0,0,7,,,50,,,,,,,,,,,,,,,,,,,B03,,,1,,2,,,7,7,1,6,4,120.651904,24.105012,3
857,66000,387130000C,(04)23274275,(04)23288582,2025,03,3,16,39,臺中市,太平區,0,0,0,7,,,30,,,,,,,,,,,,,,17,,,,,B03,,,1,,2,,,84,84,1,13,4,120.73475,24.155716,3
858,66000,387130000C,(04)23274275,(04)23288582,2025,03,3,16,43,臺中市,南屯區,0,2,0,7,3,6,50,3,1,1,5,4,6,6,4,4,5,5,4,2,16,2,9,1,1,C03,7,6,1,10,2,14,,12,12,1,12,4,120.638113,24.141451,2
859,66000,387130000C,(04)23274275,(04)23288582,2025,03,3,16,44,臺中市,烏日區,0,1,0,7,2,6,60,13,8,1,5,4,6,6,4,4,1,4,4,2,12,3,10,3,1,B03,7,7,1,8,2,2,,40,40,1,6,4,120.647398,24.061542,2
860,66000,387130000C,(04)23274275,(04)23288582,2025,03,3,16,44,臺中市,沙鹿區,0,0,0,7,,,50,,,,,,,,,,,,,,,,,,,B03,,,1,,2,,,49,49,1,13,4,120.558484,24.236817,3
861,66000,387130000C,(04)23274275,(04)23288582,2025,03,3,16,45,臺中市,東區,0,1,0,7,2,6,50,13,9,1,5,4,6,6,4,4,5,2,5,2,17,3,10,3,1,B03,7,9,1,8,2,5,,7,7,1,13,4,120.706517,24.137156,2
862,66000,387130000C,(04)23274275,(04)23288582,2025,03,3,16,48,臺中市,東區,0,1,0,7,3,6,50,3,1,1,5,4,6,6,4,4,5,4,4,2,17,3,10,3,1,B12,7,1,1,8,2,4,,51,51,1,13,4,120.707004,24.136375,2
863,66000,387130000C,(04)23274275,(04)23288582,2025,03,3,16,49,臺中市,北屯區,0,1,0,7,2,6,50,13,9,1,5,4,6,6,4,4,9,4,4,2,16,3,10,5,4,B12,7,15,1,8,2,5,,20,20,1,12,4,120.704065,24.172785,2
864,66000,387130000C,(04)23274275,(04)23288582,2025,03,3,16,52,臺中市,西區,0,0,0,7,2,6,40,13,8,1,5,4,6,6,1,1,3,4,4,2,14,,,,,B03,,,1,,1,,,84,84,1,13,4,120.657577,24.148259,3
865,66000,387130000C,(04)23274275,(04)23288582,2025,03,3,16,52,臺中市,清水區,0,0,0,7,,,30,,,,,,,,,,,,,,20,,,,,B03,,,1,,1,,,8,8,1,13,4,120.558457,24.258308,3
866,66000,387130000C,(04)23274275,(04)23288582,2025,03,3,16,53,臺中市,南屯區,0,0,0,7,,,40,,,,,,,,,,,,,,17,,,,,B03,,,1,,1,,,49,49,1,12,4,120.627708,24.150463,3
867,66000,387130000C,(04)23274275,(04)23288582,2025,03,3,16,54,臺中市,烏日區,0,1,0,7,2,6,60,13,9,1,5,4,6,6,4,4,1,4,5,1,13,3,10,2,1,C03,7,9,1,10,2,11,,7,7,1,6,4,120.61387,24.106715,2
868,66000,387130000C,(04)23274275,(04)23288582,2025,03,3,16,56,臺中市,霧峰區,0,0,0,7,,,30,,,,,,,,,,,,,,,,,,,B12,,,1,,2,,,15,15,1,6,4,120.698467,24.07122,3
869,66000,387130000C,(04)23274275,(04)23288582,2025,03,3,16,59,臺中市,梧棲區,0,0,0,7,,,50,,,,,,,,,,,,,,13,,,,,B03,,,1,,1,,,58,58,1,13,4,120.547394,24.233584,3
870,66000,387130000C,(04)23274275,(04)23288582,2025,03,3,17,0,臺中市,大雅區,0,1,0,7,3,6,30,13,9,1,5,4,6,6,4,4,10,5,5,1,30,2,9,1,1,F03,7,9,7,21,5,14,,84,84,1,12,4,120.659391,24.227205,2
871,66000,387130000C,(04)23274275,(04)23288582,2025,03,3,17,1,臺中市,沙鹿區,0,1,0,7,3,6,50,4,1,1,5,4,6,6,1,1,10,5,5,2,3,3,10,3,1,B03,7,6,1,8,2,1,,59,59,1,6,4,120.568623,24.224758,2
872,66000,387130000C,(04)23274275,(04)23288582,2025,03,3,17,2,臺中市,梧棲區,0,1,0,7,2,6,50,4,2,1,5,4,6,6,1,1,5,5,5,2,12,2,9,6,1,F01,7,6,7,21,2,14,,48,48,1,13,4,120.530687,24.259221,2
873,66000,387130000C,(04)23274275,(04)23288582,2025,03,3,17,5,臺中市,太平區,0,2,0,7,2,6,50,8,9,1,5,4,6,6,4,4,5,4,5,2,17,2,9,2,1,C03,7,9,1,10,2,14,,85,85,1,12,4,120.719063,24.148928,2
874,66000,387130000C,(04)23274275,(04)23288582,2025,03,3,17,7,臺中市,西區,0,0,0,7,,,50,,,,,,,,,,,,,,,,,,,B03,,,1,8,1,,,14,14,1,13,4,120.673989,24.148208,3
875,66000,387130000C,(04)23274275,(04)23288582,2025,03,3,17,8,臺中市,太平區,0,0,0,7,,,30,,,,,,,,,,,,,,14,,,,,A12,,,1,,1,,,49,49,1,13,4,120.707537,24.123732,3
876,66000,387130000C,(04)23274275,(04)23288582,2025,03,3,17,10,臺中市,西屯區,0,0,0,7,,,50,,,,,,,,,,,,,,13,,,,,C03,,,1,,1,,,7,7,1,13,4,120.653651,24.168344,3
877,66000,387130000C,(04)23274275,(04)23288582,2025,03,3,17,11,臺中市,西區,0,0,0,7,,,50,,,,,,,,,,,,,,13,,,,,B03,,,1,,1,,,7,7,1,6,4,120.672164,24.148593,3
878,66000,387130000C,(04)23274275,(04)23288582,2025,03,3,17,11,臺中市,南屯區,0,0,0,7,,,30,,,,,,,,,,,,,,14,,,,,B03,,,1,,1,,,49,49,1,12,4,120.652034,24.135638,3
879,66000,387130000C,(04)23274275,(04)23288582,2025,03,3,17,12,臺中市,大雅區,0,0,0,7,,,60,,,,,,,,,,,,,,,,,,,A11,,,1,,2,,,40,40,1,12,4,120.648344,24.218415,3
880,66000,387130000C,(04)23274275,(04)23288582,2025,03,3,17,12,臺中市,神岡區,0,1,0,7,1,6,50,11,9,1,5,4,6,6,4,4,5,4,4,2,18,2,9,1,4,C03,7,9,1,10,2,14,,7,7,1,12,4,120.691397,24.255176,2
881,66000,387130000C,(04)23274275,(04)23288582,2025,03,3,17,14,臺中市,北區,0,2,0,7,2,6,50,3,2,1,5,4,6,6,1,1,1,4,5,2,13,2,8,1,1,C03,7,9,1,10,2,11,,7,7,1,13,4,120.684974,24.152029,2
882,66000,387130000C,(04)23274275,(04)23288582,2025,03,3,17,14,臺中市,南屯區,0,1,0,7,2,6,50,4,1,1,5,4,6,6,4,4,9,5,5,2,17,3,10,2,1,C03,7,9,1,10,2,12,,15,15,1,13,4,120.655081,24.143219,2
883,66000,387130000C,(04)23274275,(04)23288582,2025,03,3,17,14,臺中市,西屯區,0,0,0,7,,,50,,,,,,,,,,,,,,13,,,,,B03,,,1,,1,,,56,56,1,13,4,120.612454,24.196147,3
884,66000,387130000C,(04)23274275,(04)23288582,2025,03,3,17,15,臺中市,后里區,0,1,0,7,2,6,60,3,1,1,5,4,6,6,1,1,10,5,5,2,15,3,10,2,1,C03,7,9,1,10,2,12,,21,21,1,12,4,120.722341,24.303049,2
885,66000,387130000C,(04)23274275,(04)23288582,2025,03,3,17,18,臺中市,西屯區,0,1,0,7,1,6,50,3,2,1,5,4,6,6,4,4,9,5,5,2,12,2,7,2,1,C03,7,1,1,10,2,14,,51,51,1,12,4,120.621396,24.185991,2
886,66000,387130000C,(04)23274275,(04)23288582,2025,03,3,17,19,臺中市,北屯區,0,0,0,7,,,80,,,,,,,,,,,,,,,,,,,B03,,,1,,1,,,7,7,1,13,4,120.69982,24.20121,3
887,66000,387130000C,(04)23274275,(04)23288582,2025,03,3,17,20,臺中市,北屯區,0,1,0,7,1,6,50,13,9,1,5,4,6,6,4,4,1,4,5,2,17,2,9,5,4,C03,7,9,1,10,2,14,,7,7,1,13,4,120.695619,24.167566,2
888,66000,387130000C,(04)23274275,(04)23288582,2025,03,3,17,21,臺中市,太平區,0,0,0,7,,,50,,,,,,,,,,,,,,13,,,,,B03,,,1,,1,,,84,84,1,12,4,120.715457,24.151943,3
889,66000,387130000C,(04)23274275,(04)23288582,2025,03,3,17,22,臺中市,東區,0,0,0,7,,,50,,,,,,,,,,,,,,13,,,,,B03,,,1,,1,,,7,7,1,6,4,120.687803,24.126201,3
890,66000,387130000C,(04)23274275,(04)23288582,2025,03,3,17,24,臺中市,后里區,0,0,0,7,,,50,,,,,,,,,,,,,,25,,,,,B13,,,1,,2,,,29,29,1,12,4,120.709278,24.311067,3
891,66000,387130000C,(04)23274275,(04)23288582,2025,03,3,17,25,臺中市,西屯區,0,1,0,7,2,6,40,4,1,1,5,4,6,6,3,1,10,5,5,2,12,2,7,2,4,C04,7,9,1,11,1,11,,8,8,1,12,2,120.635562,24.1679,2
892,66000,387130000C,(04)23274275,(04)23288582,2025,03,3,17,26,臺中市,神岡區,0,0,0,6,,,50,,,,,,,,,,,,,,17,,,,,B03,,,1,,2,,,85,85,1,12,4,120.666453,24.25772,3
893,66000,387130000C,(04)23274275,(04)23288582,2025,03,3,17,30,臺中市,烏日區,0,0,0,7,,,50,,,,,,,,,,,,,,,,,,,B01,,,1,,1,,,8,8,1,6,4,120.641533,24.103178,3
894,66000,387130000C,(04)23274275,(04)23288582,2025,03,3,17,30,臺中市,梧棲區,0,0,0,7,,,50,,,,,,,,,,,,,,17,,,,,B03,,,1,,1,,,39,39,1,6,4,120.534728,24.256861,3
895,66000,387130000C,(04)23274275,(04)23288582,2025,03,3,17,33,臺中市,東勢區,0,0,0,7,,,30,,,,,,,,,,,,,,1,,,,,B03,,,1,,2,,,8,8,1,12,4,120.836175,24.250165,3
896,66000,387130000C,(04)23274275,(04)23288582,2025,03,3,17,35,臺中市,龍井區,0,0,0,7,,,30,,,,,,,,,,,,,,,,,,,B03,,,1,,1,,,49,49,1,6,4,120.517038,24.191094,3
897,66000,387130000C,(04)23274275,(04)23288582,2025,03,3,17,37,臺中市,梧棲區,0,0,0,7,,,50,,,,,,,,,,,,,,14,,,,,B03,,,1,,1,,,49,49,1,13,4,120.529918,24.257515,3
898,66000,387130000C,(04)23274275,(04)23288582,2025,03,3,17,39,臺中市,西屯區,0,1,0,7,1,6,50,4,4,1,5,4,6,6,2,1,5,5,5,2,13,3,10,5,4,B03,7,7,1,8,1,5,,59,59,1,12,4,120.620195,24.187171,2
899,66000,387130000C,(04)23274275,(04)23288582,2025,03,3,17,41,臺中市,北屯區,0,3,0,7,2,6,50,4,1,1,5,4,6,6,1,1,10,5,5,2,16,2,8,1,1,C03,7,6,1,10,2,14,,48,48,1,5,4,120.663467,24.185355,2
900,66000,387130000C,(04)23274275,(04)23288582,2025,03,3,17,41,臺中市,梧棲區,0,0,0,7,,,70,,,,,,,,,,,,,,13,,,,,B03,,,1,,2,,,84,84,1,6,4,120.554925,24.248964,3
901,66000,387130000C,(04)23274275,(04)23288582,2025,03,3,17,41,臺中市,神岡區,0,0,0,7,,,40,,,,,,,,,,,,,,12,,,,,B03,,,1,,2,,,8,8,1,12,4,120.660257,24.269534,3