﻿序號,縣市別代碼,機關代碼,市話,傳真,年,月,日,時,分,縣市,區,死亡數量,受傷數量,2-30,天候,道路照明設備,道路類別,道路速限,道路型態,事故位置,路面鋪裝,路面狀態,路面缺陷,障礙物,視距,號誌種類,號誌動作,分向設施,快車道或一般車道間,快慢車道間,路面邊線,事故類型及型態,受傷程度,主要傷處,保護裝備,行動電話或功能裝置,當事者區分_類別,車輛用途,當事者行動狀態,駕照狀態,駕照種類,飲酒情形,車輛撞擊部位最初,車輛撞擊部位其他,肇事因素個別,肇事因素主要,肇事逃逸,職業,共享經濟或外送平台,GPS座標X,GPS座標Y,事故類別
1126,66000,387130000C,(04)23274275,(04)23288582,2025,03,4,9,30,臺中市,大里區,0,2,0,7,2,6,50,3,1,1,5,4,6,6,4,4,5,5,4,2,16,2,9,1,1,C03,7,9,1,10,2,11,14,58,58,1,6,4,120.692036,24.110252,2
1127,66000,387130000C,(04)23274275,(04)23288582,2025,03,4,9,31,臺中市,南區,0,0,0,7,,,50,,,,,,,,,,,,,,,,,,,B03,,,1,,1,,,7,7,1,6,4,120.6685,24.129403,3
1128,66000,387130000C,(04)23274275,(04)23288582,2025,03,4,9,37,臺中市,西屯區,0,1,0,7,3,6,50,13,9,1,5,4,6,6,4,4,1,3,5,2,17,2,9,5,4,C03,7,9,1,10,2,14,,7,7,1,13,4,120.657373,24.170514,2
1129,66000,387130000C,(04)23274275,(04)23288582,2025,03,4,9,40,臺中市,大雅區,0,3,0,7,2,6,40,4,1,1,4,4,6,6,1,1,10,4,4,1,9,2,9,1,1,C03,7,9,1,10,2,11,,84,84,1,12,4,120.649794,24.212581,2
1130,66000,387130000C,(04)23274275,(04)23288582,2025,03,4,9,40,臺中市,東區,0,0,0,7,,,50,,,,,,,,,,,,,,,,,,,,,,,,,,,86,86,1,,,120.694671,24.15226,3
1131,66000,387130000C,(04)23274275,(04)23288582,2025,03,4,9,40,臺中市,神岡區,0,1,0,5,2,6,50,4,2,1,4,4,6,6,3,1,9,5,5,2,17,2,9,5,4,B12,7,9,1,10,2,16,,59,59,1,12,4,120.697697,24.250436,2
1132,66000,387130000C,(04)23274275,(04)23288582,2025,03,4,9,42,臺中市,大里區,0,0,0,7,,,50,,,,,,,,,,,,,,17,,,,,A41,,,1,,2,,,49,49,1,12,4,120.698593,24.106246,3
1133,66000,387130000C,(04)23274275,(04)23288582,2025,03,4,9,45,臺中市,沙鹿區,0,0,0,7,,,60,,,,,,,,,,,,,,,,,,,B03,,,1,,2,,,84,84,1,13,4,120.576053,24.227003,3
1134,66000,387130000C,(04)23274275,(04)23288582,2025,03,4,9,46,臺中市,梧棲區,0,0,0,7,,,70,,,,,,,,,,,,,,17,,,,,F01,,,7,,2,,,59,59,1,12,4,120.551971,24.243967,3
1135,66000,387130000C,(04)23274275,(04)23288582,2025,03,4,9,46,臺中市,豐原區,0,1,0,7,2,6,50,4,1,1,5,4,6,6,1,1,10,5,5,2,18,2,9,1,1,C03,7,9,1,9,2,12,,54,54,1,13,4,120.715806,24.25453,2
1136,66000,387130000C,(04)23274275,(04)23288582,2025,03,4,9,49,臺中市,豐原區,0,2,0,6,2,6,50,13,7,1,4,4,6,6,4,4,5,4,4,2,17,2,9,1,4,C03,7,8,1,10,2,13,,40,40,1,12,4,120.705501,24.2466,2
1137,66000,387130000C,(04)23274275,(04)23288582,2025,03,4,9,53,臺中市,北屯區,0,0,0,7,,,50,,,,,,,,,,,,,,,,,,,B03,,,1,,1,,,59,59,1,6,4,120.719952,24.162976,3
1138,66000,387130000C,(04)23274275,(04)23288582,2025,03,4,9,57,臺中市,北屯區,0,0,0,7,,,50,,,,,,,,,,,,,,14,,,,,B03,,,5,,1,,,49,49,1,6,4,120.720331,24.178576,3
1139,66000,387130000C,(04)23274275,(04)23288582,2025,03,4,9,57,臺中市,西屯區,0,0,0,7,,,50,,,,,,,,,,,,,,16,,,,,C03,,,1,,1,,,45,45,1,12,4,120.622703,24.181415,3
1140,66000,387130000C,(04)23274275,(04)23288582,2025,03,4,9,58,臺中市,東區,0,1,0,7,2,6,50,5,1,1,5,4,6,6,2,1,5,5,4,2,13,3,10,3,1,B03,7,9,1,8,2,1,,7,7,1,12,4,120.69451,24.142756,2
1141,66000,387130000C,(04)23274275,(04)23288582,2025,03,4,9,59,臺中市,東區,0,1,0,7,2,6,30,3,1,1,5,4,6,6,4,4,10,5,5,2,16,2,8,1,1,C03,7,6,1,10,2,14,,12,12,1,12,4,120.704356,24.130825,2
1142,66000,387130000C,(04)23274275,(04)23288582,2025,03,4,9,59,臺中市,南屯區,0,0,0,7,,,50,,,,,,,,,,,,,,,,,,,B03,,,1,,2,,,40,40,1,6,4,120.640587,24.151303,3
1143,66000,387130000C,(04)23274275,(04)23288582,2025,03,4,10,0,臺中市,東區,0,0,0,7,,,50,,,,,,,,,,,,,,17,,,,,B13,,,1,,1,,,84,84,1,12,4,120.707806,24.149121,3
1144,66000,387130000C,(04)23274275,(04)23288582,2025,03,4,10,0,臺中市,烏日區,0,2,0,7,2,6,60,4,1,1,5,4,6,6,1,1,1,4,4,1,13,2,9,3,1,B12,7,9,1,8,2,1,,7,7,1,6,4,120.647836,24.079097,2
1145,66000,387130000C,(04)23274275,(04)23288582,2025,03,4,10,1,臺中市,西屯區,0,1,0,7,2,6,40,13,8,1,5,4,6,6,4,4,10,4,3,1,12,3,10,3,1,B03,7,5,1,8,2,16,,47,47,1,13,4,120.617469,24.182191,2
1146,66000,387130000C,(04)23274275,(04)23288582,2025,03,4,10,3,臺中市,太平區,0,0,0,7,,,50,,,,,,,,,,,,,,12,,,,,B03,,,1,,1,,,42,42,1,12,4,120.709985,24.134839,3
1147,66000,387130000C,(04)23274275,(04)23288582,2025,03,4,10,12,臺中市,東區,0,0,0,7,,,50,,,,,,,,,,,,,,,,,,,C03,,,1,,1,,,7,7,1,6,4,120.699913,24.142778,4
1148,66000,387130000C,(04)23274275,(04)23288582,2025,03,4,10,12,臺中市,太平區,0,1,0,7,2,6,50,13,9,1,5,4,6,6,4,4,5,5,5,1,13,3,10,1,1,F03,7,14,7,21,2,13,,84,84,1,12,4,120.738829,24.157123,2
1149,66000,387130000C,(04)23274275,(04)23288582,2025,03,4,10,12,臺中市,后里區,0,0,0,7,3,6,50,4,9,1,5,4,4,6,4,4,5,4,5,1,13,3,10,1,1,C03,7,9,1,10,2,11,,58,58,1,6,4,120.712654,24.306583,3
1150,66000,387130000C,(04)23274275,(04)23288582,2025,03,4,10,13,臺中市,北屯區,0,1,0,7,2,6,50,4,1,1,5,4,6,6,2,1,10,5,5,2,16,3,10,3,1,B03,7,6,1,8,2,2,,25,25,1,12,4,120.721072,24.174065,2
1151,66000,387130000C,(04)23274275,(04)23288582,2025,03,4,10,15,臺中市,龍井區,0,0,0,7,,,40,,,,,,,,,,,,,,,,,,,B03,,,1,,1,,,25,25,1,6,4,120.516059,24.202412,3
1152,66000,387130000C,(04)23274275,(04)23288582,2025,03,4,10,16,臺中市,新社區,0,0,0,7,,,30,,,,,,,,,,,,,,17,,,,,B03,,,1,,2,,,14,14,1,13,4,120.817855,24.199623,3
1153,66000,387130000C,(04)23274275,(04)23288582,2025,03,4,10,20,臺中市,大里區,0,0,0,7,,,50,,,,,,,,,,,,,,,,,,,B03,,,1,,2,,,7,7,1,12,4,120.668441,24.096929,3
1154,66000,387130000C,(04)23274275,(04)23288582,2025,03,4,10,20,臺中市,大里區,0,0,0,7,,,50,,,,,,,,,,,,,,17,,,,,A12,,,1,,2,,,7,7,1,6,4,120.695773,24.096526,3
1155,66000,387130000C,(04)23274275,(04)23288582,2025,03,4,10,23,臺中市,南屯區,0,0,0,7,,,50,,,,,,,,,,,,,,17,,,,,C03,,,1,,1,,,51,51,1,6,4,120.649945,24.136684,3
1156,66000,387130000C,(04)23274275,(04)23288582,2025,03,4,10,25,臺中市,大里區,0,2,0,7,2,6,25,4,4,1,5,4,6,6,2,1,5,4,4,1,17,2,8,1,1,C03,7,9,1,10,1,11,,84,84,1,6,4,120.696784,24.111266,2
1157,66000,387130000C,(04)23274275,(04)23288582,2025,03,4,10,30,臺中市,龍井區,0,1,0,7,2,6,50,13,9,1,4,4,6,6,4,4,5,5,5,1,13,2,9,5,4,C03,7,9,1,10,2,11,,7,7,1,12,4,120.551611,24.190283,2
1158,66000,387130000C,(04)23274275,(04)23288582,2025,03,4,10,34,臺中市,西屯區,0,0,0,7,,,30,,,,,,,,,,,,,,,,,,,B03,,,3,,1,,,51,51,1,12,4,120.633824,24.162339,3
1159,66000,387130000C,(04)23274275,(04)23288582,2025,03,4,10,41,臺中市,東區,0,0,0,7,,,50,,,,,,,,,,,,,,,,,,,B13,,,1,,1,,,50,50,1,12,4,120.690989,24.126867,3
1160,66000,387130000C,(04)23274275,(04)23288582,2025,03,4,10,46,臺中市,南區,0,2,0,7,2,6,40,4,1,1,5,4,6,6,1,1,10,5,5,2,16,2,9,1,1,C03,7,6,1,10,2,14,,11,11,1,12,4,120.681121,24.127813,2
1161,66000,387130000C,(04)23274275,(04)23288582,2025,03,4,10,55,臺中市,霧峰區,0,3,0,7,2,6,50,13,9,1,5,4,6,6,4,4,5,5,5,2,17,2,9,2,1,C03,7,1,1,10,2,12,,39,39,1,6,4,120.700107,24.064529,2
1162,66000,387130000C,(04)23274275,(04)23288582,2025,03,4,10,59,臺中市,西屯區,0,0,0,7,3,6,40,13,8,5,5,4,5,6,4,4,1,4,1,2,13,,,,,B12,,,1,,1,,,7,7,1,12,4,120.645548,24.165168,3
1163,66000,387130000C,(04)23274275,(04)23288582,2025,03,4,11,0,臺中市,豐原區,0,0,0,7,,,60,,,,,,,,,,,,,,17,,,,,B03,,,1,,2,,,26,26,1,13,4,120.72672,24.238372,3
1164,66000,387130000C,(04)23274275,(04)23288582,2025,03,4,11,4,臺中市,烏日區,0,0,0,7,,,60,,,,,,,,,,,,,,,,,,,B03,,,1,,2,,,40,40,1,6,4,120.617496,24.105581,3
1165,66000,387130000C,(04)23274275,(04)23288582,2025,03,4,11,5,臺中市,烏日區,0,0,0,7,,,50,,,,,,,,,,,,,,,,,,,C03,,,1,,1,,,7,7,1,12,4,120.600074,24.109726,3
1166,66000,387130000C,(04)23274275,(04)23288582,2025,03,4,11,8,臺中市,北屯區,0,1,0,7,2,6,50,5,1,1,5,4,6,6,4,4,10,5,5,2,16,3,10,3,1,B02,7,6,5,19,2,8,,14,14,1,12,4,120.662122,24.191409,2
1167,66000,387130000C,(04)23274275,(04)23288582,2025,03,4,11,9,臺中市,北屯區,0,1,0,7,2,6,50,13,9,1,5,4,6,6,4,4,1,4,4,2,17,3,10,3,1,B03,7,11,1,8,2,8,,45,45,1,12,4,120.688459,24.179713,2
1168,66000,387130000C,(04)23274275,(04)23288582,2025,03,4,11,9,臺中市,豐原區,0,0,0,7,,,30,,,,,,,,,,,,,,17,,,,,B03,,,1,,2,,,59,59,1,12,4,120.738402,24.242634,3
1169,66000,387130000C,(04)23274275,(04)23288582,2025,03,4,11,10,臺中市,沙鹿區,0,1,0,7,2,6,30,4,1,1,5,4,6,6,4,4,10,5,5,2,15,2,8,1,1,C03,7,9,1,10,2,12,,12,12,1,6,4,120.558535,24.247168,2
1170,66000,387130000C,(04)23274275,(04)23288582,2025,03,4,11,13,臺中市,東區,0,1,0,7,2,6,50,13,9,1,5,4,6,6,4,4,5,5,5,2,12,3,10,3,1,B03,7,4,1,8,2,2,,1,1,1,12,4,120.693642,24.149776,2
1171,66000,387130000C,(04)23274275,(04)23288582,2025,03,4,11,18,臺中市,霧峰區,0,0,0,7,,,30,,,,,,,,,,,,,,,,,,,B03,,,1,,2,,,87,87,1,6,4,120.689147,24.050543,3
1172,66000,387130000C,(04)23274275,(04)23288582,2025,03,4,11,21,臺中市,外埔區,0,0,0,7,3,6,50,13,7,1,5,4,6,6,4,4,5,4,4,2,17,3,10,3,1,B03,7,9,1,8,2,16,,90,90,1,6,4,120.656651,24.330706,3
1173,66000,387130000C,(04)23274275,(04)23288582,2025,03,4,11,23,臺中市,北區,0,1,0,7,3,6,50,4,2,1,5,4,6,6,4,4,5,4,5,2,16,3,10,5,4,B03,7,6,1,8,2,1,,14,14,1,13,4,120.669214,24.164374,2
1174,66000,387130000C,(04)23274275,(04)23288582,2025,03,4,11,25,臺中市,西屯區,0,1,0,7,2,6,40,13,8,1,5,4,6,6,4,4,5,4,4,2,14,3,10,3,4,B03,7,2,1,8,1,8,,49,49,1,13,4,120.639325,24.171188,2
1175,66000,387130000C,(04)23274275,(04)23288582,2025,03,4,11,25,臺中市,太平區,0,0,0,7,,,80,,,,,,,,,,,,,,13,,,,,B12,,,1,,1,,,7,7,1,12,4,120.715385,24.15206,3
1176,66000,387130000C,(04)23274275,(04)23288582,2025,03,4,11,26,臺中市,西屯區,0,0,0,7,,,50,,,,,,,,,,,,,,11,,,,,C03,,,1,,2,,,87,87,1,13,4,120.65842,24.17064,4
1177,66000,387130000C,(04)23274275,(04)23288582,2025,03,4,11,27,臺中市,西屯區,0,0,0,7,,,40,,,,,,,,,,,,,,13,,,,,C03,,,1,,1,,,7,7,1,12,4,120.646454,24.164454,3
1178,66000,387130000C,(04)23274275,(04)23288582,2025,03,4,11,27,臺中市,神岡區,0,1,0,7,2,6,30,5,1,1,5,4,6,6,1,1,10,5,5,2,11,3,10,3,1,B12,7,6,1,8,2,8,,84,84,1,6,4,120.664945,24.273801,2
1179,66000,387130000C,(04)23274275,(04)23288582,2025,03,4,11,33,臺中市,大甲區,0,0,0,7,,,50,,,,,,,,,,,,,,,,,,,B12,,,1,,2,,,51,51,1,6,4,120.619601,24.348565,3
1180,66000,387130000C,(04)23274275,(04)23288582,2025,03,4,11,43,臺中市,北屯區,0,0,0,7,,,50,,,,,,,,,,,,,,13,,,,,C03,,,1,,1,,,7,7,1,6,4,120.662463,24.188799,4
1181,66000,387130000C,(04)23274275,(04)23288582,2025,03,4,11,44,臺中市,沙鹿區,0,0,0,7,,,50,,,,,,,,,,,,,,13,,,,,A12,,,1,,2,,,7,7,1,6,4,120.569244,24.202342,3
1182,66000,387130000C,(04)23274275,(04)23288582,2025,03,4,11,45,臺中市,太平區,0,3,0,7,2,6,50,13,7,1,5,4,3,6,4,4,5,5,4,1,17,3,10,3,1,B03,7,9,1,8,1,5,6,54,54,1,12,4,120.729234,24.150069,2
1183,66000,387130000C,(04)23274275,(04)23288582,2025,03,4,11,45,臺中市,太平區,0,0,0,7,,,50,,,,,,,,,,,,,,16,,,,,C03,,,1,,2,,,47,47,1,13,4,120.720209,24.157877,3
1184,66000,387130000C,(04)23274275,(04)23288582,2025,03,4,11,46,臺中市,西區,0,1,0,7,2,6,50,4,2,1,5,4,6,6,1,1,10,4,5,2,18,2,9,6,1,F01,7,9,7,21,2,16,,4,4,1,12,4,120.678385,24.136454,2
1185,66000,387130000C,(04)23274275,(04)23288582,2025,03,4,11,47,臺中市,西屯區,0,1,0,7,1,6,50,3,1,1,5,4,6,6,4,4,10,5,5,1,17,2,9,2,1,C03,7,6,1,10,2,13,,12,12,1,12,4,120.649721,24.164189,2
1186,66000,387130000C,(04)23274275,(04)23288582,2025,03,4,11,47,臺中市,龍井區,0,1,0,7,2,6,50,13,9,1,5,4,6,6,4,4,9,5,5,1,13,2,9,5,4,C03,7,9,1,10,2,11,,7,7,1,12,4,120.590838,24.191319,2
1187,66000,387130000C,(04)23274275,(04)23288582,2025,03,4,11,49,臺中市,北屯區,0,2,0,7,3,6,40,4,1,1,5,4,6,6,2,1,10,5,5,2,16,2,8,2,1,C03,7,9,1,10,2,14,,84,84,1,12,4,120.659327,24.190807,2
1188,66000,387130000C,(04)23274275,(04)23288582,2025,03,4,11,54,臺中市,太平區,0,0,0,7,,,50,,,,,,,,,,,,,,14,,,,,B12,,,1,,2,,,49,49,1,12,4,120.723674,24.105541,3
1189,66000,387130000C,(04)23274275,(04)23288582,2025,03,4,11,58,臺中市,大里區,0,2,0,7,2,6,50,4,1,1,5,4,6,6,1,1,10,5,5,2,17,2,9,1,1,C03,7,9,1,10,2,11,,21,21,1,12,4,120.688816,24.119881,2
1190,66000,387130000C,(04)23274275,(04)23288582,2025,03,4,12,0,臺中市,北屯區,0,0,0,7,,,50,,,,,,,,,,,,,,16,,,,,B03,,,1,,2,,,20,20,1,6,4,120.689295,24.17557,3
1191,66000,387130000C,(04)23274275,(04)23288582,2025,03,4,12,5,臺中市,大里區,0,1,0,7,2,6,50,5,9,1,5,4,6,6,1,1,10,5,5,2,12,3,10,3,1,B12,7,5,1,8,2,5,,47,47,1,12,4,120.674939,24.103561,2
1192,66000,387130000C,(04)23274275,(04)23288582,2025,03,4,12,10,臺中市,大雅區,0,0,0,7,,,50,,,,,,,,,,,,,,,,,,,B03,,,1,,1,,,20,20,1,12,4,120.614785,24.219869,3
1193,66000,387130000C,(04)23274275,(04)23288582,2025,03,4,12,14,臺中市,西屯區,0,0,0,7,3,6,50,4,1,1,5,4,6,6,1,1,1,4,1,2,16,,,,,B03,,,1,,1,,,23,23,1,12,4,120.634595,24.176292,3
1194,66000,387130000C,(04)23274275,(04)23288582,2025,03,4,12,17,臺中市,太平區,0,0,0,7,,,30,,,,,,,,,,,,,,17,,,,,,,,,,,,,119,119,1,,,120.728117,24.106869,3
1195,66000,387130000C,(04)23274275,(04)23288582,2025,03,4,12,20,臺中市,大雅區,0,0,0,7,,,50,,,,,,,,,,,,,,17,,,,,B03,,,1,,1,,,76,76,1,13,4,120.650042,24.223101,3
1196,66000,387130000C,(04)23274275,(04)23288582,2025,03,4,12,21,臺中市,龍井區,0,0,0,7,,,30,,,,,,,,,,,,,,,,,,,B03,,,1,,2,,,59,59,1,6,4,120.523244,24.200589,3
1197,66000,387130000C,(04)23274275,(04)23288582,2025,03,4,12,32,臺中市,北屯區,0,1,0,7,2,6,50,13,9,1,5,4,6,6,2,1,1,4,5,2,13,2,9,2,1,C03,7,9,1,10,2,11,,7,7,1,11,4,120.669595,24.177073,2
1198,66000,387130000C,(04)23274275,(04)23288582,2025,03,4,12,38,臺中市,西區,0,1,0,7,3,6,50,4,1,1,5,4,6,6,2,1,10,5,5,2,17,3,10,3,1,B03,7,5,1,8,2,2,,65,65,1,13,4,120.673843,24.1404,2
1199,66000,387130000C,(04)23274275,(04)23288582,2025,03,4,12,41,臺中市,大里區,0,1,0,7,2,6,50,3,2,1,5,4,6,6,4,4,4,3,5,1,17,3,10,2,1,C03,7,9,1,10,1,12,,8,8,1,6,4,120.703904,24.088093,2
1200,66000,387130000C,(04)23274275,(04)23288582,2025,03,4,12,45,臺中市,大雅區,0,1,0,7,2,6,50,4,9,1,5,4,6,6,2,1,10,4,5,1,17,3,10,3,1,B03,7,5,1,8,2,2,,20,20,1,12,4,120.648355,24.221185,2
1201,66000,387130000C,(04)23274275,(04)23288582,2025,03,4,12,46,臺中市,中區,0,1,0,7,2,6,50,4,1,1,5,4,6,6,1,1,10,5,5,2,16,3,10,3,1,B03,7,11,1,6,2,1,,38,38,1,12,4,120.679497,24.142426,2
1202,66000,387130000C,(04)23274275,(04)23288582,2025,03,4,12,47,臺中市,太平區,0,0,0,7,,,30,,,,,,,,,,,,,,14,,,,,A41,,,1,,9,,,49,49,1,12,4,120.707157,24.151224,3
1203,66000,387130000C,(04)23274275,(04)23288582,2025,03,4,12,50,臺中市,西區,0,2,0,7,1,6,50,4,1,1,5,4,6,6,1,1,10,5,5,1,17,2,9,5,4,C03,7,9,1,10,2,11,,7,7,1,12,4,120.665269,24.149019,2
1204,66000,387130000C,(04)23274275,(04)23288582,2025,03,4,12,55,臺中市,南屯區,0,1,0,7,2,6,50,4,1,1,5,4,6,6,2,1,4,3,4,2,16,3,10,3,1,B03,7,1,1,8,2,8,,51,51,1,12,4,120.652982,24.141008,2
1205,66000,387130000C,(04)23274275,(04)23288582,2025,03,4,13,0,臺中市,西區,0,0,0,7,,,50,,,,,,,,,,,,,,16,,,,,B03,,,1,,1,,,11,11,1,12,4,120.678095,24.133964,3
1206,66000,387130000C,(04)23274275,(04)23288582,2025,03,4,13,7,臺中市,北區,0,2,0,7,2,6,50,4,1,1,5,4,6,6,4,4,5,5,5,2,15,2,9,1,1,C03,7,9,1,10,2,11,14,12,12,1,13,4,120.67962,24.152935,2
1207,66000,387130000C,(04)23274275,(04)23288582,2025,03,4,13,9,臺中市,北屯區,0,2,0,7,2,6,50,4,1,1,5,4,6,6,1,1,10,5,5,2,13,3,10,3,1,B03,7,9,1,8,2,1,,82,82,1,12,4,120.719475,24.163003,2
1208,66000,387130000C,(04)23274275,(04)23288582,2025,03,4,13,15,臺中市,沙鹿區,0,1,0,7,2,6,50,4,1,1,5,4,6,6,4,4,5,5,5,2,17,3,10,3,1,B03,7,9,1,8,1,1,,7,7,1,13,4,120.560601,24.237886,2
1209,66000,387130000C,(04)23274275,(04)23288582,2025,03,4,13,18,臺中市,龍井區,0,1,0,7,3,6,30,4,1,1,5,4,6,6,4,4,10,5,5,1,15,2,9,1,1,C03,7,9,1,10,2,12,,20,20,1,6,4,120.53285,24.194229,2
1210,66000,387130000C,(04)23274275,(04)23288582,2025,03,4,13,20,臺中市,南屯區,0,3,0,7,2,6,50,4,1,1,5,4,6,6,4,4,5,4,4,2,15,2,7,2,1,C03,7,9,1,10,2,11,,13,13,1,12,4,120.641686,24.148786,2
1211,66000,387130000C,(04)23274275,(04)23288582,2025,03,4,13,20,臺中市,北屯區,0,0,0,7,,,50,,,,,,,,,,,,,,9,,,,,,,,,,,,,85,85,1,,,120.689467,24.175702,3
1212,66000,387130000C,(04)23274275,(04)23288582,2025,03,4,13,25,臺中市,大雅區,0,1,0,7,3,6,30,3,2,1,5,4,6,6,4,4,10,5,5,2,17,2,9,1,1,C03,7,9,1,10,2,11,,7,7,1,12,4,120.633879,24.235194,2
1213,66000,387130000C,(04)23274275,(04)23288582,2025,03,4,13,28,臺中市,北區,0,0,0,7,,,50,,,,,,,,,,,,,,17,,,,,B03,,,1,,1,,,76,76,1,13,4,120.69209,24.161593,3
1214,66000,387130000C,(04)23274275,(04)23288582,2025,03,4,13,29,臺中市,龍井區,0,0,0,7,,,30,,,,,,,,,,,,,,,,,,,B03,,,1,,1,,,8,8,1,6,4,120.586868,24.181158,3
1215,66000,387130000C,(04)23274275,(04)23288582,2025,03,4,13,39,臺中市,北屯區,0,0,0,7,,,50,,,,,,,,,,,,,,13,,,,,B03,,,1,,1,,,7,7,1,6,4,120.721819,24.18173,3
1216,66000,387130000C,(04)23274275,(04)23288582,2025,03,4,13,40,臺中市,神岡區,0,0,0,7,,,50,,,,,,,,,,,,,,21,,,,,A11,,,1,,2,,,75,75,1,12,4,120.654479,24.280254,3
1217,66000,387130000C,(04)23274275,(04)23288582,2025,03,4,13,49,臺中市,烏日區,0,0,0,7,,,40,,,,,,,,,,,,,,,,,,,B12,,,1,,2,,,7,7,1,6,4,120.64802,24.086565,3
1218,66000,387130000C,(04)23274275,(04)23288582,2025,03,4,13,51,臺中市,北區,0,1,0,7,3,6,50,4,1,1,5,4,6,6,1,1,5,4,5,2,15,2,9,5,4,C03,7,9,1,10,2,12,,21,21,1,13,4,120.669119,24.155327,2
1219,66000,387130000C,(04)23274275,(04)23288582,2025,03,4,13,55,臺中市,西屯區,0,1,0,6,1,6,40,4,1,1,5,4,6,6,2,1,10,5,5,2,16,3,10,3,1,B02,7,5,1,8,2,5,,20,20,1,12,4,120.621549,24.180068,2
1220,66000,387130000C,(04)23274275,(04)23288582,2025,03,4,13,59,臺中市,北屯區,0,0,0,7,,,50,,,,,,,,,,,,,,,,,,,B03,,,1,,1,,,7,7,1,12,4,120.722363,24.175831,3
1221,66000,387130000C,(04)23274275,(04)23288582,2025,03,4,14,0,臺中市,北屯區,0,1,0,7,3,6,50,13,9,1,5,4,6,6,4,4,5,4,5,2,17,3,10,3,1,B03,7,7,1,8,2,5,,40,40,1,6,4,120.699171,24.17034,2
1222,66000,387130000C,(04)23274275,(04)23288582,2025,03,4,14,0,臺中市,西屯區,0,0,0,7,,,40,,,,,,,,,,,,,,,,,,,B03,,,1,,1,,,7,7,1,13,4,120.652254,24.161599,3
1223,66000,387130000C,(04)23274275,(04)23288582,2025,03,4,14,0,臺中市,大甲區,0,1,0,6,3,6,50,13,9,1,5,4,6,6,4,4,9,5,5,1,19,2,1,3,1,B03,7,9,1,8,2,2,,59,59,1,6,4,120.656923,24.379512,2
1224,66000,387130000C,(04)23274275,(04)23288582,2025,03,4,14,2,臺中市,西區,0,1,0,7,2,6,50,3,8,1,5,4,6,6,4,4,5,4,4,2,17,3,10,3,1,B03,7,7,1,8,2,2,,40,40,1,13,4,120.663141,24.15608,2
1225,66000,387130000C,(04)23274275,(04)23288582,2025,03,4,14,7,臺中市,東區,0,1,0,7,3,6,50,13,9,1,5,4,6,6,4,4,5,5,5,2,12,3,10,3,1,B03,7,13,1,8,2,4,,76,76,1,6,4,120.690637,24.142859,2
1226,66000,387130000C,(04)23274275,(04)23288582,2025,03,4,14,12,臺中市,北區,0,1,0,7,2,6,50,3,1,1,5,4,6,6,4,4,2,4,4,2,16,3,10,3,1,B02,7,1,1,8,2,5,,51,51,1,13,1,120.683013,24.145723,2
1227,66000,387130000C,(04)23274275,(04)23288582,2025,03,4,14,13,臺中市,太平區,0,0,0,7,,,80,,,,,,,,,,,,,,13,,,,,B12,,,1,,2,,,40,40,1,12,4,120.715032,24.151172,3
1228,66000,387130000C,(04)23274275,(04)23288582,2025,03,4,14,17,臺中市,北屯區,0,1,0,7,2,6,50,4,1,1,5,4,6,6,2,1,10,5,5,2,12,2,9,2,1,C03,7,5,1,10,2,13,,39,39,1,12,4,120.719424,24.16309,2
1229,66000,387130000C,(04)23274275,(04)23288582,2025,03,4,14,35,臺中市,北屯區,0,0,0,7,,,50,,,,,,,,,,,,,,13,,,,,B12,,,1,,1,,,7,7,1,12,4,120.721811,24.181854,3
1230,66000,387130000C,(04)23274275,(04)23288582,2025,03,4,14,37,臺中市,大里區,0,0,0,6,,,50,,,,,,,,,,,,,,17,,,,,B03,,,1,,2,,,49,49,1,12,4,120.683899,24.110664,3
1231,66000,387130000C,(04)23274275,(04)23288582,2025,03,4,14,39,臺中市,沙鹿區,0,1,0,7,2,6,50,4,1,1,5,4,6,6,4,4,10,4,5,2,15,2,9,1,1,C03,7,9,2,19,1,11,,21,21,1,13,4,120.562297,24.255662,2
1232,66000,387130000C,(04)23274275,(04)23288582,2025,03,4,14,41,臺中市,梧棲區,0,0,0,7,,,50,,,,,,,,,,,,,,30,,,,,B03,,,1,,2,,,50,50,1,12,4,120.531944,24.265954,3
1233,66000,387130000C,(04)23274275,(04)23288582,2025,03,4,14,47,臺中市,東區,0,2,0,7,1,6,50,4,1,1,5,4,6,6,4,4,9,4,5,2,15,2,9,3,1,B03,7,9,1,8,2,1,4,12,12,1,12,4,120.69294,24.128925,2
1234,66000,387130000C,(04)23274275,(04)23288582,2025,03,4,14,52,臺中市,北區,0,1,0,7,3,9,50,4,1,1,5,4,6,6,1,1,10,5,5,2,18,2,9,5,4,C04,7,5,1,10,2,12,,59,59,1,13,4,120.675421,24.153882,2
1235,66000,387130000C,(04)23274275,(04)23288582,2025,03,4,14,52,臺中市,清水區,0,0,0,7,,,70,,,,,,,,,,,,,,13,,,,,B12,,,1,,1,,,7,7,1,6,4,120.56489,24.29724,3
1236,66000,387130000C,(04)23274275,(04)23288582,2025,03,4,14,53,臺中市,南屯區,0,0,0,7,,,50,,,,,,,,,,,,,,,,,,,B02,,,1,,9,,,87,87,1,13,4,120.627852,24.119028,3
1237,66000,387130000C,(04)23274275,(04)23288582,2025,03,4,14,56,臺中市,東區,0,0,0,7,,,80,,,,,,,,,,,,,,20,,,,,B12,,,1,,1,,,8,8,1,12,4,120.708419,24.134347,3
1238,66000,387130000C,(04)23274275,(04)23288582,2025,03,4,14,56,臺中市,西屯區,0,2,0,7,1,6,40,4,1,1,5,4,6,6,1,1,10,5,5,1,13,2,9,1,1,C03,7,9,1,10,2,14,,7,7,1,12,4,120.641018,24.167806,2