﻿序號,縣市別代碼,機關代碼,市話,傳真,年,月,日,時,分,縣市,區,死亡數量,受傷數量,2-30,天候,道路照明設備,道路類別,道路速限,道路型態,事故位置,路面鋪裝,路面狀態,路面缺陷,障礙物,視距,號誌種類,號誌動作,分向設施,快車道或一般車道間,快慢車道間,路面邊線,事故類型及型態,受傷程度,主要傷處,保護裝備,行動電話或功能裝置,當事者區分_類別,車輛用途,當事者行動狀態,駕照狀態,駕照種類,飲酒情形,車輛撞擊部位最初,車輛撞擊部位其他,肇事因素個別,肇事因素主要,肇事逃逸,職業,共享經濟或外送平台,GPS座標X,GPS座標Y,事故類別
1239,66000,387130000C,(04)23274275,(04)23288582,2025,03,4,14,57,臺中市,潭子區,0,0,0,7,,,60,,,,,,,,,,,,,,,,,,,B03,,,1,,2,,,84,84,1,13,4,120.703019,24.202714,3
1240,66000,387130000C,(04)23274275,(04)23288582,2025,03,4,15,3,臺中市,和平區,0,0,0,7,3,6,30,13,9,1,5,4,6,6,4,4,10,5,5,1,13,3,10,6,4,B03,7,9,1,8,2,1,,7,7,1,12,4,121.265455,24.287825,3
1241,66000,387130000C,(04)23274275,(04)23288582,2025,03,4,15,4,臺中市,清水區,0,1,0,7,2,6,30,3,1,1,5,4,6,6,4,4,9,4,5,2,17,3,10,3,1,B03,7,9,1,8,2,1,,41,41,1,12,4,120.567931,24.267866,2
1242,66000,387130000C,(04)23274275,(04)23288582,2025,03,4,15,7,臺中市,沙鹿區,0,0,0,7,,,50,,,,,,,,,,,,,,2,,,,,A41,,,1,,2,,,40,40,1,6,4,120.568392,24.203046,3
1243,66000,387130000C,(04)23274275,(04)23288582,2025,03,4,15,15,臺中市,西區,0,1,0,7,3,6,50,4,1,1,5,4,6,6,2,1,10,5,5,2,17,3,10,3,1,B03,7,5,1,8,2,2,,11,11,1,13,4,120.670485,24.133675,2
1244,66000,387130000C,(04)23274275,(04)23288582,2025,03,4,15,15,臺中市,西屯區,0,2,0,7,2,6,30,3,1,1,5,4,6,6,4,4,10,5,5,2,10,2,9,5,4,C03,7,9,1,10,2,11,,59,59,1,13,4,120.646387,24.180738,2
1245,66000,387130000C,(04)23274275,(04)23288582,2025,03,4,15,20,臺中市,西屯區,0,0,0,7,,,50,,,,,,,,,,,,,,,,,,,C03,,,1,,1,,,49,49,1,12,4,120.642204,24.189013,3
1246,66000,387130000C,(04)23274275,(04)23288582,2025,03,4,15,21,臺中市,梧棲區,0,0,0,6,,,60,,,,,,,,,,,,,,12,,,,,A41,,,1,,1,,,8,8,1,13,4,120.521151,24.224296,3
1247,66000,387130000C,(04)23274275,(04)23288582,2025,03,4,15,22,臺中市,西屯區,0,2,0,7,2,6,50,3,1,1,5,4,6,6,4,4,8,4,5,1,17,2,9,5,4,C03,7,6,1,10,2,12,,14,14,1,13,4,120.667572,24.173826,2
1248,66000,387130000C,(04)23274275,(04)23288582,2025,03,4,15,25,臺中市,西區,0,0,0,7,,,50,,,,,,,,,,,,,,,,,,,B03,,,1,,1,,,51,51,1,12,4,120.666503,24.140517,3
1249,66000,387130000C,(04)23274275,(04)23288582,2025,03,4,15,26,臺中市,大雅區,0,0,0,7,,,0,,,,,,,,,,,,,,,,,,,B03,,,1,,2,,,49,49,1,12,4,120.647099,24.222195,3
1250,66000,387130000C,(04)23274275,(04)23288582,2025,03,4,15,27,臺中市,南區,0,0,0,7,,,50,,,,,,,,,,,,,,12,,,,,B03,,,1,,2,,,84,84,1,12,4,120.679396,24.119571,3
1251,66000,387130000C,(04)23274275,(04)23288582,2025,03,4,15,27,臺中市,太平區,0,0,0,6,,,50,,,,,,,,,,,,,,13,,,,,F03,,,7,,2,,,58,58,1,13,4,120.706426,24.153148,3
1252,66000,387130000C,(04)23274275,(04)23288582,2025,03,4,15,34,臺中市,神岡區,0,0,0,7,,,50,,,,,,,,,,,,,,13,,,,,B03,,,1,,1,,,84,84,1,12,4,120.694168,24.248361,4
1253,66000,387130000C,(04)23274275,(04)23288582,2025,03,4,15,37,臺中市,霧峰區,0,2,0,6,2,6,50,4,1,1,5,4,6,6,1,1,10,5,5,1,17,2,9,1,1,C03,7,6,5,19,2,12,,11,11,1,13,4,120.698686,24.064478,2
1254,66000,387130000C,(04)23274275,(04)23288582,2025,03,4,15,43,臺中市,霧峰區,0,1,0,7,2,6,50,12,7,1,5,4,6,6,4,4,1,4,4,2,18,2,9,1,1,C03,7,9,1,10,2,12,,59,59,1,5,4,120.71566,24.07089,2
1255,66000,387130000C,(04)23274275,(04)23288582,2025,03,4,15,48,臺中市,大里區,0,1,0,6,3,6,50,3,2,1,4,4,6,6,4,4,5,5,4,2,16,3,10,3,1,B03,7,5,1,8,2,6,,14,14,1,13,4,120.693743,24.109387,2
1256,66000,387130000C,(04)23274275,(04)23288582,2025,03,4,15,52,臺中市,西區,0,0,0,7,,,50,,,,,,,,,,,,,,17,,,,,B03,,,1,,1,,,84,84,1,12,4,120.660206,24.147864,3
1257,66000,387130000C,(04)23274275,(04)23288582,2025,03,4,15,52,臺中市,北屯區,0,0,0,7,,,50,,,,,,,,,,,,,,17,,,,,B03,,,1,,2,,,59,59,1,13,4,120.681635,24.173453,3
1258,66000,387130000C,(04)23274275,(04)23288582,2025,03,4,15,54,臺中市,霧峰區,0,2,0,6,2,6,30,4,1,4,5,4,6,6,4,4,10,5,5,2,15,2,9,2,1,C03,7,9,1,10,2,12,,15,15,1,13,4,120.699901,24.06663,2
1259,66000,387130000C,(04)23274275,(04)23288582,2025,03,4,15,55,臺中市,大雅區,0,1,0,6,3,6,50,3,1,1,5,4,6,6,4,4,10,5,5,2,9,3,10,3,1,B02,7,9,1,8,9,5,,84,84,2,12,4,120.656132,24.226603,2
1260,66000,387130000C,(04)23274275,(04)23288582,2025,03,4,15,55,臺中市,大雅區,0,2,0,7,3,6,30,4,1,1,5,4,6,6,4,4,10,5,5,1,17,2,9,1,1,C03,7,9,1,10,2,11,,15,15,1,12,4,120.670913,24.237089,2
1261,66000,387130000C,(04)23274275,(04)23288582,2025,03,4,15,56,臺中市,北屯區,0,0,0,6,,,50,,,,,,,,,,,,,,12,,,,,B12,,,1,,1,,,40,40,1,12,4,120.68657,24.195809,3
1262,66000,387130000C,(04)23274275,(04)23288582,2025,03,4,15,59,臺中市,大肚區,0,0,0,7,,,50,,,,,,,,,,,,,,,,,,,B03,,,1,,2,,,11,11,1,6,4,120.546056,24.148543,3
1263,66000,387130000C,(04)23274275,(04)23288582,2025,03,4,16,4,臺中市,太平區,0,2,0,6,2,6,30,3,2,1,5,4,6,6,4,4,10,5,5,1,16,2,9,1,1,C03,7,6,1,10,2,11,,14,14,1,12,4,120.739025,24.151275,2
1264,66000,387130000C,(04)23274275,(04)23288582,2025,03,4,16,5,臺中市,太平區,0,2,0,7,2,6,30,3,1,1,5,4,6,6,4,4,10,5,5,1,16,2,7,2,1,C03,7,9,1,10,2,11,12,84,84,1,12,4,120.728879,24.141098,2
1265,66000,387130000C,(04)23274275,(04)23288582,2025,03,4,16,6,臺中市,南屯區,0,0,0,7,,,50,,,,,,,,,,,,,,,,,,,B12,,,1,,2,,,59,59,1,12,4,120.63285,24.144909,3
1266,66000,387130000C,(04)23274275,(04)23288582,2025,03,4,16,7,臺中市,北區,0,0,0,7,,,50,,,,,,,,,,,,,,17,,,,,C03,,,1,,2,,,4,4,1,12,4,120.685937,24.151616,3
1267,66000,387130000C,(04)23274275,(04)23288582,2025,03,4,16,9,臺中市,太平區,0,1,0,5,1,6,50,3,1,1,4,4,6,6,1,1,5,4,5,1,16,3,10,3,1,B03,7,6,1,8,2,5,,11,11,1,12,4,120.712913,24.158109,2
1268,66000,387130000C,(04)23274275,(04)23288582,2025,03,4,16,10,臺中市,中區,0,0,0,7,,,50,,,,,,,,,,,,,,12,,,,,C03,,,3,,2,,,40,40,1,6,4,120.681493,24.144161,3
1269,66000,387130000C,(04)23274275,(04)23288582,2025,03,4,16,10,臺中市,南屯區,0,0,0,6,,,30,,,,,,,,,,,,,,17,,,,,B12,,,1,,2,,,8,8,1,6,4,120.635143,24.147123,3
1270,66000,387130000C,(04)23274275,(04)23288582,2025,03,4,16,10,臺中市,太平區,0,0,0,5,,,50,,,,,,,,,,,,,,13,,,,,B03,,,1,,2,,,84,84,1,12,4,120.712965,24.125587,3
1271,66000,387130000C,(04)23274275,(04)23288582,2025,03,4,16,10,臺中市,豐原區,0,2,0,6,1,6,50,13,9,1,5,4,6,6,4,4,9,4,4,2,17,2,9,1,1,C03,7,9,1,10,2,11,,7,7,1,6,4,120.724971,24.243758,2
1272,66000,387130000C,(04)23274275,(04)23288582,2025,03,4,16,12,臺中市,北區,0,2,0,6,2,6,50,3,1,1,5,4,6,6,4,4,10,5,5,2,17,2,9,5,4,C03,7,6,1,10,2,14,,14,14,1,12,4,120.66922,24.166089,2
1273,66000,387130000C,(04)23274275,(04)23288582,2025,03,4,16,14,臺中市,大安區,0,0,0,5,,,30,,,,,,,,,,,,,,,,,,,B12,,,1,,2,,,49,49,1,6,4,120.597725,24.346643,3
1274,66000,387130000C,(04)23274275,(04)23288582,2025,03,4,16,24,臺中市,龍井區,0,0,0,5,,,70,,,,,,,,,,,,,,,,,,,B12,,,1,,1,,,84,84,1,6,4,120.543756,24.180839,3
1275,66000,387130000C,(04)23274275,(04)23288582,2025,03,4,16,26,臺中市,大里區,0,0,0,5,,,50,,,,,,,,,,,,,,13,,,,,C03,,,1,,2,,,8,8,1,6,4,120.692375,24.100222,3
1276,66000,387130000C,(04)23274275,(04)23288582,2025,03,4,16,30,臺中市,烏日區,0,0,0,5,,,60,,,,,,,,,,,,,,9,,,,,B03,,,1,,1,,,87,87,1,6,4,120.616219,24.110055,3
1277,66000,387130000C,(04)23274275,(04)23288582,2025,03,4,16,32,臺中市,北區,0,0,0,7,,,50,,,,,,,,,,,,,,13,,,,,B03,,,1,,1,,,7,7,1,13,4,120.689516,24.147245,3
1278,66000,387130000C,(04)23274275,(04)23288582,2025,03,4,16,33,臺中市,北屯區,0,0,0,7,,,30,,,,,,,,,,,,,,14,,,,,B12,,,1,,1,,,49,49,1,6,4,120.710966,24.173234,3
1279,66000,387130000C,(04)23274275,(04)23288582,2025,03,4,16,35,臺中市,太平區,0,0,0,5,,,50,,,,,,,,,,,,,,,,,,,B03,,,1,,1,,,84,84,1,12,4,120.715358,24.135808,3
1280,66000,387130000C,(04)23274275,(04)23288582,2025,03,4,16,37,臺中市,西屯區,0,0,0,5,,,40,,,,,,,,,,,,,,15,,,,,B03,,,1,,2,,,12,12,1,12,4,120.607483,24.162853,3
1281,66000,387130000C,(04)23274275,(04)23288582,2025,03,4,16,38,臺中市,北屯區,0,1,0,5,3,6,50,4,2,1,4,4,5,6,1,1,5,5,4,2,18,2,9,1,1,C03,7,9,1,10,2,12,,84,84,1,6,4,120.676298,24.193297,2
1282,66000,387130000C,(04)23274275,(04)23288582,2025,03,4,16,39,臺中市,南屯區,0,0,0,5,,,50,,,,,,,,,,,,,,,,,,,B03,,,1,,1,,,49,49,1,13,4,120.640719,24.146487,3
1283,66000,387130000C,(04)23274275,(04)23288582,2025,03,4,16,39,臺中市,西屯區,0,1,0,5,2,6,50,13,9,1,4,4,6,6,2,1,9,4,5,2,18,2,9,1,1,C03,7,9,1,10,2,12,,59,59,1,13,4,120.645054,24.179024,2
1284,66000,387130000C,(04)23274275,(04)23288582,2025,03,4,16,39,臺中市,沙鹿區,0,1,0,5,3,6,50,3,1,1,4,4,6,6,4,4,10,5,5,2,18,2,9,5,4,C03,7,21,3,19,9,15,,87,87,1,12,4,120.557387,24.233912,2
1285,66000,387130000C,(04)23274275,(04)23288582,2025,03,4,16,42,臺中市,沙鹿區,0,2,0,5,2,6,50,13,12,1,4,4,6,6,4,4,3,4,4,2,17,3,10,3,1,B01,7,9,1,4,2,16,,84,84,1,13,4,120.619695,24.242403,2
1286,66000,387130000C,(04)23274275,(04)23288582,2025,03,4,16,44,臺中市,大雅區,0,2,0,5,3,6,50,4,1,1,4,4,6,5,1,1,10,5,5,2,17,2,4,3,1,B03,7,6,1,8,2,5,,11,11,1,12,4,120.645263,24.225553,2
1287,66000,387130000C,(04)23274275,(04)23288582,2025,03,4,16,44,臺中市,北屯區,0,0,0,5,,,50,,,,,,,,,,,,,,17,,,,,B03,,,1,,9,,,59,59,1,13,4,120.721974,24.162118,3
1288,66000,387130000C,(04)23274275,(04)23288582,2025,03,4,16,46,臺中市,北屯區,0,1,0,5,3,8,80,13,9,1,4,4,6,6,4,4,3,4,5,1,17,2,9,3,1,B03,7,8,1,8,2,4,,40,40,1,12,4,120.718284,24.160813,2
1289,66000,387130000C,(04)23274275,(04)23288582,2025,03,4,16,48,臺中市,南屯區,0,0,0,5,,,50,,,,,,,,,,,,,,,,,,,B03,,,1,,1,,,14,14,1,13,4,120.64751,24.155596,3
1290,66000,387130000C,(04)23274275,(04)23288582,2025,03,4,16,48,臺中市,北屯區,0,0,0,5,,,50,,,,,,,,,,,,,,14,,,,,B03,,,1,,1,,,49,49,1,6,4,120.719555,24.181874,3
1291,66000,387130000C,(04)23274275,(04)23288582,2025,03,4,16,50,臺中市,烏日區,0,1,0,5,1,6,50,13,8,1,4,4,6,6,4,4,1,4,4,2,30,,,,,,,,,,,,,114,114,1,,,120.635772,24.112123,2
1292,66000,387130000C,(04)23274275,(04)23288582,2025,03,4,16,51,臺中市,潭子區,0,1,0,5,3,6,50,13,9,1,4,4,6,6,4,4,9,4,4,2,18,2,9,2,1,C04,7,9,1,10,2,14,,84,84,1,12,4,120.706969,24.209776,2
1293,66000,387130000C,(04)23274275,(04)23288582,2025,03,4,16,53,臺中市,潭子區,0,0,0,5,,,50,,,,,,,,,,,,,,,,,,,B03,,,1,,2,,,59,59,1,12,4,120.721603,24.204176,3
1294,66000,387130000C,(04)23274275,(04)23288582,2025,03,4,16,54,臺中市,大雅區,0,0,0,5,,,40,,,,,,,,,,,,,,,,,,,B03,,,1,,2,,,49,49,1,12,4,120.650472,24.216479,3
1295,66000,387130000C,(04)23274275,(04)23288582,2025,03,4,17,0,臺中市,東區,0,0,0,5,1,6,50,13,9,1,4,4,6,6,4,4,10,5,5,2,14,3,10,3,1,B03,7,2,1,8,1,7,,49,49,1,12,4,120.703648,24.126932,3
1296,66000,387130000C,(04)23274275,(04)23288582,2025,03,4,17,0,臺中市,清水區,0,3,0,5,1,6,50,4,2,1,4,4,6,6,3,1,5,2,5,1,16,2,9,2,1,C03,7,6,1,10,2,11,,11,11,1,13,4,120.569843,24.269155,2
1297,66000,387130000C,(04)23274275,(04)23288582,2025,03,4,17,1,臺中市,西屯區,0,1,0,5,1,6,50,4,1,1,4,4,6,6,1,1,10,5,5,2,18,2,8,1,4,C03,7,12,1,10,2,14,,84,84,1,12,4,120.642237,24.157664,2
1298,66000,387130000C,(04)23274275,(04)23288582,2025,03,4,17,5,臺中市,西屯區,0,1,0,5,1,6,30,4,1,1,4,4,6,6,4,4,10,5,5,2,15,2,9,5,4,C03,7,9,1,10,2,11,,20,20,1,13,4,120.639078,24.180606,2
1299,66000,387130000C,(04)23274275,(04)23288582,2025,03,4,17,5,臺中市,太平區,0,1,0,5,2,6,50,13,9,1,4,4,5,6,4,4,4,5,5,1,18,2,9,2,1,C03,7,9,1,10,2,11,,84,84,1,12,4,120.745768,24.12905,2
1300,66000,387130000C,(04)23274275,(04)23288582,2025,03,4,17,5,臺中市,后里區,0,1,0,5,1,6,30,11,9,1,4,4,6,6,4,4,10,5,5,2,12,3,10,3,1,B03,7,9,1,8,2,8,,41,41,1,6,4,120.71327,24.303462,2
1301,66000,387130000C,(04)23274275,(04)23288582,2025,03,4,17,5,臺中市,東勢區,0,1,0,5,1,6,60,13,14,1,4,4,6,6,4,4,1,4,4,1,17,2,3,5,4,B03,7,7,1,7,2,5,,55,55,1,12,4,120.829842,24.248895,2
1302,66000,387130000C,(04)23274275,(04)23288582,2025,03,4,17,5,臺中市,豐原區,0,0,0,5,,,50,,,,,,,,,,,,,,13,,,,,B03,,,1,,2,,,7,7,1,12,4,120.701492,24.249046,3
1303,66000,387130000C,(04)23274275,(04)23288582,2025,03,4,17,7,臺中市,南區,0,0,0,5,,,50,,,,,,,,,,,,,,17,,,,,B03,,,1,,2,,,35,35,1,6,4,120.657233,24.113301,3
1304,66000,387130000C,(04)23274275,(04)23288582,2025,03,4,17,7,臺中市,霧峰區,0,0,0,5,,,50,,,,,,,,,,,,,,17,,,,,B03,,,1,,1,,,59,59,1,13,4,120.695924,24.064016,3
1305,66000,387130000C,(04)23274275,(04)23288582,2025,03,4,17,8,臺中市,神岡區,0,1,0,5,1,6,50,4,1,1,4,4,6,6,2,1,10,5,5,2,13,2,9,5,4,C03,7,9,1,10,2,11,,7,7,1,13,4,120.680404,24.248231,2
1306,66000,387130000C,(04)23274275,(04)23288582,2025,03,4,17,9,臺中市,南屯區,0,0,0,7,,,50,,,,,,,,,,,,,,,,,,,C03,,,1,,1,,,84,84,1,12,4,120.611175,24.139182,3
1307,66000,387130000C,(04)23274275,(04)23288582,2025,03,4,17,9,臺中市,太平區,0,0,0,5,,,50,,,,,,,,,,,,,,13,,,,,B12,,,1,,1,,,7,7,1,12,4,120.708511,24.15911,3
1308,66000,387130000C,(04)23274275,(04)23288582,2025,03,4,17,10,臺中市,西屯區,0,0,0,5,,,50,,,,,,,,,,,,,,,,,,,C03,,,5,,1,,,7,7,1,12,4,120.634338,24.164692,3
1309,66000,387130000C,(04)23274275,(04)23288582,2025,03,4,17,10,臺中市,沙鹿區,0,0,0,5,,,40,,,,,,,,,,,,,,12,,,,,B12,,,1,,1,,,50,50,1,12,4,120.559483,24.234784,3
1310,66000,387130000C,(04)23274275,(04)23288582,2025,03,4,17,10,臺中市,大甲區,0,0,0,5,,,50,,,,,,,,,,,,,,13,,,,,F03,,,7,,1,,,7,7,1,4,4,120.639071,24.346446,3
1311,66000,387130000C,(04)23274275,(04)23288582,2025,03,4,17,11,臺中市,南屯區,0,2,0,5,1,6,50,4,2,1,4,4,6,6,2,1,5,5,5,2,3,2,9,6,5,H01,8,16,7,21,10,17,,95,95,1,6,5,120.643702,24.136247,2
1312,66000,387130000C,(04)23274275,(04)23288582,2025,03,4,17,11,臺中市,西屯區,0,1,0,5,1,6,50,4,1,1,4,4,6,6,1,1,9,4,5,1,17,3,10,5,4,B03,7,6,1,8,2,2,,8,8,1,13,4,120.605256,24.171538,2
1313,66000,387130000C,(04)23274275,(04)23288582,2025,03,4,17,11,臺中市,西屯區,0,0,0,5,,,40,,,,,,,,,,,,,,14,,,,,B12,,,1,,2,,,49,49,1,12,4,120.636477,24.174376,3
1314,66000,387130000C,(04)23274275,(04)23288582,2025,03,4,17,11,臺中市,梧棲區,0,1,0,5,2,6,90,13,9,1,4,4,6,6,4,4,2,4,5,1,20,2,9,3,1,A41,7,9,1,1,2,8,,59,59,1,12,4,120.526902,24.228415,2
1315,66000,387130000C,(04)23274275,(04)23288582,2025,03,4,17,12,臺中市,大里區,0,1,0,5,1,6,30,3,2,1,3,4,6,6,4,4,10,5,5,2,18,2,9,1,1,C03,7,9,1,10,2,12,,84,84,1,13,4,120.661543,24.087664,2
1316,66000,387130000C,(04)23274275,(04)23288582,2025,03,4,17,14,臺中市,北屯區,0,0,0,5,,,40,,,,,,,,,,,,,,13,,,,,B03,,,1,,1,,,59,59,1,12,4,120.727167,24.160924,3
1317,66000,387130000C,(04)23274275,(04)23288582,2025,03,4,17,14,臺中市,大里區,0,1,0,5,1,6,40,3,1,1,4,4,6,5,1,1,10,5,5,2,16,3,10,1,1,F03,7,6,7,21,2,11,,11,11,1,4,4,120.728088,24.091396,2
1318,66000,387130000C,(04)23274275,(04)23288582,2025,03,4,17,15,臺中市,大雅區,0,1,0,7,1,6,30,11,9,1,4,4,6,6,4,4,10,5,5,2,19,2,9,3,1,B03,7,5,1,8,9,16,,84,84,1,13,4,120.624083,24.209466,2
1319,66000,387130000C,(04)23274275,(04)23288582,2025,03,4,17,15,臺中市,太平區,0,2,0,5,1,6,40,3,1,1,4,4,6,6,1,1,5,5,5,1,16,2,8,2,1,C03,7,6,1,10,2,12,,11,11,1,12,4,120.725773,24.119724,2
1320,66000,387130000C,(04)23274275,(04)23288582,2025,03,4,17,15,臺中市,梧棲區,0,1,0,5,1,6,50,3,1,1,4,4,6,6,4,4,10,5,5,2,16,2,9,5,4,C03,7,6,1,10,2,12,,84,84,1,13,4,120.530772,24.253416,2
1321,66000,387130000C,(04)23274275,(04)23288582,2025,03,4,17,16,臺中市,烏日區,0,0,0,5,,,50,,,,,,,,,,,,,,,,,,,B12,,,1,,2,,,8,8,1,6,4,120.647408,24.054179,3
1322,66000,387130000C,(04)23274275,(04)23288582,2025,03,4,17,19,臺中市,太平區,0,0,0,5,,,50,,,,,,,,,,,,,,17,,,,,B03,,,1,,1,,,84,84,1,12,4,120.712914,24.15305,3
1323,66000,387130000C,(04)23274275,(04)23288582,2025,03,4,17,19,臺中市,大甲區,0,0,0,7,,,60,,,,,,,,,,,,,,12,,,,,B12,,,1,,1,,,1,1,1,13,4,120.620657,24.350555,3
1324,66000,387130000C,(04)23274275,(04)23288582,2025,03,4,17,20,臺中市,大甲區,0,0,0,5,,,70,,,,,,,,,,,,,,13,,,,,B03,,,1,,1,,,7,7,1,12,4,120.65036,24.380034,3
1325,66000,387130000C,(04)23274275,(04)23288582,2025,03,4,17,21,臺中市,大里區,0,1,0,5,3,6,50,3,2,1,4,4,6,6,4,4,5,4,4,1,13,2,9,5,4,C03,7,9,1,10,2,11,,7,7,1,13,4,120.707388,24.105542,2
1326,66000,387130000C,(04)23274275,(04)23288582,2025,03,4,17,24,臺中市,潭子區,0,1,0,5,3,6,50,3,1,1,4,4,6,6,1,1,10,5,5,2,17,3,10,3,1,B03,7,5,1,8,2,2,,14,14,1,12,4,120.709197,24.200796,2
1327,66000,387130000C,(04)23274275,(04)23288582,2025,03,4,17,25,臺中市,南區,0,1,0,5,1,6,50,4,1,1,3,4,6,6,2,1,10,5,5,2,12,2,9,2,1,C03,7,15,1,10,2,14,,84,84,1,12,4,120.648785,24.119434,2
1328,66000,387130000C,(04)23274275,(04)23288582,2025,03,4,17,25,臺中市,西屯區,0,0,0,7,,,40,,,,,,,,,,,,,,12,,,,,C03,,,1,,1,,,84,84,1,13,4,120.651387,24.162,3
1329,66000,387130000C,(04)23274275,(04)23288582,2025,03,4,17,26,臺中市,東區,0,0,0,5,,,50,,,,,,,,,,,,,,9,,,,,,,,,,,,,85,85,1,,,120.693024,24.134762,3
1330,66000,387130000C,(04)23274275,(04)23288582,2025,03,4,17,26,臺中市,南屯區,0,1,0,5,2,6,50,5,1,1,4,4,6,6,4,4,9,5,5,2,18,2,9,2,1,C03,7,6,1,10,2,14,,59,59,1,13,4,120.625102,24.146972,2
1331,66000,387130000C,(04)23274275,(04)23288582,2025,03,4,17,27,臺中市,東區,0,0,0,5,,,50,,,,,,,,,,,,,,,,,,,B03,,,1,,2,,,26,26,1,13,4,120.698791,24.132996,3
1332,66000,387130000C,(04)23274275,(04)23288582,2025,03,4,17,30,臺中市,北屯區,0,1,0,5,2,6,50,13,9,1,4,4,6,6,4,4,5,4,5,2,17,2,7,1,1,C03,7,12,1,10,2,14,,84,84,1,13,4,120.698012,24.17045,2
1333,66000,387130000C,(04)23274275,(04)23288582,2025,03,4,17,32,臺中市,西區,0,1,0,5,1,6,50,4,1,1,4,4,6,6,1,1,10,5,5,2,16,3,10,3,1,B03,7,5,1,8,2,2,,11,11,1,13,4,120.66774,24.13095,2
1334,66000,387130000C,(04)23274275,(04)23288582,2025,03,4,17,32,臺中市,西屯區,0,1,0,5,2,6,50,13,9,1,4,4,6,6,1,1,5,5,5,2,12,3,10,3,1,B03,7,9,1,8,2,5,,8,8,1,12,4,120.643341,24.176427,2
1335,66000,387130000C,(04)23274275,(04)23288582,2025,03,4,17,35,臺中市,大雅區,0,0,0,5,,,50,,,,,,,,,,,,,,,,,,,B03,,,1,,1,,,7,7,1,12,4,120.662348,24.219024,3
1336,66000,387130000C,(04)23274275,(04)23288582,2025,03,4,17,35,臺中市,西區,0,1,0,5,1,6,50,3,1,1,4,4,6,6,2,1,1,4,4,2,16,3,10,3,1,B02,7,6,1,8,2,1,,11,11,1,12,4,120.658502,24.155427,2
1337,66000,387130000C,(04)23274275,(04)23288582,2025,03,4,17,35,臺中市,南屯區,0,0,0,5,,,50,,,,,,,,,,,,,,,,,,,B03,,,1,,1,,,84,84,1,13,4,120.634717,24.1484,3
1338,66000,387130000C,(04)23274275,(04)23288582,2025,03,4,17,35,臺中市,北屯區,0,0,0,5,,,50,,,,,,,,,,,,,,12,,,,,B03,,,1,,1,,,85,85,1,6,4,120.697323,24.170632,4
1339,66000,387130000C,(04)23274275,(04)23288582,2025,03,4,17,37,臺中市,北屯區,0,0,0,5,,,50,,,,,,,,,,,,,,13,,,,,B12,,,1,,1,,,82,82,1,6,4,120.722136,24.185895,3
1340,66000,387130000C,(04)23274275,(04)23288582,2025,03,4,17,38,臺中市,西屯區,0,1,0,5,3,6,50,13,9,1,4,4,6,6,1,1,8,4,5,1,17,2,9,5,4,C03,7,9,1,10,2,11,,84,84,1,13,4,120.646478,24.16364,2
1341,66000,387130000C,(04)23274275,(04)23288582,2025,03,4,17,38,臺中市,大里區,0,0,0,5,,,40,,,,,,,,,,,,,,13,,,,,B03,,,1,,1,,,7,7,1,6,4,120.666556,24.096673,3
1342,66000,387130000C,(04)23274275,(04)23288582,2025,03,4,17,40,臺中市,神岡區,0,0,0,5,,,50,,,,,,,,,,,,,,13,,,,,B03,,,3,,1,,,59,59,1,12,4,120.65878,24.267482,3
1343,66000,387130000C,(04)23274275,(04)23288582,2025,03,4,17,43,臺中市,西屯區,0,0,0,5,,,40,,,,,,,,,,,,,,17,,,,,B03,,,1,,9,,,59,59,1,12,4,120.655907,24.171941,3
1344,66000,387130000C,(04)23274275,(04)23288582,2025,03,4,17,43,臺中市,龍井區,0,0,0,5,2,6,50,13,7,1,4,4,6,6,2,1,1,2,3,2,14,3,10,3,1,B03,7,2,1,8,1,6,,78,78,1,6,4,120.573938,24.184753,3
1345,66000,387130000C,(04)23274275,(04)23288582,2025,03,4,17,43,臺中市,豐原區,0,1,0,5,1,6,50,3,19,1,4,4,6,6,4,4,5,5,4,2,3,3,10,5,4,C03,7,9,1,10,2,11,,10,10,1,13,4,120.725666,24.242992,2
1346,66000,387130000C,(04)23274275,(04)23288582,2025,03,4,17,44,臺中市,霧峰區,0,1,0,5,1,6,50,4,1,1,4,4,6,6,3,1,10,5,5,2,15,2,9,2,1,C03,7,9,1,10,2,11,,20,20,1,13,4,120.697963,24.066399,2
1347,66000,387130000C,(04)23274275,(04)23288582,2025,03,4,17,45,臺中市,大雅區,0,1,0,5,1,6,30,4,1,1,4,4,6,6,4,4,4,3,4,1,17,3,10,3,1,B03,7,6,1,8,2,4,,20,20,1,13,4,120.650364,24.219661,2
1348,66000,387130000C,(04)23274275,(04)23288582,2025,03,4,17,45,臺中市,南區,0,0,0,5,,,50,,,,,,,,,,,,,,12,,,,,B12,,,1,,1,,,35,35,1,12,4,120.656736,24.11387,3
1349,66000,387130000C,(04)23274275,(04)23288582,2025,03,4,17,46,臺中市,北區,0,1,0,5,1,6,50,3,1,1,4,4,6,6,4,4,10,5,5,2,17,2,8,5,4,C03,7,6,1,10,1,12,,48,48,1,13,4,120.703327,24.159492,2
1350,66000,387130000C,(04)23274275,(04)23288582,2025,03,4,17,47,臺中市,東區,0,0,0,5,,,50,,,,,,,,,,,,,,9,,,,,,,,,,,,,85,85,1,,,120.69169,24.129626,3