﻿序號,縣市別代碼,機關代碼,市話,傳真,年,月,日,時,分,縣市,區,死亡數量,受傷數量,2-30,天候,道路照明設備,道路類別,道路速限,道路型態,事故位置,路面鋪裝,路面狀態,路面缺陷,障礙物,視距,號誌種類,號誌動作,分向設施,快車道或一般車道間,快慢車道間,路面邊線,事故類型及型態,受傷程度,主要傷處,保護裝備,行動電話或功能裝置,當事者區分_類別,車輛用途,當事者行動狀態,駕照狀態,駕照種類,飲酒情形,車輛撞擊部位最初,車輛撞擊部位其他,肇事因素個別,肇事因素主要,肇事逃逸,職業,共享經濟或外送平台,GPS座標X,GPS座標Y,事故類別
1575,66000,387130000C,(04)23274275,(04)23288582,2025,03,5,7,58,臺中市,北屯區,0,2,0,5,2,6,50,4,1,1,4,4,6,6,2,1,10,5,5,2,16,2,9,2,1,C03,7,9,1,10,2,12,,4,4,1,12,4,120.670779,24.178713,2
1576,66000,387130000C,(04)23274275,(04)23288582,2025,03,5,7,58,臺中市,大里區,0,1,0,5,2,6,50,13,7,1,4,4,6,6,4,4,5,5,4,1,13,2,9,2,1,C03,7,9,1,10,2,11,,84,84,1,6,4,120.708126,24.094822,2
1577,66000,387130000C,(04)23274275,(04)23288582,2025,03,5,7,59,臺中市,南區,0,0,0,5,,,30,,,,,,,,,,,,,,16,,,,,B03,,,1,,2,,,13,13,1,12,4,120.654304,24.12001,3
1578,66000,387130000C,(04)23274275,(04)23288582,2025,03,5,7,59,臺中市,北屯區,0,1,0,5,2,6,50,4,1,1,4,4,6,6,1,1,4,3,4,2,17,2,9,1,1,C03,7,9,1,10,2,12,,82,82,1,12,4,120.676344,24.184374,2
1579,66000,387130000C,(04)23274275,(04)23288582,2025,03,5,7,59,臺中市,西屯區,0,0,0,5,,,40,,,,,,,,,,,,,,,,,,,B03,,,1,,1,,,7,7,1,13,4,120.640974,24.167479,3
1580,66000,387130000C,(04)23274275,(04)23288582,2025,03,5,7,59,臺中市,烏日區,1,0,0,5,2,6,50,13,9,1,4,4,6,6,4,4,5,4,5,1,12,3,10,5,4,A12,7,7,1,7,2,2,,40,40,1,6,4,120.632292,24.09902,1
1581,66000,387130000C,(04)23274275,(04)23288582,2025,03,5,8,0,臺中市,北屯區,0,0,0,5,,,50,,,,,,,,,,,,,,,,,,,B03,,,1,,1,,,7,7,1,12,4,120.690385,24.173468,3
1582,66000,387130000C,(04)23274275,(04)23288582,2025,03,5,8,0,臺中市,北屯區,0,0,0,5,,,50,,,,,,,,,,,,,,12,,,,,B03,,,1,,1,,,84,84,1,6,4,120.719475,24.163003,3
1583,66000,387130000C,(04)23274275,(04)23288582,2025,03,5,8,0,臺中市,西屯區,0,2,0,5,2,6,30,12,11,1,4,4,6,6,4,4,10,5,5,2,18,2,9,2,1,C03,7,9,1,10,2,13,,82,82,1,12,4,120.632485,24.171179,2
1584,66000,387130000C,(04)23274275,(04)23288582,2025,03,5,8,1,臺中市,西屯區,0,0,0,5,,,50,,,,,,,,,,,,,,,,,,,B03,,,1,,2,,,50,50,1,12,4,120.664366,24.171535,3
1585,66000,387130000C,(04)23274275,(04)23288582,2025,03,5,8,1,臺中市,大里區,0,0,0,5,,,50,,,,,,,,,,,,,,13,,,,,B03,,,1,,2,,,7,7,1,6,4,120.681822,24.10058,3
1586,66000,387130000C,(04)23274275,(04)23288582,2025,03,5,8,2,臺中市,北區,0,0,0,7,,,50,,,,,,,,,,,,,,12,,,,,C03,,,1,,1,,,40,40,1,13,4,120.677784,24.167233,3
1587,66000,387130000C,(04)23274275,(04)23288582,2025,03,5,8,2,臺中市,北屯區,0,0,0,5,,,50,,,,,,,,,,,,,,9,,,,,B03,,,1,,2,,,84,84,1,6,4,120.722608,24.166912,3
1588,66000,387130000C,(04)23274275,(04)23288582,2025,03,5,8,2,臺中市,豐原區,0,1,0,5,2,6,50,4,1,1,4,4,6,6,1,1,5,2,4,2,12,3,10,5,4,B03,7,6,1,8,2,5,,39,39,1,13,4,120.70727,24.247235,2
1589,66000,387130000C,(04)23274275,(04)23288582,2025,03,5,8,2,臺中市,神岡區,0,0,0,5,,,50,,,,,,,,,,,,,,12,,,,,B03,,,1,,2,,,7,7,1,13,4,120.68229,24.247088,3
1590,66000,387130000C,(04)23274275,(04)23288582,2025,03,5,8,4,臺中市,大雅區,0,1,0,5,3,6,50,4,2,1,4,4,6,6,1,1,5,2,5,1,17,3,10,3,1,B03,7,9,1,8,2,8,,21,21,1,12,4,120.645849,24.22575,2
1591,66000,387130000C,(04)23274275,(04)23288582,2025,03,5,8,4,臺中市,北屯區,0,0,0,5,,,50,,,,,,,,,,,,,,13,,,,,C03,,,1,10,1,,,7,7,1,6,4,120.687708,24.172119,3
1592,66000,387130000C,(04)23274275,(04)23288582,2025,03,5,8,4,臺中市,太平區,0,1,0,5,3,6,50,3,1,1,4,4,6,6,4,4,10,5,5,2,11,2,9,2,1,C03,7,5,1,10,2,11,,84,84,1,12,4,120.721927,24.1076,2
1593,66000,387130000C,(04)23274275,(04)23288582,2025,03,5,8,5,臺中市,北屯區,0,1,0,5,1,6,50,13,9,1,4,4,6,6,4,4,3,4,5,2,18,2,8,1,1,C03,7,9,1,10,2,12,,84,84,1,13,4,120.700048,24.178262,2
1594,66000,387130000C,(04)23274275,(04)23288582,2025,03,5,8,5,臺中市,西屯區,0,1,0,5,2,6,50,4,2,1,4,4,6,6,1,1,10,5,5,2,12,2,9,1,4,C03,7,9,1,10,1,12,,58,58,1,13,4,120.618907,24.184707,2
1595,66000,387130000C,(04)23274275,(04)23288582,2025,03,5,8,6,臺中市,西區,0,0,0,5,,,50,,,,,,,,,,,,,,,,,,,B03,,,1,,1,,,13,13,1,12,4,120.67611,24.135724,3
1596,66000,387130000C,(04)23274275,(04)23288582,2025,03,5,8,8,臺中市,南區,0,0,0,5,,,50,,,,,,,,,,,,,,,,,,,B03,,,1,,1,,,49,49,1,12,4,120.682288,24.119288,3
1597,66000,387130000C,(04)23274275,(04)23288582,2025,03,5,8,10,臺中市,太平區,0,0,0,5,,,80,,,,,,,,,,,,,,13,,,,,B03,,,1,,1,,,7,7,1,12,4,120.712763,24.146227,3
1598,66000,387130000C,(04)23274275,(04)23288582,2025,03,5,8,10,臺中市,清水區,0,1,0,5,3,6,50,4,1,1,4,4,6,6,1,1,1,4,4,2,16,3,10,3,1,B03,7,6,1,8,2,2,,14,14,1,12,4,120.574345,24.266405,2
1599,66000,387130000C,(04)23274275,(04)23288582,2025,03,5,8,12,臺中市,大里區,0,1,0,5,3,6,30,11,9,1,4,4,6,6,4,4,10,5,5,1,18,2,9,1,1,C03,7,12,1,10,2,14,,84,84,1,6,4,120.683211,24.116967,2
1600,66000,387130000C,(04)23274275,(04)23288582,2025,03,5,8,13,臺中市,南區,0,0,0,7,,,50,,,,,,,,,,,,,,,,,,,,,,,,,,,119,119,1,,,120.677469,24.12571,3
1601,66000,387130000C,(04)23274275,(04)23288582,2025,03,5,8,15,臺中市,北區,0,1,0,5,3,6,50,4,2,1,4,4,6,6,4,4,5,5,5,2,17,3,10,5,4,B03,7,5,1,8,2,16,,84,84,1,13,4,120.681968,24.167058,2
1602,66000,387130000C,(04)23274275,(04)23288582,2025,03,5,8,15,臺中市,西屯區,0,0,0,5,3,3,40,13,17,1,4,4,6,6,4,4,10,5,5,2,13,,,,,B03,,,1,,1,,,7,7,1,12,4,120.635879,24.181852,3
1603,66000,387130000C,(04)23274275,(04)23288582,2025,03,5,8,16,臺中市,大里區,0,0,0,5,,,,,,,,,,,,,,,,,17,,,,,,,,,,,,,119,119,1,,,120.684531,24.113014,3
1604,66000,387130000C,(04)23274275,(04)23288582,2025,03,5,8,16,臺中市,后里區,0,0,0,5,3,6,50,4,9,1,4,4,6,6,1,1,1,4,5,1,12,3,10,3,1,B03,7,7,1,8,1,5,,40,40,1,6,4,120.720089,24.322013,3
1605,66000,387130000C,(04)23274275,(04)23288582,2025,03,5,8,18,臺中市,后里區,0,0,0,5,2,6,50,4,2,1,4,4,6,6,1,1,1,5,4,1,13,3,10,3,1,B03,7,9,1,8,2,5,,84,84,1,12,4,120.709839,24.305232,3
1606,66000,387130000C,(04)23274275,(04)23288582,2025,03,5,8,19,臺中市,太平區,0,1,0,5,3,6,30,4,1,1,4,4,6,6,4,4,9,5,5,2,15,2,1,3,1,B03,7,9,1,8,2,2,,15,15,1,12,4,120.708565,24.149904,2
1607,66000,387130000C,(04)23274275,(04)23288582,2025,03,5,8,20,臺中市,北區,0,0,0,5,2,6,40,4,8,1,4,4,6,6,1,1,2,4,4,2,13,3,10,1,1,C03,7,9,1,10,1,11,,7,7,1,12,4,120.689721,24.157809,3
1608,66000,387130000C,(04)23274275,(04)23288582,2025,03,5,8,20,臺中市,東區,0,1,0,7,3,6,50,4,9,1,5,4,6,6,4,4,5,5,5,2,17,3,10,5,4,B03,7,6,1,8,2,16,,20,20,1,6,4,120.697117,24.125089,2
1609,66000,387130000C,(04)23274275,(04)23288582,2025,03,5,8,20,臺中市,東區,0,2,0,5,3,8,80,13,9,1,4,4,6,6,4,4,2,5,5,2,13,2,7,3,1,B12,7,9,1,8,2,1,,7,7,1,6,4,120.708419,24.134347,2
1610,66000,387130000C,(04)23274275,(04)23288582,2025,03,5,8,27,臺中市,中區,0,0,0,5,,,50,,,,,,,,,,,,,,,,,,,C03,,,1,,2,,,84,84,1,13,4,120.684752,24.142402,3
1611,66000,387130000C,(04)23274275,(04)23288582,2025,03,5,8,30,臺中市,北區,0,1,0,5,2,6,50,13,9,1,4,4,6,6,4,4,5,5,5,2,17,2,9,1,1,C03,7,9,1,10,2,12,,84,84,1,12,4,120.675421,24.150945,2
1612,66000,387130000C,(04)23274275,(04)23288582,2025,03,5,8,30,臺中市,東區,0,1,0,5,2,6,50,13,9,1,4,4,6,6,4,4,9,5,5,2,18,2,9,1,1,C03,7,9,1,10,2,12,,84,84,1,12,4,120.700455,24.127538,2
1613,66000,387130000C,(04)23274275,(04)23288582,2025,03,5,8,30,臺中市,南屯區,0,1,0,5,2,6,50,4,1,1,4,4,6,6,2,1,2,4,4,2,18,2,8,2,1,C03,7,9,1,10,2,12,,59,59,1,12,4,120.625929,24.145026,2
1614,66000,387130000C,(04)23274275,(04)23288582,2025,03,5,8,37,臺中市,梧棲區,0,0,0,5,,,40,,,,,,,,,,,,,,17,,,,,B03,,,1,,1,,,59,59,1,6,4,120.525779,24.224664,4
1615,66000,387130000C,(04)23274275,(04)23288582,2025,03,5,8,39,臺中市,神岡區,0,1,0,7,1,6,50,13,9,1,5,4,6,6,4,4,9,4,4,1,11,2,9,5,4,F03,7,9,7,21,9,11,,4,4,1,6,4,120.679578,24.265835,2
1616,66000,387130000C,(04)23274275,(04)23288582,2025,03,5,8,40,臺中市,龍井區,0,1,0,6,3,6,50,4,1,1,5,4,6,6,2,1,10,5,5,2,16,3,10,3,1,B03,7,6,1,8,2,2,,25,25,1,6,4,120.542378,24.2182,2
1617,66000,387130000C,(04)23274275,(04)23288582,2025,03,5,8,43,臺中市,太平區,0,0,0,5,2,6,40,,,,,,,,,,,,,,,,,,,C03,,,1,11,2,14,,1,1,1,12,4,120.714458,24.123016,3
1618,66000,387130000C,(04)23274275,(04)23288582,2025,03,5,8,44,臺中市,西屯區,0,1,0,5,2,6,40,13,8,1,4,4,6,6,4,4,1,4,5,2,13,2,9,1,1,C03,7,9,1,10,2,11,,7,7,1,12,4,120.64385,24.16554,2
1619,66000,387130000C,(04)23274275,(04)23288582,2025,03,5,8,46,臺中市,西區,0,1,0,5,3,6,50,3,1,1,4,4,6,6,4,4,10,5,5,2,17,2,9,1,1,C03,7,6,1,10,2,12,,14,14,1,13,4,120.666537,24.136564,2
1620,66000,387130000C,(04)23274275,(04)23288582,2025,03,5,8,46,臺中市,西屯區,0,1,0,5,2,6,40,13,8,1,4,4,6,6,4,4,1,5,1,2,13,2,9,1,1,C03,7,9,1,10,2,11,12,59,59,1,6,4,120.60882,24.183839,2
1621,66000,387130000C,(04)23274275,(04)23288582,2025,03,5,8,46,臺中市,太平區,0,0,0,5,,,50,,,,,,,,,,,,,,12,,,,,C03,,,1,,2,,,84,84,1,12,4,120.708125,24.153085,3
1622,66000,387130000C,(04)23274275,(04)23288582,2025,03,5,8,47,臺中市,北屯區,0,1,0,5,2,6,50,4,1,1,4,4,6,6,2,1,10,5,5,2,18,2,9,2,1,C03,7,9,1,10,2,14,,84,84,1,12,4,120.682098,24.181918,2
1623,66000,387130000C,(04)23274275,(04)23288582,2025,03,5,8,48,臺中市,北區,0,0,0,7,,,50,,,,,,,,,,,,,,13,,,,,B03,,,1,,2,,,7,7,1,13,4,120.675141,24.161858,3
1624,66000,387130000C,(04)23274275,(04)23288582,2025,03,5,8,50,臺中市,北屯區,0,0,0,5,,,50,,,,,,,,,,,,,,13,,,,,B03,,,1,,1,,,84,84,1,12,4,120.686601,24.201628,3
1625,66000,387130000C,(04)23274275,(04)23288582,2025,03,5,8,50,臺中市,西屯區,0,0,0,5,,,50,,,,,,,,,,,,,,12,,,,,B03,,,1,,1,,,40,40,1,12,4,120.646954,24.173659,3
1626,66000,387130000C,(04)23274275,(04)23288582,2025,03,5,8,52,臺中市,大雅區,0,0,0,5,,,50,,,,,,,,,,,,,,14,,,,,B03,,,1,,2,,,49,49,1,13,4,120.652603,24.225405,3
1627,66000,387130000C,(04)23274275,(04)23288582,2025,03,5,8,53,臺中市,西區,0,0,0,5,,,50,,,,,,,,,,,,,,,,,,,B12,,,1,,2,,,84,84,1,12,4,120.66057,24.147964,3
1628,66000,387130000C,(04)23274275,(04)23288582,2025,03,5,8,53,臺中市,南屯區,0,1,0,6,3,6,30,13,9,1,4,4,6,6,4,4,1,4,5,2,17,2,9,5,4,F01,7,8,7,21,2,15,,84,84,1,6,1,120.647024,24.13945,2
1629,66000,387130000C,(04)23274275,(04)23288582,2025,03,5,8,58,臺中市,西區,0,1,0,5,2,6,50,4,19,1,4,4,6,6,1,1,10,5,5,2,3,3,10,3,1,B03,7,6,1,8,2,8,4,10,10,1,12,4,120.651292,24.146749,2
1630,66000,387130000C,(04)23274275,(04)23288582,2025,03,5,8,58,臺中市,西屯區,0,1,0,5,3,6,50,13,9,1,4,4,6,6,4,4,1,4,5,2,17,3,10,5,4,B03,7,9,1,8,2,16,,87,87,1,12,4,120.646528,24.157762,2
1631,66000,387130000C,(04)23274275,(04)23288582,2025,03,5,9,0,臺中市,南區,0,1,0,5,3,6,50,5,1,1,4,4,6,6,4,4,10,5,5,2,18,2,9,2,1,C03,7,11,1,10,9,16,,84,84,1,6,4,120.65699,24.12329,2
1632,66000,387130000C,(04)23274275,(04)23288582,2025,03,5,9,5,臺中市,西屯區,0,1,0,5,2,6,30,3,2,1,4,4,6,6,4,4,10,5,5,2,16,2,8,1,1,C03,7,6,1,10,2,12,,12,12,1,12,4,120.651938,24.163638,2
1633,66000,387130000C,(04)23274275,(04)23288582,2025,03,5,9,5,臺中市,大里區,0,2,0,5,3,6,50,3,1,1,4,4,6,6,1,1,10,5,5,2,16,2,9,1,1,C03,7,6,1,10,2,11,,36,36,1,13,4,120.690223,24.123423,2
1634,66000,387130000C,(04)23274275,(04)23288582,2025,03,5,9,7,臺中市,大里區,0,1,0,5,2,6,50,13,9,1,4,4,6,6,4,4,4,3,5,1,18,2,9,2,1,C03,7,9,1,10,2,16,,84,84,1,6,4,120.70848,24.086446,2
1635,66000,387130000C,(04)23274275,(04)23288582,2025,03,5,9,10,臺中市,西屯區,0,0,0,5,,,50,,,,,,,,,,,,,,,,,,,B03,,,1,,1,,,7,7,1,13,4,120.649532,24.17544,3
1636,66000,387130000C,(04)23274275,(04)23288582,2025,03,5,9,17,臺中市,后里區,0,0,0,5,2,6,50,13,9,1,4,4,6,6,4,4,1,4,5,1,17,3,10,3,1,B12,7,8,1,8,1,4,,40,40,1,12,4,120.721899,24.305727,3
1637,66000,387130000C,(04)23274275,(04)23288582,2025,03,5,9,18,臺中市,大雅區,0,1,0,5,2,6,30,13,9,1,3,4,6,6,4,4,10,5,5,1,16,3,10,3,1,B03,7,5,1,8,2,8,,84,84,1,13,4,120.65787,24.240356,2
1638,66000,387130000C,(04)23274275,(04)23288582,2025,03,5,9,19,臺中市,大甲區,0,0,0,5,,,50,,,,,,,,,,,,,,14,,,,,B03,,,1,,1,,,49,49,1,6,4,120.623098,24.345653,3
1639,66000,387130000C,(04)23274275,(04)23288582,2025,03,5,9,24,臺中市,北區,0,0,0,5,2,,50,13,9,1,4,4,6,6,4,,1,4,5,2,13,3,10,3,1,B03,7,9,1,8,1,1,,84,84,1,12,4,120.673233,24.164844,3
1640,66000,387130000C,(04)23274275,(04)23288582,2025,03,5,9,27,臺中市,西屯區,0,0,0,5,,,50,,,,,,,,,,,,,,14,,,,,A05,,,1,,2,,,49,49,1,12,4,120.601134,24.185734,3
1641,66000,387130000C,(04)23274275,(04)23288582,2025,03,5,9,28,臺中市,北屯區,0,2,0,5,3,6,50,13,9,1,4,4,6,6,4,4,9,5,5,2,17,2,9,1,1,F03,7,6,7,21,2,11,,48,48,1,12,4,120.688709,24.172457,2
1642,66000,387130000C,(04)23274275,(04)23288582,2025,03,5,9,33,臺中市,西屯區,0,2,0,5,2,6,50,3,2,1,4,4,6,6,4,4,5,5,5,2,12,2,8,2,1,C03,7,5,1,10,2,12,,14,14,1,12,4,120.64499,24.172972,2
1643,66000,387130000C,(04)23274275,(04)23288582,2025,03,5,9,37,臺中市,西區,0,1,0,5,3,6,50,5,8,1,4,4,6,6,1,1,10,5,5,2,18,2,9,1,1,C03,7,9,1,10,2,12,,84,84,1,13,4,120.669864,24.150419,2
1644,66000,387130000C,(04)23274275,(04)23288582,2025,03,5,9,41,臺中市,太平區,0,0,0,5,2,6,50,4,2,1,4,4,6,6,3,1,5,5,5,1,17,3,10,3,1,B03,7,3,1,8,2,2,,50,50,1,6,4,120.738395,24.157009,3
1645,66000,387130000C,(04)23274275,(04)23288582,2025,03,5,9,41,臺中市,龍井區,0,1,0,5,2,6,40,4,2,1,4,4,6,6,2,1,10,5,5,2,16,2,9,5,4,C03,7,9,1,10,2,11,,7,7,1,6,4,120.577069,24.176833,2
1646,66000,387130000C,(04)23274275,(04)23288582,2025,03,5,9,44,臺中市,大甲區,0,1,0,5,2,6,50,3,1,1,4,4,6,6,4,4,5,5,5,1,16,2,9,3,1,B03,7,6,1,8,2,5,,14,14,1,12,4,120.618989,24.353335,2
1647,66000,387130000C,(04)23274275,(04)23288582,2025,03,5,9,45,臺中市,北區,0,0,0,5,,,50,,,,,,,,,,,,,,,,,,,B03,,,1,,2,,,51,51,1,13,4,120.67817,24.151537,3
1648,66000,387130000C,(04)23274275,(04)23288582,2025,03,5,9,45,臺中市,沙鹿區,0,0,0,5,,,30,,,,,,,,,,,,,,,,,,,B03,,,1,,2,,,50,50,1,12,4,120.562993,24.249504,3
1649,66000,387130000C,(04)23274275,(04)23288582,2025,03,5,9,45,臺中市,沙鹿區,0,0,0,5,,,70,,,,,,,,,,,,,,23,,,,,B03,,,1,,2,,,84,84,1,13,4,120.579618,24.220545,3
1650,66000,387130000C,(04)23274275,(04)23288582,2025,03,5,9,48,臺中市,霧峰區,0,1,0,7,3,6,50,3,9,1,5,4,6,6,1,1,9,5,5,1,13,2,4,1,1,C03,7,9,1,10,2,11,,7,7,1,5,4,120.701336,24.067189,2
1651,66000,387130000C,(04)23274275,(04)23288582,2025,03,5,9,48,臺中市,太平區,0,1,0,6,3,6,30,4,1,1,4,4,6,6,4,4,10,5,5,2,18,2,9,2,1,C03,7,9,1,10,2,14,,6,6,1,6,4,120.720922,24.134085,2
1652,66000,387130000C,(04)23274275,(04)23288582,2025,03,5,9,49,臺中市,西屯區,0,1,0,5,2,6,40,13,8,1,4,4,6,6,4,4,1,5,1,2,18,2,9,1,4,C03,7,9,1,10,2,14,,84,84,1,13,4,120.63368,24.176022,2
1653,66000,387130000C,(04)23274275,(04)23288582,2025,03,5,9,50,臺中市,北屯區,0,1,0,5,3,6,50,4,1,1,4,4,6,6,1,1,10,5,5,2,16,3,10,3,1,B03,7,6,1,8,2,5,,23,23,1,6,4,120.671342,24.189352,2
1654,66000,387130000C,(04)23274275,(04)23288582,2025,03,5,9,50,臺中市,北屯區,0,1,0,5,3,6,50,3,1,1,4,4,6,6,1,1,10,5,5,2,3,3,10,3,1,B03,7,6,1,8,2,1,,10,10,1,5,4,120.691359,24.164956,2
1655,66000,387130000C,(04)23274275,(04)23288582,2025,03,5,9,57,臺中市,東區,0,1,0,5,2,6,50,13,8,1,4,4,6,6,4,4,1,4,4,2,18,2,9,1,1,C03,7,9,1,10,2,14,,84,84,1,12,4,120.690479,24.129765,2
1656,66000,387130000C,(04)23274275,(04)23288582,2025,03,5,9,57,臺中市,清水區,0,0,0,6,,,50,,,,,,,,,,,,,,13,,,,,B03,,,1,,2,,,7,7,1,13,4,120.563162,24.263824,3
1657,66000,387130000C,(04)23274275,(04)23288582,2025,03,5,9,58,臺中市,西屯區,0,0,0,5,,,60,,,,,,,,,,,,,,13,,,,,B03,,,1,,1,,,59,59,1,13,4,120.630765,24.162551,3
1658,66000,387130000C,(04)23274275,(04)23288582,2025,03,5,9,59,臺中市,西屯區,0,0,0,5,3,6,50,13,9,1,4,4,6,6,4,4,5,5,5,2,12,,,,,B03,,,1,,1,,,8,8,1,12,4,120.627604,24.183136,3
1659,66000,387130000C,(04)23274275,(04)23288582,2025,03,5,10,3,臺中市,西區,0,1,0,7,3,6,50,13,9,1,4,4,6,6,4,4,9,5,5,2,17,3,10,1,1,C03,7,1,1,10,2,11,,51,51,1,13,4,120.67075,24.13614,2
1660,66000,387130000C,(04)23274275,(04)23288582,2025,03,5,10,3,臺中市,霧峰區,0,1,0,6,2,6,50,3,1,1,4,4,6,6,4,4,10,5,5,2,17,2,9,2,1,C03,7,9,1,10,2,12,,84,84,1,13,4,120.673091,24.064347,2
1661,66000,387130000C,(04)23274275,(04)23288582,2025,03,5,10,7,臺中市,北區,0,1,0,5,2,6,50,4,1,1,4,4,6,6,1,1,10,5,5,2,16,3,10,3,1,B03,7,6,1,8,2,8,,11,11,1,12,4,120.681067,24.168489,2
1662,66000,387130000C,(04)23274275,(04)23288582,2025,03,5,10,12,臺中市,大雅區,0,0,0,5,,,0,,,,,,,,,,,,,,,,,,,B12,,,1,,1,,,49,49,1,12,4,120.655328,24.229754,3
1663,66000,387130000C,(04)23274275,(04)23288582,2025,03,5,10,14,臺中市,太平區,0,0,0,5,,,50,,,,,,,,,,,,,,17,,,,,B12,,,1,,2,,,51,51,1,12,4,120.715638,24.131548,3
1664,66000,387130000C,(04)23274275,(04)23288582,2025,03,5,10,18,臺中市,西屯區,0,0,0,5,,,50,,,,,,,,,,,,,,,,,,,B12,,,1,,1,,,8,8,1,12,4,120.654551,24.162219,3
1665,66000,387130000C,(04)23274275,(04)23288582,2025,03,5,10,18,臺中市,大里區,0,0,0,7,,,50,,,,,,,,,,,,,,17,,,,,B12,,,1,,1,,,40,40,1,12,4,120.688679,24.079175,3
1666,66000,387130000C,(04)23274275,(04)23288582,2025,03,5,10,18,臺中市,霧峰區,0,1,0,7,2,6,50,13,9,1,5,4,6,6,4,4,4,3,5,1,17,3,10,2,1,C03,7,11,1,10,2,16,,39,39,1,6,4,120.714809,24.074422,2
1667,66000,387130000C,(04)23274275,(04)23288582,2025,03,5,10,20,臺中市,東區,0,0,0,7,,,50,,,,,,,,,,,,,,13,,,,,C03,,,1,,2,,,7,7,1,12,4,120.696315,24.147762,3
1668,66000,387130000C,(04)23274275,(04)23288582,2025,03,5,10,25,臺中市,南屯區,0,0,0,7,,,50,,,,,,,,,,,,,,,,,,,C03,,,1,,2,,,84,84,1,12,4,120.647382,24.124572,3
1669,66000,387130000C,(04)23274275,(04)23288582,2025,03,5,10,25,臺中市,大里區,0,0,0,7,,,50,,,,,,,,,,,,,,,,,,,C03,,,1,,2,,,7,7,1,12,4,120.679606,24.109436,3
1670,66000,387130000C,(04)23274275,(04)23288582,2025,03,5,10,28,臺中市,西區,0,2,0,5,2,6,40,4,4,1,4,4,6,6,1,1,1,2,1,2,13,2,8,1,1,C03,7,9,1,10,2,11,,7,7,1,12,4,120.664208,24.154416,2
1671,66000,387130000C,(04)23274275,(04)23288582,2025,03,5,10,28,臺中市,大里區,0,1,0,5,2,6,50,5,1,1,4,4,6,6,3,1,5,4,4,1,20,2,9,1,1,C04,7,9,1,11,2,12,,84,84,1,13,4,120.680152,24.115045,2
1672,66000,387130000C,(04)23274275,(04)23288582,2025,03,5,10,30,臺中市,北屯區,0,0,0,7,,,50,,,,,,,,,,,,,,12,,,,,B03,,,1,,1,,,8,8,1,6,4,120.69039,24.178013,3
1673,66000,387130000C,(04)23274275,(04)23288582,2025,03,5,10,32,臺中市,北屯區,0,1,0,7,2,6,50,4,1,1,5,4,6,6,1,1,10,5,5,2,17,2,9,1,1,C03,7,6,1,10,2,14,,48,48,1,12,4,120.699599,24.1648,2
1674,66000,387130000C,(04)23274275,(04)23288582,2025,03,5,10,32,臺中市,西屯區,0,2,0,5,2,6,50,4,1,1,4,4,6,6,1,1,10,5,5,2,17,2,9,1,4,C03,7,6,1,10,2,13,,36,36,1,13,4,120.645096,24.178816,2
1675,66000,387130000C,(04)23274275,(04)23288582,2025,03,5,10,44,臺中市,南屯區,0,0,0,6,,,40,,,,,,,,,,,,,,17,,,,,B13,,,1,,9,,,8,8,1,6,4,120.625329,24.117602,3
1676,66000,387130000C,(04)23274275,(04)23288582,2025,03,5,10,46,臺中市,北區,0,2,0,5,2,6,50,4,2,1,4,4,6,6,2,1,10,5,5,2,13,2,9,2,1,C03,7,9,1,10,2,11,,7,7,1,13,4,120.671551,24.173644,2
1677,66000,387130000C,(04)23274275,(04)23288582,2025,03,5,10,48,臺中市,東區,0,0,0,5,,,50,,,,,,,,,,,,,,,,,,,B03,,,1,,2,,,49,49,1,12,4,120.696619,24.13491,3
1678,66000,387130000C,(04)23274275,(04)23288582,2025,03,5,10,49,臺中市,南屯區,0,0,0,5,,,50,,,,,,,,,,,,,,13,,,,,B03,,,1,,1,,,59,59,1,12,4,120.637081,24.151379,3
1679,66000,387130000C,(04)23274275,(04)23288582,2025,03,5,10,55,臺中市,東區,0,0,0,5,,,50,,,,,,,,,,,,,,,,,,,B03,,,1,,1,,,49,49,1,6,4,120.699236,24.145801,3
1680,66000,387130000C,(04)23274275,(04)23288582,2025,03,5,11,0,臺中市,西區,0,1,0,5,2,6,50,13,9,1,4,4,6,6,4,4,9,5,5,2,18,2,9,2,1,C03,7,9,1,10,2,14,,84,84,1,12,4,120.652575,24.147851,2
1681,66000,387130000C,(04)23274275,(04)23288582,2025,03,5,11,0,臺中市,大里區,0,0,0,7,,,50,,,,,,,,,,,,,,17,,,,,C03,,,1,,2,,,40,40,1,6,4,120.689059,24.078661,3
1682,66000,387130000C,(04)23274275,(04)23288582,2025,03,5,11,0,臺中市,烏日區,0,1,0,7,2,6,50,3,2,1,5,4,6,6,4,4,5,4,5,2,17,3,10,1,1,C03,7,11,1,10,2,14,,45,45,1,6,4,120.595185,24.108972,2
1683,66000,387130000C,(04)23274275,(04)23288582,2025,03,5,11,0,臺中市,清水區,0,1,0,5,3,6,50,3,2,1,4,4,6,6,4,4,1,4,4,2,17,2,8,2,1,C03,7,9,1,10,2,11,,84,84,1,12,4,120.576172,24.270408,2
1684,66000,387130000C,(04)23274275,(04)23288582,2025,03,5,11,2,臺中市,北區,0,0,0,5,2,6,40,13,8,1,4,4,6,6,4,4,9,4,4,2,17,3,10,3,1,B12,7,1,1,8,2,2,,51,51,1,12,4,120.690193,24.158986,3
1685,66000,387130000C,(04)23274275,(04)23288582,2025,03,5,11,4,臺中市,西屯區,0,2,0,5,2,6,50,4,1,1,4,4,6,6,2,1,10,5,5,2,15,2,9,1,1,C03,7,9,1,10,2,14,,21,21,1,12,4,120.664726,24.178119,2