﻿序號,縣市別代碼,機關代碼,市話,傳真,年,月,日,時,分,縣市,區,死亡數量,受傷數量,2-30,天候,道路照明設備,道路類別,道路速限,道路型態,事故位置,路面鋪裝,路面狀態,路面缺陷,障礙物,視距,號誌種類,號誌動作,分向設施,快車道或一般車道間,快慢車道間,路面邊線,事故類型及型態,受傷程度,主要傷處,保護裝備,行動電話或功能裝置,當事者區分_類別,車輛用途,當事者行動狀態,駕照狀態,駕照種類,飲酒情形,車輛撞擊部位最初,車輛撞擊部位其他,肇事因素個別,肇事因素主要,肇事逃逸,職業,共享經濟或外送平台,GPS座標X,GPS座標Y,事故類別
1686,66000,387130000C,(04)23274275,(04)23288582,2025,03,5,11,6,臺中市,北屯區,0,1,0,5,3,6,50,3,2,1,4,4,6,6,4,4,1,4,5,2,13,2,9,2,1,C03,7,9,3,19,2,11,,7,7,1,6,4,120.697089,24.170809,2
1687,66000,387130000C,(04)23274275,(04)23288582,2025,03,5,11,10,臺中市,北屯區,0,0,0,5,,,30,,,,,,,,,,,,,,14,,,,,B03,,,1,,1,,,49,49,1,6,4,120.725516,24.166789,3
1688,66000,387130000C,(04)23274275,(04)23288582,2025,03,5,11,10,臺中市,大里區,0,0,0,5,,,30,,,,,,,,,,,,,,12,,,,,B03,,,1,,2,,,84,84,1,13,4,120.706173,24.105361,3
1689,66000,387130000C,(04)23274275,(04)23288582,2025,03,5,11,11,臺中市,南區,0,0,0,7,,,50,,,,,,,,,,,,,,,,,,,B03,,,1,,1,,,59,59,1,6,4,120.655457,24.115199,3
1690,66000,387130000C,(04)23274275,(04)23288582,2025,03,5,11,13,臺中市,南屯區,0,0,0,7,,,50,,,,,,,,,,,,,,,,,,,B12,,,1,,1,,,59,59,1,12,4,120.654668,24.135237,3
1691,66000,387130000C,(04)23274275,(04)23288582,2025,03,5,11,14,臺中市,南區,0,0,0,5,,,50,,,,,,,,,,,,,,,,,,,B12,,,1,,2,,,76,76,1,12,4,120.657175,24.113683,3
1692,66000,387130000C,(04)23274275,(04)23288582,2025,03,5,11,15,臺中市,南區,0,1,0,6,3,9,40,13,8,1,4,4,6,6,1,1,10,5,5,2,18,2,9,1,1,C03,7,9,1,10,2,14,,84,84,1,12,4,120.670831,24.129245,2
1693,66000,387130000C,(04)23274275,(04)23288582,2025,03,5,11,15,臺中市,沙鹿區,0,1,0,5,2,6,30,3,2,1,4,4,6,6,4,4,10,5,5,2,18,2,9,5,4,C03,7,9,1,10,2,12,,82,82,1,13,4,120.597096,24.215748,2
1694,66000,387130000C,(04)23274275,(04)23288582,2025,03,5,11,16,臺中市,東區,0,0,0,7,,,50,,,,,,,,,,,,,,16,,,,,B03,,,1,,1,,,84,84,1,6,4,120.705806,24.148334,3
1695,66000,387130000C,(04)23274275,(04)23288582,2025,03,5,11,16,臺中市,霧峰區,0,0,0,7,,,50,,,,,,,,,,,,,,17,,,,,B03,,,1,,1,,,7,7,1,6,4,120.718811,24.078628,3
1696,66000,387130000C,(04)23274275,(04)23288582,2025,03,5,11,18,臺中市,西屯區,0,0,0,5,,,50,,,,,,,,,,,,,,,,,,,B02,,,1,,1,,,7,7,1,13,4,120.637047,24.185923,3
1697,66000,387130000C,(04)23274275,(04)23288582,2025,03,5,11,19,臺中市,大里區,0,0,0,7,,,50,,,,,,,,,,,,,,,,,,,A12,,,1,,2,,,84,84,1,12,4,120.674699,24.101978,3
1698,66000,387130000C,(04)23274275,(04)23288582,2025,03,5,11,20,臺中市,東區,0,0,0,5,,,50,,,,,,,,,,,,,,,,,,,F01,,,7,,6,,,42,42,1,12,4,120.690547,24.139263,4
1699,66000,387130000C,(04)23274275,(04)23288582,2025,03,5,11,22,臺中市,大里區,0,0,0,7,,,50,,,,,,,,,,,,,,13,,,,,B03,,,7,,10,,,86,86,1,12,4,120.694959,24.091106,3
1700,66000,387130000C,(04)23274275,(04)23288582,2025,03,5,11,25,臺中市,西區,0,1,0,5,3,6,50,13,9,1,4,4,6,6,4,4,5,4,5,2,17,2,9,2,1,C03,7,9,1,9,2,12,,84,84,1,12,4,120.661671,24.152193,2
1701,66000,387130000C,(04)23274275,(04)23288582,2025,03,5,11,31,臺中市,西區,0,1,0,6,3,6,50,4,9,1,5,4,6,6,4,4,5,4,5,2,17,2,9,1,1,C03,7,9,1,10,2,11,,84,84,1,13,4,120.670839,24.134199,2
1702,66000,387130000C,(04)23274275,(04)23288582,2025,03,5,11,31,臺中市,南區,0,1,0,6,3,6,30,11,9,1,4,4,6,6,4,4,10,5,5,2,10,2,8,5,4,C03,7,15,1,10,2,11,,84,84,1,12,4,120.679788,24.126844,2
1703,66000,387130000C,(04)23274275,(04)23288582,2025,03,5,11,33,臺中市,西屯區,0,1,0,5,3,6,50,3,9,1,4,4,6,6,1,1,5,2,5,2,17,2,9,5,4,C03,7,9,2,19,2,11,,84,84,1,12,4,120.626366,24.188449,2
1704,66000,387130000C,(04)23274275,(04)23288582,2025,03,5,11,35,臺中市,西屯區,0,0,0,5,,,50,,,,,,,,,,,,,,16,,,,,B03,,,1,,1,,,47,47,1,12,4,120.648767,24.168809,3
1705,66000,387130000C,(04)23274275,(04)23288582,2025,03,5,11,36,臺中市,太平區,0,0,0,6,2,6,30,4,9,1,4,4,6,6,4,4,10,5,5,2,17,3,10,1,1,C03,7,2,1,10,2,13,,84,84,1,6,4,120.719794,24.146774,3
1706,66000,387130000C,(04)23274275,(04)23288582,2025,03,5,11,38,臺中市,南屯區,0,0,0,5,,,50,,,,,,,,,,,,,,16,,,,,B03,,,1,,1,,,11,11,1,6,4,120.652526,24.156511,3
1707,66000,387130000C,(04)23274275,(04)23288582,2025,03,5,11,45,臺中市,北屯區,0,1,0,5,2,6,50,3,1,1,4,4,6,6,1,1,10,5,5,2,12,3,10,3,1,B12,7,5,1,8,5,2,,47,47,1,12,4,120.717316,24.167202,2
1708,66000,387130000C,(04)23274275,(04)23288582,2025,03,5,11,45,臺中市,神岡區,0,1,0,5,3,6,50,3,1,1,4,4,6,6,1,1,3,4,5,1,12,3,10,3,1,B03,7,7,1,8,2,16,,40,40,1,13,4,120.698442,24.248959,2
1709,66000,387130000C,(04)23274275,(04)23288582,2025,03,5,11,46,臺中市,東勢區,0,0,0,5,2,6,50,13,2,1,4,4,6,6,1,1,5,5,5,1,13,3,10,5,4,A03,7,1,1,1,2,1,,7,7,1,13,4,120.826991,24.260042,3
1710,66000,387130000C,(04)23274275,(04)23288582,2025,03,5,11,48,臺中市,大肚區,0,2,0,5,2,6,50,13,9,1,4,4,6,6,4,4,5,5,5,1,3,2,8,5,4,C03,7,9,1,10,2,14,,8,8,1,12,4,120.580083,24.17206,2
1711,66000,387130000C,(04)23274275,(04)23288582,2025,03,5,11,50,臺中市,中區,0,0,0,7,,,50,,,,,,,,,,,,,,,,,,,B03,,,1,,1,,,84,84,1,12,4,120.682343,24.140426,4
1712,66000,387130000C,(04)23274275,(04)23288582,2025,03,5,11,52,臺中市,西區,0,1,0,6,2,6,40,13,8,1,4,4,6,6,4,4,1,4,4,2,17,2,9,1,1,C03,7,9,1,10,2,14,,84,84,1,12,4,120.670769,24.144474,2
1713,66000,387130000C,(04)23274275,(04)23288582,2025,03,5,11,52,臺中市,大里區,0,0,0,5,,,60,,,,,,,,,,,,,,12,,,,,C03,,,1,,2,,,40,40,1,13,4,120.690909,24.100987,3
1714,66000,387130000C,(04)23274275,(04)23288582,2025,03,5,11,53,臺中市,西屯區,0,0,0,5,,,50,,,,,,,,,,,,,,11,,,,,B12,,,1,,1,,,34,34,1,13,4,120.618932,24.178637,4
1715,66000,387130000C,(04)23274275,(04)23288582,2025,03,5,11,59,臺中市,北屯區,0,0,0,5,,,50,,,,,,,,,,,,,,,,,,,B12,,,1,,1,,,84,84,1,13,4,120.690403,24.171502,3
1716,66000,387130000C,(04)23274275,(04)23288582,2025,03,5,12,2,臺中市,大雅區,0,1,0,5,3,6,60,13,8,1,4,4,6,5,4,4,1,4,4,1,17,3,10,3,1,B02,7,1,1,8,2,8,,85,85,1,12,4,120.649362,24.214602,2
1717,66000,387130000C,(04)23274275,(04)23288582,2025,03,5,12,5,臺中市,西屯區,0,0,0,5,,,50,,,,,,,,,,,,,,13,,,,,C03,,,1,,2,,,87,87,1,13,4,120.618184,24.193947,4
1718,66000,387130000C,(04)23274275,(04)23288582,2025,03,5,12,8,臺中市,西屯區,0,2,0,5,2,6,30,3,1,1,4,4,6,6,4,4,10,5,5,2,17,2,8,1,1,C03,7,9,1,10,2,11,,41,41,1,12,4,120.655919,24.164542,2
1719,66000,387130000C,(04)23274275,(04)23288582,2025,03,5,12,10,臺中市,北區,0,1,0,7,3,6,50,4,2,1,5,4,6,6,1,1,3,2,4,2,12,3,10,5,4,C03,7,15,1,10,2,12,,84,84,1,13,4,120.68726,24.15571,2
1720,66000,387130000C,(04)23274275,(04)23288582,2025,03,5,12,11,臺中市,南屯區,0,3,0,6,3,6,40,4,1,1,4,4,6,6,4,4,10,5,5,2,15,2,7,2,4,C03,7,9,1,10,2,14,,12,12,1,6,4,120.637875,24.139116,2
1721,66000,387130000C,(04)23274275,(04)23288582,2025,03,5,12,14,臺中市,北屯區,0,2,0,5,2,6,50,13,9,1,4,4,6,6,4,4,5,4,4,2,17,2,8,1,1,C03,7,1,1,10,2,11,,51,51,1,6,4,120.701845,24.170142,2
1722,66000,387130000C,(04)23274275,(04)23288582,2025,03,5,12,15,臺中市,南屯區,0,0,0,7,,,50,,,,,,,,,,,,,,,,,,,B03,,,1,,9,,,8,8,1,12,4,120.638073,24.153652,3
1723,66000,387130000C,(04)23274275,(04)23288582,2025,03,5,12,16,臺中市,神岡區,0,0,0,5,,,60,,,,,,,,,,,,,,13,,,,,B03,,,1,,2,,,59,59,1,6,4,120.680854,24.24511,3
1724,66000,387130000C,(04)23274275,(04)23288582,2025,03,5,12,25,臺中市,沙鹿區,0,1,0,5,1,6,40,13,8,1,4,4,6,6,4,4,1,4,4,2,17,3,10,1,1,C03,7,1,1,10,2,16,,51,51,1,13,4,120.562898,24.207087,2
1725,66000,387130000C,(04)23274275,(04)23288582,2025,03,5,12,30,臺中市,龍井區,0,0,0,5,,,30,,,,,,,,,,,,,,,,,,,B03,,,1,,2,,,84,84,1,6,4,120.539612,24.17832,3
1726,66000,387130000C,(04)23274275,(04)23288582,2025,03,5,12,39,臺中市,豐原區,0,0,0,5,,,50,,,,,,,,,,,,,,13,,,,,B03,,,1,,2,,,84,84,1,13,4,120.714543,24.239523,3
1727,66000,387130000C,(04)23274275,(04)23288582,2025,03,5,12,40,臺中市,中區,0,0,0,5,,,50,,,,,,,,,,,,,,13,,,,,B03,,,1,,1,,,59,59,1,12,4,120.675898,24.141416,3
1728,66000,387130000C,(04)23274275,(04)23288582,2025,03,5,12,40,臺中市,南屯區,0,0,0,5,,,50,,,,,,,,,,,,,,13,,,,,B03,,,1,,1,,,7,7,1,12,4,120.61522,24.148107,3
1729,66000,387130000C,(04)23274275,(04)23288582,2025,03,5,12,45,臺中市,北屯區,0,0,0,7,,,50,,,,,,,,,,,,,,12,,,,,B03,,,1,,2,,,47,47,1,6,4,120.704454,24.164862,4
1730,66000,387130000C,(04)23274275,(04)23288582,2025,03,5,12,45,臺中市,烏日區,0,1,0,5,2,6,50,4,1,1,4,4,6,6,1,1,10,5,5,2,12,3,10,3,1,B03,7,5,1,8,2,5,,11,11,1,6,4,120.607517,24.111886,2
1731,66000,387130000C,(04)23274275,(04)23288582,2025,03,5,12,50,臺中市,北區,0,3,0,5,2,6,50,4,1,1,4,4,6,6,1,1,10,5,5,2,16,2,9,1,1,C03,7,6,1,10,2,12,,11,11,1,12,4,120.689326,24.160204,2
1732,66000,387130000C,(04)23274275,(04)23288582,2025,03,5,12,52,臺中市,霧峰區,0,2,0,7,2,6,50,13,9,1,5,4,6,6,4,4,5,5,5,1,13,2,9,2,1,C03,7,9,1,10,2,12,,7,7,1,6,4,120.700586,24.066401,2
1733,66000,387130000C,(04)23274275,(04)23288582,2025,03,5,12,54,臺中市,沙鹿區,0,0,0,5,,,30,,,,,,,,,,,,,,,,,,,C03,,,1,,4,,,59,59,1,13,4,120.557288,24.219339,3
1734,66000,387130000C,(04)23274275,(04)23288582,2025,03,5,12,58,臺中市,北屯區,0,1,0,5,3,6,30,4,1,1,4,4,6,6,4,4,10,5,5,2,15,2,7,1,1,C03,7,9,1,10,2,12,,15,15,1,6,4,120.677404,24.174849,2
1735,66000,387130000C,(04)23274275,(04)23288582,2025,03,5,12,59,臺中市,北區,0,1,0,5,2,6,50,4,7,1,4,4,6,6,1,1,1,4,4,2,13,3,10,3,1,B03,7,9,5,8,1,1,,84,84,1,12,4,120.672147,24.170107,2
1736,66000,387130000C,(04)23274275,(04)23288582,2025,03,5,13,0,臺中市,大雅區,0,1,0,5,3,6,30,3,1,1,4,4,6,6,4,4,10,5,5,2,17,3,10,3,1,B12,7,5,1,8,2,8,,12,12,1,12,4,120.654387,24.223619,2
1737,66000,387130000C,(04)23274275,(04)23288582,2025,03,5,13,3,臺中市,西區,0,1,0,5,3,6,50,13,9,1,4,4,6,6,4,4,1,4,5,2,18,2,9,1,1,C03,7,9,1,10,2,14,,84,84,1,6,4,120.655551,24.139883,2
1738,66000,387130000C,(04)23274275,(04)23288582,2025,03,5,13,6,臺中市,沙鹿區,0,0,0,5,,,50,,,,,,,,,,,,,,,,,,,B03,,,1,,2,,,82,82,1,13,4,120.571884,24.195591,3
1739,66000,387130000C,(04)23274275,(04)23288582,2025,03,5,13,9,臺中市,神岡區,0,1,0,5,2,6,30,18,9,1,4,4,6,6,4,4,10,5,5,2,17,3,10,5,4,B03,7,9,1,8,2,8,,41,41,1,13,4,120.677815,24.238585,2
1740,66000,387130000C,(04)23274275,(04)23288582,2025,03,5,13,17,臺中市,西屯區,0,0,0,7,,,50,,,,,,,,,,,,,,,,,,,B03,,,1,,1,,,7,7,1,13,4,120.605668,24.193046,3
1741,66000,387130000C,(04)23274275,(04)23288582,2025,03,5,13,21,臺中市,北區,0,0,0,5,,,50,,,,,,,,,,,,,,,,,,,B12,,,1,,2,,,84,84,1,13,4,120.684876,24.160917,3
1742,66000,387130000C,(04)23274275,(04)23288582,2025,03,5,13,21,臺中市,東區,0,1,0,5,2,6,50,4,1,1,4,4,6,6,1,1,10,5,5,2,18,2,9,1,1,C03,7,9,1,10,2,14,,84,84,1,12,4,120.705302,24.130285,2
1743,66000,387130000C,(04)23274275,(04)23288582,2025,03,5,13,24,臺中市,東區,0,0,0,5,,,50,,,,,,,,,,,,,,,,,,,B12,,,1,,1,,,7,7,1,12,4,120.690526,24.132008,3
1744,66000,387130000C,(04)23274275,(04)23288582,2025,03,5,13,30,臺中市,西屯區,0,1,0,5,2,6,50,4,9,1,4,4,6,6,1,1,5,2,5,2,12,3,10,3,1,B12,7,9,1,8,2,2,,8,8,1,12,4,120.645545,24.172416,2
1745,66000,387130000C,(04)23274275,(04)23288582,2025,03,5,13,35,臺中市,北屯區,0,0,0,5,,,50,,,,,,,,,,,,,,,,,,,B13,,,1,,10,,,78,78,1,12,4,120.683473,24.171502,3
1746,66000,387130000C,(04)23274275,(04)23288582,2025,03,5,13,38,臺中市,北區,0,1,0,5,2,6,50,4,1,1,4,4,6,6,1,1,10,5,5,2,17,2,9,5,4,C03,7,9,1,10,2,14,,84,84,1,13,4,120.686548,24.160503,2
1747,66000,387130000C,(04)23274275,(04)23288582,2025,03,5,13,40,臺中市,南屯區,0,1,0,7,1,6,50,13,9,1,5,4,6,6,4,4,1,4,5,2,30,2,7,1,1,C03,7,9,1,10,1,11,,84,84,1,6,4,120.646816,24.138209,2
1748,66000,387130000C,(04)23274275,(04)23288582,2025,03,5,13,41,臺中市,南區,0,1,0,5,3,6,50,4,1,1,4,4,6,6,4,4,5,5,5,2,15,2,9,2,1,C03,7,9,1,10,2,11,,15,15,1,5,4,120.656238,24.126137,2
1749,66000,387130000C,(04)23274275,(04)23288582,2025,03,5,13,45,臺中市,南區,0,1,0,5,1,6,40,13,8,1,4,4,6,6,4,4,1,4,1,2,18,2,7,5,4,C03,7,9,1,10,2,14,,84,84,1,12,4,120.673711,24.119037,2
1750,66000,387130000C,(04)23274275,(04)23288582,2025,03,5,13,49,臺中市,北屯區,0,2,0,5,1,6,50,4,2,1,4,4,6,6,1,1,5,4,4,2,11,2,8,3,1,B03,7,6,1,8,2,1,,11,11,1,13,4,120.727075,24.166645,2
1751,66000,387130000C,(04)23274275,(04)23288582,2025,03,5,13,52,臺中市,西屯區,0,0,0,5,,,50,,,,,,,,,,,,,,13,,,,,C03,,,1,,1,,,58,58,1,12,2,120.643133,24.171941,3
1752,66000,387130000C,(04)23274275,(04)23288582,2025,03,5,13,58,臺中市,大肚區,0,1,0,5,2,6,50,11,9,1,4,4,6,6,4,4,4,1,5,1,18,2,9,2,1,C03,7,5,1,10,2,14,,84,84,1,5,4,120.561187,24.154871,2
1753,66000,387130000C,(04)23274275,(04)23288582,2025,03,5,14,0,臺中市,北屯區,0,0,0,7,,,50,,,,,,,,,,,,,,13,,,,,B03,,,1,,1,,,7,7,1,6,4,120.729,24.161293,4
1754,66000,387130000C,(04)23274275,(04)23288582,2025,03,5,14,0,臺中市,外埔區,0,0,0,5,,,50,,,,,,,,,,,,,,13,,,,,B03,,,1,,2,,,7,7,1,6,4,120.639515,24.341331,4
1755,66000,387130000C,(04)23274275,(04)23288582,2025,03,5,14,2,臺中市,西屯區,0,0,0,5,3,6,50,13,9,1,4,4,6,6,1,1,5,5,5,2,14,,,,,B03,,,1,,1,,,49,49,1,12,4,120.655469,24.165489,3
1756,66000,387130000C,(04)23274275,(04)23288582,2025,03,5,14,5,臺中市,西屯區,0,0,0,5,,,40,,,,,,,,,,,,,,17,,,,,B12,,,1,,1,,,84,84,1,13,4,120.632611,24.171449,3
1757,66000,387130000C,(04)23274275,(04)23288582,2025,03,5,14,5,臺中市,西屯區,0,0,0,5,,,50,,,,,,,,,,,,,,14,,,,,B03,,,1,,11,,,49,49,1,13,4,120.647065,24.157511,3
1758,66000,387130000C,(04)23274275,(04)23288582,2025,03,5,14,5,臺中市,太平區,0,0,0,5,,,50,,,,,,,,,,,,,,,,,,,B01,,,1,,1,,,84,84,1,13,4,120.713105,24.146652,3
1759,66000,387130000C,(04)23274275,(04)23288582,2025,03,5,14,6,臺中市,潭子區,0,1,0,5,3,6,60,4,1,1,4,4,6,6,1,1,1,4,5,1,13,3,10,3,1,B03,7,9,1,8,2,1,,59,59,1,13,4,120.703469,24.201676,2
1760,66000,387130000C,(04)23274275,(04)23288582,2025,03,5,14,13,臺中市,北屯區,0,0,0,5,,,50,,,,,,,,,,,,,,13,,,,,C03,,,1,10,1,,,84,84,1,6,4,120.668266,24.174423,3
1761,66000,387130000C,(04)23274275,(04)23288582,2025,03,5,14,14,臺中市,西屯區,0,1,0,5,2,6,50,4,1,1,4,4,6,6,2,1,10,5,5,2,16,3,10,3,1,B03,7,6,1,8,2,2,,11,11,1,12,4,120.615468,24.189164,2
1762,66000,387130000C,(04)23274275,(04)23288582,2025,03,5,14,16,臺中市,大甲區,0,1,0,7,3,6,50,4,1,1,4,4,6,6,4,4,10,5,5,2,15,2,9,1,1,C03,7,9,1,10,2,11,,15,15,1,12,4,120.620886,24.346022,2
1763,66000,387130000C,(04)23274275,(04)23288582,2025,03,5,14,19,臺中市,太平區,0,0,0,5,2,6,50,,,,,,,,,,,,,,,,,,,B03,,,1,,2,2,,50,50,1,12,4,120.71512,24.157312,3
1764,66000,387130000C,(04)23274275,(04)23288582,2025,03,5,14,26,臺中市,大里區,0,0,0,5,,,50,,,,,,,,,,,,,,17,,,,,B03,,,1,,2,,,84,84,1,13,4,120.688611,24.10303,3
1765,66000,387130000C,(04)23274275,(04)23288582,2025,03,5,14,26,臺中市,太平區,0,1,0,5,2,6,50,4,1,1,4,4,6,6,1,1,5,5,5,1,16,3,10,3,1,B03,7,5,3,19,2,6,,11,11,1,6,4,120.723655,24.105408,2
1766,66000,387130000C,(04)23274275,(04)23288582,2025,03,5,14,26,臺中市,大甲區,0,0,0,7,,,50,,,,,,,,,,,,,,15,,,,,A11,,,1,,2,,,84,84,1,12,4,120.62939,24.353023,3
1767,66000,387130000C,(04)23274275,(04)23288582,2025,03,5,14,30,臺中市,北屯區,0,1,0,5,3,6,50,4,1,1,4,4,6,6,1,1,10,5,5,2,17,2,9,2,1,C03,7,9,1,10,2,12,,84,84,1,6,4,120.686424,24.190484,2
1768,66000,387130000C,(04)23274275,(04)23288582,2025,03,5,14,30,臺中市,西屯區,0,1,0,5,2,6,50,4,2,1,4,4,6,6,1,1,3,4,5,2,18,2,9,2,1,C03,7,9,1,10,2,16,,59,59,1,12,4,120.650871,24.166529,2
1769,66000,387130000C,(04)23274275,(04)23288582,2025,03,5,14,34,臺中市,龍井區,0,3,0,6,3,6,50,4,1,1,4,4,6,6,1,1,10,5,5,2,16,2,9,1,1,C03,7,6,1,10,2,14,,48,48,1,6,4,120.545423,24.186306,2
1770,66000,387130000C,(04)23274275,(04)23288582,2025,03,5,14,39,臺中市,西區,0,0,0,7,,,50,,,,,,,,,,,,,,,,,,,B02,,,1,,2,,,50,50,1,13,4,120.670579,24.147338,3
1771,66000,387130000C,(04)23274275,(04)23288582,2025,03,5,14,40,臺中市,豐原區,0,0,0,5,,,30,,,,,,,,,,,,,,,,,,,B12,,,1,,2,,,20,20,1,13,4,120.718876,24.243662,3
1772,66000,387130000C,(04)23274275,(04)23288582,2025,03,5,14,40,臺中市,豐原區,0,1,0,5,2,6,50,4,1,1,4,4,6,6,1,1,10,5,5,2,17,2,9,2,1,C03,7,9,1,10,2,16,,7,7,1,13,4,120.723504,24.252139,2
1773,66000,387130000C,(04)23274275,(04)23288582,2025,03,5,14,41,臺中市,北區,0,0,0,5,,,50,,,,,,,,,,,,,,14,,,,,B01,,,1,,1,,,49,49,1,13,4,120.684913,24.167843,3
1774,66000,387130000C,(04)23274275,(04)23288582,2025,03,5,14,43,臺中市,霧峰區,0,1,0,7,2,6,40,13,8,1,5,4,6,6,4,4,1,4,4,1,17,2,9,2,1,C03,7,9,1,10,2,11,,84,84,1,6,4,120.663242,24.058402,2
1775,66000,387130000C,(04)23274275,(04)23288582,2025,03,5,14,55,臺中市,北區,0,1,0,5,2,6,50,13,9,1,4,4,6,6,4,4,1,4,5,2,16,3,10,3,1,B03,7,5,1,8,2,5,,20,20,1,12,4,120.694828,24.155629,2
1776,66000,387130000C,(04)23274275,(04)23288582,2025,03,5,14,57,臺中市,龍井區,0,1,0,6,3,6,50,4,1,1,4,4,6,6,4,4,10,5,5,2,18,2,9,1,1,C03,7,9,1,10,2,12,,59,59,1,6,4,120.547696,24.193686,2
1777,66000,387130000C,(04)23274275,(04)23288582,2025,03,5,15,0,臺中市,梧棲區,0,0,0,7,,,50,,,,,,,,,,,,,,14,,,,,B03,,,1,,2,,,49,49,1,6,4,120.542013,24.246988,3
1778,66000,387130000C,(04)23274275,(04)23288582,2025,03,5,15,2,臺中市,南區,0,0,0,7,,,40,,,,,,,,,,,,,,14,,,,,B03,,,1,,1,,,49,49,1,13,4,120.654697,24.114455,3
1779,66000,387130000C,(04)23274275,(04)23288582,2025,03,5,15,3,臺中市,北屯區,0,0,0,6,,,50,,,,,,,,,,,,,,15,,,,,B03,,,1,,1,,,87,87,1,6,4,120.697901,24.177595,4
1780,66000,387130000C,(04)23274275,(04)23288582,2025,03,5,15,4,臺中市,大里區,0,0,0,7,,,50,,,,,,,,,,,,,,14,,,,,B03,,,1,,2,,,49,49,1,13,4,120.678574,24.099049,3
1781,66000,387130000C,(04)23274275,(04)23288582,2025,03,5,15,9,臺中市,清水區,0,2,0,7,2,6,40,4,1,1,5,4,6,6,2,1,1,4,4,1,16,2,8,2,1,C03,7,6,1,10,2,12,,48,48,1,13,4,120.588555,24.292984,2
1782,66000,387130000C,(04)23274275,(04)23288582,2025,03,5,15,11,臺中市,西屯區,0,1,0,7,2,6,50,13,9,1,4,4,6,6,4,4,5,5,4,2,18,2,9,2,1,C03,7,9,1,10,2,14,,87,87,1,5,4,120.643796,24.175966,2
1783,66000,387130000C,(04)23274275,(04)23288582,2025,03,5,15,12,臺中市,東勢區,0,0,0,7,,,40,,,,,,,,,,,,,,,,,,,B12,,,1,,1,,,51,51,1,12,4,120.829884,24.248909,3
1784,66000,387130000C,(04)23274275,(04)23288582,2025,03,5,15,15,臺中市,西屯區,0,0,0,7,,,,,,,,,,,,,,,,,12,,,,,,,,,,,,,85,,1,,,120.619484,24.184544,3
1785,66000,387130000C,(04)23274275,(04)23288582,2025,03,5,15,17,臺中市,沙鹿區,0,0,0,5,,,50,,,,,,,,,,,,,,,,,,,B12,,,1,,1,,,84,84,1,12,4,120.560439,24.206948,3
1786,66000,387130000C,(04)23274275,(04)23288582,2025,03,5,15,20,臺中市,西屯區,0,0,0,7,,,50,,,,,,,,,,,,,,,,,,,C03,,,1,,1,,,7,7,1,12,4,120.655134,24.199903,3
1787,66000,387130000C,(04)23274275,(04)23288582,2025,03,5,15,21,臺中市,后里區,0,1,0,7,2,6,50,12,9,1,4,4,6,6,4,4,9,4,5,1,18,2,9,2,1,C03,7,9,1,10,2,11,,59,59,1,12,4,120.713447,24.328779,2
1788,66000,387130000C,(04)23274275,(04)23288582,2025,03,5,15,26,臺中市,北屯區,0,0,0,7,,,80,,,,,,,,,,,,,,13,,,,,B03,,,1,,2,,,7,7,1,6,4,120.720645,24.166019,3
1789,66000,387130000C,(04)23274275,(04)23288582,2025,03,5,15,29,臺中市,西屯區,0,0,0,7,,,50,,,,,,,,,,,,,,14,,,,,B12,,,1,,2,,,49,49,1,13,4,120.654304,24.165782,3
1790,66000,387130000C,(04)23274275,(04)23288582,2025,03,5,15,30,臺中市,潭子區,0,1,0,7,2,6,50,13,8,1,4,4,6,6,4,4,1,4,4,1,18,2,9,2,1,C03,7,9,1,10,2,14,,84,84,1,12,4,120.689923,24.225138,2
1791,66000,387130000C,(04)23274275,(04)23288582,2025,03,5,15,32,臺中市,太平區,0,1,0,6,2,6,40,4,1,1,4,4,6,6,1,1,10,5,5,2,13,2,9,1,1,C03,7,9,1,10,2,11,,7,7,1,12,4,120.717388,24.158612,2
1792,66000,387130000C,(04)23274275,(04)23288582,2025,03,5,15,32,臺中市,大甲區,0,1,0,7,2,6,50,4,2,1,5,4,6,6,1,1,5,5,5,1,17,2,8,1,1,C03,7,5,1,10,2,12,,71,71,1,6,4,120.618527,24.345953,2
1793,66000,387130000C,(04)23274275,(04)23288582,2025,03,5,15,37,臺中市,南屯區,0,1,0,7,2,6,50,4,2,1,5,4,6,6,4,4,5,4,4,2,17,2,9,2,1,C03,7,9,1,10,2,11,,7,7,1,12,4,120.649927,24.139459,2
1794,66000,387130000C,(04)23274275,(04)23288582,2025,03,5,15,42,臺中市,北屯區,0,0,0,7,,,50,,,,,,,,,,,,,,16,,,,,C03,,,1,,2,,,36,36,1,13,4,120.659781,24.192987,3
1795,66000,387130000C,(04)23274275,(04)23288582,2025,03,5,15,47,臺中市,南屯區,0,0,0,7,,,40,,,,,,,,,,,,,,14,,,,,B03,,,1,,1,,,49,49,1,6,4,120.635044,24.148604,3
1796,66000,387130000C,(04)23274275,(04)23288582,2025,03,5,15,49,臺中市,大里區,0,2,0,6,3,6,50,3,1,1,5,4,6,6,2,1,5,5,4,2,13,2,8,1,1,C03,7,9,1,10,2,11,,59,59,1,13,4,120.683747,24.114478,2
1797,66000,387130000C,(04)23274275,(04)23288582,2025,03,5,15,50,臺中市,北屯區,0,1,0,7,2,6,50,13,9,1,5,4,6,6,4,4,1,4,5,2,18,2,9,2,1,C03,7,9,1,10,2,14,,43,43,1,13,4,120.707496,24.181975,2