﻿序號,縣市別代碼,機關代碼,市話,傳真,年,月,日,時,分,縣市,區,死亡數量,受傷數量,2-30,天候,道路照明設備,道路類別,道路速限,道路型態,事故位置,路面鋪裝,路面狀態,路面缺陷,障礙物,視距,號誌種類,號誌動作,分向設施,快車道或一般車道間,快慢車道間,路面邊線,事故類型及型態,受傷程度,主要傷處,保護裝備,行動電話或功能裝置,當事者區分_類別,車輛用途,當事者行動狀態,駕照狀態,駕照種類,飲酒情形,車輛撞擊部位最初,車輛撞擊部位其他,肇事因素個別,肇事因素主要,肇事逃逸,職業,共享經濟或外送平台,GPS座標X,GPS座標Y,事故類別
2022,66000,387130000C,(04)23274275,(04)23288582,2025,03,6,7,30,臺中市,南屯區,0,1,0,7,2,6,50,3,9,1,4,4,6,6,4,4,4,3,4,2,18,2,9,2,1,C03,7,9,1,9,2,12,,59,59,1,12,4,120.614365,24.1392,2
2023,66000,387130000C,(04)23274275,(04)23288582,2025,03,6,7,32,臺中市,南屯區,0,0,0,7,,,50,,,,,,,,,,,,,,17,,,,,B03,,,1,,1,,,8,8,1,6,4,120.608757,24.13145,3
2024,66000,387130000C,(04)23274275,(04)23288582,2025,03,6,7,33,臺中市,大雅區,0,1,0,6,2,6,50,13,9,1,3,4,6,6,4,4,9,5,5,1,18,2,9,1,1,C03,7,9,1,10,2,12,11,84,84,1,13,4,120.604046,24.226737,2
2025,66000,387130000C,(04)23274275,(04)23288582,2025,03,6,7,33,臺中市,北區,0,0,0,7,,,40,,,,,,,,,,,,,,17,,,,,B03,,,1,,1,,,49,49,1,13,4,120.680233,24.15258,3
2026,66000,387130000C,(04)23274275,(04)23288582,2025,03,6,7,33,臺中市,北區,0,0,0,5,,,40,,,,,,,,,,,,,,17,,,,,B03,,,7,,10,,,87,87,1,13,4,120.680425,24.165989,3
2027,66000,387130000C,(04)23274275,(04)23288582,2025,03,6,7,35,臺中市,潭子區,0,1,0,7,2,6,60,3,9,1,5,4,6,6,4,4,1,3,5,2,18,2,9,1,1,C03,7,9,1,10,2,14,,43,43,1,13,4,120.705391,24.20953,2
2028,66000,387130000C,(04)23274275,(04)23288582,2025,03,6,7,37,臺中市,北屯區,0,0,0,5,,,50,,,,,,,,,,,,,,,,,,,A12,,,1,,1,,,8,8,1,12,4,120.689972,24.162557,3
2029,66000,387130000C,(04)23274275,(04)23288582,2025,03,6,7,39,臺中市,南屯區,0,0,0,6,,,50,,,,,,,,,,,,,,13,,,,,B03,,,1,,1,,,7,7,1,6,4,120.608019,24.151116,3
2030,66000,387130000C,(04)23274275,(04)23288582,2025,03,6,7,39,臺中市,大里區,0,1,0,7,2,6,40,3,2,1,4,4,6,6,4,4,5,5,4,2,12,3,10,3,1,B03,7,1,1,8,2,4,,51,51,1,13,4,120.690869,24.112623,2
2031,66000,387130000C,(04)23274275,(04)23288582,2025,03,6,7,39,臺中市,梧棲區,0,0,0,6,,,60,,,,,,,,,,,,,,13,,,,,B03,,,1,,1,,,7,7,1,6,4,120.534558,24.247025,3
2032,66000,387130000C,(04)23274275,(04)23288582,2025,03,6,7,40,臺中市,中區,0,0,0,7,,,50,,,,,,,,,,,,,,,,,,,B01,,,1,,1,,,84,84,1,12,4,120.677285,24.145553,3
2033,66000,387130000C,(04)23274275,(04)23288582,2025,03,6,7,40,臺中市,南屯區,0,0,0,5,,,60,,,,,,,,,,,,,,13,,,,,C03,,,1,,1,,,7,7,1,6,4,120.616147,24.146219,3
2034,66000,387130000C,(04)23274275,(04)23288582,2025,03,6,7,40,臺中市,西屯區,0,0,0,7,,,40,,,,,,,,,,,,,,12,,,,,A04,,,1,,1,,,40,40,1,12,4,120.638708,24.169633,3
2035,66000,387130000C,(04)23274275,(04)23288582,2025,03,6,7,40,臺中市,太平區,0,1,0,5,3,6,50,4,4,1,4,4,6,6,1,1,5,5,5,2,13,3,10,3,1,B03,7,9,1,10,2,1,,7,7,1,12,4,120.725034,24.108008,2
2036,66000,387130000C,(04)23274275,(04)23288582,2025,03,6,7,41,臺中市,東區,0,1,0,6,3,6,50,4,9,1,4,4,6,6,4,4,5,5,5,2,16,3,10,5,4,B03,7,6,1,8,2,1,,13,13,1,6,4,120.699586,24.14525,2
2037,66000,387130000C,(04)23274275,(04)23288582,2025,03,6,7,41,臺中市,大肚區,0,1,0,7,2,6,50,4,1,1,4,4,6,6,3,1,10,5,5,2,16,3,10,1,1,C03,7,6,1,10,2,14,,39,39,1,6,4,120.538435,24.156661,2
2038,66000,387130000C,(04)23274275,(04)23288582,2025,03,6,7,42,臺中市,西屯區,0,1,0,6,2,6,40,13,7,1,4,4,6,6,4,4,9,4,4,2,17,3,10,1,4,C03,7,1,1,10,1,14,,51,51,1,13,4,120.657324,24.173385,2
2039,66000,387130000C,(04)23274275,(04)23288582,2025,03,6,7,43,臺中市,烏日區,0,3,0,6,2,6,50,4,1,1,5,4,6,6,4,4,5,5,5,2,15,2,9,1,1,C03,7,9,1,10,2,12,,13,13,1,6,4,120.625775,24.102769,2
2040,66000,387130000C,(04)23274275,(04)23288582,2025,03,6,7,43,臺中市,神岡區,0,0,0,7,1,6,50,4,1,1,5,4,6,6,4,4,10,5,5,1,12,,,,,C03,,,1,,2,,,84,84,1,12,4,120.686222,24.250544,3
2041,66000,387130000C,(04)23274275,(04)23288582,2025,03,6,7,44,臺中市,東區,0,2,0,6,3,6,50,13,9,1,4,4,6,6,4,4,5,4,5,2,12,3,10,3,1,B03,7,8,1,8,2,5,,40,40,1,6,4,120.700628,24.132394,2
2042,66000,387130000C,(04)23274275,(04)23288582,2025,03,6,7,45,臺中市,清水區,0,0,0,6,,,40,,,,,,,,,,,,,,17,,,,,C03,,,1,,1,,,7,7,1,12,4,120.573558,24.264132,3
2043,66000,387130000C,(04)23274275,(04)23288582,2025,03,6,7,46,臺中市,豐原區,0,2,0,7,2,9,50,5,1,1,4,4,6,6,2,1,1,2,5,1,17,3,10,3,3,B03,7,15,1,8,2,16,,35,35,1,6,4,120.722405,24.277721,2
2044,66000,387130000C,(04)23274275,(04)23288582,2025,03,6,7,48,臺中市,西屯區,0,0,0,6,,,50,,,,,,,,,,,,,,13,,,,,C03,,,1,,1,,,7,7,1,12,4,120.610814,24.170564,3
2045,66000,387130000C,(04)23274275,(04)23288582,2025,03,6,7,49,臺中市,西區,0,1,0,7,3,6,40,13,8,1,4,4,6,6,4,4,1,4,4,2,17,2,9,1,1,C03,7,9,1,10,2,14,,84,84,1,13,4,120.663357,24.140062,2
2046,66000,387130000C,(04)23274275,(04)23288582,2025,03,6,7,49,臺中市,太平區,0,1,0,6,2,6,50,4,1,1,4,4,6,6,2,1,10,5,5,2,15,3,10,3,1,B03,7,9,1,8,2,2,,21,21,1,12,4,120.718087,24.158441,2
2047,66000,387130000C,(04)23274275,(04)23288582,2025,03,6,7,50,臺中市,西屯區,0,1,0,5,2,6,50,4,1,1,4,4,1,6,1,1,10,5,5,2,17,3,10,3,1,B03,7,5,1,8,2,15,,8,8,1,12,4,120.619549,24.169032,2
2048,66000,387130000C,(04)23274275,(04)23288582,2025,03,6,7,51,臺中市,大里區,0,1,0,5,3,6,50,13,9,1,4,4,6,6,4,4,9,5,5,1,18,2,9,1,1,C03,7,9,1,10,2,12,,94,94,1,12,4,120.696384,24.09683,2
2049,66000,387130000C,(04)23274275,(04)23288582,2025,03,6,7,52,臺中市,南屯區,0,0,0,6,3,6,40,13,8,1,5,4,6,6,4,4,9,5,4,2,12,,,,,B03,,,1,,1,,,84,84,1,12,4,120.641308,24.153919,3
2050,66000,387130000C,(04)23274275,(04)23288582,2025,03,6,7,52,臺中市,霧峰區,0,0,0,7,2,6,30,13,9,1,5,4,6,6,4,4,10,5,5,2,14,,,,,B03,,,1,,1,,,49,49,1,6,4,120.697185,24.022015,3
2051,66000,387130000C,(04)23274275,(04)23288582,2025,03,6,7,52,臺中市,大里區,0,2,0,7,2,6,50,4,1,1,5,4,6,6,1,1,10,5,5,1,12,2,9,1,1,C03,7,9,1,10,2,11,,7,7,1,12,4,120.679243,24.114151,2
2052,66000,387130000C,(04)23274275,(04)23288582,2025,03,6,7,52,臺中市,太平區,0,1,0,5,3,6,50,3,1,1,4,4,6,6,1,1,5,5,5,2,12,2,9,2,1,C03,7,6,1,9,2,14,,20,20,1,12,4,120.723277,24.144967,2
2053,66000,387130000C,(04)23274275,(04)23288582,2025,03,6,7,53,臺中市,西區,0,0,0,7,,,50,,,,,,,,,,,,,,,,,,,B03,,,1,,1,,,84,84,1,12,4,120.659304,24.156055,3
2054,66000,387130000C,(04)23274275,(04)23288582,2025,03,6,7,53,臺中市,沙鹿區,0,0,0,6,2,6,50,13,9,1,5,4,6,6,4,4,9,5,5,2,27,3,10,3,1,B03,7,9,1,8,8,2,,82,82,1,13,4,120.571286,24.19833,3
2055,66000,387130000C,(04)23274275,(04)23288582,2025,03,6,7,55,臺中市,北屯區,0,2,0,7,3,6,50,13,9,1,5,4,6,6,1,1,5,5,5,2,17,2,9,1,1,C03,7,11,1,10,2,12,,39,39,1,12,4,120.719281,24.176865,2
2056,66000,387130000C,(04)23274275,(04)23288582,2025,03,6,7,55,臺中市,西屯區,0,2,0,6,2,6,50,4,1,1,5,4,6,6,2,1,9,4,5,1,13,2,9,1,1,C03,7,9,1,10,2,11,,84,84,1,12,4,120.605349,24.171233,2
2057,66000,387130000C,(04)23274275,(04)23288582,2025,03,6,7,56,臺中市,霧峰區,0,2,0,5,3,6,30,13,9,1,4,4,6,6,4,4,10,5,5,1,16,2,9,1,1,C03,7,8,1,10,2,12,,84,84,1,12,4,120.664506,24.048254,2
2058,66000,387130000C,(04)23274275,(04)23288582,2025,03,6,7,56,臺中市,豐原區,0,1,0,5,3,6,50,3,2,1,4,4,6,6,3,1,10,5,5,1,17,2,9,2,1,C03,7,9,1,10,2,12,,58,58,1,13,4,120.719343,24.24249,2
2059,66000,387130000C,(04)23274275,(04)23288582,2025,03,6,7,58,臺中市,西區,0,0,0,7,2,6,50,13,9,1,5,4,6,6,4,4,5,5,5,2,17,,,,,B03,,,1,,2,,,84,84,1,13,4,120.662199,24.14807,3
2060,66000,387130000C,(04)23274275,(04)23288582,2025,03,6,8,0,臺中市,北屯區,0,1,0,5,2,6,50,13,9,1,4,4,6,6,4,4,1,4,5,2,17,2,9,2,1,C03,7,1,1,10,2,14,,51,51,1,12,4,120.701234,24.179845,2
2061,66000,387130000C,(04)23274275,(04)23288582,2025,03,6,8,0,臺中市,西屯區,0,1,0,6,2,6,50,4,1,1,5,4,6,6,1,1,5,5,4,2,18,2,9,2,1,C03,7,6,1,10,2,14,,84,84,1,12,4,120.636492,24.155815,2
2062,66000,387130000C,(04)23274275,(04)23288582,2025,03,6,8,0,臺中市,太平區,0,0,0,6,2,6,50,,,,,,,,,,,,,,,,,,,B03,,,1,,2,1,,7,7,1,12,4,120.710868,24.126757,3
2063,66000,387130000C,(04)23274275,(04)23288582,2025,03,6,8,1,臺中市,潭子區,0,0,0,7,,,50,,,,,,,,,,,,,,,,,,,B03,,,1,,2,,,8,8,1,13,4,120.701463,24.207858,3
2064,66000,387130000C,(04)23274275,(04)23288582,2025,03,6,8,1,臺中市,南區,0,2,0,7,2,6,50,13,9,1,5,4,6,6,1,1,1,5,5,2,13,2,9,1,1,C03,7,9,1,10,2,11,,7,7,1,12,4,120.644828,24.110212,2
2065,66000,387130000C,(04)23274275,(04)23288582,2025,03,6,8,2,臺中市,太平區,0,0,0,6,2,6,30,13,9,1,5,4,6,6,4,4,10,5,5,2,14,3,10,3,1,B12,7,2,1,8,1,3,,49,49,1,6,4,120.708803,24.113995,3
2066,66000,387130000C,(04)23274275,(04)23288582,2025,03,6,8,4,臺中市,北屯區,0,0,0,5,,,50,,,,,,,,,,,,,,15,,,,,B03,,,1,,1,,,15,15,1,12,4,120.708591,24.166038,3
2067,66000,387130000C,(04)23274275,(04)23288582,2025,03,6,8,5,臺中市,南屯區,0,1,0,7,2,6,50,3,2,1,5,4,6,6,4,4,8,4,4,2,13,3,10,3,1,B03,7,5,1,8,1,1,,58,58,1,12,4,120.640706,24.143302,2
2068,66000,387130000C,(04)23274275,(04)23288582,2025,03,6,8,5,臺中市,烏日區,0,0,0,7,,,50,,,,,,,,,,,,,,13,,,,,B02,,,1,,1,,,7,7,1,6,4,120.625013,24.107372,3
2069,66000,387130000C,(04)23274275,(04)23288582,2025,03,6,8,6,臺中市,西區,0,0,0,7,,,50,,,,,,,,,,,,,,,,,,,B02,,,1,,1,,,84,84,1,13,4,120.673395,24.147702,3
2070,66000,387130000C,(04)23274275,(04)23288582,2025,03,6,8,6,臺中市,豐原區,0,0,0,5,,,50,,,,,,,,,,,,,,,,,,,B03,,,1,,1,,,49,49,1,13,4,120.719582,24.241981,3
2071,66000,387130000C,(04)23274275,(04)23288582,2025,03,6,8,9,臺中市,南屯區,0,0,0,7,3,6,50,4,1,1,5,4,6,6,4,4,5,2,5,2,15,,,,,C03,,,1,,1,,,6,6,1,12,4,120.649719,24.137163,3
2072,66000,387130000C,(04)23274275,(04)23288582,2025,03,6,8,10,臺中市,北屯區,0,0,0,7,,,50,,,,,,,,,,,,,,13,,,,,B03,,,1,,1,,,84,84,1,6,4,120.687678,24.171873,3
2073,66000,387130000C,(04)23274275,(04)23288582,2025,03,6,8,11,臺中市,北屯區,0,1,0,6,2,6,50,13,9,1,4,4,5,6,4,4,5,5,5,2,18,2,9,1,1,C03,7,9,1,10,2,14,,84,84,1,12,4,120.683432,24.172604,2
2074,66000,387130000C,(04)23274275,(04)23288582,2025,03,6,8,14,臺中市,北屯區,0,0,0,7,,,50,,,,,,,,,,,,,,13,,,,,B03,,,1,8,1,,,84,84,1,6,4,120.679628,24.169843,3
2075,66000,387130000C,(04)23274275,(04)23288582,2025,03,6,8,16,臺中市,潭子區,0,0,0,7,,,50,,,,,,,,,,,,,,12,,,,,C03,,,1,,2,,,8,8,1,13,4,120.711108,24.200734,3
2076,66000,387130000C,(04)23274275,(04)23288582,2025,03,6,8,16,臺中市,南屯區,0,0,0,6,,,50,,,,,,,,,,,,,,17,,,,,B03,,,1,,2,,,87,87,1,6,4,120.61286,24.138979,3
2077,66000,387130000C,(04)23274275,(04)23288582,2025,03,6,8,23,臺中市,西屯區,0,1,0,6,2,6,50,3,1,1,4,4,6,6,4,4,10,5,5,2,17,3,10,3,4,B03,7,6,1,8,2,2,,14,14,1,13,4,120.593509,24.179985,2
2078,66000,387130000C,(04)23274275,(04)23288582,2025,03,6,8,25,臺中市,南屯區,0,0,0,7,3,6,50,13,9,1,5,4,6,6,4,4,5,5,5,2,16,,,,,B03,,,1,,1,,,14,14,1,12,4,120.647799,24.155478,3
2079,66000,387130000C,(04)23274275,(04)23288582,2025,03,6,8,25,臺中市,太平區,0,1,0,6,3,6,30,4,1,1,4,4,6,6,4,4,10,5,5,2,15,3,10,3,1,B03,7,9,1,8,2,5,,15,15,1,12,4,120.718342,24.117585,2
2080,66000,387130000C,(04)23274275,(04)23288582,2025,03,6,8,26,臺中市,北區,0,1,0,6,3,6,50,4,2,1,5,4,6,6,1,1,5,4,4,2,16,3,10,5,4,B03,7,6,1,8,2,1,,23,23,1,13,4,120.680853,24.149177,2
2081,66000,387130000C,(04)23274275,(04)23288582,2025,03,6,8,27,臺中市,南屯區,0,2,0,5,3,6,60,18,7,1,4,4,6,6,4,4,5,2,3,1,17,2,9,1,1,C04,7,1,1,10,2,14,,51,51,1,6,4,120.635279,24.151671,2
2082,66000,387130000C,(04)23274275,(04)23288582,2025,03,6,8,30,臺中市,清水區,0,1,0,6,3,6,50,13,9,1,5,4,6,6,4,4,5,4,4,2,18,2,9,2,1,C03,7,9,1,10,2,14,,84,84,1,12,4,120.555756,24.266011,2
2083,66000,387130000C,(04)23274275,(04)23288582,2025,03,6,8,33,臺中市,南屯區,0,1,0,6,3,6,50,3,1,1,5,4,6,6,4,4,1,4,5,2,16,3,10,5,4,B03,7,7,1,8,2,6,,40,40,1,6,4,120.60801,24.148716,2
2084,66000,387130000C,(04)23274275,(04)23288582,2025,03,6,8,37,臺中市,沙鹿區,0,0,0,5,,,40,,,,,,,,,,,,,,13,,,,,B03,,,1,,2,,,7,7,1,13,4,120.572454,24.232895,3
2085,66000,387130000C,(04)23274275,(04)23288582,2025,03,6,8,38,臺中市,北屯區,0,2,0,5,2,6,50,4,1,1,4,4,6,6,4,4,10,5,5,2,16,2,9,2,1,C03,7,6,1,10,2,12,,14,14,1,12,4,120.690398,24.174742,2
2086,66000,387130000C,(04)23274275,(04)23288582,2025,03,6,8,39,臺中市,北屯區,0,1,0,6,2,6,50,4,1,1,4,4,6,6,2,1,10,5,5,2,12,3,10,2,1,C03,7,10,3,19,2,12,,42,42,1,12,4,120.685345,24.172002,2
2087,66000,387130000C,(04)23274275,(04)23288582,2025,03,6,8,40,臺中市,西屯區,0,2,0,6,2,6,50,3,1,1,5,4,6,6,1,1,10,5,5,2,16,2,9,5,1,C03,7,6,1,10,2,11,,11,11,1,12,4,120.64821,24.181938,2
2088,66000,387130000C,(04)23274275,(04)23288582,2025,03,6,8,42,臺中市,烏日區,0,0,0,7,,,50,,,,,,,,,,,,,,14,,,,,B03,,,1,,1,,,49,49,1,12,4,120.591668,24.137515,3
2089,66000,387130000C,(04)23274275,(04)23288582,2025,03,6,8,42,臺中市,沙鹿區,0,0,0,7,,,40,,,,,,,,,,,,,,17,,,,,B03,,,1,,2,,,51,51,1,13,4,120.572514,24.232851,3
2090,66000,387130000C,(04)23274275,(04)23288582,2025,03,6,8,44,臺中市,西屯區,0,1,0,5,2,6,40,13,8,1,4,4,6,6,4,4,1,4,1,2,17,2,8,2,1,C03,7,9,1,10,2,12,,82,82,1,12,4,120.656652,24.159109,2
2091,66000,387130000C,(04)23274275,(04)23288582,2025,03,6,8,45,臺中市,北屯區,0,2,0,7,3,6,50,4,1,1,5,4,6,6,1,1,10,5,5,2,17,2,9,1,1,C03,7,9,1,10,2,13,,26,26,1,12,4,120.697745,24.170349,2
2092,66000,387130000C,(04)23274275,(04)23288582,2025,03,6,8,45,臺中市,沙鹿區,0,0,0,7,,,70,,,,,,,,,,,,,,,,,,,B03,,,1,,2,,,51,51,1,12,4,120.607413,24.246728,3
2093,66000,387130000C,(04)23274275,(04)23288582,2025,03,6,8,46,臺中市,西屯區,0,2,0,6,2,6,50,4,4,1,4,4,6,6,2,1,10,5,5,2,13,2,9,1,1,C03,7,9,1,10,2,11,,7,7,1,12,4,120.649678,24.162873,2
2094,66000,387130000C,(04)23274275,(04)23288582,2025,03,6,8,48,臺中市,北屯區,0,0,0,5,,,50,,,,,,,,,,,,,,13,,,,,C03,,,1,,2,,,7,7,1,6,4,120.680527,24.194455,3
2095,66000,387130000C,(04)23274275,(04)23288582,2025,03,6,8,49,臺中市,北區,0,1,0,5,2,6,50,13,9,1,4,4,6,6,4,4,5,4,5,2,12,2,9,1,1,C03,7,4,1,10,2,12,,35,35,1,12,4,120.678134,24.14941,2
2096,66000,387130000C,(04)23274275,(04)23288582,2025,03,6,8,50,臺中市,烏日區,0,0,0,7,,,60,,,,,,,,,,,,,,13,,,,,B03,,,1,,1,,,7,7,1,6,4,120.611197,24.10757,3
2097,66000,387130000C,(04)23274275,(04)23288582,2025,03,6,8,51,臺中市,南屯區,0,2,0,6,3,6,50,13,9,1,5,4,6,6,4,4,1,4,5,2,13,2,9,1,1,C03,7,9,1,10,1,11,,7,7,1,12,4,120.646851,24.138654,2
2098,66000,387130000C,(04)23274275,(04)23288582,2025,03,6,8,53,臺中市,西屯區,0,0,0,7,,,50,,,,,,,,,,,,,,,,,,,C03,,,1,,1,,,84,84,1,12,4,120.595597,24.170914,3
2099,66000,387130000C,(04)23274275,(04)23288582,2025,03,6,8,54,臺中市,潭子區,0,1,0,6,3,6,50,3,1,1,5,4,6,6,1,1,5,4,4,2,17,3,10,3,1,B03,7,6,1,8,2,8,,48,48,1,13,4,120.680968,24.207486,2
2100,66000,387130000C,(04)23274275,(04)23288582,2025,03,6,8,55,臺中市,東區,0,0,0,7,,,50,,,,,,,,,,,,,,13,,,,,B03,,,1,,2,,,7,7,1,6,4,120.708245,24.135807,3
2101,66000,387130000C,(04)23274275,(04)23288582,2025,03,6,8,55,臺中市,西屯區,0,1,0,6,2,6,40,13,8,1,5,4,6,6,4,4,1,5,1,1,12,3,10,3,1,B03,7,5,1,8,2,2,,41,41,1,11,4,120.640629,24.158695,2
2102,66000,387130000C,(04)23274275,(04)23288582,2025,03,6,8,59,臺中市,北屯區,0,1,0,5,1,6,50,5,2,1,4,4,6,6,1,1,5,4,4,2,12,3,10,1,1,F03,7,6,7,21,2,14,,85,85,1,13,4,120.690304,24.183651,2
2103,66000,387130000C,(04)23274275,(04)23288582,2025,03,6,8,59,臺中市,太平區,0,0,0,6,,,50,,,,,,,,,,,,,,13,,,,,B03,,,1,,1,,,84,84,1,12,4,120.714689,24.150241,3
2104,66000,387130000C,(04)23274275,(04)23288582,2025,03,6,9,5,臺中市,西屯區,0,1,0,5,3,6,30,4,1,1,4,4,6,6,4,4,10,5,5,2,15,2,9,5,4,C03,7,9,1,10,2,11,12,15,15,1,12,4,120.652656,24.16481,2
2105,66000,387130000C,(04)23274275,(04)23288582,2025,03,6,9,6,臺中市,龍井區,0,1,0,6,1,6,50,4,1,1,5,4,6,6,1,1,9,5,5,2,17,3,10,1,1,C03,7,5,5,19,9,13,,8,8,1,6,4,120.581367,24.174789,2
2106,66000,387130000C,(04)23274275,(04)23288582,2025,03,6,9,20,臺中市,北區,0,0,0,7,,,50,,,,,,,,,,,,,,17,,,,,B02,,,1,,2,,,84,84,1,13,4,120.669082,24.162274,3
2107,66000,387130000C,(04)23274275,(04)23288582,2025,03,6,9,20,臺中市,北屯區,0,0,0,5,,,50,,,,,,,,,,,,,,16,,,,,B03,,,1,,1,,,85,85,1,6,4,120.669954,24.176559,3
2108,66000,387130000C,(04)23274275,(04)23288582,2025,03,6,9,21,臺中市,中區,0,1,0,6,3,6,50,4,1,1,4,4,6,6,2,1,10,5,5,2,17,2,9,1,1,C03,7,6,1,10,2,14,,84,84,1,13,4,120.676921,24.141923,2
2109,66000,387130000C,(04)23274275,(04)23288582,2025,03,6,9,25,臺中市,大里區,0,1,0,7,2,6,50,13,9,1,4,4,6,6,4,4,9,4,5,1,12,2,9,2,1,C03,7,8,1,10,2,14,,84,84,1,12,4,120.685445,24.096129,2
2110,66000,387130000C,(04)23274275,(04)23288582,2025,03,6,9,27,臺中市,梧棲區,0,0,0,5,,,50,,,,,,,,,,,,,,17,,,,,B03,,,1,,1,,,84,84,1,12,4,120.55881,24.256734,4
2111,66000,387130000C,(04)23274275,(04)23288582,2025,03,6,9,30,臺中市,北屯區,0,0,0,5,,,50,,,,,,,,,,,,,,,,,,,B12,,,1,,2,,,7,7,1,12,4,120.692424,24.167516,3
2112,66000,387130000C,(04)23274275,(04)23288582,2025,03,6,9,31,臺中市,梧棲區,0,1,0,6,3,6,50,4,1,1,5,4,6,6,1,1,10,5,5,2,15,3,10,3,1,B12,7,9,1,7,2,5,,21,21,1,6,4,120.536977,24.242526,2
2113,66000,387130000C,(04)23274275,(04)23288582,2025,03,6,9,32,臺中市,大里區,0,0,0,7,2,6,50,13,9,1,4,4,6,6,4,4,5,5,5,1,13,,,,,A02,,,1,,2,,,84,84,1,6,4,120.689795,24.115145,4
2114,66000,387130000C,(04)23274275,(04)23288582,2025,03,6,9,33,臺中市,西屯區,0,0,0,5,,,30,,,,,,,,,,,,,,14,,,,,A12,,,1,,1,,,49,49,1,13,4,120.634685,24.171231,3
2115,66000,387130000C,(04)23274275,(04)23288582,2025,03,6,9,37,臺中市,西屯區,0,1,0,5,2,6,40,13,8,1,4,4,6,6,4,4,5,4,4,2,13,2,8,5,4,C03,7,9,1,10,2,11,,59,59,1,12,4,120.617753,24.1681,2
2116,66000,387130000C,(04)23274275,(04)23288582,2025,03,6,9,38,臺中市,后里區,0,0,0,6,2,6,50,13,9,1,5,4,6,6,4,4,5,5,5,1,17,3,10,3,1,B12,7,1,1,5,2,8,,51,51,1,12,4,120.712419,24.306867,3
2117,66000,387130000C,(04)23274275,(04)23288582,2025,03,6,9,40,臺中市,大里區,0,0,0,7,,,30,,,,,,,,,,,,,,14,,,,,B03,,,1,,2,,,49,49,1,6,4,120.697554,24.085692,3
2118,66000,387130000C,(04)23274275,(04)23288582,2025,03,6,9,44,臺中市,太平區,0,1,0,7,3,6,50,4,1,1,5,4,6,6,1,1,10,5,5,2,12,2,9,1,1,C03,7,9,1,10,2,11,,84,84,1,12,4,120.710148,24.134879,2
2119,66000,387130000C,(04)23274275,(04)23288582,2025,03,6,9,46,臺中市,西屯區,0,1,0,5,2,6,50,4,1,1,4,4,6,6,2,1,10,5,5,2,12,2,9,2,1,C03,7,8,1,10,2,14,,40,40,1,12,4,120.661043,24.171538,2
2120,66000,387130000C,(04)23274275,(04)23288582,2025,03,6,9,48,臺中市,霧峰區,0,2,0,6,3,6,40,13,9,1,5,4,6,6,4,4,9,5,5,1,12,2,9,1,1,C03,7,9,1,10,2,11,,84,84,1,12,4,120.704587,24.072097,2
2121,66000,387130000C,(04)23274275,(04)23288582,2025,03,6,9,49,臺中市,南屯區,0,0,0,5,,,60,,,,,,,,,,,,,,13,,,,,B03,,,1,,1,,,56,56,1,8,4,120.652998,24.15149,3
2122,66000,387130000C,(04)23274275,(04)23288582,2025,03,6,9,52,臺中市,太平區,0,2,0,5,3,6,50,13,9,1,4,4,6,6,4,4,8,5,5,2,12,3,10,3,1,B12,7,15,1,8,2,5,,84,84,1,12,4,120.719637,24.130961,2
2123,66000,387130000C,(04)23274275,(04)23288582,2025,03,6,9,56,臺中市,南屯區,0,1,0,6,3,6,50,3,1,1,5,4,6,6,2,1,10,5,5,2,16,3,10,5,4,B03,7,5,1,8,2,2,,47,47,1,6,4,120.614025,24.139097,2
2124,66000,387130000C,(04)23274275,(04)23288582,2025,03,6,10,0,臺中市,烏日區,0,1,0,5,2,6,50,13,9,1,4,4,6,6,4,4,5,5,5,1,12,2,8,1,1,C03,7,1,1,10,2,14,,51,51,1,13,4,120.622024,24.106795,2
2125,66000,387130000C,(04)23274275,(04)23288582,2025,03,6,10,1,臺中市,西屯區,0,1,0,5,2,6,30,11,9,1,4,4,6,6,4,4,10,5,5,1,11,3,10,3,1,B03,7,9,1,8,2,1,,84,84,2,12,4,120.628225,24.181064,2
2126,66000,387130000C,(04)23274275,(04)23288582,2025,03,6,10,2,臺中市,沙鹿區,0,0,0,6,,,50,,,,,,,,,,,,,,,,,,,B13,,,1,,2,,,84,84,1,13,4,120.572132,24.243848,3
2127,66000,387130000C,(04)23274275,(04)23288582,2025,03,6,10,13,臺中市,豐原區,0,0,0,6,,,50,,,,,,,,,,,,,,,,,,,B03,,,1,,2,,,8,8,1,13,4,120.716863,24.251403,3
2128,66000,387130000C,(04)23274275,(04)23288582,2025,03,6,10,16,臺中市,南屯區,0,0,0,7,,,50,,,,,,,,,,,,,,,,,,,B03,,,1,,2,,,7,7,1,12,4,120.60607,24.162362,3
2129,66000,387130000C,(04)23274275,(04)23288582,2025,03,6,10,18,臺中市,北區,0,0,0,6,2,6,50,3,2,1,5,4,6,6,4,4,5,4,5,2,20,3,10,3,1,B03,7,5,1,8,1,8,4,50,50,1,12,4,120.668269,24.169284,3
2130,66000,387130000C,(04)23274275,(04)23288582,2025,03,6,10,19,臺中市,西屯區,0,1,0,6,3,6,50,3,2,1,5,4,6,6,4,4,5,2,5,2,16,3,10,5,4,C03,7,5,1,10,2,11,12,47,47,1,12,4,120.616538,24.17616,2
2131,66000,387130000C,(04)23274275,(04)23288582,2025,03,6,10,20,臺中市,烏日區,0,0,0,7,,,30,,,,,,,,,,,,,,17,,,,,B03,,,1,,1,,,84,84,1,6,4,120.616684,24.113986,3
2132,66000,387130000C,(04)23274275,(04)23288582,2025,03,6,10,21,臺中市,西屯區,0,0,0,5,,,50,,,,,,,,,,,,,,12,,,,,B03,,,1,,1,,,40,40,1,13,4,120.628112,24.176607,3