﻿序號,縣市別代碼,機關代碼,市話,傳真,年,月,日,時,分,縣市,區,死亡數量,受傷數量,2-30,天候,道路照明設備,道路類別,道路速限,道路型態,事故位置,路面鋪裝,路面狀態,路面缺陷,障礙物,視距,號誌種類,號誌動作,分向設施,快車道或一般車道間,快慢車道間,路面邊線,事故類型及型態,受傷程度,主要傷處,保護裝備,行動電話或功能裝置,當事者區分_類別,車輛用途,當事者行動狀態,駕照狀態,駕照種類,飲酒情形,車輛撞擊部位最初,車輛撞擊部位其他,肇事因素個別,肇事因素主要,肇事逃逸,職業,共享經濟或外送平台,GPS座標X,GPS座標Y,事故類別
2245,66000,387130000C,(04)23274275,(04)23288582,2025,03,6,15,55,臺中市,北屯區,0,0,0,7,,,50,,,,,,,,,,,,,,13,,,,,B03,,,1,,1,,,58,58,1,6,4,120.694104,24.164246,3
2246,66000,387130000C,(04)23274275,(04)23288582,2025,03,6,15,55,臺中市,沙鹿區,0,0,0,6,,,50,,,,,,,,,,,,,,12,,,,,B03,,,1,,2,,,59,59,1,12,4,120.565045,24.243746,3
2247,66000,387130000C,(04)23274275,(04)23288582,2025,03,6,15,56,臺中市,沙鹿區,0,0,0,7,,,50,,,,,,,,,,,,,,13,,,,,B03,,,1,,1,,,59,59,1,6,4,120.568973,24.224897,3
2248,66000,387130000C,(04)23274275,(04)23288582,2025,03,6,15,58,臺中市,太平區,0,3,0,6,2,6,50,4,2,1,5,4,6,6,2,1,5,4,5,2,13,2,9,2,1,C03,7,9,1,10,2,11,,7,7,1,5,4,120.70078,24.148057,2
2249,66000,387130000C,(04)23274275,(04)23288582,2025,03,6,16,0,臺中市,霧峰區,0,0,0,6,,,50,,,,,,,,,,,,,,,,,,,C03,,,1,,2,,,48,48,1,6,4,120.699216,24.068843,3
2250,66000,387130000C,(04)23274275,(04)23288582,2025,03,6,16,0,臺中市,太平區,0,0,0,6,2,6,50,11,9,1,5,4,6,6,4,4,5,5,5,1,17,3,10,1,1,C03,7,9,1,10,2,12,,7,7,1,6,4,120.808065,24.095749,3
2251,66000,387130000C,(04)23274275,(04)23288582,2025,03,6,16,0,臺中市,沙鹿區,0,2,0,6,2,6,50,4,1,1,5,4,6,6,2,1,1,4,4,2,15,2,9,1,1,C03,7,15,1,10,2,11,14,23,23,1,12,4,120.559839,24.238018,2
2252,66000,387130000C,(04)23274275,(04)23288582,2025,03,6,16,2,臺中市,南區,0,0,0,7,,,50,,,,,,,,,,,,,,13,,,,,B03,,,1,,1,,,84,84,1,12,4,120.654703,24.119933,3
2253,66000,387130000C,(04)23274275,(04)23288582,2025,03,6,16,4,臺中市,北屯區,0,1,0,7,1,6,50,4,1,1,5,4,6,6,1,1,10,5,5,2,16,2,9,2,1,C03,7,6,1,10,2,14,,84,84,1,13,4,120.685679,24.175769,2
2254,66000,387130000C,(04)23274275,(04)23288582,2025,03,6,16,5,臺中市,龍井區,0,0,0,7,,,50,,,,,,,,,,,,,,,,,,,A12,,,1,,2,,,7,7,1,12,4,120.539404,24.176504,3
2255,66000,387130000C,(04)23274275,(04)23288582,2025,03,6,16,7,臺中市,烏日區,0,0,0,6,2,6,50,3,1,1,5,4,6,6,1,1,1,4,5,2,16,3,10,3,1,B03,7,9,1,8,2,5,,26,26,1,6,4,120.616846,24.116153,3
2256,66000,387130000C,(04)23274275,(04)23288582,2025,03,6,16,7,臺中市,豐原區,0,0,0,7,,,50,,,,,,,,,,,,,,13,,,,,B03,,,1,,2,,,59,59,1,12,4,120.711876,24.240532,3
2257,66000,387130000C,(04)23274275,(04)23288582,2025,03,6,16,10,臺中市,北屯區,0,1,0,7,2,6,50,4,1,1,5,4,6,6,2,1,1,4,5,2,16,3,10,3,1,B03,7,5,1,8,2,5,,20,20,1,12,4,120.686102,24.180218,2
2258,66000,387130000C,(04)23274275,(04)23288582,2025,03,6,16,10,臺中市,太平區,0,3,0,7,2,6,50,4,1,1,5,4,6,6,4,4,10,5,5,2,15,2,8,1,1,C03,7,9,1,10,2,11,14,12,12,1,12,4,120.718798,24.11555,2
2259,66000,387130000C,(04)23274275,(04)23288582,2025,03,6,16,19,臺中市,北屯區,0,1,0,7,2,6,40,13,8,1,5,4,6,6,4,4,1,4,4,1,12,3,10,1,1,C03,7,1,1,10,2,14,,51,51,1,12,4,120.665866,24.182126,2
2260,66000,387130000C,(04)23274275,(04)23288582,2025,03,6,16,21,臺中市,北屯區,0,1,0,7,2,6,50,4,7,1,5,4,6,6,2,1,10,4,4,2,18,2,9,1,1,C03,7,9,1,10,2,12,,43,43,1,6,4,120.688179,24.175632,2
2261,66000,387130000C,(04)23274275,(04)23288582,2025,03,6,16,22,臺中市,后里區,0,0,0,7,,,50,,,,,,,,,,,,,,14,,,,,B03,,,1,,2,,,49,49,1,12,4,120.729426,24.3099,3
2262,66000,387130000C,(04)23274275,(04)23288582,2025,03,6,16,25,臺中市,大雅區,0,0,0,7,,,30,,,,,,,,,,,,,,11,,,,,B03,,,1,,2,,,8,8,1,13,4,120.662728,24.220688,3
2263,66000,387130000C,(04)23274275,(04)23288582,2025,03,6,16,25,臺中市,南屯區,0,0,0,7,,,50,,,,,,,,,,,,,,,,,,,A05,,,1,,1,,,59,59,1,12,4,120.623033,24.140267,3
2264,66000,387130000C,(04)23274275,(04)23288582,2025,03,6,16,29,臺中市,西區,0,0,0,7,,,40,,,,,,,,,,,,,,13,,,,,C03,,,1,,1,,,7,7,1,12,4,120.663909,24.157354,3
2265,66000,387130000C,(04)23274275,(04)23288582,2025,03,6,16,30,臺中市,龍井區,0,1,0,7,2,6,30,4,2,1,5,4,6,6,4,4,10,5,5,2,15,2,9,1,1,C03,7,9,1,10,2,14,,6,6,1,12,4,120.546724,24.215707,2
2266,66000,387130000C,(04)23274275,(04)23288582,2025,03,6,16,40,臺中市,南屯區,0,0,0,7,,,50,,,,,,,,,,,,,,,,,,,B03,,,1,,1,,,8,8,1,6,4,120.622282,24.15015,3
2267,66000,387130000C,(04)23274275,(04)23288582,2025,03,6,16,40,臺中市,大肚區,0,0,0,7,,,50,,,,,,,,,,,,,,13,,,,,B03,,,1,,1,,,7,7,1,12,4,120.579073,24.168834,4
2268,66000,387130000C,(04)23274275,(04)23288582,2025,03,6,16,41,臺中市,北區,0,0,0,7,,,30,,,,,,,,,,,,,,17,,,,,B12,,,1,,1,,,8,8,1,13,4,120.684974,24.153202,3
2269,66000,387130000C,(04)23274275,(04)23288582,2025,03,6,16,41,臺中市,龍井區,0,0,0,7,,,50,,,,,,,,,,,,,,11,,,,,B03,,,1,,2,,,34,34,1,12,4,120.592525,24.181769,3
2270,66000,387130000C,(04)23274275,(04)23288582,2025,03,6,16,44,臺中市,潭子區,0,0,0,7,,,30,,,,,,,,,,,,,,14,,,,,B03,,,1,,2,,,49,49,1,12,4,120.699785,24.214052,3
2271,66000,387130000C,(04)23274275,(04)23288582,2025,03,6,16,46,臺中市,梧棲區,0,1,0,7,2,6,50,13,7,1,5,4,6,6,4,4,10,5,5,2,16,3,10,3,1,B02,7,11,1,8,2,8,,45,45,1,12,4,120.546531,24.245524,2
2272,66000,387130000C,(04)23274275,(04)23288582,2025,03,6,16,47,臺中市,西屯區,0,2,0,7,2,6,50,4,1,1,5,4,6,6,2,1,10,5,5,2,15,2,9,1,1,C03,7,9,1,10,2,11,,21,21,1,13,4,120.644251,24.194815,2
2273,66000,387130000C,(04)23274275,(04)23288582,2025,03,6,16,51,臺中市,北屯區,0,0,0,7,,,50,,,,,,,,,,,,,,16,,,,,B03,,,1,,1,,,11,11,1,12,4,120.702338,24.169829,3
2274,66000,387130000C,(04)23274275,(04)23288582,2025,03,6,16,55,臺中市,南區,0,0,0,7,,,50,,,,,,,,,,,,,,17,,,,,B03,,,5,,9,,,8,8,1,12,4,120.670095,24.119043,3
2275,66000,387130000C,(04)23274275,(04)23288582,2025,03,6,17,1,臺中市,南屯區,0,0,0,7,,,30,,,,,,,,,,,,,,15,,,,,C03,,,1,,1,,,15,15,1,6,4,120.612764,24.13896,3
2276,66000,387130000C,(04)23274275,(04)23288582,2025,03,6,17,3,臺中市,烏日區,0,1,0,7,2,6,50,5,1,1,5,4,6,6,1,1,10,5,5,2,12,2,8,1,1,C03,7,6,1,10,2,14,,48,48,1,6,4,120.634099,24.108047,2
2277,66000,387130000C,(04)23274275,(04)23288582,2025,03,6,17,5,臺中市,中區,0,1,0,7,3,6,50,4,2,1,5,4,6,6,1,1,5,4,5,2,13,3,10,1,1,C03,7,9,1,10,2,11,,7,7,1,5,4,120.679849,24.142559,2
2278,66000,387130000C,(04)23274275,(04)23288582,2025,03,6,17,10,臺中市,梧棲區,0,1,0,7,3,6,40,13,8,1,5,4,6,6,4,4,1,4,1,1,17,3,10,5,4,C03,7,13,3,19,9,16,,87,87,1,6,4,120.54079,24.248044,2
2279,66000,387130000C,(04)23274275,(04)23288582,2025,03,6,17,12,臺中市,北區,0,2,0,7,3,6,50,4,2,1,5,4,6,6,2,1,10,5,5,2,17,2,6,5,4,C03,7,9,1,10,2,12,,8,8,1,13,4,120.694326,24.155623,2
2280,66000,387130000C,(04)23274275,(04)23288582,2025,03,6,17,12,臺中市,烏日區,0,0,0,7,2,6,50,4,7,1,5,4,6,6,1,1,1,4,5,1,13,3,10,3,1,B01,7,1,1,3,1,1,,58,58,1,6,4,120.619205,24.110442,3
2281,66000,387130000C,(04)23274275,(04)23288582,2025,03,6,17,13,臺中市,西屯區,0,0,0,7,,,50,,,,,,,,,,,,,,,,,,,B03,,,1,,1,,,49,49,1,13,4,120.642029,24.15674,3
2282,66000,387130000C,(04)23274275,(04)23288582,2025,03,6,17,14,臺中市,西區,0,1,0,7,2,6,50,3,1,1,5,4,6,6,4,4,10,5,5,2,16,2,9,1,1,C03,7,6,1,10,2,14,,14,14,1,6,4,120.679119,24.13716,2
2283,66000,387130000C,(04)23274275,(04)23288582,2025,03,6,17,15,臺中市,北屯區,0,0,0,6,,,50,,,,,,,,,,,,,,13,,,,,B03,,,1,,1,,,59,59,1,6,4,120.665357,24.200696,3
2284,66000,387130000C,(04)23274275,(04)23288582,2025,03,6,17,15,臺中市,清水區,0,2,0,7,2,6,30,13,9,1,5,4,6,6,4,4,10,5,5,2,11,2,9,1,1,C03,7,4,1,10,2,11,,1,1,1,12,4,120.554677,24.291952,2
2285,66000,387130000C,(04)23274275,(04)23288582,2025,03,6,17,15,臺中市,神岡區,0,0,0,7,,,30,,,,,,,,,,,,,,17,,,,,C03,,,1,,1,,,84,84,1,6,4,120.711202,24.262661,3
2286,66000,387130000C,(04)23274275,(04)23288582,2025,03,6,17,16,臺中市,北區,0,1,0,7,2,6,40,13,8,1,5,4,6,6,4,4,5,4,4,2,17,3,10,5,1,C03,7,9,1,10,2,11,,7,7,1,13,4,120.683935,24.148022,2
2287,66000,387130000C,(04)23274275,(04)23288582,2025,03,6,17,17,臺中市,后里區,0,1,0,6,2,6,40,13,8,1,5,4,5,6,4,4,1,4,4,1,13,3,10,1,1,C03,7,9,1,10,2,13,,7,7,1,6,4,120.700618,24.312522,2
2288,66000,387130000C,(04)23274275,(04)23288582,2025,03,6,17,18,臺中市,后里區,0,0,0,7,,,50,,,,,,,,,,,,,,11,,,,,B02,,,2,,2,,,84,84,1,6,4,120.707781,24.306122,3
2289,66000,387130000C,(04)23274275,(04)23288582,2025,03,6,17,19,臺中市,西區,0,0,0,7,,,50,,,,,,,,,,,,,,17,,,,,B03,,,1,,2,,,76,76,1,12,4,120.657526,24.146822,3
2290,66000,387130000C,(04)23274275,(04)23288582,2025,03,6,17,19,臺中市,大里區,0,0,0,7,,,50,,,,,,,,,,,,,,17,,,,,C03,,,1,,2,,,7,7,1,6,4,120.690785,24.088079,3
2291,66000,387130000C,(04)23274275,(04)23288582,2025,03,6,17,20,臺中市,北區,0,1,0,7,2,6,50,4,2,1,5,4,6,6,2,1,10,5,5,2,12,3,10,3,1,B03,7,5,1,8,2,2,,47,47,1,13,4,120.676675,24.157007,2
2292,66000,387130000C,(04)23274275,(04)23288582,2025,03,6,17,21,臺中市,西屯區,0,0,0,7,,,50,,,,,,,,,,,,,,12,,,,,B03,,,1,,9,,,8,8,1,12,4,120.645038,24.172261,3
2293,66000,387130000C,(04)23274275,(04)23288582,2025,03,6,17,23,臺中市,西區,0,0,0,7,,,50,,,,,,,,,,,,,,12,,,,,C03,,,1,,1,,,43,43,1,12,4,120.657976,24.154341,3
2294,66000,387130000C,(04)23274275,(04)23288582,2025,03,6,17,23,臺中市,太平區,0,0,0,6,,,50,,,,,,,,,,,,,,13,,,,,C03,,,1,,2,,,7,7,1,12,4,120.733587,24.155833,3
2295,66000,387130000C,(04)23274275,(04)23288582,2025,03,6,17,25,臺中市,東區,0,1,0,7,3,6,50,4,1,1,5,4,6,6,1,1,10,5,5,2,17,3,10,2,1,C03,7,9,1,10,2,11,,59,59,1,13,4,120.693106,24.126198,2
2296,66000,387130000C,(04)23274275,(04)23288582,2025,03,6,17,25,臺中市,大甲區,0,1,0,6,1,6,50,5,1,1,5,4,6,6,1,2,10,5,5,2,16,2,9,1,1,C03,7,1,1,10,2,11,,51,51,1,6,4,120.621988,24.344386,2
2297,66000,387130000C,(04)23274275,(04)23288582,2025,03,6,17,26,臺中市,西區,0,2,0,7,3,6,50,4,1,1,5,4,6,6,1,1,10,5,5,2,16,2,9,1,1,C03,7,6,1,10,2,11,,11,11,1,6,4,120.663104,24.15366,2
2298,66000,387130000C,(04)23274275,(04)23288582,2025,03,6,17,27,臺中市,西區,0,1,0,1,2,6,50,4,1,1,5,4,6,6,2,1,10,5,5,2,16,3,10,5,1,B03,7,6,1,8,2,2,,11,11,1,6,4,120.675,24.13802,2
2299,66000,387130000C,(04)23274275,(04)23288582,2025,03,6,17,28,臺中市,西屯區,0,0,0,7,,,40,,,,,,,,,,,,,,,,,,,B03,,,1,,1,,,43,43,1,12,4,120.617765,24.187281,3
2300,66000,387130000C,(04)23274275,(04)23288582,2025,03,6,17,28,臺中市,清水區,0,1,0,7,1,6,30,13,9,1,5,4,6,6,4,4,10,5,5,1,30,,,,,,,,,,,,,115,115,1,,,120.590966,24.278757,2
2301,66000,387130000C,(04)23274275,(04)23288582,2025,03,6,17,30,臺中市,西屯區,0,0,0,7,,,50,,,,,,,,,,,,,,13,,,,,C03,,,1,,1,,,7,7,1,12,2,120.660616,24.164175,3
2302,66000,387130000C,(04)23274275,(04)23288582,2025,03,6,17,30,臺中市,豐原區,0,1,0,7,2,6,50,3,1,1,5,4,6,6,4,4,10,5,5,2,17,2,9,2,1,C03,7,9,1,10,2,11,,84,84,1,13,4,120.733096,24.255371,2
2303,66000,387130000C,(04)23274275,(04)23288582,2025,03,6,17,35,臺中市,南區,0,2,0,7,2,6,50,4,1,1,5,4,6,6,4,4,10,5,5,2,15,2,9,2,1,C03,7,9,3,19,9,11,,15,15,2,6,4,120.664095,24.126499,2
2304,66000,387130000C,(04)23274275,(04)23288582,2025,03,6,17,35,臺中市,南屯區,0,1,0,7,1,6,40,4,8,1,5,4,6,6,3,1,1,5,3,2,13,2,8,2,4,C03,7,9,1,10,2,12,,7,7,1,13,4,120.615178,24.147643,2
2305,66000,387130000C,(04)23274275,(04)23288582,2025,03,6,17,36,臺中市,西屯區,0,0,0,7,,,50,,,,,,,,,,,,,,,,,,,C03,,,1,,2,,,40,40,1,13,4,120.640793,24.16741,3
2306,66000,387130000C,(04)23274275,(04)23288582,2025,03,6,17,38,臺中市,北屯區,0,2,0,7,3,6,30,4,1,1,5,4,6,6,1,1,10,5,5,2,3,2,9,2,1,C03,7,9,1,10,2,11,,84,84,1,13,4,120.671698,24.178317,2
2307,66000,387130000C,(04)23274275,(04)23288582,2025,03,6,17,41,臺中市,西屯區,0,0,0,6,,,50,,,,,,,,,,,,,,13,,,,,B03,,,1,,1,,,7,7,1,13,4,120.635892,24.181857,3
2308,66000,387130000C,(04)23274275,(04)23288582,2025,03,6,17,41,臺中市,龍井區,0,1,0,7,1,6,50,4,2,1,5,4,6,6,1,1,10,5,5,2,17,3,10,3,1,B03,7,6,1,8,2,8,,14,14,1,12,4,120.523138,24.196659,2
2309,66000,387130000C,(04)23274275,(04)23288582,2025,03,6,17,44,臺中市,東區,0,0,0,7,,,40,,,,,,,,,,,,,,17,,,,,F01,,,7,,1,,,85,85,1,12,4,120.703427,24.144381,3
2310,66000,387130000C,(04)23274275,(04)23288582,2025,03,6,17,45,臺中市,后里區,0,2,0,6,1,6,50,4,2,1,5,4,6,6,2,1,9,4,5,1,16,3,10,3,1,B03,7,11,1,8,2,5,,45,45,1,12,4,120.73037,24.309292,2
2311,66000,387130000C,(04)23274275,(04)23288582,2025,03,6,17,50,臺中市,南屯區,0,1,0,7,1,6,50,4,1,1,5,4,6,6,2,1,10,5,5,2,17,3,10,3,1,B03,7,6,1,8,2,2,,11,11,1,6,4,120.642632,24.148797,2
2312,66000,387130000C,(04)23274275,(04)23288582,2025,03,6,17,50,臺中市,大里區,0,0,0,6,,,30,,,,,,,,,,,,,,,,,,,C03,,,1,,2,,,51,51,1,6,4,120.730996,24.089039,3
2313,66000,387130000C,(04)23274275,(04)23288582,2025,03,6,17,51,臺中市,龍井區,0,0,0,6,,,50,,,,,,,,,,,,,,13,,,,,B03,,,1,,1,,,7,7,1,12,4,120.584723,24.183872,4
2314,66000,387130000C,(04)23274275,(04)23288582,2025,03,6,17,53,臺中市,西區,0,1,0,7,3,6,50,4,1,1,5,4,6,6,1,1,10,5,5,2,16,3,10,3,1,B03,7,6,1,9,2,2,,11,11,1,12,4,120.661853,24.145442,2
2315,66000,387130000C,(04)23274275,(04)23288582,2025,03,6,17,53,臺中市,北區,0,2,0,7,2,6,50,3,2,1,5,4,6,6,4,4,5,4,5,2,17,3,10,5,1,C03,7,7,3,19,2,16,,40,40,1,13,4,120.686108,24.144809,2
2316,66000,387130000C,(04)23274275,(04)23288582,2025,03,6,17,53,臺中市,北屯區,0,0,0,6,,,50,,,,,,,,,,,,,,12,,,,,B03,,,1,,2,,,40,40,1,12,4,120.671105,24.19305,3
2317,66000,387130000C,(04)23274275,(04)23288582,2025,03,6,17,54,臺中市,西屯區,0,0,0,7,,,50,,,,,,,,,,,,,,13,,,,,B03,,,1,,1,,,7,7,1,13,4,120.610119,24.17054,3
2318,66000,387130000C,(04)23274275,(04)23288582,2025,03,6,17,56,臺中市,南屯區,0,1,0,7,1,6,50,4,1,1,5,4,6,6,4,4,10,5,5,2,13,3,10,3,1,B03,7,6,1,8,2,2,,7,7,1,6,4,120.639724,24.138853,2
2319,66000,387130000C,(04)23274275,(04)23288582,2025,03,6,17,56,臺中市,南屯區,0,1,0,7,2,6,50,5,1,1,5,4,6,6,1,1,10,5,5,2,17,3,10,2,1,C03,7,5,1,10,2,12,,84,84,1,12,4,120.637818,24.142484,2
2320,66000,387130000C,(04)23274275,(04)23288582,2025,03,6,17,57,臺中市,霧峰區,0,2,0,7,2,6,40,3,1,1,5,4,6,6,1,1,10,5,5,2,17,2,9,1,1,C03,7,9,1,10,2,11,,21,21,1,6,4,120.694235,24.049941,2
2321,66000,387130000C,(04)23274275,(04)23288582,2025,03,6,17,59,臺中市,西屯區,0,2,0,7,1,6,50,13,7,1,5,4,6,6,4,4,8,4,4,1,13,2,2,5,4,B03,7,9,1,8,2,1,,59,59,1,13,4,120.59367,24.179776,2
2322,66000,387130000C,(04)23274275,(04)23288582,2025,03,6,18,0,臺中市,大雅區,0,0,0,6,,,60,,,,,,,,,,,,,,,,,,,B03,,,1,,1,,,84,84,1,13,4,120.650817,24.216198,3
2323,66000,387130000C,(04)23274275,(04)23288582,2025,03,6,18,0,臺中市,烏日區,0,0,0,7,,,60,,,,,,,,,,,,,,16,,,,,B03,,,1,,1,,,11,11,1,6,4,120.620366,24.105564,3
2324,66000,387130000C,(04)23274275,(04)23288582,2025,03,6,18,6,臺中市,西屯區,0,0,0,7,,,60,,,,,,,,,,,,,,,,,,,B03,,,1,,1,,,40,40,1,12,4,120.646463,24.164387,3
2325,66000,387130000C,(04)23274275,(04)23288582,2025,03,6,18,6,臺中市,西屯區,0,0,0,7,,,30,,,,,,,,,,,,,,17,,,,,B03,,,1,,1,,,59,59,1,13,4,120.64545,24.165282,3
2326,66000,387130000C,(04)23274275,(04)23288582,2025,03,6,18,7,臺中市,北屯區,0,1,0,7,2,6,40,13,8,1,5,4,6,6,4,4,5,5,4,1,13,2,9,1,1,C03,7,9,1,10,2,11,,7,7,1,12,4,120.69449,24.165991,2
2327,66000,387130000C,(04)23274275,(04)23288582,2025,03,6,18,7,臺中市,北屯區,0,0,0,7,,,30,,,,,,,,,,,,,,,,,,,B03,,,1,,1,,,8,8,1,12,4,120.695493,24.178641,3
2328,66000,387130000C,(04)23274275,(04)23288582,2025,03,6,18,9,臺中市,南屯區,0,1,0,7,1,6,50,5,2,1,5,4,6,6,4,4,4,5,5,2,17,2,9,5,4,B03,7,1,1,8,2,8,,51,51,1,13,4,120.65313,24.141828,2
2329,66000,387130000C,(04)23274275,(04)23288582,2025,03,6,18,10,臺中市,南區,0,3,0,7,1,6,50,7,11,1,5,4,6,6,4,4,3,5,5,2,17,2,9,1,1,C03,7,9,1,10,2,11,,7,7,1,12,4,120.671034,24.119158,2
2330,66000,387130000C,(04)23274275,(04)23288582,2025,03,6,18,11,臺中市,太平區,0,0,0,6,1,6,50,4,2,1,5,4,6,6,2,1,5,5,5,1,17,3,10,3,1,B01,7,1,1,4,2,8,,51,51,1,6,4,120.73324,24.142752,3
2331,66000,387130000C,(04)23274275,(04)23288582,2025,03,6,18,12,臺中市,西屯區,0,0,0,7,,,40,,,,,,,,,,,,,,16,,,,,B03,,,1,,1,,,47,47,1,12,4,120.640204,24.16867,3
2332,66000,387130000C,(04)23274275,(04)23288582,2025,03,6,18,13,臺中市,烏日區,0,2,0,7,1,6,50,3,1,1,5,4,6,6,1,1,10,5,5,2,16,2,9,1,1,C03,7,6,1,10,2,11,,20,20,1,6,4,120.623362,24.106339,2
2333,66000,387130000C,(04)23274275,(04)23288582,2025,03,6,18,15,臺中市,大里區,0,0,0,7,,,50,,,,,,,,,,,,,,16,,,,,C03,,,1,,2,,,36,36,1,5,4,120.690612,24.123281,3
2334,66000,387130000C,(04)23274275,(04)23288582,2025,03,6,18,15,臺中市,沙鹿區,0,1,0,6,1,6,50,13,8,1,5,4,6,6,4,4,1,4,4,2,16,3,10,3,1,B03,7,5,1,8,2,2,6,47,47,1,12,4,120.563753,24.23275,2
2335,66000,387130000C,(04)23274275,(04)23288582,2025,03,6,18,17,臺中市,太平區,0,2,0,6,1,6,0,3,2,1,5,4,6,6,4,4,5,5,4,1,16,2,8,2,1,C03,7,1,1,10,2,11,,84,84,1,12,4,120.726498,24.149857,2
2336,66000,387130000C,(04)23274275,(04)23288582,2025,03,6,18,19,臺中市,西屯區,0,1,0,7,1,6,50,13,9,1,5,4,6,6,4,4,5,4,5,2,17,3,10,5,4,B03,7,6,1,8,2,16,,39,39,1,13,4,120.640255,24.164315,2
2337,66000,387130000C,(04)23274275,(04)23288582,2025,03,6,18,20,臺中市,中區,0,0,0,7,,,50,,,,,,,,,,,,,,13,,,,,C03,,,1,,2,,,43,43,1,12,4,120.679514,24.142665,3
2338,66000,387130000C,(04)23274275,(04)23288582,2025,03,6,18,21,臺中市,清水區,0,0,0,7,1,6,30,13,9,1,5,4,6,6,4,4,10,4,5,2,14,,,,,B03,,,1,,9,,,49,49,1,12,4,120.578525,24.276705,3
2339,66000,387130000C,(04)23274275,(04)23288582,2025,03,6,18,22,臺中市,大里區,0,1,0,7,2,6,30,3,1,1,5,4,6,6,4,4,10,5,5,2,17,3,10,2,1,C03,7,6,1,10,9,11,,14,14,2,6,4,120.701843,24.081035,2
2340,66000,387130000C,(04)23274275,(04)23288582,2025,03,6,18,22,臺中市,豐原區,0,1,0,7,1,6,50,5,1,1,5,4,6,6,4,4,5,5,4,2,15,2,9,1,1,C04,7,9,1,10,2,11,,15,15,1,12,4,120.71629,24.249324,2
2341,66000,387130000C,(04)23274275,(04)23288582,2025,03,6,18,25,臺中市,南屯區,0,1,0,7,1,6,40,4,1,1,5,4,6,6,4,4,10,5,5,2,15,2,8,1,1,C03,7,9,1,8,1,11,,13,13,1,6,4,120.625102,24.146972,2
2342,66000,387130000C,(04)23274275,(04)23288582,2025,03,6,18,25,臺中市,太平區,0,1,0,7,1,6,50,4,1,1,5,4,6,6,2,1,10,5,5,2,16,3,10,3,1,B03,7,5,1,8,2,5,2,85,85,1,12,4,120.701899,24.153666,2
2343,66000,387130000C,(04)23274275,(04)23288582,2025,03,6,18,25,臺中市,豐原區,0,1,0,7,1,6,50,11,9,1,5,4,6,6,4,4,5,4,4,2,12,3,10,5,4,B03,7,9,1,8,2,2,,84,84,1,12,4,120.719458,24.237544,2
2344,66000,387130000C,(04)23274275,(04)23288582,2025,03,6,18,27,臺中市,北屯區,0,2,0,7,1,6,50,13,7,1,5,4,6,6,4,4,5,4,4,2,13,2,9,1,1,C03,7,15,1,10,1,11,,7,7,1,6,4,120.7107,24.183517,2
2345,66000,387130000C,(04)23274275,(04)23288582,2025,03,6,18,28,臺中市,沙鹿區,0,1,0,7,1,6,50,4,1,1,5,4,6,6,4,4,10,5,5,2,16,2,9,2,1,C03,7,6,1,10,2,12,,14,14,1,6,4,120.560793,24.23785,2
2346,66000,387130000C,(04)23274275,(04)23288582,2025,03,6,18,29,臺中市,大雅區,0,0,0,6,,,50,,,,,,,,,,,,,,16,,,,,C03,,,1,,1,,,11,11,1,13,4,120.645003,24.222712,3
2347,66000,387130000C,(04)23274275,(04)23288582,2025,03,6,18,31,臺中市,南區,0,2,0,7,1,6,40,13,8,1,5,4,6,6,4,4,5,5,4,2,12,2,9,1,1,C03,7,9,1,10,2,14,,85,85,1,12,4,120.661245,24.132393,2
2348,66000,387130000C,(04)23274275,(04)23288582,2025,03,6,18,31,臺中市,東區,0,0,0,7,,,40,,,,,,,,,,,,,,17,,,,,B03,,,1,,2,,,50,50,1,13,4,120.693908,24.14087,3
2349,66000,387130000C,(04)23274275,(04)23288582,2025,03,6,18,32,臺中市,北屯區,0,0,0,7,,,50,,,,,,,,,,,,,,12,,,,,B03,,,1,,1,,,40,40,1,12,4,120.683486,24.200821,3
2350,66000,387130000C,(04)23274275,(04)23288582,2025,03,6,18,32,臺中市,西屯區,0,0,0,7,,,50,,,,,,,,,,,,,,13,,,,,B03,,,1,,1,,,7,7,1,13,4,120.631351,24.170633,3
2351,66000,387130000C,(04)23274275,(04)23288582,2025,03,6,18,35,臺中市,大雅區,0,1,0,6,1,6,60,3,2,1,5,4,6,6,4,4,1,5,5,1,17,3,10,3,1,B11,7,2,1,3,2,7,,49,49,1,13,4,120.66781,24.236078,2
2352,66000,387130000C,(04)23274275,(04)23288582,2025,03,6,18,40,臺中市,北區,0,1,0,7,3,9,50,3,1,1,5,4,6,6,4,4,10,5,5,2,17,3,10,5,4,C03,7,9,1,10,2,14,,85,85,1,13,4,120.674152,24.162579,2
2353,66000,387130000C,(04)23274275,(04)23288582,2025,03,6,18,40,臺中市,南屯區,0,0,0,7,,,50,,,,,,,,,,,,,,,,,,,B03,,,1,,1,,,7,7,1,12,4,120.629286,24.150923,3
2354,66000,387130000C,(04)23274275,(04)23288582,2025,03,6,18,47,臺中市,北區,0,1,0,7,1,6,50,4,1,1,5,4,6,6,1,1,10,5,5,2,16,3,10,5,4,B03,7,5,1,8,2,5,,47,47,1,13,4,120.688405,24.164916,2
2355,66000,387130000C,(04)23274275,(04)23288582,2025,03,6,18,50,臺中市,清水區,0,0,0,6,1,6,60,13,7,1,5,4,6,6,4,4,8,3,5,1,13,,,,,B03,,,1,,1,,,40,40,1,12,4,120.572096,24.264094,3