﻿序號,縣市別代碼,機關代碼,市話,傳真,年,月,日,時,分,縣市,區,死亡數量,受傷數量,2-30,天候,道路照明設備,道路類別,道路速限,道路型態,事故位置,路面鋪裝,路面狀態,路面缺陷,障礙物,視距,號誌種類,號誌動作,分向設施,快車道或一般車道間,快慢車道間,路面邊線,事故類型及型態,受傷程度,主要傷處,保護裝備,行動電話或功能裝置,當事者區分_類別,車輛用途,當事者行動狀態,駕照狀態,駕照種類,飲酒情形,車輛撞擊部位最初,車輛撞擊部位其他,肇事因素個別,肇事因素主要,肇事逃逸,職業,共享經濟或外送平台,GPS座標X,GPS座標Y,事故類別
2582,66000,387130000C,(04)23274275,(04)23288582,2025,03,7,13,7,臺中市,西屯區,0,0,0,7,,,50,,,,,,,,,,,,,,13,,,,,B03,,,1,,1,,,7,7,1,12,4,120.649796,24.162755,3
2583,66000,387130000C,(04)23274275,(04)23288582,2025,03,7,13,10,臺中市,大雅區,0,0,0,7,,,30,,,,,,,,,,,,,,11,,,,,B03,,,1,,1,,,8,8,1,13,4,120.641572,24.210924,3
2584,66000,387130000C,(04)23274275,(04)23288582,2025,03,7,13,13,臺中市,大雅區,0,0,0,7,,,50,,,,,,,,,,,,,,,,,,,B03,,,1,,2,,,49,49,1,13,4,120.648505,24.22633,3
2585,66000,387130000C,(04)23274275,(04)23288582,2025,03,7,13,13,臺中市,中區,0,0,0,6,,,50,,,,,,,,,,,,,,17,,,,,B03,,,1,,2,,,50,50,1,12,4,120.683989,24.141122,3
2586,66000,387130000C,(04)23274275,(04)23288582,2025,03,7,13,13,臺中市,北區,0,0,0,7,,,50,,,,,,,,,,,,,,17,,,,,C03,,,1,,2,,,7,7,1,13,4,120.667678,24.15759,3
2587,66000,387130000C,(04)23274275,(04)23288582,2025,03,7,13,15,臺中市,西區,0,0,0,7,,,50,,,,,,,,,,,,,,,,,,,B03,,,1,,2,,,84,84,1,13,4,120.68129,24.136427,3
2588,66000,387130000C,(04)23274275,(04)23288582,2025,03,7,13,17,臺中市,豐原區,0,2,0,6,3,6,30,3,1,1,5,4,6,6,4,4,5,4,4,2,17,2,1,1,1,C03,7,6,1,10,2,11,,13,13,1,13,4,120.73405,24.255473,2
2589,66000,387130000C,(04)23274275,(04)23288582,2025,03,7,13,20,臺中市,中區,0,0,0,7,3,6,50,13,9,1,5,4,6,6,1,1,6,1,5,2,12,,,,,B12,,,1,,1,,,8,8,1,13,4,120.679784,24.14077,3
2590,66000,387130000C,(04)23274275,(04)23288582,2025,03,7,13,25,臺中市,西區,0,0,0,7,,,30,,,,,,,,,,,,,,17,,,,,B12,,,1,,11,,,49,49,1,12,4,120.67187,24.148121,3
2591,66000,387130000C,(04)23274275,(04)23288582,2025,03,7,13,30,臺中市,西屯區,0,1,0,6,2,6,30,3,1,1,5,4,6,6,4,4,10,5,5,2,16,3,10,3,1,B03,7,6,1,8,2,2,,12,12,1,12,4,120.6451,24.172852,2
2592,66000,387130000C,(04)23274275,(04)23288582,2025,03,7,13,43,臺中市,西區,0,1,0,7,2,6,50,3,1,1,5,4,6,6,4,4,5,4,4,2,16,3,10,5,4,B03,7,5,1,8,1,2,,14,14,1,13,4,120.665273,24.147495,2
2593,66000,387130000C,(04)23274275,(04)23288582,2025,03,7,13,53,臺中市,北屯區,0,0,0,7,,,40,,,,,,,,,,,,,,13,,,,,B03,,,1,8,1,,,84,84,1,6,4,120.718937,24.161789,3
2594,66000,387130000C,(04)23274275,(04)23288582,2025,03,7,13,54,臺中市,大里區,0,1,0,7,3,6,50,5,2,1,5,4,6,6,1,1,9,4,4,1,23,2,1,3,1,B03,7,8,5,19,2,1,,58,58,1,12,4,120.696626,24.085482,2
2595,66000,387130000C,(04)23274275,(04)23288582,2025,03,7,14,5,臺中市,清水區,0,1,0,7,3,6,30,4,1,1,5,4,6,6,4,4,5,4,5,1,17,2,9,2,1,C03,7,9,1,10,2,11,,15,15,1,12,4,120.559164,24.263379,2
2596,66000,387130000C,(04)23274275,(04)23288582,2025,03,7,14,13,臺中市,北區,0,1,0,6,2,6,50,5,2,1,5,4,6,6,1,1,2,4,5,2,17,3,10,3,1,B01,7,6,1,8,2,16,,11,11,1,12,4,120.686235,24.154655,2
2597,66000,387130000C,(04)23274275,(04)23288582,2025,03,7,14,16,臺中市,大肚區,0,0,0,7,,,50,,,,,,,,,,,,,,,,,,,B11,,,1,,2,,,91,91,1,6,4,120.583598,24.115839,3
2598,66000,387130000C,(04)23274275,(04)23288582,2025,03,7,14,19,臺中市,北屯區,0,0,0,7,,,30,,,,,,,,,,,,,,14,,,,,B03,,,1,,1,,,49,49,1,6,4,120.69015,24.17021,4
2599,66000,387130000C,(04)23274275,(04)23288582,2025,03,7,14,19,臺中市,北屯區,0,1,0,6,2,6,30,3,1,1,5,4,6,6,4,4,5,5,5,2,16,3,10,3,1,B03,7,5,1,8,2,2,,20,20,1,12,4,120.659727,24.178131,2
2600,66000,387130000C,(04)23274275,(04)23288582,2025,03,7,14,21,臺中市,大里區,0,1,0,7,3,6,50,4,1,1,5,4,6,6,1,1,10,5,5,2,16,3,10,3,1,B03,7,5,1,8,2,3,,20,20,1,12,4,120.696846,24.085205,2
2601,66000,387130000C,(04)23274275,(04)23288582,2025,03,7,14,21,臺中市,太平區,0,0,0,7,2,6,40,,,,,,,,,,,,,,,,,,,B03,,,1,,2,4,,8,8,1,12,4,120.71471,24.122888,3
2602,66000,387130000C,(04)23274275,(04)23288582,2025,03,7,14,31,臺中市,神岡區,0,1,0,7,2,6,50,4,2,1,5,4,6,6,1,1,10,5,5,2,17,2,9,2,1,C03,7,1,1,10,2,11,,51,51,1,12,4,120.664353,24.258085,2
2603,66000,387130000C,(04)23274275,(04)23288582,2025,03,7,14,39,臺中市,后里區,0,2,0,6,3,6,50,3,2,1,5,4,6,6,4,4,4,4,5,1,13,2,9,1,1,C03,7,9,1,10,2,11,,7,7,1,5,4,120.703145,24.32275,2
2604,66000,387130000C,(04)23274275,(04)23288582,2025,03,7,14,48,臺中市,和平區,0,0,0,7,,,30,13,9,1,5,4,6,6,4,4,10,5,5,1,13,3,10,5,4,B03,7,9,1,8,2,1,,7,7,1,12,4,121.275614,24.296616,3
2605,66000,387130000C,(04)23274275,(04)23288582,2025,03,7,14,57,臺中市,豐原區,0,1,0,7,2,6,50,4,1,1,5,4,6,6,1,1,5,5,4,2,16,3,10,5,4,B03,7,5,1,8,2,5,,47,47,1,12,4,120.725989,24.248139,2
2606,66000,387130000C,(04)23274275,(04)23288582,2025,03,7,14,58,臺中市,西屯區,0,0,0,7,,,40,,,,,,,,,,,,,,,,,,,B01,,,1,,9,,,43,43,1,12,4,120.645392,24.180412,3
2607,66000,387130000C,(04)23274275,(04)23288582,2025,03,7,14,59,臺中市,西屯區,0,0,0,7,,,40,,,,,,,,,,,,,,17,,,,,C03,,,1,,1,,,84,84,1,13,4,120.641076,24.167898,3
2608,66000,387130000C,(04)23274275,(04)23288582,2025,03,7,15,0,臺中市,沙鹿區,0,1,0,7,3,6,0,4,2,1,5,4,6,6,2,1,10,5,5,2,17,4,11,1,1,C03,7,9,1,10,2,11,,84,84,1,5,4,120.579883,24.219704,2
2609,66000,387130000C,(04)23274275,(04)23288582,2025,03,7,15,2,臺中市,太平區,0,0,0,6,,,40,,,,,,,,,,,,,,13,,,,,C03,,,1,,2,,,7,7,1,5,4,120.721291,24.130849,3
2610,66000,387130000C,(04)23274275,(04)23288582,2025,03,7,15,6,臺中市,霧峰區,0,2,0,7,2,6,40,3,1,1,5,4,6,6,1,1,10,5,5,2,16,2,9,1,1,C03,7,6,1,10,2,11,,11,11,1,5,4,120.686783,24.048487,2
2611,66000,387130000C,(04)23274275,(04)23288582,2025,03,7,15,10,臺中市,大甲區,0,0,0,7,,,50,,,,,,,,,,,,,,,,,,,B12,,,1,,2,,,82,82,1,12,4,120.619232,24.346755,3
2612,66000,387130000C,(04)23274275,(04)23288582,2025,03,7,15,15,臺中市,北區,0,1,0,7,2,6,50,5,2,1,5,4,6,6,2,1,10,5,5,2,13,2,9,2,1,C03,7,9,1,10,2,11,,7,7,1,13,4,120.686162,24.154328,2
2613,66000,387130000C,(04)23274275,(04)23288582,2025,03,7,15,15,臺中市,北屯區,0,1,0,7,2,6,50,11,9,1,5,4,6,5,4,4,10,5,5,2,11,3,10,3,1,B03,7,6,1,8,2,8,,84,84,1,12,4,120.661321,24.197643,2
2614,66000,387130000C,(04)23274275,(04)23288582,2025,03,7,15,17,臺中市,中區,0,0,0,7,,,50,,,,,,,,,,,,,,17,,,,,A02,,,1,,2,,,84,84,1,6,4,120.684718,24.139193,3
2615,66000,387130000C,(04)23274275,(04)23288582,2025,03,7,15,19,臺中市,太平區,0,1,0,6,2,6,50,13,8,1,5,4,6,6,4,4,5,5,4,2,17,3,10,3,1,A12,7,7,1,7,2,6,,40,40,1,6,4,120.715893,24.134348,2
2616,66000,387130000C,(04)23274275,(04)23288582,2025,03,7,15,20,臺中市,太平區,0,1,0,7,2,6,50,13,9,1,5,4,6,6,4,4,9,4,5,1,17,2,9,1,1,F03,7,9,7,21,2,12,,59,59,1,12,4,120.720574,24.13312,2
2617,66000,387130000C,(04)23274275,(04)23288582,2025,03,7,15,23,臺中市,大甲區,0,1,0,7,3,6,50,4,9,1,5,4,6,6,4,4,10,5,5,1,17,2,9,1,1,C03,7,9,1,10,2,14,,8,8,1,6,4,120.627614,24.351157,2
2618,66000,387130000C,(04)23274275,(04)23288582,2025,03,7,15,26,臺中市,南區,0,2,0,7,2,6,50,13,8,1,5,4,6,6,1,1,1,3,4,2,13,2,9,1,1,C03,7,9,1,10,2,11,,7,7,1,13,4,120.656292,24.113969,2
2619,66000,387130000C,(04)23274275,(04)23288582,2025,03,7,15,30,臺中市,潭子區,0,1,0,6,2,6,50,3,2,1,5,4,6,6,4,4,5,4,5,1,17,2,8,2,1,C03,7,6,1,10,2,12,,20,20,1,13,4,120.72359,24.217317,2
2620,66000,387130000C,(04)23274275,(04)23288582,2025,03,7,15,31,臺中市,西屯區,0,0,0,7,,,50,,,,,,,,,,,,,,16,,,,,C03,,,1,,1,,,48,48,1,12,4,120.660879,24.167311,3
2621,66000,387130000C,(04)23274275,(04)23288582,2025,03,7,15,32,臺中市,中區,0,0,0,7,,,50,,,,,,,,,,,,,,,,,,,C03,,,1,,2,,,84,84,1,6,4,120.685804,24.140133,3
2622,66000,387130000C,(04)23274275,(04)23288582,2025,03,7,15,34,臺中市,南區,0,1,0,7,2,6,50,13,9,1,5,4,6,6,4,4,9,4,4,2,17,2,9,1,1,C03,7,9,1,10,2,11,,7,7,1,12,4,120.659667,24.113103,2
2623,66000,387130000C,(04)23274275,(04)23288582,2025,03,7,15,45,臺中市,沙鹿區,0,1,0,7,2,6,60,13,7,1,5,4,6,6,4,4,1,4,4,1,13,2,1,3,1,B03,7,9,1,8,2,1,,84,84,1,6,4,120.599269,24.250086,2
2624,66000,387130000C,(04)23274275,(04)23288582,2025,03,7,15,47,臺中市,沙鹿區,0,0,0,7,,,50,,,,,,,,,,,,,,17,,,,,C03,,,1,,2,,,8,8,1,6,4,120.558128,24.235077,3
2625,66000,387130000C,(04)23274275,(04)23288582,2025,03,7,15,53,臺中市,烏日區,0,0,0,7,,,30,,,,,,,,,,,,,,11,,,,,C03,,,1,,2,,,43,43,1,12,4,120.62242,24.108358,3
2626,66000,387130000C,(04)23274275,(04)23288582,2025,03,7,15,54,臺中市,北屯區,0,1,0,7,3,6,50,13,9,1,5,4,6,6,4,4,1,4,5,2,17,2,8,1,1,C03,7,1,1,10,2,14,,84,84,1,12,4,120.693151,24.163265,2
2627,66000,387130000C,(04)23274275,(04)23288582,2025,03,7,15,56,臺中市,霧峰區,0,1,0,6,2,6,40,11,9,1,5,4,6,6,1,1,10,4,5,1,18,2,9,5,4,C03,7,6,1,10,2,15,,87,87,1,12,4,120.664148,24.076956,2
2628,66000,387130000C,(04)23274275,(04)23288582,2025,03,7,16,1,臺中市,北屯區,0,0,0,7,,,50,,,,,,,,,,,,,,12,,,,,C03,,,1,,9,,,47,47,1,6,4,120.709918,24.180116,4
2629,66000,387130000C,(04)23274275,(04)23288582,2025,03,7,16,2,臺中市,太平區,0,1,0,7,3,6,50,3,1,1,5,4,6,6,1,1,10,5,5,2,16,3,10,3,1,B03,7,5,1,8,2,5,,11,11,1,12,4,120.713551,24.14446,2
2630,66000,387130000C,(04)23274275,(04)23288582,2025,03,7,16,5,臺中市,西屯區,0,0,0,7,,,30,,,,,,,,,,,,,,,,,,,B03,,,1,,1,,,51,51,1,12,4,120.638316,24.177912,3
2631,66000,387130000C,(04)23274275,(04)23288582,2025,03,7,16,5,臺中市,太平區,0,0,0,7,,,50,,,,,,,,,,,,,,,,,,,C03,,,1,,2,,,50,50,1,12,4,120.725403,24.149862,3
2632,66000,387130000C,(04)23274275,(04)23288582,2025,03,7,16,6,臺中市,后里區,0,0,0,7,2,6,50,13,8,1,5,4,6,6,4,4,5,5,4,2,17,3,10,3,1,B03,7,3,1,8,2,2,,50,50,1,12,4,120.712655,24.304283,3
2633,66000,387130000C,(04)23274275,(04)23288582,2025,03,7,16,12,臺中市,大里區,0,0,0,7,,,50,,,,,,,,,,,,,,14,,,,,B12,,,1,,2,,,49,49,1,13,4,120.69699,24.111549,3
2634,66000,387130000C,(04)23274275,(04)23288582,2025,03,7,16,13,臺中市,沙鹿區,0,0,0,7,,,50,,,,,,,,,,,,,,13,,,,,B12,,,1,,2,,,59,59,1,6,4,120.564669,24.239195,3
2635,66000,387130000C,(04)23274275,(04)23288582,2025,03,7,16,14,臺中市,西屯區,0,0,0,7,2,6,30,11,9,1,5,4,6,6,4,4,10,5,5,1,9,3,10,3,4,B02,7,6,1,8,1,4,,8,8,1,12,1,120.660878,24.169007,3
2636,66000,387130000C,(04)23274275,(04)23288582,2025,03,7,16,17,臺中市,后里區,0,0,0,7,3,6,50,13,9,1,5,4,6,6,4,4,5,4,5,1,14,3,10,3,1,B03,7,2,1,8,2,6,,49,49,1,6,4,120.716863,24.309426,3
2637,66000,387130000C,(04)23274275,(04)23288582,2025,03,7,16,21,臺中市,西屯區,0,1,0,6,3,6,40,13,8,1,5,4,6,6,4,4,5,5,4,2,2,3,10,3,1,B03,7,9,1,8,2,2,,8,8,1,13,4,120.663285,24.165797,2
2638,66000,387130000C,(04)23274275,(04)23288582,2025,03,7,16,22,臺中市,太平區,0,4,0,6,2,6,50,4,1,1,5,4,1,6,2,1,10,5,5,2,16,2,9,2,1,C03,7,9,1,10,2,12,,4,4,1,12,4,120.725916,24.133589,2
2639,66000,387130000C,(04)23274275,(04)23288582,2025,03,7,16,24,臺中市,西區,0,0,0,7,,,50,,,,,,,,,,,,,,9,,,,,B03,,,1,,1,,,76,76,1,12,4,120.659936,24.147939,3
2640,66000,387130000C,(04)23274275,(04)23288582,2025,03,7,16,24,臺中市,北區,0,1,0,7,2,6,50,4,1,1,5,4,6,6,1,1,5,4,5,2,17,3,10,1,1,C03,7,6,1,10,2,16,,85,85,1,12,4,120.701926,24.159687,2
2641,66000,387130000C,(04)23274275,(04)23288582,2025,03,7,16,26,臺中市,北屯區,0,2,0,7,2,6,50,13,9,1,5,4,6,6,4,4,1,4,5,2,13,2,9,1,1,C03,7,9,1,10,2,11,,84,84,1,4,4,120.698136,24.171562,2
2642,66000,387130000C,(04)23274275,(04)23288582,2025,03,7,16,27,臺中市,霧峰區,0,3,0,7,2,6,50,4,1,1,5,4,6,6,1,1,10,5,5,2,17,2,9,5,4,C03,7,9,1,10,2,11,,84,84,1,13,4,120.707635,24.076537,2
2643,66000,387130000C,(04)23274275,(04)23288582,2025,03,7,16,32,臺中市,西屯區,0,0,0,7,,,50,,,,,,,,,,,,,,13,,,,,C03,,,1,,1,,,7,7,1,13,4,120.635368,24.167378,3
2644,66000,387130000C,(04)23274275,(04)23288582,2025,03,7,16,33,臺中市,南屯區,0,1,0,7,2,6,50,13,9,1,5,4,6,6,4,4,4,5,5,2,12,3,10,2,4,C03,7,6,1,10,2,13,,84,84,1,13,4,120.6442,24.133366,2
2645,66000,387130000C,(04)23274275,(04)23288582,2025,03,7,16,34,臺中市,烏日區,0,1,0,7,3,6,50,13,9,1,5,4,6,6,4,4,9,5,5,2,12,2,9,1,1,C03,7,9,1,10,2,11,12,84,84,1,6,4,120.610336,24.11075,2
2646,66000,387130000C,(04)23274275,(04)23288582,2025,03,7,16,36,臺中市,北屯區,0,1,0,7,2,6,50,13,9,1,5,4,6,6,2,1,1,4,5,2,13,2,9,2,1,C03,7,9,1,10,2,14,,7,7,1,6,4,120.694228,24.164588,2
2647,66000,387130000C,(04)23274275,(04)23288582,2025,03,7,16,38,臺中市,沙鹿區,0,0,0,7,,,50,,,,,,,,,,,,,,17,,,,,B03,,,1,,2,,,85,85,1,6,4,120.566831,24.204652,4
2648,66000,387130000C,(04)23274275,(04)23288582,2025,03,7,16,38,臺中市,東勢區,0,0,0,7,,,50,,,,,,,,,,,,,,12,,,,,B03,,,1,,2,,,65,65,1,13,4,120.839079,24.194341,3
2649,66000,387130000C,(04)23274275,(04)23288582,2025,03,7,16,41,臺中市,西區,0,1,0,7,2,6,50,4,1,1,5,4,6,6,4,4,10,5,5,2,18,2,9,1,1,C03,7,9,1,10,2,12,,5,5,1,13,4,120.660888,24.146695,2
2650,66000,387130000C,(04)23274275,(04)23288582,2025,03,7,16,42,臺中市,潭子區,0,2,0,7,2,6,50,5,1,1,5,4,6,6,1,1,10,5,5,2,13,2,7,2,1,C03,7,9,1,10,2,11,,58,58,1,12,4,120.714819,24.200062,2
2651,66000,387130000C,(04)23274275,(04)23288582,2025,03,7,16,52,臺中市,南區,0,0,0,7,,,50,,,,,,,,,,,,,,17,,,,,B03,,,1,,1,,,50,50,1,13,4,120.655464,24.124055,3
2652,66000,387130000C,(04)23274275,(04)23288582,2025,03,7,16,53,臺中市,南區,0,1,0,7,2,6,50,4,1,1,5,4,6,6,2,1,1,4,5,2,18,2,1,1,1,C03,7,5,1,10,2,14,,84,84,1,12,4,120.650055,24.120753,2
2653,66000,387130000C,(04)23274275,(04)23288582,2025,03,7,16,55,臺中市,北屯區,0,2,0,6,2,6,40,4,1,1,5,4,6,6,4,4,10,5,5,2,15,2,9,1,1,C03,7,9,1,10,9,11,,15,15,1,12,4,120.668507,24.179715,2
2654,66000,387130000C,(04)23274275,(04)23288582,2025,03,7,16,56,臺中市,太平區,0,1,0,6,2,6,50,4,1,1,5,4,6,6,1,1,10,5,5,2,18,2,8,2,1,C03,7,12,1,10,2,16,,84,84,1,12,4,120.711076,24.11068,2
2655,66000,387130000C,(04)23274275,(04)23288582,2025,03,7,17,0,臺中市,北區,0,1,0,7,2,6,50,3,2,1,5,4,6,6,4,4,5,4,5,2,17,2,9,5,1,C03,7,9,1,10,2,11,,7,7,1,13,4,120.677105,24.152332,2
2656,66000,387130000C,(04)23274275,(04)23288582,2025,03,7,17,0,臺中市,東區,0,1,0,7,2,6,50,3,2,1,5,4,6,6,4,4,10,5,5,2,16,2,9,1,1,C03,7,6,1,10,2,13,14,13,13,1,12,4,120.69423,24.133012,2
2657,66000,387130000C,(04)23274275,(04)23288582,2025,03,7,17,0,臺中市,霧峰區,0,0,0,7,,,50,,,,,,,,,,,,,,17,,,,,C03,,,1,,2,,,11,11,1,6,4,120.698302,24.061913,3
2658,66000,387130000C,(04)23274275,(04)23288582,2025,03,7,17,1,臺中市,北屯區,0,1,0,6,2,6,40,3,1,1,5,4,6,6,4,4,5,4,5,2,17,3,10,6,1,F01,7,9,7,21,2,11,,58,58,1,12,4,120.70977,24.18233,2
2659,66000,387130000C,(04)23274275,(04)23288582,2025,03,7,17,10,臺中市,北區,0,2,0,7,1,6,50,4,1,1,5,4,6,6,1,1,10,5,5,2,17,3,10,5,4,B03,7,1,1,8,2,8,,51,51,1,13,4,120.666653,24.154712,2
2660,66000,387130000C,(04)23274275,(04)23288582,2025,03,7,17,12,臺中市,北屯區,0,1,0,7,2,6,50,3,1,1,5,4,6,6,1,1,10,5,5,2,16,2,7,1,1,C03,7,5,1,10,1,11,,11,11,1,12,4,120.704597,24.171323,2
2661,66000,387130000C,(04)23274275,(04)23288582,2025,03,7,17,15,臺中市,西區,0,0,0,5,,,50,,,,,,,,,,,,,,17,,,,,C03,,,1,,1,,,84,84,1,12,4,120.656993,24.135719,3
2662,66000,387130000C,(04)23274275,(04)23288582,2025,03,7,17,15,臺中市,北屯區,0,0,0,7,,,50,,,,,,,,,,,,,,12,,,,,B03,,,5,,9,,,8,8,2,12,4,120.700063,24.177391,3
2663,66000,387130000C,(04)23274275,(04)23288582,2025,03,7,17,19,臺中市,霧峰區,0,0,0,7,2,6,40,13,7,1,5,4,6,6,4,4,1,4,5,1,12,,,,,B03,,,1,,1,,,8,8,1,6,4,120.66244,24.067496,3
2664,66000,387130000C,(04)23274275,(04)23288582,2025,03,7,17,19,臺中市,神岡區,0,1,0,7,3,6,50,4,1,1,5,4,6,6,1,1,3,5,5,2,16,3,10,1,1,C03,7,6,1,10,2,11,,20,20,1,13,4,120.689391,24.257879,2
2665,66000,387130000C,(04)23274275,(04)23288582,2025,03,7,17,20,臺中市,東區,0,2,0,7,2,6,50,3,1,1,5,4,6,6,1,1,5,3,5,2,17,2,9,1,1,C03,7,5,1,10,2,12,,84,84,1,13,4,120.698695,24.132945,2
2666,66000,387130000C,(04)23274275,(04)23288582,2025,03,7,17,21,臺中市,南屯區,0,1,0,7,2,6,50,13,9,1,5,4,6,6,4,4,9,5,5,2,17,3,10,3,1,B03,7,5,1,8,2,2,,84,84,1,12,4,120.610531,24.149381,2
2667,66000,387130000C,(04)23274275,(04)23288582,2025,03,7,17,21,臺中市,西屯區,0,0,0,7,,,50,,,,,,,,,,,,,,13,,,,,B03,,,1,,1,,,59,59,1,12,4,120.607796,24.195564,3
2668,66000,387130000C,(04)23274275,(04)23288582,2025,03,7,17,22,臺中市,豐原區,0,0,0,7,,,50,,,,,,,,,,,,,,17,,,,,C03,,,1,,11,,,87,87,1,12,4,120.732684,24.259083,3
2669,66000,387130000C,(04)23274275,(04)23288582,2025,03,7,17,24,臺中市,太平區,0,0,0,6,2,6,50,13,9,1,5,4,6,6,4,4,5,5,5,1,13,3,10,3,1,B03,7,9,1,8,2,5,,59,59,1,6,4,120.720141,24.121087,3
2670,66000,387130000C,(04)23274275,(04)23288582,2025,03,7,17,26,臺中市,太平區,0,0,0,7,,,40,,,,,,,,,,,,,,13,,,,,C03,,,1,,2,,,7,7,1,12,4,120.735825,24.132748,3
2671,66000,387130000C,(04)23274275,(04)23288582,2025,03,7,17,29,臺中市,南區,0,0,0,7,,,50,,,,,,,,,,,,,,17,,,,,C03,,,1,,1,,,7,7,1,12,4,120.671811,24.119156,3
2672,66000,387130000C,(04)23274275,(04)23288582,2025,03,7,17,29,臺中市,西屯區,0,0,0,7,,,60,,,,,,,,,,,,,,,,,,,B03,,,1,,2,,,87,87,1,5,4,120.639183,24.159092,3
2673,66000,387130000C,(04)23274275,(04)23288582,2025,03,7,17,35,臺中市,烏日區,0,1,0,7,2,6,50,4,1,1,5,4,6,6,1,1,5,4,5,1,16,3,10,3,1,B03,7,5,1,8,2,2,,11,11,1,6,4,120.648539,24.093302,2
2674,66000,387130000C,(04)23274275,(04)23288582,2025,03,7,17,36,臺中市,太平區,0,0,0,6,,,30,,,,,,,,,,,,,,13,,,,,C03,,,1,,2,,,7,7,1,13,4,120.727116,24.127076,3
2675,66000,387130000C,(04)23274275,(04)23288582,2025,03,7,17,40,臺中市,南屯區,0,0,0,7,,,50,,,,,,,,,,,,,,,,,,,A05,,,1,,1,,,59,59,1,6,4,120.621889,24.150485,3
2676,66000,387130000C,(04)23274275,(04)23288582,2025,03,7,17,42,臺中市,南屯區,0,0,0,7,,,50,,,,,,,,,,,,,,13,,,,,B03,,,1,,1,,,7,7,1,12,4,120.637184,24.15155,3
2677,66000,387130000C,(04)23274275,(04)23288582,2025,03,7,17,45,臺中市,太平區,0,0,0,6,2,6,30,13,9,1,5,4,6,6,4,4,5,5,5,2,17,3,10,3,1,B03,7,1,1,8,2,5,,84,84,1,6,4,120.719637,24.130961,3
2678,66000,387130000C,(04)23274275,(04)23288582,2025,03,7,17,47,臺中市,西屯區,0,0,0,7,,,30,,,,,,,,,,,,,,11,,,,,B03,,,1,,9,,,85,85,1,12,4,120.64662,24.182057,3
2679,66000,387130000C,(04)23274275,(04)23288582,2025,03,7,17,48,臺中市,北屯區,0,0,0,6,,,50,,,,,,,,,,,,,,17,,,,,B03,,,1,,1,,,50,50,1,6,4,120.692043,24.16963,3
2680,66000,387130000C,(04)23274275,(04)23288582,2025,03,7,17,50,臺中市,北屯區,0,0,0,7,,,50,,,,,,,,,,,,,,30,,,,,B03,,,1,,1,,,77,77,1,6,4,120.67997,24.176484,3
2681,66000,387130000C,(04)23274275,(04)23288582,2025,03,7,17,51,臺中市,神岡區,0,0,0,7,,,50,,,,,,,,,,,,,,11,,,,,B03,,,1,,1,,,11,11,1,6,4,120.677428,24.264751,3
2682,66000,387130000C,(04)23274275,(04)23288582,2025,03,7,17,52,臺中市,西屯區,0,0,0,7,,,40,,,,,,,,,,,,,,11,,,,,B12,,,1,,1,,,8,8,1,12,4,120.666608,24.177154,4
2683,66000,387130000C,(04)23274275,(04)23288582,2025,03,7,17,52,臺中市,沙鹿區,0,1,0,6,2,6,50,3,1,1,5,4,6,6,4,4,1,4,4,2,16,3,10,3,1,B03,7,5,1,8,2,2,,14,14,1,6,4,120.553587,24.217985,2
2684,66000,387130000C,(04)23274275,(04)23288582,2025,03,7,17,53,臺中市,東區,0,1,0,7,1,6,50,4,1,1,5,4,6,6,1,1,10,5,5,2,16,3,10,3,1,B03,7,6,1,8,2,5,,87,87,1,13,4,120.706347,24.136694,2
2685,66000,387130000C,(04)23274275,(04)23288582,2025,03,7,17,54,臺中市,西區,0,0,0,7,,,50,,,,,,,,,,,,,,13,,,,,B03,,,1,,1,,,7,7,1,12,4,120.65271,24.148425,3
2686,66000,387130000C,(04)23274275,(04)23288582,2025,03,7,17,55,臺中市,大里區,0,0,0,7,,,25,,,,,,,,,,,,,,13,,,,,B03,,,1,,2,,,84,84,1,12,4,120.697075,24.111266,3
2687,66000,387130000C,(04)23274275,(04)23288582,2025,03,7,17,56,臺中市,大里區,0,0,0,7,,,50,,,,,,,,,,,,,,16,,,,,C03,,,3,,2,,,51,51,1,12,4,120.700362,24.092369,3
2688,66000,387130000C,(04)23274275,(04)23288582,2025,03,7,17,56,臺中市,豐原區,0,0,0,7,,,50,,,,,,,,,,,,,,14,,,,,B03,,,1,,2,,,49,49,1,12,4,120.71995,24.26361,3
2689,66000,387130000C,(04)23274275,(04)23288582,2025,03,7,17,57,臺中市,南屯區,0,1,0,7,1,6,50,13,7,1,5,4,6,6,4,4,4,3,5,2,17,2,9,2,4,C03,7,9,1,10,2,11,12,84,84,1,13,4,120.619116,24.139726,2
2690,66000,387130000C,(04)23274275,(04)23288582,2025,03,7,17,57,臺中市,烏日區,0,0,0,7,,,50,,,,,,,,,,,,,,,,,,,B03,,,1,,1,,,7,7,1,6,4,120.604904,24.110277,3
2691,66000,387130000C,(04)23274275,(04)23288582,2025,03,7,17,58,臺中市,霧峰區,0,0,0,7,,,50,,,,,,,,,,,,,,17,,,,,B03,,,1,8,2,,,84,84,1,13,4,120.662522,24.072078,3
2692,66000,387130000C,(04)23274275,(04)23288582,2025,03,7,18,0,臺中市,南屯區,0,1,0,7,1,6,50,3,1,1,5,4,6,6,3,1,10,5,5,2,18,2,9,2,4,C03,7,9,1,10,2,12,,84,84,1,13,4,120.636203,24.13424,2
2693,66000,387130000C,(04)23274275,(04)23288582,2025,03,7,18,0,臺中市,南屯區,0,1,0,7,1,6,50,13,9,1,5,4,6,6,4,4,1,4,5,2,13,2,9,1,1,C03,7,9,1,10,2,11,,7,7,1,12,4,120.646833,24.147942,2