﻿序號,縣市別代碼,機關代碼,市話,傳真,年,月,日,時,分,縣市,區,死亡數量,受傷數量,2-30,天候,道路照明設備,道路類別,道路速限,道路型態,事故位置,路面鋪裝,路面狀態,路面缺陷,障礙物,視距,號誌種類,號誌動作,分向設施,快車道或一般車道間,快慢車道間,路面邊線,事故類型及型態,受傷程度,主要傷處,保護裝備,行動電話或功能裝置,當事者區分_類別,車輛用途,當事者行動狀態,駕照狀態,駕照種類,飲酒情形,車輛撞擊部位最初,車輛撞擊部位其他,肇事因素個別,肇事因素主要,肇事逃逸,職業,共享經濟或外送平台,GPS座標X,GPS座標Y,事故類別
2694,66000,387130000C,(04)23274275,(04)23288582,2025,03,7,18,0,臺中市,南屯區,0,0,0,7,,,60,,,,,,,,,,,,,,,,,,,B03,,,1,,1,,,59,59,1,6,4,120.623376,24.150155,3
2695,66000,387130000C,(04)23274275,(04)23288582,2025,03,7,18,1,臺中市,西區,0,0,0,7,,,50,,,,,,,,,,,,,,17,,,,,B11,,,1,,1,,,40,40,1,12,4,120.678833,24.147536,3
2696,66000,387130000C,(04)23274275,(04)23288582,2025,03,7,18,1,臺中市,西屯區,0,0,0,7,,,50,,,,,,,,,,,,,,13,,,,,B03,,,1,,2,,,7,7,1,13,4,120.661694,24.171901,3
2697,66000,387130000C,(04)23274275,(04)23288582,2025,03,7,18,7,臺中市,北區,0,0,0,7,,,50,,,,,,,,,,,,,,,,,,,C03,,,1,,2,,,7,7,1,12,4,120.684937,24.164983,3
2698,66000,387130000C,(04)23274275,(04)23288582,2025,03,7,18,7,臺中市,烏日區,0,2,0,7,1,6,50,13,9,1,5,4,6,6,4,4,5,5,5,2,13,2,9,1,1,C03,7,9,1,10,2,11,,7,7,1,6,4,120.625238,24.107448,2
2699,66000,387130000C,(04)23274275,(04)23288582,2025,03,7,18,8,臺中市,霧峰區,0,0,0,7,,,50,,,,,,,,,,,,,,17,,,,,B03,,,1,,2,,,8,8,1,6,4,120.662827,24.066472,3
2700,66000,387130000C,(04)23274275,(04)23288582,2025,03,7,18,10,臺中市,西區,0,0,0,7,,,50,,,,,,,,,,,,,,13,,,,,B03,,,1,,1,,,7,7,1,12,4,120.671889,24.131829,3
2701,66000,387130000C,(04)23274275,(04)23288582,2025,03,7,18,11,臺中市,潭子區,0,0,0,6,,,80,,,,,,,,,,,,,,,,,,,B03,,,1,,2,,,84,84,1,13,4,120.715523,24.199445,3
2702,66000,387130000C,(04)23274275,(04)23288582,2025,03,7,18,11,臺中市,沙鹿區,0,0,0,7,,,50,,,,,,,,,,,,,,12,,,,,B03,,,1,,2,,,84,84,1,6,4,120.562847,24.251573,3
2703,66000,387130000C,(04)23274275,(04)23288582,2025,03,7,18,18,臺中市,大雅區,0,1,0,7,1,6,60,4,1,1,5,4,6,6,1,1,1,4,5,1,17,3,10,3,1,B03,7,6,1,8,2,6,,11,11,1,13,4,120.674234,24.240444,2
2704,66000,387130000C,(04)23274275,(04)23288582,2025,03,7,18,22,臺中市,南屯區,0,0,0,7,,,50,,,,,,,,,,,,,,13,,,,,C03,,,1,,2,,,7,7,1,13,4,120.616228,24.152712,3
2705,66000,387130000C,(04)23274275,(04)23288582,2025,03,7,18,22,臺中市,北屯區,0,1,0,7,3,6,50,4,1,1,5,4,6,6,2,1,10,5,5,2,13,2,8,2,1,C03,7,9,1,10,2,11,,7,7,1,12,4,120.721003,24.175968,2
2706,66000,387130000C,(04)23274275,(04)23288582,2025,03,7,18,22,臺中市,太平區,0,0,0,7,,,50,,,,,,,,,,,,,,17,,,,,C03,,,1,,9,,,50,50,1,12,4,120.714288,24.126494,3
2707,66000,387130000C,(04)23274275,(04)23288582,2025,03,7,18,23,臺中市,南區,0,0,0,7,,,40,,,,,,,,,,,,,,13,,,,,C03,,,1,,2,,,7,7,1,12,4,120.662432,24.123018,3
2708,66000,387130000C,(04)23274275,(04)23288582,2025,03,7,18,24,臺中市,西屯區,0,1,0,7,1,6,50,13,7,1,5,4,6,6,4,4,1,4,4,2,13,2,7,5,4,C03,7,7,1,10,2,11,,7,7,1,13,4,120.628737,24.180753,2
2709,66000,387130000C,(04)23274275,(04)23288582,2025,03,7,18,24,臺中市,西屯區,0,1,0,7,1,6,50,3,1,1,5,4,6,6,4,4,10,5,5,2,13,2,9,5,4,C03,7,9,1,10,2,11,,59,59,1,13,4,120.657219,24.168241,2
2710,66000,387130000C,(04)23274275,(04)23288582,2025,03,7,18,25,臺中市,南屯區,0,0,0,7,,,50,,,,,,,,,,,,,,,,,,,B03,,,5,,1,,,8,8,1,12,4,120.636324,24.152699,3
2711,66000,387130000C,(04)23274275,(04)23288582,2025,03,7,18,25,臺中市,外埔區,0,1,0,7,1,6,50,13,9,1,5,4,6,6,4,4,5,5,5,1,18,2,9,2,1,C03,7,9,5,19,7,11,,84,84,1,12,4,120.654526,24.332558,2
2712,66000,387130000C,(04)23274275,(04)23288582,2025,03,7,18,25,臺中市,豐原區,0,0,0,7,,,50,,,,,,,,,,,,,,13,,,,,C03,,,1,,2,,,7,7,1,12,4,120.720675,24.252049,3
2713,66000,387130000C,(04)23274275,(04)23288582,2025,03,7,18,27,臺中市,東區,0,1,0,7,1,6,50,13,9,1,5,4,6,6,4,4,9,5,5,2,12,2,9,1,1,C03,7,1,1,10,2,14,,51,51,1,12,4,120.689866,24.145561,2
2714,66000,387130000C,(04)23274275,(04)23288582,2025,03,7,18,30,臺中市,南屯區,0,0,0,7,,,50,,,,,,,,,,,,,,,,,,,C03,,,1,,2,,,84,84,1,6,4,120.642251,24.140935,4
2715,66000,387130000C,(04)23274275,(04)23288582,2025,03,7,18,30,臺中市,烏日區,0,1,0,7,2,6,50,13,7,1,5,4,6,6,4,4,5,4,4,2,12,2,8,1,1,C03,7,9,1,10,2,14,,84,84,1,13,4,120.634427,24.105904,2
2716,66000,387130000C,(04)23274275,(04)23288582,2025,03,7,18,30,臺中市,神岡區,0,1,0,7,3,6,30,4,1,1,5,4,6,6,4,4,9,5,5,2,28,2,9,1,1,C03,7,9,1,10,2,16,,6,6,1,13,4,120.68099,24.250003,2
2717,66000,387130000C,(04)23274275,(04)23288582,2025,03,7,18,31,臺中市,西區,0,0,0,6,,,50,,,,,,,,,,,,,,17,,,,,C03,,,1,,1,,,84,84,1,12,4,120.673597,24.149171,3
2718,66000,387130000C,(04)23274275,(04)23288582,2025,03,7,18,35,臺中市,北屯區,0,0,0,7,,,50,,,,,,,,,,,,,,14,,,,,B03,,,1,,1,,,49,49,1,12,4,120.682689,24.174224,3
2719,66000,387130000C,(04)23274275,(04)23288582,2025,03,7,18,36,臺中市,北屯區,0,0,0,6,,,50,,,,,,,,,,,,,,13,,,,,B03,,,1,,1,,,7,7,1,6,4,120.692794,24.162343,3
2720,66000,387130000C,(04)23274275,(04)23288582,2025,03,7,18,36,臺中市,北屯區,0,0,0,7,,,50,,,,,,,,,,,,,,13,,,,,B03,,,1,,2,,,7,7,1,12,4,120.698268,24.171906,3
2721,66000,387130000C,(04)23274275,(04)23288582,2025,03,7,18,37,臺中市,豐原區,0,0,0,7,,,50,,,,,,,,,,,,,,13,,,,,B03,,,1,,2,,,84,84,1,12,4,120.720312,24.235954,3
2722,66000,387130000C,(04)23274275,(04)23288582,2025,03,7,18,40,臺中市,西屯區,0,1,0,7,1,6,50,3,2,1,5,4,6,6,4,4,10,4,5,2,13,3,10,3,1,B03,7,9,1,8,1,1,,7,7,1,12,4,120.637136,24.170976,2
2723,66000,387130000C,(04)23274275,(04)23288582,2025,03,7,18,42,臺中市,南屯區,0,0,0,7,,,50,,,,,,,,,,,,,,12,,,,,B03,,,1,,1,,,40,40,1,13,4,120.632742,24.137427,3
2724,66000,387130000C,(04)23274275,(04)23288582,2025,03,7,18,43,臺中市,大肚區,0,1,0,7,1,6,30,13,9,1,5,4,6,6,4,4,10,5,5,2,28,,,,,,,,,,,,,119,119,1,,,120.572447,24.124094,2
2725,66000,387130000C,(04)23274275,(04)23288582,2025,03,7,18,50,臺中市,沙鹿區,0,2,0,6,1,6,60,3,1,1,5,4,6,6,1,1,10,5,5,2,16,2,9,2,1,C03,7,9,1,10,2,12,,21,21,1,6,4,120.617863,24.243103,2
2726,66000,387130000C,(04)23274275,(04)23288582,2025,03,7,18,57,臺中市,大里區,0,0,0,7,2,6,50,13,1,1,5,4,6,6,4,4,10,5,5,1,17,,,,,C03,,,1,,2,,,84,84,1,6,4,120.700892,24.088795,3
2727,66000,387130000C,(04)23274275,(04)23288582,2025,03,7,19,0,臺中市,南屯區,0,0,0,7,1,6,50,13,7,1,5,4,6,6,4,4,9,5,4,2,13,,,,,B03,,,1,,1,,,7,7,1,12,4,120.635253,24.15051,3
2728,66000,387130000C,(04)23274275,(04)23288582,2025,03,7,19,2,臺中市,東區,0,0,0,7,,,50,,,,,,,,,,,,,,17,,,,,B03,,,1,,2,,,40,40,1,13,4,120.691441,24.133594,3
2729,66000,387130000C,(04)23274275,(04)23288582,2025,03,7,19,3,臺中市,北屯區,0,0,0,7,,,80,,,,,,,,,,,,,,,,,,,B03,,,1,,1,,,7,7,1,6,4,120.720718,24.171189,3
2730,66000,387130000C,(04)23274275,(04)23288582,2025,03,7,19,3,臺中市,大里區,0,1,0,7,3,6,50,13,8,1,5,4,6,6,4,4,5,4,4,1,16,3,10,5,4,C03,7,6,3,19,2,11,,84,84,1,13,4,120.688904,24.106561,2
2731,66000,387130000C,(04)23274275,(04)23288582,2025,03,7,19,4,臺中市,南區,0,3,0,7,1,6,50,3,1,1,5,4,6,6,4,4,9,4,4,2,17,2,9,2,1,C03,7,6,1,10,2,11,,48,48,1,12,4,120.674293,24.131713,2
2732,66000,387130000C,(04)23274275,(04)23288582,2025,03,7,19,7,臺中市,豐原區,0,1,0,7,1,6,50,3,1,1,5,4,6,6,4,4,5,5,4,1,16,3,10,5,4,B03,7,6,1,8,2,8,,14,14,1,12,4,120.726247,24.252144,2
2733,66000,387130000C,(04)23274275,(04)23288582,2025,03,7,19,8,臺中市,豐原區,0,1,0,7,1,6,50,4,1,1,5,4,6,6,1,1,1,4,4,1,13,3,10,3,1,B03,7,5,1,8,2,4,,20,20,1,12,4,120.747623,24.266444,2
2734,66000,387130000C,(04)23274275,(04)23288582,2025,03,7,19,9,臺中市,北屯區,0,1,0,7,1,6,80,13,9,1,5,4,6,6,4,4,1,4,5,2,23,2,9,3,1,B12,7,15,1,8,2,8,,43,43,1,6,4,120.720831,24.172237,2
2735,66000,387130000C,(04)23274275,(04)23288582,2025,03,7,19,9,臺中市,外埔區,0,0,0,7,1,6,50,13,9,1,5,4,6,6,4,4,5,4,5,1,17,3,10,3,1,A12,7,9,1,3,2,2,,8,8,1,8,4,120.653772,24.331843,3
2736,66000,387130000C,(04)23274275,(04)23288582,2025,03,7,19,12,臺中市,西屯區,0,1,0,7,1,6,50,4,1,1,5,4,6,6,1,1,3,4,4,2,17,3,10,3,1,B03,7,15,3,19,9,16,,21,21,1,12,4,120.632545,24.170095,2
2737,66000,387130000C,(04)23274275,(04)23288582,2025,03,7,19,15,臺中市,北屯區,0,2,0,7,1,6,50,4,1,1,5,4,6,6,2,1,10,5,5,2,12,2,8,1,1,C03,7,9,1,10,2,14,,39,39,1,12,4,120.697704,24.170535,2
2738,66000,387130000C,(04)23274275,(04)23288582,2025,03,7,19,16,臺中市,北屯區,0,0,0,7,,,80,,,,,,,,,,,,,,13,,,,,B03,,,1,,1,,,7,7,1,12,4,120.720727,24.171528,3
2739,66000,387130000C,(04)23274275,(04)23288582,2025,03,7,19,17,臺中市,東區,0,1,0,7,1,6,50,3,1,1,5,4,6,6,4,4,10,5,5,2,16,3,10,3,1,B03,7,5,1,8,2,2,,14,14,1,13,4,120.707015,24.136384,2
2740,66000,387130000C,(04)23274275,(04)23288582,2025,03,7,19,20,臺中市,大雅區,0,0,0,6,,,0,,,,,,,,,,,,,,,,,,,B12,,,1,,2,,,49,49,1,13,4,120.656748,24.225059,3
2741,66000,387130000C,(04)23274275,(04)23288582,2025,03,7,19,20,臺中市,西屯區,0,1,0,7,1,6,40,3,1,1,5,4,6,6,4,4,10,5,5,2,16,3,10,3,4,B03,7,6,1,8,2,4,,14,14,1,12,4,120.615185,24.182384,2
2742,66000,387130000C,(04)23274275,(04)23288582,2025,03,7,19,26,臺中市,北屯區,0,0,0,7,,,30,,,,,,,,,,,,,,11,,,,,B03,,,1,,1,,,41,41,1,12,4,120.714138,24.17419,3
2743,66000,387130000C,(04)23274275,(04)23288582,2025,03,7,19,30,臺中市,北屯區,0,0,0,7,,,80,,,,,,,,,,,,,,13,,,,,B03,,,1,,1,,,7,7,1,6,4,120.720861,24.170418,3
2744,66000,387130000C,(04)23274275,(04)23288582,2025,03,7,19,30,臺中市,沙鹿區,0,0,0,7,,,30,,,,,,,,,,,,,,17,,,,,B02,,,1,,2,,,43,43,1,5,4,120.55357,24.217385,3
2745,66000,387130000C,(04)23274275,(04)23288582,2025,03,7,19,38,臺中市,西屯區,0,1,0,6,1,6,50,4,9,1,5,4,6,6,2,1,3,4,5,2,16,2,8,1,1,C03,7,5,1,10,1,12,,11,11,1,13,4,120.655134,24.199903,2
2746,66000,387130000C,(04)23274275,(04)23288582,2025,03,7,19,40,臺中市,南屯區,0,2,0,7,1,6,30,4,1,1,5,4,6,6,4,4,10,5,5,2,15,2,9,1,1,C03,7,9,1,10,2,12,,15,15,1,12,4,120.612167,24.135709,2
2747,66000,387130000C,(04)23274275,(04)23288582,2025,03,7,19,42,臺中市,南屯區,0,2,0,7,1,6,50,13,9,1,5,4,6,6,4,4,4,5,5,2,14,3,10,5,4,B03,7,2,1,8,2,3,,39,39,1,13,4,120.649405,24.135925,2
2748,66000,387130000C,(04)23274275,(04)23288582,2025,03,7,19,44,臺中市,霧峰區,0,0,0,7,,,30,,,,,,,,,,,,,,25,,,,,B02,,,1,,2,,,50,50,1,12,4,120.712077,24.078049,3
2749,66000,387130000C,(04)23274275,(04)23288582,2025,03,7,19,48,臺中市,北區,0,1,0,7,1,6,30,3,1,1,5,4,6,6,4,4,5,5,5,2,16,3,10,3,1,B03,7,6,1,8,2,4,,14,14,1,12,4,120.681428,24.151219,2
2750,66000,387130000C,(04)23274275,(04)23288582,2025,03,7,19,50,臺中市,大雅區,0,2,0,6,1,6,30,4,2,1,5,4,6,6,4,4,10,5,5,1,17,2,9,1,1,C03,7,9,1,10,2,11,,15,15,1,13,4,120.655213,24.22201,2
2751,66000,387130000C,(04)23274275,(04)23288582,2025,03,7,19,50,臺中市,大雅區,0,1,0,6,1,6,30,4,1,1,5,4,6,6,4,4,10,5,5,2,17,3,10,1,1,C03,7,5,3,19,2,14,,14,14,1,13,4,120.632302,24.229435,2
2752,66000,387130000C,(04)23274275,(04)23288582,2025,03,7,19,50,臺中市,南屯區,0,0,0,7,,,50,,,,,,,,,,,,,,,,,,,C03,,,1,,1,,,84,84,1,6,4,120.648723,24.146782,4
2753,66000,387130000C,(04)23274275,(04)23288582,2025,03,7,19,55,臺中市,南屯區,0,1,0,7,1,6,50,4,1,1,5,4,6,6,1,1,10,5,5,2,17,2,9,2,1,C03,7,6,1,10,2,14,,84,84,1,12,4,120.636436,24.155805,2
2754,66000,387130000C,(04)23274275,(04)23288582,2025,03,7,19,58,臺中市,北屯區,0,1,0,7,1,6,50,4,1,1,5,4,6,6,2,1,10,5,5,2,16,3,10,3,1,B03,7,5,1,8,2,2,,11,11,1,6,4,120.699599,24.1648,2
2755,66000,387130000C,(04)23274275,(04)23288582,2025,03,7,20,0,臺中市,南屯區,0,0,0,7,1,6,50,13,9,1,5,4,6,6,1,1,5,5,5,2,27,,,,,A12,,,1,,2,,,84,84,1,12,4,120.641451,24.138387,3
2756,66000,387130000C,(04)23274275,(04)23288582,2025,03,7,20,0,臺中市,南屯區,0,0,0,7,,,50,,,,,,,,,,,,,,,,,,,,,,,,,,,119,119,1,,,120.633966,24.144789,3
2757,66000,387130000C,(04)23274275,(04)23288582,2025,03,7,20,0,臺中市,霧峰區,0,1,0,7,1,6,30,13,9,1,5,4,6,6,4,4,10,5,5,1,30,2,9,5,4,C03,7,9,1,10,2,11,,84,84,1,13,4,120.709054,24.075204,2
2758,66000,387130000C,(04)23274275,(04)23288582,2025,03,7,20,3,臺中市,北屯區,0,0,0,7,,,40,,,,,,,,,,,,,,13,,,,,C03,,,1,,1,,,7,7,1,6,4,120.720697,24.178815,4
2759,66000,387130000C,(04)23274275,(04)23288582,2025,03,7,20,6,臺中市,南屯區,0,0,0,7,,,80,,,,,,,,,,,,,,9,,,,,B03,,,1,,2,,,85,85,1,12,4,120.623033,24.140267,3
2760,66000,387130000C,(04)23274275,(04)23288582,2025,03,7,20,9,臺中市,梧棲區,0,2,0,7,2,6,30,4,1,1,5,4,6,6,4,4,10,5,5,2,15,2,9,1,1,C03,7,9,1,10,2,11,,15,15,1,6,4,120.549617,24.255257,2
2761,66000,387130000C,(04)23274275,(04)23288582,2025,03,7,20,11,臺中市,北屯區,0,0,0,7,,,,,,,,,,,,,,,,,17,,,,,,,,,,,,,119,119,1,,,120.672511,24.184728,3
2762,66000,387130000C,(04)23274275,(04)23288582,2025,03,7,20,11,臺中市,北屯區,0,2,0,7,1,6,50,4,1,1,5,4,6,6,4,4,10,5,5,2,15,2,7,1,1,C03,7,9,1,10,2,11,14,13,13,1,12,4,120.6792,24.175245,2
2763,66000,387130000C,(04)23274275,(04)23288582,2025,03,7,20,12,臺中市,北區,0,0,0,7,,,50,,,,,,,,,,,,,,17,,,,,B03,,,1,,1,,,7,7,1,13,4,120.680853,24.149177,3
2764,66000,387130000C,(04)23274275,(04)23288582,2025,03,7,20,15,臺中市,西區,0,2,0,7,1,6,50,3,1,1,5,4,3,6,4,4,10,5,5,2,17,2,8,2,1,C03,7,15,1,10,1,11,,4,4,1,12,4,120.656174,24.144962,2
2765,66000,387130000C,(04)23274275,(04)23288582,2025,03,7,20,15,臺中市,龍井區,0,0,0,7,,,30,,,,,,,,,,,,,,12,,,,,B03,,,1,,1,,,8,8,1,6,4,120.578062,24.180553,3
2766,66000,387130000C,(04)23274275,(04)23288582,2025,03,7,20,19,臺中市,西屯區,0,0,0,7,,,50,,,,,,,,,,,,,,13,,,,,B03,,,1,,1,,,59,59,1,12,4,120.637949,24.17056,3
2767,66000,387130000C,(04)23274275,(04)23288582,2025,03,7,20,20,臺中市,南屯區,0,1,0,7,1,6,50,13,8,1,5,4,6,6,4,4,1,3,4,2,13,2,9,5,4,C03,7,9,1,10,2,11,12,84,84,1,13,4,120.626332,24.144954,2
2768,66000,387130000C,(04)23274275,(04)23288582,2025,03,7,20,24,臺中市,大甲區,0,0,0,5,,,50,,,,,,,,,,,,,,12,,,,,B03,,,1,,7,,,53,53,1,6,4,120.649143,24.408368,3
2769,66000,387130000C,(04)23274275,(04)23288582,2025,03,7,20,30,臺中市,南屯區,0,1,0,7,1,6,50,4,1,1,5,4,6,6,2,1,10,5,5,2,17,3,10,1,1,C03,7,5,1,10,2,11,,7,7,1,6,4,120.633946,24.146191,2
2770,66000,387130000C,(04)23274275,(04)23288582,2025,03,7,20,33,臺中市,東區,0,0,0,7,,,50,,,,,,,,,,,,,,17,,,,,B03,,,1,,1,,,11,11,1,13,4,120.690266,24.13174,3
2771,66000,387130000C,(04)23274275,(04)23288582,2025,03,7,20,33,臺中市,東區,0,0,0,7,,,50,,,,,,,,,,,,,,12,,,,,C04,,,1,,1,,,40,40,1,12,4,120.693535,24.14277,3
2772,66000,387130000C,(04)23274275,(04)23288582,2025,03,7,20,34,臺中市,西屯區,0,2,0,7,1,6,50,3,1,1,5,4,6,6,1,1,5,5,5,2,13,3,10,3,1,B03,7,9,1,8,2,1,,7,7,1,12,4,120.661951,24.176288,2
2773,66000,387130000C,(04)23274275,(04)23288582,2025,03,7,20,34,臺中市,豐原區,0,0,0,7,,,50,,,,,,,,,,,,,,17,,,,,B03,,,1,,2,,,84,84,1,12,4,120.720916,24.252257,3
2774,66000,387130000C,(04)23274275,(04)23288582,2025,03,7,20,48,臺中市,太平區,0,0,0,7,,,30,,,,,,,,,,,,,,17,,,,,B12,,,1,,2,,,84,84,1,13,4,120.707039,24.157411,3
2775,66000,387130000C,(04)23274275,(04)23288582,2025,03,7,20,49,臺中市,西屯區,0,0,0,7,1,6,50,13,9,1,5,4,6,6,4,4,1,3,5,1,13,3,10,3,4,B02,7,9,1,8,1,1,,7,7,1,12,4,120.656109,24.169599,3
2776,66000,387130000C,(04)23274275,(04)23288582,2025,03,7,20,51,臺中市,北區,0,0,0,7,,,50,,,,,,,,,,,,,,17,,,,,B03,,,6,,1,,,85,85,1,13,4,120.698987,24.154328,4
2777,66000,387130000C,(04)23274275,(04)23288582,2025,03,7,20,51,臺中市,西屯區,0,1,0,7,1,6,50,5,19,1,5,4,6,6,2,1,10,5,5,2,1,3,10,3,1,B12,7,5,1,8,2,8,,10,10,1,13,4,120.659462,24.192927,2
2778,66000,387130000C,(04)23274275,(04)23288582,2025,03,7,20,57,臺中市,烏日區,0,0,0,7,,,50,,,,,,,,,,,,,,14,,,,,B03,,,1,,2,,,49,49,1,6,4,120.618417,24.104643,3
2779,66000,387130000C,(04)23274275,(04)23288582,2025,03,7,20,58,臺中市,西區,0,1,0,7,1,6,50,4,1,1,5,4,6,6,2,1,10,5,5,2,13,2,9,1,1,C03,7,9,1,10,2,11,,7,7,1,12,4,120.660215,24.149024,2
2780,66000,387130000C,(04)23274275,(04)23288582,2025,03,7,21,0,臺中市,南屯區,0,1,0,7,2,6,50,4,2,1,5,4,6,6,1,1,9,4,4,2,12,3,10,3,1,B03,7,6,1,8,2,3,,48,48,1,12,4,120.644606,24.139514,2
2781,66000,387130000C,(04)23274275,(04)23288582,2025,03,7,21,3,臺中市,烏日區,0,0,0,7,,,50,,,,,,,,,,,,,,12,,,,,B03,,,1,,2,,,85,85,1,6,4,120.616855,24.116143,3
2782,66000,387130000C,(04)23274275,(04)23288582,2025,03,7,21,4,臺中市,西屯區,0,1,0,7,1,6,50,4,1,1,5,4,6,6,1,1,10,5,5,2,16,3,10,5,4,B03,7,6,1,8,2,1,,11,11,1,13,4,120.644481,24.202935,2
2783,66000,387130000C,(04)23274275,(04)23288582,2025,03,7,21,8,臺中市,北區,0,2,0,7,1,6,60,4,1,1,5,4,6,6,1,1,1,4,5,2,17,3,10,3,1,B03,7,5,1,8,2,2,,38,38,1,12,4,120.665706,24.15393,2
2784,66000,387130000C,(04)23274275,(04)23288582,2025,03,7,21,9,臺中市,豐原區,0,0,0,5,,,30,,,,,,,,,,,,,,17,,,,,B03,,,1,,9,,,84,84,1,12,4,120.724466,24.246746,3
2785,66000,387130000C,(04)23274275,(04)23288582,2025,03,7,21,10,臺中市,西屯區,0,1,0,7,1,6,30,3,1,1,5,4,6,6,4,4,10,5,5,2,16,3,10,1,1,C03,7,6,1,10,1,14,12,14,14,1,12,4,120.649216,24.171255,2
2786,66000,387130000C,(04)23274275,(04)23288582,2025,03,7,21,12,臺中市,南屯區,0,1,0,7,2,6,50,13,7,1,5,4,6,6,4,4,1,4,4,2,13,2,9,2,1,C03,7,9,1,10,2,11,,84,84,1,13,4,120.63821,24.147991,2
2787,66000,387130000C,(04)23274275,(04)23288582,2025,03,7,21,17,臺中市,北屯區,0,2,0,7,1,6,50,4,1,1,5,4,6,6,1,1,10,5,5,2,16,2,9,1,1,C03,7,6,1,10,2,11,,11,11,1,6,4,120.683406,24.170992,2
2788,66000,387130000C,(04)23274275,(04)23288582,2025,03,7,21,19,臺中市,烏日區,0,1,0,7,2,6,50,4,1,1,5,4,6,6,1,1,10,5,5,2,16,2,9,2,1,C03,7,6,1,10,2,11,,48,48,1,6,4,120.643026,24.075672,2
2789,66000,387130000C,(04)23274275,(04)23288582,2025,03,7,21,20,臺中市,南區,0,1,0,7,1,6,50,4,1,1,5,4,6,6,1,1,9,5,4,2,17,2,9,1,1,C03,7,9,1,10,2,16,,7,7,1,12,4,120.666799,24.11689,2
2790,66000,387130000C,(04)23274275,(04)23288582,2025,03,7,21,23,臺中市,西屯區,0,0,0,7,,,40,,,,,,,,,,,,,,,,,,,B03,,,1,,1,,,20,20,1,12,4,120.650159,24.162638,3
2791,66000,387130000C,(04)23274275,(04)23288582,2025,03,7,21,24,臺中市,南屯區,0,0,0,7,,,40,,,,,,,,,,,,,,,,,,,C03,,,1,,2,,,7,7,1,12,4,120.615481,24.139605,3
2792,66000,387130000C,(04)23274275,(04)23288582,2025,03,7,21,30,臺中市,大里區,0,0,0,7,,,50,,,,,,,,,,,,,,13,,,,,B03,,,1,,1,,,84,84,1,13,4,120.679607,24.109261,3
2793,66000,387130000C,(04)23274275,(04)23288582,2025,03,7,21,33,臺中市,西屯區,0,0,0,7,,,50,,,,,,,,,,,,,,,,,,,B03,,,1,,1,,,55,55,1,12,4,120.620195,24.187171,3
2794,66000,387130000C,(04)23274275,(04)23288582,2025,03,7,21,35,臺中市,南區,0,0,0,5,,,50,,,,,,,,,,,,,,17,,,,,C03,,,1,,1,,,43,43,1,13,4,120.679286,24.119037,3
2795,66000,387130000C,(04)23274275,(04)23288582,2025,03,7,21,40,臺中市,北區,0,0,0,7,,,50,,,,,,,,,,,,,,14,,,,,B03,,,1,,1,,,49,49,1,12,4,120.681763,24.165816,3
2796,66000,387130000C,(04)23274275,(04)23288582,2025,03,7,21,41,臺中市,北屯區,0,0,0,7,,,50,,,,,,,,,,,,,,,,,,,B03,,,1,,1,,,84,84,1,6,4,120.702863,24.169923,3
2797,66000,387130000C,(04)23274275,(04)23288582,2025,03,7,21,45,臺中市,東區,0,2,0,7,1,6,50,13,9,1,5,4,6,6,4,4,5,4,5,2,13,2,9,1,1,C03,7,9,1,10,2,11,,7,7,1,12,4,120.692919,24.13522,2
2798,66000,387130000C,(04)23274275,(04)23288582,2025,03,7,21,45,臺中市,西屯區,0,0,0,7,1,6,50,13,2,1,5,4,6,6,4,4,4,5,5,2,13,3,10,2,4,C03,7,9,1,10,1,11,,7,7,1,12,4,120.643819,24.175898,3
2799,66000,387130000C,(04)23274275,(04)23288582,2025,03,7,21,45,臺中市,神岡區,0,1,0,7,3,6,50,3,1,1,5,4,6,6,1,1,5,4,5,1,16,3,10,3,1,B03,7,6,1,8,2,6,,25,25,1,13,4,120.670965,24.256244,2
2800,66000,387130000C,(04)23274275,(04)23288582,2025,03,7,21,58,臺中市,豐原區,0,1,0,5,1,6,30,4,1,1,4,4,6,6,4,4,10,5,5,1,15,3,10,1,1,C03,7,9,6,20,2,14,,12,12,1,12,4,120.708578,24.239481,2
2801,66000,387130000C,(04)23274275,(04)23288582,2025,03,7,22,3,臺中市,北區,0,1,0,7,1,6,40,3,8,1,5,4,6,6,1,1,1,2,4,2,17,3,10,5,4,C04,7,9,1,10,2,11,,84,84,1,13,4,120.689516,24.147245,2
2802,66000,387130000C,(04)23274275,(04)23288582,2025,03,7,22,5,臺中市,南區,0,0,0,7,,,50,,,,,,,,,,,,,,17,,,,,B03,,,1,,1,,,84,84,1,12,4,120.662849,24.127726,3
2803,66000,387130000C,(04)23274275,(04)23288582,2025,03,7,22,12,臺中市,潭子區,0,2,0,6,1,6,50,4,1,1,5,4,6,6,1,1,10,5,5,2,16,2,8,1,1,F03,7,6,7,21,2,12,,11,11,1,13,4,120.703197,24.207223,2
2804,66000,387130000C,(04)23274275,(04)23288582,2025,03,7,22,15,臺中市,西區,0,0,0,5,,,40,,,,,,,,,,,,,,,,,,,C03,,,1,,2,,,84,84,1,12,4,120.665269,24.145537,3
2805,66000,387130000C,(04)23274275,(04)23288582,2025,03,7,22,20,臺中市,北屯區,0,3,0,5,1,6,50,4,1,1,4,4,6,6,2,1,10,5,5,2,17,2,9,1,1,C03,7,9,1,10,2,11,13,84,84,1,12,4,120.688588,24.162984,2