﻿序號,縣市別代碼,機關代碼,市話,傳真,年,月,日,時,分,縣市,區,死亡數量,受傷數量,2-30,天候,道路照明設備,道路類別,道路速限,道路型態,事故位置,路面鋪裝,路面狀態,路面缺陷,障礙物,視距,號誌種類,號誌動作,分向設施,快車道或一般車道間,快慢車道間,路面邊線,事故類型及型態,受傷程度,主要傷處,保護裝備,行動電話或功能裝置,當事者區分_類別,車輛用途,當事者行動狀態,駕照狀態,駕照種類,飲酒情形,車輛撞擊部位最初,車輛撞擊部位其他,肇事因素個別,肇事因素主要,肇事逃逸,職業,共享經濟或外送平台,GPS座標X,GPS座標Y,事故類別
3365,66000,387130000C,(04)23274275,(04)23288582,2025,03,9,16,46,臺中市,大里區,0,0,0,7,,,30,,,,,,,,,,,,,,17,,,,,A11,,,1,,1,,,84,84,1,12,4,120.681873,24.114687,3
3366,66000,387130000C,(04)23274275,(04)23288582,2025,03,9,16,47,臺中市,北屯區,0,0,0,7,,,50,,,,,,,,,,,,,,,,,,,B03,,,1,,2,,,50,50,1,12,4,120.691746,24.186217,3
3367,66000,387130000C,(04)23274275,(04)23288582,2025,03,9,16,50,臺中市,東區,0,1,0,7,2,6,50,3,2,1,5,4,6,6,1,1,5,3,5,2,9,3,10,3,1,A02,7,9,1,2,2,16,,84,84,1,13,4,120.683085,24.134261,2
3368,66000,387130000C,(04)23274275,(04)23288582,2025,03,9,16,57,臺中市,北區,0,1,0,7,2,6,50,3,9,1,5,4,6,6,4,4,5,4,5,2,17,2,9,1,1,C03,7,15,1,10,2,14,,42,42,1,12,4,120.681106,24.162673,2
3369,66000,387130000C,(04)23274275,(04)23288582,2025,03,9,17,7,臺中市,北屯區,0,2,0,7,2,6,50,4,1,1,5,4,6,6,2,1,10,5,5,2,16,2,9,1,1,C03,7,6,1,10,2,11,12,11,11,1,12,4,120.710021,24.180078,2
3370,66000,387130000C,(04)23274275,(04)23288582,2025,03,9,17,8,臺中市,太平區,0,0,0,7,,,50,,,,,,,,,,,,,,17,,,,,C03,,,1,,9,,,51,51,1,12,4,120.733656,24.15732,3
3371,66000,387130000C,(04)23274275,(04)23288582,2025,03,9,17,8,臺中市,豐原區,0,1,0,7,2,6,50,5,1,1,5,4,6,6,1,1,10,5,5,2,17,3,10,3,1,B03,7,11,1,8,2,1,,45,45,1,13,4,120.724791,24.254489,2
3372,66000,387130000C,(04)23274275,(04)23288582,2025,03,9,17,9,臺中市,北屯區,0,0,0,7,,,50,,,,,,,,,,,,,,12,,,,,B03,,,1,,1,,,8,8,1,6,4,120.709612,24.174552,3
3373,66000,387130000C,(04)23274275,(04)23288582,2025,03,9,17,10,臺中市,北屯區,0,2,0,7,2,6,40,3,1,1,5,4,6,6,1,1,10,5,5,2,16,3,10,5,4,B03,7,5,1,8,2,5,,47,47,1,12,4,120.682242,24.186946,2
3374,66000,387130000C,(04)23274275,(04)23288582,2025,03,9,17,11,臺中市,大里區,0,0,0,7,,,50,,,,,,,,,,,,,,12,,,,,B03,,,1,,1,,,8,8,1,6,4,120.689544,24.10781,3
3375,66000,387130000C,(04)23274275,(04)23288582,2025,03,9,17,15,臺中市,大甲區,0,3,0,7,3,6,50,3,9,1,5,4,6,6,1,1,10,4,5,1,13,2,9,2,1,C03,7,9,1,10,2,11,,7,7,1,12,4,120.617098,24.414335,2
3376,66000,387130000C,(04)23274275,(04)23288582,2025,03,9,17,16,臺中市,北屯區,0,0,0,7,,,,,,,,,,,,,,,,,13,,,,,,,,,,,,,119,119,1,,,120.672078,24.175547,3
3377,66000,387130000C,(04)23274275,(04)23288582,2025,03,9,17,17,臺中市,西屯區,0,2,0,7,1,6,30,18,9,1,5,4,6,5,4,4,10,5,5,2,17,2,9,5,4,C03,7,1,1,10,2,13,,51,51,1,13,4,120.65361,24.171959,2
3378,66000,387130000C,(04)23274275,(04)23288582,2025,03,9,17,30,臺中市,北屯區,0,0,0,7,,,50,,,,,,,,,,,,,,26,,,,,A05,,,1,,1,,,8,8,1,6,4,120.705817,24.180103,3
3379,66000,387130000C,(04)23274275,(04)23288582,2025,03,9,17,30,臺中市,烏日區,0,2,0,7,3,6,50,4,1,1,5,4,6,6,1,1,10,5,5,1,12,2,9,1,1,C03,7,8,1,10,2,13,,8,8,1,6,4,120.634527,24.097745,2
3380,66000,387130000C,(04)23274275,(04)23288582,2025,03,9,17,35,臺中市,霧峰區,0,1,0,7,1,6,50,4,1,1,5,4,6,6,1,1,10,5,5,2,9,3,10,3,1,A06,7,6,1,6,2,1,,84,84,1,6,4,120.698034,24.059342,2
3381,66000,387130000C,(04)23274275,(04)23288582,2025,03,9,17,36,臺中市,太平區,0,1,0,7,3,6,40,3,8,1,5,4,6,6,4,4,5,5,4,2,13,3,10,1,1,C03,7,9,1,10,2,11,,7,7,1,12,4,120.711863,24.149955,2
3382,66000,387130000C,(04)23274275,(04)23288582,2025,03,9,17,41,臺中市,大甲區,0,0,0,7,,,40,,,,,,,,,,,,,,,,,,,B03,,,1,,1,,,49,49,1,12,4,120.620901,24.350746,4
3383,66000,387130000C,(04)23274275,(04)23288582,2025,03,9,17,46,臺中市,西屯區,0,0,0,7,,,50,,,,,,,,,,,,,,13,,,,,B01,,,1,,1,,,7,7,1,12,4,120.603606,24.185571,3
3384,66000,387130000C,(04)23274275,(04)23288582,2025,03,9,17,50,臺中市,龍井區,0,2,0,7,3,6,50,3,1,1,5,4,6,6,4,4,10,5,5,2,16,3,10,3,1,B03,7,5,1,8,2,5,,30,30,1,12,4,120.513229,24.196702,2
3385,66000,387130000C,(04)23274275,(04)23288582,2025,03,9,18,9,臺中市,北區,0,0,0,7,,,50,,,,,,,,,,,,,,,,,,,B03,,,1,,1,,,49,49,1,12,4,120.682472,24.152537,3
3386,66000,387130000C,(04)23274275,(04)23288582,2025,03,9,18,10,臺中市,大雅區,0,0,0,7,,,30,,,,,,,,,,,,,,,,,,,B03,,,1,,1,,,41,41,1,13,4,120.667783,24.23973,3
3387,66000,387130000C,(04)23274275,(04)23288582,2025,03,9,18,10,臺中市,東區,0,0,0,7,,,50,,,,,,,,,,,,,,17,,,,,B03,,,1,,1,,,47,47,1,12,4,120.693177,24.13311,3
3388,66000,387130000C,(04)23274275,(04)23288582,2025,03,9,18,16,臺中市,西屯區,0,0,0,7,,,50,,,,,,,,,,,,,,17,,,,,B03,,,1,,1,,,59,59,1,13,4,120.666247,24.174389,3
3389,66000,387130000C,(04)23274275,(04)23288582,2025,03,9,18,17,臺中市,霧峰區,0,0,0,7,,,50,,,,,,,,,,,,,,17,,,,,B03,,,1,,2,,,59,59,1,12,4,120.710614,24.078859,3
3390,66000,387130000C,(04)23274275,(04)23288582,2025,03,9,18,18,臺中市,清水區,0,1,0,7,1,6,50,4,1,1,5,4,6,6,3,1,5,5,5,1,16,3,10,3,1,B02,7,5,1,8,2,5,,11,11,1,12,4,120.569767,24.269206,2
3391,66000,387130000C,(04)23274275,(04)23288582,2025,03,9,18,19,臺中市,烏日區,0,1,0,7,1,6,50,4,1,1,5,4,6,6,2,1,10,5,5,2,16,3,10,5,4,B03,7,6,1,8,2,5,,11,11,1,13,4,120.644199,24.085727,2
3392,66000,387130000C,(04)23274275,(04)23288582,2025,03,9,18,20,臺中市,西區,0,1,0,7,1,6,50,4,1,1,5,4,6,6,1,1,10,5,5,2,17,2,9,2,1,C03,7,4,1,10,2,14,,1,1,1,12,4,120.661641,24.146784,2
3393,66000,387130000C,(04)23274275,(04)23288582,2025,03,9,18,25,臺中市,清水區,0,1,0,7,2,6,50,4,1,1,5,4,6,6,1,1,8,3,4,1,17,3,10,3,1,B02,7,6,1,8,2,1,,11,11,1,12,4,120.576443,24.271521,2
3394,66000,387130000C,(04)23274275,(04)23288582,2025,03,9,18,27,臺中市,清水區,0,0,0,7,,,60,,,,,,,,,,,,,,,,,,,B02,,,1,,2,,,40,40,1,12,4,120.571676,24.264871,3
3395,66000,387130000C,(04)23274275,(04)23288582,2025,03,9,18,28,臺中市,大里區,0,0,0,7,,,50,,,,,,,,,,,,,,13,,,,,B12,,,1,,2,,,7,7,1,12,4,120.671703,24.084205,3
3396,66000,387130000C,(04)23274275,(04)23288582,2025,03,9,18,30,臺中市,北屯區,0,1,0,7,1,6,40,13,8,1,5,4,6,6,4,4,10,5,5,2,13,2,9,5,4,C03,7,9,1,10,2,12,,59,59,1,12,4,120.682993,24.196711,2
3397,66000,387130000C,(04)23274275,(04)23288582,2025,03,9,18,31,臺中市,烏日區,0,1,0,7,3,6,30,13,9,1,5,4,6,6,4,4,10,5,5,1,2,3,10,5,4,B01,7,9,1,4,2,5,,84,84,1,12,4,120.609326,24.121284,2
3398,66000,387130000C,(04)23274275,(04)23288582,2025,03,9,18,35,臺中市,南屯區,0,0,0,7,,,30,,,,,,,,,,,,,,,,,,,B03,,,3,,1,,,49,49,1,13,4,120.642603,24.145529,3
3399,66000,387130000C,(04)23274275,(04)23288582,2025,03,9,18,37,臺中市,西屯區,0,2,0,7,1,6,50,4,1,1,5,4,6,6,1,1,10,5,5,1,13,2,9,1,1,C03,7,9,1,10,2,11,,7,7,1,12,4,120.649796,24.162755,2
3400,66000,387130000C,(04)23274275,(04)23288582,2025,03,9,18,40,臺中市,西屯區,0,0,0,7,,,50,,,,,,,,,,,,,,14,,,,,B03,,,1,,1,,,49,49,1,13,4,120.638662,24.185333,4
3401,66000,387130000C,(04)23274275,(04)23288582,2025,03,9,18,41,臺中市,西屯區,0,0,0,7,,,50,,,,,,,,,,,,,,13,,,,,B03,,,1,,2,,,57,57,1,12,4,120.654454,24.201227,3
3402,66000,387130000C,(04)23274275,(04)23288582,2025,03,9,18,41,臺中市,大甲區,0,0,0,7,,,50,,,,,,,,,,,,,,,,,,,C03,,,1,,2,,,8,8,1,12,4,120.623552,24.345608,3
3403,66000,387130000C,(04)23274275,(04)23288582,2025,03,9,18,43,臺中市,霧峰區,0,1,0,7,1,6,50,5,2,1,5,4,6,6,1,1,10,5,5,1,14,3,10,3,1,B03,7,2,1,8,9,6,,49,49,1,12,4,120.713262,24.077261,2
3404,66000,387130000C,(04)23274275,(04)23288582,2025,03,9,18,44,臺中市,西屯區,0,0,0,7,,,50,,,,,,,,,,,,,,13,,,,,B03,,,1,,1,,,59,59,1,12,4,120.644131,24.178831,3
3405,66000,387130000C,(04)23274275,(04)23288582,2025,03,9,18,50,臺中市,大雅區,0,0,0,7,,,50,,,,,,,,,,,,,,,,,,,B03,,,1,,1,,,84,84,1,12,4,120.664168,24.234231,3
3406,66000,387130000C,(04)23274275,(04)23288582,2025,03,9,18,52,臺中市,豐原區,0,1,0,7,1,6,60,4,1,1,5,4,6,6,2,1,1,4,5,2,16,3,10,5,4,B12,7,5,1,2,2,6,,47,47,1,12,4,120.713,24.262385,2
3407,66000,387130000C,(04)23274275,(04)23288582,2025,03,9,19,0,臺中市,太平區,0,0,0,7,,,30,,,,,,,,,,,,,,14,,,,,B03,,,1,,2,,,49,49,1,13,4,120.723815,24.141119,3
3408,66000,387130000C,(04)23274275,(04)23288582,2025,03,9,19,4,臺中市,西區,0,1,0,7,1,6,50,13,9,1,5,4,6,6,4,4,5,2,5,2,9,2,9,6,5,H01,8,16,7,21,10,17,,109,109,1,12,5,120.652887,24.147073,2
3409,66000,387130000C,(04)23274275,(04)23288582,2025,03,9,19,6,臺中市,沙鹿區,0,0,0,6,,,60,,,,,,,,,,,,,,,,,,,B03,,,1,,1,,,84,84,1,13,4,120.575931,24.251614,3
3410,66000,387130000C,(04)23274275,(04)23288582,2025,03,9,19,9,臺中市,南區,0,1,0,7,1,6,50,3,1,1,5,4,6,6,1,1,10,5,5,2,16,3,10,3,1,B03,7,5,1,4,2,5,,11,11,1,13,4,120.661428,24.109153,2
3411,66000,387130000C,(04)23274275,(04)23288582,2025,03,9,19,12,臺中市,南屯區,0,0,0,7,,,50,,,,,,,,,,,,,,12,,,,,C03,,,3,,2,,,8,8,1,12,4,120.645971,24.134648,3
3412,66000,387130000C,(04)23274275,(04)23288582,2025,03,9,19,13,臺中市,南區,0,1,0,7,1,6,50,4,1,1,5,4,6,6,1,1,9,4,5,2,16,3,10,3,1,B03,7,6,1,8,2,1,,11,11,1,13,4,120.684248,24.12637,2
3413,66000,387130000C,(04)23274275,(04)23288582,2025,03,9,19,27,臺中市,西屯區,0,0,0,7,,,50,,,,,,,,,,,,,,13,,,,,B03,,,1,,1,,,7,7,1,13,4,120.619088,24.181776,3
3414,66000,387130000C,(04)23274275,(04)23288582,2025,03,9,19,41,臺中市,北屯區,0,0,0,7,,,50,,,,,,,,,,,,,,14,,,,,B03,,,1,,2,,,50,50,1,12,4,120.672762,24.190029,3
3415,66000,387130000C,(04)23274275,(04)23288582,2025,03,9,19,42,臺中市,西屯區,0,1,0,7,1,6,50,4,1,1,5,4,6,6,1,1,10,5,5,2,16,3,10,5,4,B03,7,5,1,8,2,2,,11,11,1,12,4,120.661983,24.165162,2
3416,66000,387130000C,(04)23274275,(04)23288582,2025,03,9,19,44,臺中市,西屯區,0,0,0,7,,,30,,,,,,,,,,,,,,15,,,,,C03,,,1,,2,,,15,15,1,13,4,120.664603,24.173618,3
3417,66000,387130000C,(04)23274275,(04)23288582,2025,03,9,19,49,臺中市,西區,0,2,0,7,1,6,50,4,1,5,5,4,6,6,1,1,10,5,5,2,17,2,9,5,4,C03,7,9,1,10,2,13,,42,42,1,12,4,120.6684,24.153074,2
3418,66000,387130000C,(04)23274275,(04)23288582,2025,03,9,19,52,臺中市,霧峰區,0,1,0,7,1,6,40,3,2,1,5,4,6,6,1,1,10,5,5,2,9,3,10,2,1,C03,7,9,1,10,2,14,,84,84,1,6,4,120.686068,24.02449,2
3419,66000,387130000C,(04)23274275,(04)23288582,2025,03,9,19,59,臺中市,北屯區,0,0,0,7,,,50,,,,,,,,,,,,,,17,,,,,B03,,,1,,1,,,84,84,1,12,4,120.719427,24.162897,3
3420,66000,387130000C,(04)23274275,(04)23288582,2025,03,9,20,1,臺中市,中區,0,0,0,7,,,50,,,,,,,,,,,,,,16,,,,,B01,,,1,,1,,,11,11,1,12,4,120.683807,24.138724,3
3421,66000,387130000C,(04)23274275,(04)23288582,2025,03,9,20,5,臺中市,北屯區,0,0,0,7,,,50,,,,,,,,,,,,,,,,,,,B03,,,1,,1,,,40,40,1,12,4,120.725904,24.176158,3
3422,66000,387130000C,(04)23274275,(04)23288582,2025,03,9,20,6,臺中市,清水區,0,0,0,7,1,6,50,4,2,1,5,4,6,6,1,1,5,5,5,1,13,3,10,3,1,B03,7,9,1,8,7,1,,7,7,1,12,4,120.548599,24.262406,3
3423,66000,387130000C,(04)23274275,(04)23288582,2025,03,9,20,9,臺中市,東區,0,1,0,7,1,6,50,4,1,1,5,4,6,6,1,1,9,4,4,2,30,2,9,2,1,C03,7,9,1,10,2,16,,7,7,1,12,4,120.689594,24.143069,2
3424,66000,387130000C,(04)23274275,(04)23288582,2025,03,9,20,9,臺中市,南屯區,0,0,0,7,,,50,,,,,,,,,,,,,,,,,,,B03,,,1,,1,,,84,84,1,13,4,120.653038,24.135749,4
3425,66000,387130000C,(04)23274275,(04)23288582,2025,03,9,20,15,臺中市,南屯區,0,1,0,7,1,6,50,13,9,1,5,4,6,6,1,1,5,4,5,2,13,2,7,1,1,C03,7,9,1,10,2,11,,7,7,1,12,4,120.636205,24.146723,2
3426,66000,387130000C,(04)23274275,(04)23288582,2025,03,9,20,15,臺中市,西屯區,0,0,0,7,,,50,,,,,,,,,,,,,,12,,,,,A04,,,1,,1,,,8,8,1,6,4,120.644977,24.179527,3
3427,66000,387130000C,(04)23274275,(04)23288582,2025,03,9,20,16,臺中市,龍井區,0,0,0,7,,,50,,,,,,,,,,,,,,12,,,,,C03,,,1,,2,,,40,40,1,6,4,120.571349,24.178306,3
3428,66000,387130000C,(04)23274275,(04)23288582,2025,03,9,20,19,臺中市,東區,0,0,0,7,,,50,,,,,,,,,,,,,,17,,,,,,,,,,,,,119,119,1,,,120.697406,24.139558,3
3429,66000,387130000C,(04)23274275,(04)23288582,2025,03,9,20,24,臺中市,東區,0,1,0,7,1,6,50,4,1,1,5,4,6,6,1,1,5,2,5,2,16,3,10,3,1,B03,7,6,1,8,2,5,,11,11,1,13,4,120.706078,24.144475,2
3430,66000,387130000C,(04)23274275,(04)23288582,2025,03,9,20,24,臺中市,大甲區,0,1,0,7,1,6,50,11,14,1,5,4,6,6,4,4,5,5,5,1,17,2,9,5,4,C03,7,6,1,10,2,11,,5,5,1,5,4,120.632264,24.35486,2
3431,66000,387130000C,(04)23274275,(04)23288582,2025,03,9,20,32,臺中市,西屯區,0,3,0,7,1,6,50,4,1,1,5,4,6,6,1,1,1,4,1,1,17,3,10,5,4,B03,7,9,1,8,2,1,,59,59,1,13,4,120.627138,24.159734,2
3432,66000,387130000C,(04)23274275,(04)23288582,2025,03,9,20,32,臺中市,大里區,0,0,0,7,,,50,,,,,,,,,,,,,,12,,,,,B03,,,1,,2,,,8,8,1,6,4,120.700197,24.110057,3
3433,66000,387130000C,(04)23274275,(04)23288582,2025,03,9,20,35,臺中市,大里區,0,0,0,7,,,50,,,,,,,,,,,,,,17,,,,,B03,,,1,,2,,,40,40,1,12,4,120.689804,24.100919,3
3434,66000,387130000C,(04)23274275,(04)23288582,2025,03,9,20,53,臺中市,西屯區,0,2,0,7,1,6,30,4,1,1,5,4,6,6,4,4,10,5,5,2,15,3,10,3,1,B03,7,11,1,8,2,2,,13,13,1,13,4,120.650344,24.166642,2
3435,66000,387130000C,(04)23274275,(04)23288582,2025,03,9,21,10,臺中市,東區,0,1,0,7,1,6,50,3,1,1,5,4,6,6,1,1,1,3,5,2,17,3,10,3,1,B03,7,6,1,8,2,2,,11,11,1,13,4,120.685951,24.13569,2
3436,66000,387130000C,(04)23274275,(04)23288582,2025,03,9,21,15,臺中市,西屯區,0,1,0,7,1,6,50,4,1,1,5,4,6,6,1,1,10,5,5,1,17,3,10,3,1,B03,7,5,1,8,2,2,,47,47,1,12,4,120.627094,24.181222,2
3437,66000,387130000C,(04)23274275,(04)23288582,2025,03,9,21,18,臺中市,北區,0,0,0,7,,,30,,,,,,,,,,,,,,14,,,,,C03,,,1,,2,,,84,84,1,13,4,120.686604,24.152466,3
3438,66000,387130000C,(04)23274275,(04)23288582,2025,03,9,21,20,臺中市,西屯區,0,0,0,7,,,50,,,,,,,,,,,,,,12,,,,,B03,,,1,,2,,,84,84,1,12,4,120.657257,24.196536,3
3439,66000,387130000C,(04)23274275,(04)23288582,2025,03,9,21,21,臺中市,霧峰區,0,2,0,7,1,6,50,3,2,1,5,4,6,6,1,1,9,5,4,2,12,3,10,3,1,B03,7,5,1,8,2,5,,11,11,1,12,4,120.699626,24.059614,2
3440,66000,387130000C,(04)23274275,(04)23288582,2025,03,9,21,35,臺中市,北區,0,0,0,7,,,50,,,,,,,,,,,,,,14,,,,,B03,,,1,,2,,,49,49,1,12,4,120.684684,24.15163,3
3441,66000,387130000C,(04)23274275,(04)23288582,2025,03,9,21,52,臺中市,西區,0,1,0,7,1,6,50,3,1,1,5,4,6,6,1,1,10,5,5,1,17,3,10,5,4,B03,7,6,1,8,2,5,,11,11,1,12,4,120.671879,24.149002,2
3442,66000,387130000C,(04)23274275,(04)23288582,2025,03,9,22,1,臺中市,龍井區,0,3,0,7,1,6,30,4,1,1,5,4,6,6,4,4,10,5,5,2,15,2,7,5,4,C03,7,9,1,10,2,11,,12,12,1,6,4,120.593826,24.189602,2
3443,66000,387130000C,(04)23274275,(04)23288582,2025,03,9,22,14,臺中市,太平區,0,1,0,7,1,6,40,3,2,1,5,4,6,6,1,1,5,4,4,1,18,2,9,1,1,C03,7,9,1,10,2,12,,84,84,1,12,4,120.730026,24.110199,2
3444,66000,387130000C,(04)23274275,(04)23288582,2025,03,9,22,18,臺中市,霧峰區,0,0,0,7,,,50,,,,,,,,,,,,,,,,,,,B03,,,1,,1,,,49,49,1,13,4,120.700852,24.068374,3
3445,66000,387130000C,(04)23274275,(04)23288582,2025,03,9,22,19,臺中市,霧峰區,0,1,0,7,1,6,50,3,1,1,5,4,6,6,4,4,10,5,5,2,17,2,8,6,4,F01,7,6,7,21,2,14,,84,84,1,13,4,120.686225,24.049907,2
3446,66000,387130000C,(04)23274275,(04)23288582,2025,03,9,22,20,臺中市,西屯區,0,0,0,7,,,50,,,,,,,,,,,,,,13,,,,,B03,,,1,,1,,,59,59,1,13,4,120.632103,24.170355,3
3447,66000,387130000C,(04)23274275,(04)23288582,2025,03,9,22,27,臺中市,西屯區,0,0,0,7,,,50,,,,,,,,,,,,,,15,,,,,B03,,,1,,1,,,21,21,1,12,4,120.642818,24.158926,3
3448,66000,387130000C,(04)23274275,(04)23288582,2025,03,9,22,29,臺中市,大里區,0,2,0,7,1,6,50,4,1,1,5,4,6,6,2,1,5,4,4,1,15,2,9,1,1,C03,7,9,2,19,2,12,14,21,21,1,6,4,120.694186,24.100218,2
3449,66000,387130000C,(04)23274275,(04)23288582,2025,03,9,22,31,臺中市,太平區,0,2,0,7,1,6,30,4,2,1,5,4,3,5,1,1,10,5,5,2,16,2,4,2,1,C03,7,5,1,10,2,11,12,11,11,1,12,4,120.710687,24.151103,2
3450,66000,387130000C,(04)23274275,(04)23288582,2025,03,9,22,57,臺中市,太平區,0,1,0,7,1,6,50,13,9,1,5,4,6,6,4,4,1,4,5,2,17,3,10,3,1,B03,7,15,1,8,2,5,,84,84,1,12,4,120.724643,24.152692,2
3451,66000,387130000C,(04)23274275,(04)23288582,2025,03,9,23,1,臺中市,北區,0,2,0,7,1,6,50,3,2,1,5,4,6,6,4,4,5,5,4,2,17,3,10,3,1,B03,7,1,1,8,2,7,,39,39,1,12,4,120.683569,24.168429,2
3452,66000,387130000C,(04)23274275,(04)23288582,2025,03,9,23,2,臺中市,西屯區,0,2,0,7,1,6,50,3,9,1,5,4,6,6,1,1,10,5,5,2,12,2,9,2,1,C03,7,9,1,10,2,11,,84,84,1,12,4,120.651812,24.197794,2
3453,66000,387130000C,(04)23274275,(04)23288582,2025,03,9,23,41,臺中市,西屯區,0,1,0,7,1,6,40,13,8,1,5,4,6,6,4,4,1,3,1,1,12,3,10,3,4,B03,7,8,1,8,2,4,,40,40,1,12,4,120.650295,24.162607,2
3454,66000,387130000C,(04)23274275,(04)23288582,2025,03,9,23,49,臺中市,中區,0,3,0,7,1,6,50,5,1,1,5,4,6,6,2,1,1,4,4,1,12,2,9,2,1,C03,7,8,1,10,2,14,,84,84,1,13,4,120.682389,24.145813,2
3455,66000,387130000C,(04)23274275,(04)23288582,2025,03,10,0,17,臺中市,西區,0,0,0,7,,,50,,,,,,,,,,,,,,,,,,,C03,,,1,,1,,,84,84,1,12,4,120.663128,24.14306,3
3456,66000,387130000C,(04)23274275,(04)23288582,2025,03,10,0,24,臺中市,南屯區,0,0,0,7,,,50,,,,,,,,,,,,,,16,,,,,B03,,,1,,2,,,47,47,1,6,4,120.612558,24.13844,3
3457,66000,387130000C,(04)23274275,(04)23288582,2025,03,10,0,30,臺中市,梧棲區,0,0,0,7,,,30,,,,,,,,,,,,,,25,,,,,A12,,,1,,1,,,73,73,1,13,4,120.536025,24.247075,3
3458,66000,387130000C,(04)23274275,(04)23288582,2025,03,10,1,46,臺中市,南區,0,0,0,7,,,50,,,,,,,,,,,,,,13,,,,,B03,,,3,,2,,,84,84,1,12,4,120.657217,24.124967,3
3459,66000,387130000C,(04)23274275,(04)23288582,2025,03,10,5,57,臺中市,烏日區,0,0,0,7,,,50,,,,,,,,,,,,,,,,,,,A12,,,1,,1,,,49,49,1,13,4,120.596788,24.111351,3
3460,66000,387130000C,(04)23274275,(04)23288582,2025,03,10,6,10,臺中市,烏日區,0,0,0,7,,,50,,,,,,,,,,,,,,14,,,,,B13,,,1,,2,,,49,49,1,6,4,120.591052,24.112857,3
3461,66000,387130000C,(04)23274275,(04)23288582,2025,03,10,6,30,臺中市,南屯區,0,0,0,7,,,50,,,,,,,,,,,,,,12,,,,,B03,,,1,,1,,,40,40,1,12,4,120.62267,24.140394,3
3462,66000,387130000C,(04)23274275,(04)23288582,2025,03,10,6,43,臺中市,南區,0,0,0,7,,,50,,,,,,,,,,,,,,,,,,,B03,,,1,,1,,,8,8,1,12,4,120.650118,24.120638,3
3463,66000,387130000C,(04)23274275,(04)23288582,2025,03,10,6,51,臺中市,南屯區,0,2,0,7,2,6,50,13,9,1,5,4,6,6,4,4,5,4,5,2,17,2,9,2,1,C03,7,9,1,10,2,15,,8,8,1,6,4,120.643086,24.146711,2
3464,66000,387130000C,(04)23274275,(04)23288582,2025,03,10,6,52,臺中市,北屯區,0,1,0,7,2,6,50,4,1,1,5,4,6,6,3,1,5,5,5,2,15,3,10,3,1,B03,7,9,1,8,2,1,,24,24,1,12,4,120.69814,24.166752,2
3465,66000,387130000C,(04)23274275,(04)23288582,2025,03,10,6,56,臺中市,大里區,0,0,0,7,2,6,50,13,9,1,5,4,3,6,4,4,5,4,5,1,17,,,,,A05,,,1,,2,,,82,82,1,6,4,120.689719,24.112265,3
3466,66000,387130000C,(04)23274275,(04)23288582,2025,03,10,6,57,臺中市,北屯區,0,1,0,7,2,6,50,13,9,1,5,4,6,6,4,4,10,4,5,2,12,2,8,5,4,C03,7,9,1,10,2,14,,84,84,1,12,4,120.730275,24.177297,2
3467,66000,387130000C,(04)23274275,(04)23288582,2025,03,10,7,4,臺中市,大里區,0,0,0,7,,,50,,,,,,,,,,,,,,13,,,,,C03,,,1,,2,,,7,7,1,13,4,120.695015,24.111483,3
3468,66000,387130000C,(04)23274275,(04)23288582,2025,03,10,7,8,臺中市,西屯區,0,0,0,7,,,50,,,,,,,,,,,,,,13,,,,,B03,,,1,,2,,,7,7,1,13,4,120.64574,24.170086,3
3469,66000,387130000C,(04)23274275,(04)23288582,2025,03,10,7,8,臺中市,烏日區,0,1,0,6,2,6,50,4,1,1,5,4,6,6,1,1,10,5,5,2,18,2,9,1,1,C03,7,9,1,10,2,14,,84,84,1,6,4,120.61553,24.11295,2
3470,66000,387130000C,(04)23274275,(04)23288582,2025,03,10,7,9,臺中市,龍井區,0,0,0,7,,,70,,,,,,,,,,,,,,17,,,,,B03,,,1,,1,,,59,59,1,6,4,120.505951,24.209999,3
3471,66000,387130000C,(04)23274275,(04)23288582,2025,03,10,7,10,臺中市,大雅區,0,1,0,6,2,6,50,13,9,1,5,4,6,6,1,1,1,4,5,1,13,2,9,1,1,C03,7,9,1,10,2,11,,7,7,1,13,4,120.665712,24.217011,2
3472,66000,387130000C,(04)23274275,(04)23288582,2025,03,10,7,10,臺中市,北屯區,0,0,0,7,,,50,,,,,,,,,,,,,,13,,,,,B12,,,1,,1,,,7,7,1,6,4,120.697819,24.163338,3
3473,66000,387130000C,(04)23274275,(04)23288582,2025,03,10,7,12,臺中市,北屯區,0,0,0,7,,,50,,,,,,,,,,,,,,,,,,,B03,,,1,,1,,,84,84,1,13,4,120.718133,24.159709,3
3474,66000,387130000C,(04)23274275,(04)23288582,2025,03,10,7,14,臺中市,大里區,0,0,0,7,,,80,,,,,,,,,,,,,,13,,,,,B03,,,1,,1,,,7,7,1,11,4,120.686124,24.092733,3
3475,66000,387130000C,(04)23274275,(04)23288582,2025,03,10,7,16,臺中市,西屯區,0,2,0,7,2,6,50,13,9,1,5,4,6,6,1,1,10,4,5,2,12,3,10,5,4,B03,7,9,1,8,2,4,,8,8,1,12,4,120.643878,24.166405,2
3476,66000,387130000C,(04)23274275,(04)23288582,2025,03,10,7,18,臺中市,南區,0,0,0,7,,,50,,,,,,,,,,,,,,14,,,,,B12,,,1,,9,,,49,49,1,6,4,120.654329,24.116891,3
3477,66000,387130000C,(04)23274275,(04)23288582,2025,03,10,7,18,臺中市,大肚區,0,2,0,7,2,6,50,4,1,1,5,4,6,6,4,4,10,5,5,2,16,2,8,2,1,C03,7,6,1,10,2,11,14,14,14,1,6,4,120.576335,24.175491,2