﻿序號,縣市別代碼,機關代碼,市話,傳真,年,月,日,時,分,縣市,區,死亡數量,受傷數量,2-30,天候,道路照明設備,道路類別,道路速限,道路型態,事故位置,路面鋪裝,路面狀態,路面缺陷,障礙物,視距,號誌種類,號誌動作,分向設施,快車道或一般車道間,快慢車道間,路面邊線,事故類型及型態,受傷程度,主要傷處,保護裝備,行動電話或功能裝置,當事者區分_類別,車輛用途,當事者行動狀態,駕照狀態,駕照種類,飲酒情形,車輛撞擊部位最初,車輛撞擊部位其他,肇事因素個別,肇事因素主要,肇事逃逸,職業,共享經濟或外送平台,GPS座標X,GPS座標Y,事故類別
3703,66000,387130000C,(04)23274275,(04)23288582,2025,03,10,16,28,臺中市,后里區,0,1,0,7,3,6,50,4,1,1,5,4,6,6,1,1,10,5,5,2,12,3,10,3,1,B03,7,9,1,8,9,2,,8,8,2,12,4,120.723719,24.323629,2
3704,66000,387130000C,(04)23274275,(04)23288582,2025,03,10,16,33,臺中市,沙鹿區,0,0,0,7,,,50,,,,,,,,,,,,,,13,,,,,A12,,,1,,1,,,7,7,1,6,4,120.564287,24.206465,3
3705,66000,387130000C,(04)23274275,(04)23288582,2025,03,10,16,35,臺中市,太平區,0,0,0,7,,,30,,,,,,,,,,,,,,16,,,,,B03,,,1,,2,,,14,14,1,6,4,120.73375,24.142673,3
3706,66000,387130000C,(04)23274275,(04)23288582,2025,03,10,16,48,臺中市,石岡區,0,2,0,7,2,6,10,13,13,1,5,4,6,6,4,4,5,5,5,1,11,2,9,6,4,F02,7,9,7,21,2,11,,84,84,1,12,4,120.767861,24.278851,2
3707,66000,387130000C,(04)23274275,(04)23288582,2025,03,10,16,55,臺中市,大里區,0,2,0,7,2,6,50,13,9,1,5,4,6,6,1,1,5,4,5,1,13,2,9,1,1,C03,7,9,1,10,2,11,,7,7,1,12,4,120.687297,24.120906,2
3708,66000,387130000C,(04)23274275,(04)23288582,2025,03,10,17,0,臺中市,梧棲區,0,0,0,7,,,40,,,,,,,,,,,,,,13,,,,,B03,,,1,,1,,,7,7,1,6,4,120.525622,24.224475,3
3709,66000,387130000C,(04)23274275,(04)23288582,2025,03,10,17,2,臺中市,北屯區,0,0,0,7,,,80,,,,,,,,,,,,,,13,,,,,B03,,,1,7,1,,,84,84,1,12,4,120.720757,24.170132,3
3710,66000,387130000C,(04)23274275,(04)23288582,2025,03,10,17,4,臺中市,東區,0,1,0,7,2,6,50,3,1,1,5,4,6,6,2,1,10,5,5,2,17,2,7,1,1,C03,7,5,1,10,2,12,,47,47,1,12,4,120.692804,24.136905,2
3711,66000,387130000C,(04)23274275,(04)23288582,2025,03,10,17,5,臺中市,西屯區,0,0,0,7,,,40,,,,,,,,,,,,,,,,,,,B03,,,1,,1,,,59,59,1,12,4,120.616682,24.182272,3
3712,66000,387130000C,(04)23274275,(04)23288582,2025,03,10,17,5,臺中市,大里區,0,0,0,7,,,50,,,,,,,,,,,,,,12,,,,,B03,,,1,,2,,,8,8,1,6,4,120.661716,24.109198,3
3713,66000,387130000C,(04)23274275,(04)23288582,2025,03,10,17,5,臺中市,太平區,0,1,0,7,2,6,30,13,9,1,5,4,6,6,4,4,10,5,5,2,17,3,10,2,1,C03,7,1,1,10,2,11,,51,51,1,12,4,120.739235,24.157633,2
3714,66000,387130000C,(04)23274275,(04)23288582,2025,03,10,17,5,臺中市,神岡區,0,1,0,7,1,6,50,13,9,1,5,4,6,6,4,4,9,5,5,2,16,2,9,1,4,C03,7,6,1,10,2,11,,20,20,1,12,4,120.661237,24.258449,2
3715,66000,387130000C,(04)23274275,(04)23288582,2025,03,10,17,9,臺中市,西屯區,0,2,0,7,2,6,50,3,1,1,5,4,6,6,4,4,10,5,5,2,16,2,9,2,4,C03,7,6,1,10,2,13,12,48,48,1,12,4,120.636711,24.168962,2
3716,66000,387130000C,(04)23274275,(04)23288582,2025,03,10,17,10,臺中市,南區,0,0,0,7,,,50,,,,,,,,,,,,,,17,,,,,C03,,,1,,9,,,7,7,1,13,4,120.658277,24.117387,3
3717,66000,387130000C,(04)23274275,(04)23288582,2025,03,10,17,11,臺中市,北區,0,0,0,7,,,,,,,,,,,,,,,,,17,,,,,,,,,,,,,84,84,1,,,120.680262,24.151759,3
3718,66000,387130000C,(04)23274275,(04)23288582,2025,03,10,17,11,臺中市,大里區,0,1,0,7,2,6,50,5,9,1,5,4,6,6,1,1,10,5,5,1,12,3,10,3,1,B11,7,5,1,8,2,2,,47,47,1,12,4,120.67976,24.102096,2
3719,66000,387130000C,(04)23274275,(04)23288582,2025,03,10,17,12,臺中市,大里區,0,0,0,7,,,50,,,,,,,,,,,,,,,,,,,G03,,,1,,2,,,84,84,1,13,4,120.667059,24.096685,3
3720,66000,387130000C,(04)23274275,(04)23288582,2025,03,10,17,13,臺中市,太平區,0,0,0,7,,,40,,,,,,,,,,,,,,17,,,,,C03,,,1,,9,,,71,71,1,12,4,120.716218,24.154177,3
3721,66000,387130000C,(04)23274275,(04)23288582,2025,03,10,17,16,臺中市,南區,0,1,0,7,2,6,30,4,1,1,5,4,6,6,4,4,10,5,5,2,15,2,9,2,1,C04,7,9,1,10,2,11,,15,15,1,13,4,120.682283,24.134766,2
3722,66000,387130000C,(04)23274275,(04)23288582,2025,03,10,17,16,臺中市,北屯區,0,1,0,7,2,6,50,13,8,1,5,4,6,6,4,4,5,4,4,2,28,,,,,,,,,,,,,118,118,1,,,120.733139,24.163065,2
3723,66000,387130000C,(04)23274275,(04)23288582,2025,03,10,17,17,臺中市,西屯區,0,2,0,7,2,6,30,13,9,1,5,4,6,6,4,4,10,5,5,2,13,2,8,1,1,C03,7,9,1,10,1,11,,7,7,1,13,4,120.646175,24.180963,2
3724,66000,387130000C,(04)23274275,(04)23288582,2025,03,10,17,17,臺中市,烏日區,0,1,0,7,2,6,60,13,7,1,5,4,6,6,4,4,1,4,4,1,17,3,10,3,1,B03,7,14,1,8,2,8,,84,84,1,6,4,120.637162,24.107371,2
3725,66000,387130000C,(04)23274275,(04)23288582,2025,03,10,17,17,臺中市,豐原區,0,1,0,7,3,6,50,13,9,1,5,4,6,6,4,4,1,4,5,2,13,2,9,1,4,C03,7,9,1,10,2,11,,7,7,1,12,4,120.707846,24.250364,2
3726,66000,387130000C,(04)23274275,(04)23288582,2025,03,10,17,18,臺中市,南屯區,0,1,0,7,3,6,50,13,9,1,5,4,6,6,4,4,5,5,5,1,18,2,9,2,1,F01,7,9,7,21,2,12,,84,84,1,12,4,120.58905,24.139087,2
3727,66000,387130000C,(04)23274275,(04)23288582,2025,03,10,17,20,臺中市,太平區,0,1,0,7,1,6,40,13,9,1,5,4,6,6,4,4,9,4,5,1,17,3,10,2,1,C03,7,1,1,10,2,11,,51,51,1,12,4,120.705126,24.125376,2
3728,66000,387130000C,(04)23274275,(04)23288582,2025,03,10,17,21,臺中市,西區,0,0,0,7,,,50,,,,,,,,,,,,,,,,,,,B01,,,1,,1,,,84,84,1,6,4,120.662897,24.15611,3
3729,66000,387130000C,(04)23274275,(04)23288582,2025,03,10,17,29,臺中市,北屯區,0,1,0,7,1,6,40,4,2,1,5,4,6,6,1,1,5,5,4,2,13,2,8,1,1,C03,7,9,1,10,2,11,,7,7,1,12,4,120.668725,24.192732,2
3730,66000,387130000C,(04)23274275,(04)23288582,2025,03,10,17,30,臺中市,大里區,0,0,0,7,,,50,,,,,,,,,,,,,,17,,,,,C03,,,1,,2,,,87,87,1,12,4,120.688761,24.103435,3
3731,66000,387130000C,(04)23274275,(04)23288582,2025,03,10,17,30,臺中市,霧峰區,0,1,0,7,2,6,50,4,1,1,5,4,6,6,1,1,10,5,5,2,3,2,9,6,5,H04,8,16,7,21,2,17,,109,109,1,12,5,120.684913,24.065577,2
3732,66000,387130000C,(04)23274275,(04)23288582,2025,03,10,17,30,臺中市,沙鹿區,0,0,0,7,,,40,,,,,,,,,,,,,,17,,,,,B03,,,1,,2,,,50,50,1,13,4,120.564189,24.239522,3
3733,66000,387130000C,(04)23274275,(04)23288582,2025,03,10,17,31,臺中市,西屯區,0,0,0,7,,,40,,,,,,,,,,,,,,,,,,,B03,,,1,,1,,,59,59,1,12,4,120.630912,24.166579,3
3734,66000,387130000C,(04)23274275,(04)23288582,2025,03,10,17,32,臺中市,大里區,0,2,0,7,2,6,50,3,2,1,5,4,6,6,3,1,5,4,4,2,17,3,10,3,3,B03,7,13,1,8,2,4,,76,76,1,6,4,120.677359,24.112202,2
3735,66000,387130000C,(04)23274275,(04)23288582,2025,03,10,17,34,臺中市,大里區,0,2,0,7,2,6,50,11,9,1,5,4,6,6,4,4,10,5,5,2,10,2,9,2,1,C03,7,9,3,19,2,11,,84,84,1,12,4,120.690823,24.111831,2
3736,66000,387130000C,(04)23274275,(04)23288582,2025,03,10,17,35,臺中市,南區,0,0,0,7,,,50,,,,,,,,,,,,,,17,,,,,B12,,,1,,2,,,82,82,1,13,4,120.660203,24.130002,3
3737,66000,387130000C,(04)23274275,(04)23288582,2025,03,10,17,35,臺中市,沙鹿區,0,2,0,7,2,6,30,4,2,1,5,4,6,6,4,4,8,3,5,2,17,2,9,5,4,C03,7,9,1,10,2,11,,20,20,1,13,4,120.57075,24.229715,2
3738,66000,387130000C,(04)23274275,(04)23288582,2025,03,10,17,35,臺中市,神岡區,0,0,0,7,,,50,,,,,,,,,,,,,,13,,,,,B03,,,1,,1,,,7,7,1,12,4,120.683773,24.244938,3
3739,66000,387130000C,(04)23274275,(04)23288582,2025,03,10,17,37,臺中市,梧棲區,0,1,0,7,3,6,30,13,9,1,5,4,6,6,4,4,10,5,5,2,17,3,10,3,1,B03,7,1,1,8,2,5,,51,51,1,6,4,120.539577,24.25435,2
3740,66000,387130000C,(04)23274275,(04)23288582,2025,03,10,17,38,臺中市,大雅區,0,1,0,7,3,6,40,13,8,1,5,4,6,6,4,4,1,4,4,1,13,2,9,2,1,C03,7,9,1,10,2,11,,7,7,1,12,4,120.649301,24.221641,2
3741,66000,387130000C,(04)23274275,(04)23288582,2025,03,10,17,38,臺中市,南屯區,0,0,0,7,,,40,,,,,,,,,,,,,,13,,,,,B03,,,1,,1,,,84,84,1,12,4,120.623033,24.140267,3
3742,66000,387130000C,(04)23274275,(04)23288582,2025,03,10,17,38,臺中市,南屯區,0,0,0,7,,,50,,,,,,,,,,,,,,13,,,,,B03,,,1,,2,,,7,7,1,13,4,120.619007,24.151519,3
3743,66000,387130000C,(04)23274275,(04)23288582,2025,03,10,17,40,臺中市,神岡區,0,0,0,7,,,50,,,,,,,,,,,,,,13,,,,,C03,,,1,,2,,,7,7,1,12,4,120.700333,24.251224,3
3744,66000,387130000C,(04)23274275,(04)23288582,2025,03,10,17,41,臺中市,東區,0,1,0,7,2,6,50,3,2,1,5,4,6,6,1,1,5,5,5,2,17,2,9,1,1,C03,7,9,1,10,2,11,,84,84,1,12,4,120.699385,24.147013,2
3745,66000,387130000C,(04)23274275,(04)23288582,2025,03,10,17,42,臺中市,潭子區,0,0,0,7,,,30,,,,,,,,,,,,,,,,,,,B03,,,1,,2,,,49,49,1,13,4,120.708641,24.206694,3
3746,66000,387130000C,(04)23274275,(04)23288582,2025,03,10,17,42,臺中市,大甲區,0,1,0,7,2,6,40,13,9,1,5,4,6,6,4,4,4,1,5,1,13,3,10,3,1,B03,7,9,1,8,2,8,,7,7,1,12,4,120.619478,24.354332,2
3747,66000,387130000C,(04)23274275,(04)23288582,2025,03,10,17,43,臺中市,西屯區,0,0,0,7,,,50,,,,,,,,,,,,,,14,,,,,C03,,,1,,1,,,49,49,1,12,4,120.643721,24.170266,3
3748,66000,387130000C,(04)23274275,(04)23288582,2025,03,10,17,46,臺中市,北屯區,0,1,0,7,2,6,50,3,1,1,5,4,6,6,4,4,10,5,5,2,13,2,9,2,1,C03,7,9,1,10,1,11,,7,7,1,12,4,120.704757,24.169504,2
3749,66000,387130000C,(04)23274275,(04)23288582,2025,03,10,17,46,臺中市,大肚區,0,0,0,7,,,30,,,,,,,,,,,,,,,,,,,B03,,,1,,2,,,8,8,1,6,4,120.557011,24.133526,3
3750,66000,387130000C,(04)23274275,(04)23288582,2025,03,10,17,47,臺中市,烏日區,0,2,0,7,1,6,50,4,1,1,5,4,6,6,1,1,10,5,5,2,12,3,10,3,1,B03,7,5,1,8,2,2,,84,84,1,12,4,120.63841,24.104492,2
3751,66000,387130000C,(04)23274275,(04)23288582,2025,03,10,17,50,臺中市,南屯區,0,1,0,7,2,6,50,3,1,1,5,4,6,6,4,4,9,4,5,2,12,3,10,3,1,B03,7,5,1,8,2,6,,84,84,1,12,4,120.634125,24.143539,2
3752,66000,387130000C,(04)23274275,(04)23288582,2025,03,10,17,51,臺中市,西屯區,0,0,0,7,,,50,,,,,,,,,,,,,,,,,,,C03,,,1,,2,,,8,8,1,13,4,120.593919,24.17909,3
3753,66000,387130000C,(04)23274275,(04)23288582,2025,03,10,17,52,臺中市,東區,0,1,0,7,2,6,50,13,9,1,5,4,6,6,4,4,5,3,5,2,17,2,9,1,1,C03,7,9,1,10,1,11,,59,59,1,13,4,120.701445,24.144057,2
3754,66000,387130000C,(04)23274275,(04)23288582,2025,03,10,17,54,臺中市,西區,0,1,0,7,2,6,50,4,2,1,5,4,6,6,1,1,10,5,5,2,12,3,10,2,1,C03,7,8,1,10,2,14,,40,40,1,12,4,120.652831,24.148292,2
3755,66000,387130000C,(04)23274275,(04)23288582,2025,03,10,17,54,臺中市,南區,0,1,0,7,2,6,40,13,7,1,5,4,6,6,4,4,5,5,4,2,12,2,9,2,1,F03,7,1,7,21,2,14,,51,51,1,13,4,120.673726,24.129326,2
3756,66000,387130000C,(04)23274275,(04)23288582,2025,03,10,17,54,臺中市,豐原區,0,1,0,7,1,6,50,5,2,1,5,4,6,6,1,1,5,4,4,2,17,3,10,5,4,B03,7,5,1,8,2,5,,11,11,1,12,4,120.721006,24.253762,2
3757,66000,387130000C,(04)23274275,(04)23288582,2025,03,10,17,55,臺中市,大里區,0,0,0,6,,,50,,,,,,,,,,,,,,17,,,,,C03,,,1,,2,,,51,51,1,13,4,120.69611,24.087647,3
3758,66000,387130000C,(04)23274275,(04)23288582,2025,03,10,18,0,臺中市,北屯區,0,0,0,7,,,40,,,,,,,,,,,,,,,,,,,B03,,,1,,1,,,84,84,1,11,4,120.720931,24.173084,3
3759,66000,387130000C,(04)23274275,(04)23288582,2025,03,10,18,2,臺中市,南區,0,1,0,7,1,6,50,4,1,1,5,4,6,6,1,1,5,2,5,2,16,3,10,3,1,B03,7,6,1,8,2,8,,11,11,1,13,4,120.678278,24.133497,2
3760,66000,387130000C,(04)23274275,(04)23288582,2025,03,10,18,5,臺中市,太平區,0,1,0,7,3,6,50,4,1,1,5,4,6,6,1,1,10,5,5,2,16,2,7,1,1,C03,7,6,1,10,2,11,,23,23,1,12,4,120.716498,24.131625,2
3761,66000,387130000C,(04)23274275,(04)23288582,2025,03,10,18,9,臺中市,潭子區,0,0,0,7,,,80,,,,,,,,,,,,,,,,,,,B03,,,1,,2,,,7,7,1,12,4,120.696555,24.201,3
3762,66000,387130000C,(04)23274275,(04)23288582,2025,03,10,18,10,臺中市,北區,0,1,0,7,3,6,50,4,2,1,5,4,6,6,2,1,3,2,5,2,16,2,9,5,4,C03,7,6,1,10,2,14,,48,48,1,13,4,120.670549,24.164924,2
3763,66000,387130000C,(04)23274275,(04)23288582,2025,03,10,18,15,臺中市,太平區,0,2,0,7,1,6,50,4,1,1,5,4,6,6,1,1,10,5,5,2,16,3,10,3,1,B01,7,6,1,3,2,8,,11,11,1,6,4,120.715632,24.157184,2
3764,66000,387130000C,(04)23274275,(04)23288582,2025,03,10,18,15,臺中市,太平區,0,2,0,7,1,6,50,4,1,1,5,4,6,6,1,1,10,5,5,2,17,2,9,2,1,C03,7,9,1,10,2,11,,21,21,1,12,4,120.711082,24.151301,2
3765,66000,387130000C,(04)23274275,(04)23288582,2025,03,10,18,18,臺中市,西區,0,0,0,7,,,0,,,,,,,,,,,,,,,,,,,C03,,,1,,9,,,87,87,1,12,4,120.678653,24.136411,3
3766,66000,387130000C,(04)23274275,(04)23288582,2025,03,10,18,18,臺中市,南屯區,0,2,0,7,1,6,50,13,9,1,5,4,6,6,4,4,1,4,5,2,17,2,9,2,1,C03,7,5,1,10,2,12,,84,84,1,12,4,120.646055,24.143747,2
3767,66000,387130000C,(04)23274275,(04)23288582,2025,03,10,18,30,臺中市,北區,0,1,0,7,1,6,50,4,1,1,5,4,6,6,1,1,10,5,5,2,3,3,10,3,1,G03,7,5,1,5,2,16,,10,10,1,12,4,120.673411,24.167135,2
3768,66000,387130000C,(04)23274275,(04)23288582,2025,03,10,18,31,臺中市,北區,0,0,0,7,,,50,,,,,,,,,,,,,,17,,,,,C03,,,1,,2,,,84,84,1,12,4,120.680806,24.158003,3
3769,66000,387130000C,(04)23274275,(04)23288582,2025,03,10,18,31,臺中市,西屯區,0,1,0,7,1,6,50,4,2,1,5,4,6,6,1,1,9,4,5,1,12,3,10,1,1,C03,7,9,1,10,2,11,,7,7,1,12,4,120.651468,24.165727,2
3770,66000,387130000C,(04)23274275,(04)23288582,2025,03,10,18,32,臺中市,潭子區,0,0,0,7,,,80,,,,,,,,,,,,,,,,,,,B03,,,1,,2,,,7,7,1,12,4,120.696555,24.201,4
3771,66000,387130000C,(04)23274275,(04)23288582,2025,03,10,18,33,臺中市,東區,0,1,0,7,1,6,50,4,1,1,5,4,6,6,2,1,10,5,5,2,17,3,10,3,1,B03,7,6,1,8,2,8,,11,11,1,12,4,120.699676,24.144705,2
3772,66000,387130000C,(04)23274275,(04)23288582,2025,03,10,18,41,臺中市,大雅區,0,0,0,7,,,50,,,,,,,,,,,,,,11,,,,,C03,,,1,,1,,,7,7,1,13,4,120.644016,24.22075,3
3773,66000,387130000C,(04)23274275,(04)23288582,2025,03,10,18,43,臺中市,東區,0,2,0,7,1,6,50,13,9,1,5,4,6,6,4,4,5,3,5,2,17,2,9,4,1,F01,7,15,7,21,2,13,,84,84,1,13,1,120.703156,24.131223,2
3774,66000,387130000C,(04)23274275,(04)23288582,2025,03,10,18,44,臺中市,西區,0,0,0,7,,,50,,,,,,,,,,,,,,13,,,,,C03,,,1,,1,,,21,21,1,12,4,120.66774,24.13095,3
3775,66000,387130000C,(04)23274275,(04)23288582,2025,03,10,18,50,臺中市,大雅區,0,0,0,7,,,50,,,,,,,,,,,,,,,,,,,B03,,,1,,2,,,7,7,1,13,4,120.66794,24.215504,3
3776,66000,387130000C,(04)23274275,(04)23288582,2025,03,10,18,50,臺中市,潭子區,0,2,0,7,1,6,50,3,1,1,5,4,6,6,4,4,9,4,4,1,17,2,9,2,1,C03,7,11,1,10,2,14,,46,46,1,12,4,120.700761,24.215738,2
3777,66000,387130000C,(04)23274275,(04)23288582,2025,03,10,18,50,臺中市,清水區,0,1,0,7,1,6,50,4,1,1,5,4,6,6,2,1,1,5,4,2,16,2,9,2,1,C03,7,6,1,10,2,14,,48,48,1,12,4,120.576732,24.272301,2
3778,66000,387130000C,(04)23274275,(04)23288582,2025,03,10,18,51,臺中市,北屯區,0,0,0,7,,,40,,,,,,,,,,,,,,13,,,,,B03,,,1,,2,,,7,7,1,13,4,120.688049,24.200925,3
3779,66000,387130000C,(04)23274275,(04)23288582,2025,03,10,18,55,臺中市,南區,0,1,0,7,1,6,50,3,1,1,5,4,6,6,4,4,5,5,5,2,16,3,10,3,1,B03,7,5,1,8,2,4,,13,13,1,13,4,120.665303,24.126901,2
3780,66000,387130000C,(04)23274275,(04)23288582,2025,03,10,18,57,臺中市,潭子區,0,1,0,7,1,6,50,3,2,1,5,4,6,6,4,4,5,5,4,2,12,2,9,1,1,C04,7,9,1,11,2,14,,43,43,1,13,4,120.691686,24.217748,2
3781,66000,387130000C,(04)23274275,(04)23288582,2025,03,10,18,58,臺中市,清水區,0,0,0,7,,,50,,,,,,,,,,,,,,,,,,,B03,,,1,,2,,,40,40,1,12,4,120.594762,24.304066,3
3782,66000,387130000C,(04)23274275,(04)23288582,2025,03,10,19,2,臺中市,南屯區,0,0,0,7,,,50,,,,,,,,,,,,,,,,,,,B03,,,1,,1,,,51,51,1,13,4,120.614825,24.145848,3
3783,66000,387130000C,(04)23274275,(04)23288582,2025,03,10,19,7,臺中市,北屯區,0,0,0,7,,,30,,,,,,,,,,,,,,9,,,,,B03,,,1,8,2,,,20,20,1,12,4,120.664775,24.184107,3
3784,66000,387130000C,(04)23274275,(04)23288582,2025,03,10,19,12,臺中市,北屯區,0,1,0,7,1,6,50,4,1,1,5,4,6,6,1,1,10,5,5,2,16,3,10,1,1,C03,7,6,1,10,2,11,,11,11,1,12,4,120.692439,24.19282,2
3785,66000,387130000C,(04)23274275,(04)23288582,2025,03,10,19,13,臺中市,西屯區,0,2,0,7,1,6,50,13,9,1,5,4,6,6,4,4,5,4,4,2,13,2,8,5,4,B03,7,9,1,8,1,1,,7,7,1,12,4,120.646289,24.164824,2
3786,66000,387130000C,(04)23274275,(04)23288582,2025,03,10,19,18,臺中市,龍井區,0,0,0,7,,,30,,,,,,,,,,,,,,,,,,,B03,,,1,,2,,,49,49,1,12,4,120.523292,24.203156,3
3787,66000,387130000C,(04)23274275,(04)23288582,2025,03,10,19,19,臺中市,大雅區,0,1,0,7,1,6,50,3,2,1,5,4,6,6,4,4,9,4,4,1,11,3,10,3,1,B03,7,5,1,8,2,2,,14,14,1,13,4,120.635663,24.234069,2
3788,66000,387130000C,(04)23274275,(04)23288582,2025,03,10,19,21,臺中市,東區,0,1,0,7,1,6,50,3,1,1,5,4,6,6,1,1,9,4,4,2,12,3,10,3,1,B03,7,9,1,8,2,6,,87,87,1,13,4,120.696689,24.140277,2
3789,66000,387130000C,(04)23274275,(04)23288582,2025,03,10,19,22,臺中市,太平區,0,1,0,7,1,6,50,5,1,1,5,4,6,6,1,1,10,5,5,2,17,3,10,4,1,F01,7,1,7,21,2,16,,51,51,1,12,2,120.706307,24.148609,2
3790,66000,387130000C,(04)23274275,(04)23288582,2025,03,10,19,25,臺中市,東區,0,1,0,7,1,6,50,13,7,1,5,4,6,6,4,4,1,3,4,2,17,2,9,1,1,C03,7,9,1,10,2,11,,7,7,1,13,4,120.694423,24.150256,2
3791,66000,387130000C,(04)23274275,(04)23288582,2025,03,10,19,28,臺中市,東區,0,0,0,7,,,50,,,,,,,,,,,,,,,,,,,B03,,,1,,1,,,49,49,1,12,4,120.696344,24.139862,3
3792,66000,387130000C,(04)23274275,(04)23288582,2025,03,10,19,32,臺中市,北區,0,1,0,7,1,6,50,4,1,1,5,4,6,6,1,1,10,5,5,2,17,3,10,3,1,B03,7,15,1,8,2,1,,59,59,1,13,4,120.675067,24.149045,2
3793,66000,387130000C,(04)23274275,(04)23288582,2025,03,10,19,37,臺中市,南屯區,0,1,0,7,1,6,50,4,1,1,5,4,6,6,1,1,10,5,5,2,13,2,9,1,1,C03,7,9,1,10,2,11,,7,7,1,12,4,120.646473,24.129528,2
3794,66000,387130000C,(04)23274275,(04)23288582,2025,03,10,19,44,臺中市,北區,0,0,0,7,,,50,,,,,,,,,,,,,,,,,,,C03,,,1,,2,,,50,50,1,13,4,120.673247,24.171184,3
3795,66000,387130000C,(04)23274275,(04)23288582,2025,03,10,19,56,臺中市,潭子區,0,1,0,7,1,6,60,13,9,1,5,4,6,6,1,1,10,4,5,2,17,2,7,2,1,C03,7,9,1,10,2,11,,84,84,1,12,4,120.708055,24.227679,2
3796,66000,387130000C,(04)23274275,(04)23288582,2025,03,10,20,1,臺中市,南區,0,1,0,7,1,6,50,4,1,1,5,4,6,6,4,4,5,5,5,2,15,3,10,3,1,B03,7,9,1,8,2,5,,15,15,1,13,4,120.663725,24.128737,2
3797,66000,387130000C,(04)23274275,(04)23288582,2025,03,10,20,8,臺中市,霧峰區,0,2,0,7,1,6,40,13,9,1,5,4,6,6,4,4,10,4,5,1,13,3,10,3,1,B03,7,9,1,8,2,5,,84,84,1,12,4,120.662596,24.070903,2
3798,66000,387130000C,(04)23274275,(04)23288582,2025,03,10,20,10,臺中市,西屯區,0,1,0,7,1,6,50,13,9,1,5,4,6,6,4,4,5,4,5,2,9,3,10,3,1,B03,7,1,1,8,2,8,,51,51,1,12,4,120.646982,24.171614,2
3799,66000,387130000C,(04)23274275,(04)23288582,2025,03,10,20,14,臺中市,南屯區,0,2,0,7,1,6,50,4,1,1,5,4,6,6,4,4,5,5,5,2,16,2,9,1,1,C03,7,6,1,10,2,12,,14,14,1,12,4,120.647373,24.136753,2
3800,66000,387130000C,(04)23274275,(04)23288582,2025,03,10,20,16,臺中市,西屯區,0,0,0,6,,,50,,,,,,,,,,,,,,,,,,,B03,,,1,,1,,,51,51,1,13,4,120.61421,24.177446,3
3801,66000,387130000C,(04)23274275,(04)23288582,2025,03,10,20,17,臺中市,北區,0,0,0,7,,,50,,,,,,,,,,,,,,13,,,,,B03,,,1,,2,,,59,59,1,12,4,120.679812,24.157662,3
3802,66000,387130000C,(04)23274275,(04)23288582,2025,03,10,20,20,臺中市,西屯區,0,1,0,7,1,9,30,13,24,1,5,4,6,6,4,4,10,5,5,2,30,2,9,1,1,C03,7,9,1,10,2,14,,83,83,1,12,4,120.590489,24.197413,2
3803,66000,387130000C,(04)23274275,(04)23288582,2025,03,10,20,27,臺中市,大里區,0,2,0,7,2,6,50,4,2,1,5,4,6,6,1,1,10,5,5,2,17,3,10,3,1,B03,7,5,1,10,2,5,,65,65,1,12,4,120.679047,24.114935,2
3804,66000,387130000C,(04)23274275,(04)23288582,2025,03,10,20,34,臺中市,東區,0,0,0,7,,,50,,,,,,,,,,,,,,30,,,,,B03,,,1,,1,,,84,84,1,13,4,120.694319,24.152129,3
3805,66000,387130000C,(04)23274275,(04)23288582,2025,03,10,20,37,臺中市,外埔區,0,1,0,7,1,6,50,3,2,1,5,4,6,6,1,1,10,5,5,2,13,3,10,3,1,B03,7,9,1,8,2,1,,7,7,1,12,4,120.653941,24.346863,2
3806,66000,387130000C,(04)23274275,(04)23288582,2025,03,10,20,38,臺中市,龍井區,0,0,0,7,,,50,,,,,,,,,,,,,,16,,,,,C03,,,1,,2,,,48,48,1,6,4,120.595597,24.187366,3
3807,66000,387130000C,(04)23274275,(04)23288582,2025,03,10,20,45,臺中市,北屯區,0,0,0,7,,,50,,,,,,,,,,,,,,17,,,,,C03,,,1,,1,,,42,42,1,12,4,120.685362,24.177404,4
3808,66000,387130000C,(04)23274275,(04)23288582,2025,03,10,20,50,臺中市,東勢區,0,1,0,7,2,6,50,4,1,1,5,4,6,6,1,1,5,5,5,2,11,3,10,5,4,B03,7,6,1,8,2,8,,11,11,1,12,4,120.829224,24.258934,2
3809,66000,387130000C,(04)23274275,(04)23288582,2025,03,10,20,50,臺中市,豐原區,0,1,0,7,1,6,50,4,1,1,5,4,3,6,3,1,9,5,5,1,16,3,10,5,4,B03,7,5,1,8,2,6,,58,58,1,13,4,120.730309,24.248533,2
3810,66000,387130000C,(04)23274275,(04)23288582,2025,03,10,20,52,臺中市,南區,0,2,0,7,1,6,50,4,2,1,5,4,6,6,1,1,1,4,5,2,13,2,9,1,1,C03,7,9,1,10,2,11,,7,7,1,12,4,120.646663,24.110379,2
3811,66000,387130000C,(04)23274275,(04)23288582,2025,03,10,21,0,臺中市,太平區,0,0,0,7,,,,,,,,,,,,,,,,,17,,,,,,,,,,,,,86,86,1,,,120.708192,24.156559,3
3812,66000,387130000C,(04)23274275,(04)23288582,2025,03,10,21,4,臺中市,大肚區,0,0,0,7,,,60,,,,,,,,,,,,,,16,,,,,B03,,,1,,2,,,11,11,1,6,4,120.549353,24.148542,3