﻿序號,縣市別代碼,機關代碼,市話,傳真,年,月,日,時,分,縣市,區,死亡數量,受傷數量,2-30,天候,道路照明設備,道路類別,道路速限,道路型態,事故位置,路面鋪裝,路面狀態,路面缺陷,障礙物,視距,號誌種類,號誌動作,分向設施,快車道或一般車道間,快慢車道間,路面邊線,事故類型及型態,受傷程度,主要傷處,保護裝備,行動電話或功能裝置,當事者區分_類別,車輛用途,當事者行動狀態,駕照狀態,駕照種類,飲酒情形,車輛撞擊部位最初,車輛撞擊部位其他,肇事因素個別,肇事因素主要,肇事逃逸,職業,共享經濟或外送平台,GPS座標X,GPS座標Y,事故類別
3813,66000,387130000C,(04)23274275,(04)23288582,2025,03,10,21,8,臺中市,沙鹿區,0,2,0,7,1,6,50,3,1,1,5,4,6,6,4,4,10,5,5,2,17,3,10,3,1,B02,7,1,1,8,2,8,,51,51,1,12,4,120.565539,24.237092,2
3814,66000,387130000C,(04)23274275,(04)23288582,2025,03,10,21,15,臺中市,龍井區,0,0,0,7,,,50,,,,,,,,,,,,,,17,,,,,B03,,,,,,,,86,86,1,,4,120.5926,24.181542,3
3815,66000,387130000C,(04)23274275,(04)23288582,2025,03,10,21,19,臺中市,南屯區,0,1,0,7,1,6,50,4,1,1,5,4,6,6,2,1,5,4,4,2,12,2,5,2,1,C03,7,6,1,10,2,11,,48,48,1,12,4,120.643921,24.13821,2
3816,66000,387130000C,(04)23274275,(04)23288582,2025,03,10,21,21,臺中市,龍井區,0,0,0,7,,,30,,,,,,,,,,,,,,,,,,,B03,,,1,,9,,,49,49,1,12,4,120.547043,24.197427,3
3817,66000,387130000C,(04)23274275,(04)23288582,2025,03,10,21,22,臺中市,龍井區,0,2,0,7,1,6,60,4,1,1,5,4,6,6,2,1,10,5,5,2,16,3,10,3,1,B03,7,6,1,8,2,5,,25,25,1,6,4,120.585714,24.1859,2
3818,66000,387130000C,(04)23274275,(04)23288582,2025,03,10,21,32,臺中市,太平區,0,1,0,7,1,6,30,13,9,1,5,4,6,6,4,4,10,5,5,2,17,2,8,2,1,C03,7,15,1,10,2,12,,82,82,1,12,4,120.708848,24.155203,2
3819,66000,387130000C,(04)23274275,(04)23288582,2025,03,10,21,42,臺中市,太平區,0,1,0,7,1,6,40,3,2,1,5,4,6,6,1,1,5,5,4,1,17,2,8,1,1,C03,7,15,1,10,2,12,,84,84,1,6,4,120.71967,24.14912,2
3820,66000,387130000C,(04)23274275,(04)23288582,2025,03,10,21,48,臺中市,西屯區,0,2,0,7,1,6,0,13,21,1,5,4,6,6,4,4,10,5,5,2,17,2,9,5,4,C03,7,21,1,10,2,15,,85,85,1,13,4,120.596584,24.18182,2
3821,66000,387130000C,(04)23274275,(04)23288582,2025,03,10,21,50,臺中市,中區,0,2,0,7,1,6,50,13,9,1,5,4,6,6,4,4,5,4,5,2,17,2,9,1,1,C03,7,9,1,10,2,11,,7,7,1,12,4,120.680225,24.142031,2
3822,66000,387130000C,(04)23274275,(04)23288582,2025,03,10,21,50,臺中市,中區,0,0,0,7,,,50,,,,,,,,,,,,,,,,,,,B01,,,1,,1,,,7,7,1,12,4,120.678757,24.141681,3
3823,66000,387130000C,(04)23274275,(04)23288582,2025,03,10,21,55,臺中市,北區,0,1,0,7,1,6,50,13,7,1,5,4,6,6,4,4,1,4,4,2,17,2,9,5,4,C03,7,9,5,19,2,14,,84,84,1,12,4,120.67473,24.162472,2
3824,66000,387130000C,(04)23274275,(04)23288582,2025,03,10,22,8,臺中市,南屯區,0,2,0,7,2,6,50,4,2,1,5,4,6,6,2,1,9,4,1,2,16,2,1,3,1,B03,7,6,1,8,2,3,,23,23,1,12,4,120.62267,24.140394,2
3825,66000,387130000C,(04)23274275,(04)23288582,2025,03,10,22,8,臺中市,西屯區,0,2,0,6,1,6,50,4,1,1,5,4,6,6,2,1,10,5,5,2,11,2,9,1,1,C03,7,6,1,10,2,14,,48,48,1,13,4,120.669076,24.177389,2
3826,66000,387130000C,(04)23274275,(04)23288582,2025,03,10,22,9,臺中市,西區,0,0,0,7,,,50,,,,,,,,,,,,,,14,,,,,B03,,,1,,2,,,49,49,1,12,4,120.657223,24.144086,3
3827,66000,387130000C,(04)23274275,(04)23288582,2025,03,10,22,14,臺中市,西區,0,1,0,7,1,6,50,4,1,1,5,4,6,6,1,1,10,5,5,2,17,2,9,3,1,B12,7,9,5,8,2,8,5,84,84,2,12,4,120.659279,24.157101,2
3828,66000,387130000C,(04)23274275,(04)23288582,2025,03,10,22,21,臺中市,北屯區,0,0,0,7,,,50,,,,,,,,,,,,,,,,,,,B03,,,1,,2,,,84,84,1,13,4,120.710524,24.192584,3
3829,66000,387130000C,(04)23274275,(04)23288582,2025,03,10,22,22,臺中市,西區,0,0,0,7,,,50,,,,,,,,,,,,,,,,,,,B12,,,1,,2,,,84,84,1,12,4,120.659569,24.159946,3
3830,66000,387130000C,(04)23274275,(04)23288582,2025,03,10,22,30,臺中市,大里區,0,1,0,7,1,6,50,4,19,1,5,4,6,6,2,1,1,4,4,1,3,3,10,3,1,B03,7,6,1,8,2,1,,10,10,1,6,4,120.680076,24.104644,2
3831,66000,387130000C,(04)23274275,(04)23288582,2025,03,10,23,22,臺中市,太平區,0,0,0,7,1,6,30,13,9,1,5,4,6,6,4,4,10,5,5,2,17,3,10,3,1,B12,7,1,1,8,2,2,,84,84,1,6,4,120.736898,24.146505,3
3832,66000,387130000C,(04)23274275,(04)23288582,2025,03,10,23,24,臺中市,北區,0,0,0,7,,,30,,,,,,,,,,,,,,17,,,,,B03,,,1,,2,,,58,58,1,13,4,120.695876,24.152501,3
3833,66000,387130000C,(04)23274275,(04)23288582,2025,03,10,23,27,臺中市,大里區,0,1,0,7,1,6,50,4,1,1,5,4,6,6,3,1,5,5,5,2,15,2,9,1,1,C03,7,9,5,19,2,11,,20,20,1,13,4,120.687242,24.095523,2
3834,66000,387130000C,(04)23274275,(04)23288582,2025,03,10,23,42,臺中市,西屯區,0,0,0,7,,,50,,,,,,,,,,,,,,17,,,,,B03,,,1,,1,,,59,59,1,13,4,120.588689,24.173575,3
3835,66000,387130000C,(04)23274275,(04)23288582,2025,03,10,23,43,臺中市,北區,0,0,0,7,,,50,,,,,,,,,,,,,,,,,,,C03,,,1,,2,,,84,84,1,12,4,120.680794,24.158862,3
3836,66000,387130000C,(04)23274275,(04)23288582,2025,03,10,23,49,臺中市,神岡區,0,1,0,7,1,6,50,4,1,1,5,4,6,6,3,1,5,5,5,1,15,3,10,5,4,B03,7,9,1,8,2,5,,24,24,1,12,4,120.697719,24.251126,2
3837,66000,387130000C,(04)23274275,(04)23288582,2025,03,11,0,11,臺中市,西屯區,0,1,0,7,1,6,30,13,9,1,5,4,6,6,4,4,10,4,5,2,2,3,10,5,4,B03,7,9,1,8,2,2,,59,59,1,13,4,120.646493,24.178118,2
3838,66000,387130000C,(04)23274275,(04)23288582,2025,03,11,0,26,臺中市,西屯區,0,0,0,7,,,40,,,,,,,,,,,,,,12,,,,,B03,,,1,,1,,,47,47,1,12,4,120.643003,24.176992,3
3839,66000,387130000C,(04)23274275,(04)23288582,2025,03,11,2,52,臺中市,北屯區,0,0,0,7,,,50,,,,,,,,,,,,,,17,,,,,B02,,,1,,2,,,11,11,1,12,4,120.720724,24.172608,3
3840,66000,387130000C,(04)23274275,(04)23288582,2025,03,11,3,8,臺中市,大雅區,0,0,0,3,,,30,,,,,,,,,,,,,,27,,,,,B03,,,1,,2,,,55,55,1,12,4,120.640326,24.216408,3
3841,66000,387130000C,(04)23274275,(04)23288582,2025,03,11,3,28,臺中市,豐原區,0,0,0,7,,,50,,,,,,,,,,,,,,17,,,,,B02,,,1,,2,,,59,59,1,13,4,120.70901,24.249543,3
3842,66000,387130000C,(04)23274275,(04)23288582,2025,03,11,3,41,臺中市,北屯區,0,1,0,7,1,6,50,5,1,1,5,4,6,6,2,1,10,5,5,2,16,3,10,3,1,B03,7,5,1,8,2,5,,11,11,1,6,4,120.667513,24.179744,2
3843,66000,387130000C,(04)23274275,(04)23288582,2025,03,11,5,17,臺中市,大里區,0,1,0,7,1,6,60,4,2,1,5,4,6,6,3,1,1,4,4,2,17,2,9,1,1,C03,7,9,1,9,2,11,,84,84,1,13,4,120.667075,24.105022,2
3844,66000,387130000C,(04)23274275,(04)23288582,2025,03,11,5,20,臺中市,北屯區,0,2,0,7,1,6,50,4,1,1,5,4,6,6,1,1,10,5,5,2,17,2,9,1,1,C03,7,6,1,10,2,14,,48,48,1,12,4,120.690629,24.172802,2
3845,66000,387130000C,(04)23274275,(04)23288582,2025,03,11,6,9,臺中市,北屯區,0,1,0,7,2,6,50,4,1,1,5,4,6,6,4,4,10,5,5,2,15,2,7,2,1,C03,7,9,1,10,2,11,,12,12,1,12,4,120.71588,24.172927,2
3846,66000,387130000C,(04)23274275,(04)23288582,2025,03,11,6,18,臺中市,清水區,0,1,0,7,3,6,30,4,1,1,5,4,6,6,4,4,10,4,5,2,15,2,9,1,1,C03,7,9,1,10,2,12,,20,20,1,12,4,120.556796,24.27567,2
3847,66000,387130000C,(04)23274275,(04)23288582,2025,03,11,6,37,臺中市,大雅區,0,1,0,7,1,6,50,4,1,1,5,4,6,6,1,1,10,5,5,2,16,3,10,3,1,B03,7,6,1,8,2,1,5,84,84,1,12,4,120.657083,24.24065,2
3848,66000,387130000C,(04)23274275,(04)23288582,2025,03,11,6,37,臺中市,西屯區,0,1,0,7,2,6,50,4,2,1,5,4,6,6,1,1,9,5,5,2,9,3,10,3,1,B03,7,2,1,8,2,3,,49,49,1,12,4,120.661426,24.166637,2
3849,66000,387130000C,(04)23274275,(04)23288582,2025,03,11,6,42,臺中市,北屯區,0,1,0,7,2,6,50,3,2,1,5,4,6,6,4,4,10,5,5,2,18,2,9,1,1,C03,7,9,1,10,2,12,,82,82,1,12,4,120.666973,24.178313,2
3850,66000,387130000C,(04)23274275,(04)23288582,2025,03,11,6,58,臺中市,西屯區,0,0,0,7,,,50,,,,,,,,,,,,,,16,,,,,A11,,,1,,1,,,59,59,1,13,4,120.656635,24.200363,3
3851,66000,387130000C,(04)23274275,(04)23288582,2025,03,11,7,0,臺中市,西區,0,1,0,7,3,6,50,13,8,1,5,4,6,6,4,4,1,4,1,2,13,2,9,2,1,C03,7,9,1,10,2,11,,7,7,1,12,4,120.658896,24.1577,2
3852,66000,387130000C,(04)23274275,(04)23288582,2025,03,11,7,1,臺中市,大甲區,0,0,0,7,,,50,,,,,,,,,,,,,,,,,,,B12,,,1,,2,,,8,8,1,6,4,120.617206,24.346893,3
3853,66000,387130000C,(04)23274275,(04)23288582,2025,03,11,7,5,臺中市,太平區,0,1,0,7,2,6,50,4,2,1,5,4,6,6,2,1,5,2,5,2,13,2,7,1,1,C03,7,9,1,10,2,11,,7,7,1,12,4,120.710296,24.134796,2
3854,66000,387130000C,(04)23274275,(04)23288582,2025,03,11,7,8,臺中市,南屯區,0,0,0,7,,,50,,,,,,,,,,,,,,,,,,,B03,,,1,,10,,,59,59,1,12,4,120.608108,24.131843,3
3855,66000,387130000C,(04)23274275,(04)23288582,2025,03,11,7,11,臺中市,豐原區,0,0,0,7,,,50,,,,,,,,,,,,,,13,,,,,A02,,,1,,2,,,59,59,1,12,4,120.704044,24.244906,3
3856,66000,387130000C,(04)23274275,(04)23288582,2025,03,11,7,13,臺中市,神岡區,0,1,0,7,2,6,50,13,9,1,5,4,6,6,4,4,5,5,5,1,18,2,9,6,1,F01,7,9,7,21,2,15,,84,84,1,3,4,120.654635,24.270112,2
3857,66000,387130000C,(04)23274275,(04)23288582,2025,03,11,7,14,臺中市,大雅區,0,1,0,3,3,6,50,13,9,1,5,4,5,6,4,4,5,2,5,1,28,2,9,1,1,C01,7,9,1,9,2,14,,43,43,1,12,4,120.60399,24.231274,2
3858,66000,387130000C,(04)23274275,(04)23288582,2025,03,11,7,14,臺中市,西區,0,0,0,7,,,50,,,,,,,,,,,,,,,,,,,A02,,,1,,2,,,84,84,1,6,4,120.677367,24.140134,3
3859,66000,387130000C,(04)23274275,(04)23288582,2025,03,11,7,17,臺中市,東勢區,0,1,0,7,2,6,50,5,1,1,5,4,6,6,1,1,10,5,5,2,17,3,10,3,1,B03,7,5,1,8,2,7,,22,22,1,12,4,120.81103,24.281685,2
3860,66000,387130000C,(04)23274275,(04)23288582,2025,03,11,7,19,臺中市,豐原區,0,0,0,7,,,60,,,,,,,,,,,,,,13,,,,,B03,,,1,,2,,,58,58,1,13,4,120.703387,24.243594,3
3861,66000,387130000C,(04)23274275,(04)23288582,2025,03,11,7,20,臺中市,石岡區,0,1,0,7,2,6,30,3,1,1,5,4,6,6,4,4,10,5,5,2,17,3,10,3,1,B03,7,6,1,8,2,4,,14,14,1,12,4,120.80391,24.273054,2
3862,66000,387130000C,(04)23274275,(04)23288582,2025,03,11,7,23,臺中市,西區,0,0,0,7,2,6,50,4,1,1,5,4,6,6,1,1,10,5,5,2,17,,,,,A42,,,1,,1,,,84,84,1,13,4,120.666058,24.152648,3
3863,66000,387130000C,(04)23274275,(04)23288582,2025,03,11,7,24,臺中市,東勢區,0,1,0,7,2,6,30,3,2,1,5,4,6,6,4,4,10,5,5,2,11,3,10,3,1,B12,7,9,1,8,2,8,,84,84,1,12,4,120.826816,24.258393,2
3864,66000,387130000C,(04)23274275,(04)23288582,2025,03,11,7,25,臺中市,沙鹿區,0,0,0,7,,,60,,,,,,,,,,,,,,,,,,,A11,,,1,,2,,,76,76,1,6,4,120.556962,24.211938,3
3865,66000,387130000C,(04)23274275,(04)23288582,2025,03,11,7,25,臺中市,沙鹿區,0,1,0,7,3,6,50,13,7,1,5,4,3,6,4,4,5,5,4,2,12,2,8,2,1,C03,7,9,1,10,2,14,,84,84,1,4,4,120.570139,24.237405,2
3866,66000,387130000C,(04)23274275,(04)23288582,2025,03,11,7,28,臺中市,北屯區,0,0,0,7,,,50,,,,,,,,,,,,,,13,,,,,C03,,,1,,1,,,59,59,1,12,4,120.69515,24.166788,3
3867,66000,387130000C,(04)23274275,(04)23288582,2025,03,11,7,30,臺中市,大雅區,0,1,0,7,2,6,60,3,8,1,5,4,6,6,1,1,1,4,4,1,17,,,,,,,21,,,,,,86,86,2,,,120.646598,24.222949,2
3868,66000,387130000C,(04)23274275,(04)23288582,2025,03,11,7,30,臺中市,大雅區,0,1,0,7,2,6,0,13,9,1,5,4,6,6,4,4,5,5,5,1,17,3,10,3,1,B12,7,13,1,8,2,4,,76,76,1,13,4,120.654977,24.219024,2
3869,66000,387130000C,(04)23274275,(04)23288582,2025,03,11,7,30,臺中市,北區,0,3,0,7,3,9,50,4,1,1,5,4,6,6,4,4,10,5,5,2,17,2,9,5,4,C03,7,9,2,19,2,12,,20,20,1,13,4,120.689347,24.161565,2
3870,66000,387130000C,(04)23274275,(04)23288582,2025,03,11,7,30,臺中市,豐原區,0,0,0,7,,,60,,,,,,,,,,,,,,17,,,,,B03,,,1,,2,,,84,84,1,6,4,120.705443,24.236947,3
3871,66000,387130000C,(04)23274275,(04)23288582,2025,03,11,7,32,臺中市,南屯區,0,1,0,7,2,6,50,4,1,1,5,4,6,6,1,1,9,5,5,2,17,3,10,3,1,B03,7,5,1,8,2,2,,25,25,1,13,4,120.623497,24.149515,2
3872,66000,387130000C,(04)23274275,(04)23288582,2025,03,11,7,32,臺中市,太平區,0,1,0,7,2,6,40,13,9,1,5,4,6,6,4,4,9,5,5,2,18,2,9,5,4,C03,7,9,2,19,2,14,,59,59,1,4,4,120.703622,24.12161,2
3873,66000,387130000C,(04)23274275,(04)23288582,2025,03,11,7,33,臺中市,潭子區,0,0,0,7,,,60,,,,,,,,,,,,,,,,,,,B01,,,1,,2,,,8,8,1,13,4,120.705416,24.213941,3
3874,66000,387130000C,(04)23274275,(04)23288582,2025,03,11,7,33,臺中市,南屯區,0,1,0,7,2,6,50,3,1,1,5,4,6,6,4,4,10,5,5,2,17,3,10,3,1,B03,7,6,1,8,2,8,,48,48,1,6,4,120.648343,24.136906,2
3875,66000,387130000C,(04)23274275,(04)23288582,2025,03,11,7,35,臺中市,北區,0,1,0,7,2,6,50,4,2,1,5,4,6,6,4,4,5,5,5,2,17,3,10,2,1,C03,7,6,1,10,2,16,,85,85,1,12,4,120.695215,24.155609,2
3876,66000,387130000C,(04)23274275,(04)23288582,2025,03,11,7,35,臺中市,南區,0,1,0,5,2,6,40,13,8,1,4,4,6,6,4,4,9,5,4,2,17,3,10,3,1,B03,7,1,1,8,2,16,,51,51,1,12,4,120.658569,24.113233,2
3877,66000,387130000C,(04)23274275,(04)23288582,2025,03,11,7,35,臺中市,西屯區,0,0,0,7,,,40,,,,,,,,,,,,,,13,,,,,B03,,,1,,1,,,59,59,1,13,4,120.629711,24.163962,3
3878,66000,387130000C,(04)23274275,(04)23288582,2025,03,11,7,36,臺中市,大甲區,0,1,0,7,2,6,40,7,9,1,5,4,6,6,1,1,4,1,5,2,13,3,10,3,1,B03,7,9,1,8,2,5,,7,7,1,12,4,120.625878,24.347026,2
3879,66000,387130000C,(04)23274275,(04)23288582,2025,03,11,7,38,臺中市,大里區,0,0,0,7,,,50,,,,,,,,,,,,,,11,,,,,B03,,,1,,2,,,8,8,1,13,4,120.667111,24.112556,3
3880,66000,387130000C,(04)23274275,(04)23288582,2025,03,11,7,38,臺中市,大里區,0,1,0,7,2,6,50,4,1,1,5,4,6,6,1,1,10,5,5,2,16,2,9,1,1,C03,7,6,1,10,2,14,,1,1,1,12,4,120.696346,24.090751,2
3881,66000,387130000C,(04)23274275,(04)23288582,2025,03,11,7,38,臺中市,大里區,0,2,0,7,2,6,50,5,2,1,5,4,6,6,1,1,2,3,4,2,17,2,9,2,1,C03,7,9,1,10,2,11,,8,8,1,6,4,120.687556,24.086301,2
3882,66000,387130000C,(04)23274275,(04)23288582,2025,03,11,7,38,臺中市,太平區,0,0,0,7,,,30,,,,,,,,,,,,,,11,,,,,B03,,,1,,2,,,85,85,1,12,4,120.706008,24.149216,3
3883,66000,387130000C,(04)23274275,(04)23288582,2025,03,11,7,39,臺中市,西屯區,0,0,0,7,,,60,,,,,,,,,,,,,,13,,,,,B03,,,1,,1,,,59,59,1,13,4,120.655291,24.159424,3
3884,66000,387130000C,(04)23274275,(04)23288582,2025,03,11,7,39,臺中市,清水區,0,0,0,7,,,40,,,,,,,,,,,,,,12,,,,,B03,,,1,,2,,,39,39,1,13,4,120.54708,24.275647,3
3885,66000,387130000C,(04)23274275,(04)23288582,2025,03,11,7,40,臺中市,南屯區,0,0,0,7,,,50,,,,,,,,,,,,,,17,,,,,B03,,,1,,1,,,59,59,1,12,4,120.648343,24.136906,3
3886,66000,387130000C,(04)23274275,(04)23288582,2025,03,11,7,41,臺中市,烏日區,0,2,0,7,2,6,50,3,1,1,5,4,6,6,4,4,5,4,4,2,17,2,9,1,1,C04,7,6,1,10,2,12,,38,38,1,13,4,120.60728,24.110265,2
3887,66000,387130000C,(04)23274275,(04)23288582,2025,03,11,7,43,臺中市,西屯區,0,1,0,7,1,9,40,3,4,1,5,4,6,6,1,1,5,5,4,2,18,2,9,5,4,C03,7,5,1,10,2,12,,59,59,1,12,4,120.653908,24.162473,2
3888,66000,387130000C,(04)23274275,(04)23288582,2025,03,11,7,45,臺中市,南屯區,0,2,0,7,1,6,50,13,9,1,5,4,6,6,4,4,1,4,5,2,13,2,9,5,4,C03,7,9,1,10,2,11,,7,7,1,13,4,120.646391,24.142313,2
3889,66000,387130000C,(04)23274275,(04)23288582,2025,03,11,7,46,臺中市,西屯區,0,1,0,7,2,6,40,13,8,1,5,4,6,6,4,4,4,4,4,2,13,2,9,5,4,C03,7,9,1,10,2,11,,7,7,1,13,4,120.618106,24.161064,2
3890,66000,387130000C,(04)23274275,(04)23288582,2025,03,11,7,47,臺中市,東區,0,0,0,7,,,50,,,,,,,,,,,,,,17,,,,,B03,,,1,,1,,,84,84,1,6,4,120.683858,24.132758,3
3891,66000,387130000C,(04)23274275,(04)23288582,2025,03,11,7,48,臺中市,大里區,0,0,0,7,,,30,,,,,,,,,,,,,,11,,,,,B12,,,1,,2,,,8,8,1,6,4,120.706591,24.097553,3
3892,66000,387130000C,(04)23274275,(04)23288582,2025,03,11,7,50,臺中市,西區,0,1,0,7,3,6,50,4,1,1,5,4,6,6,4,4,10,5,5,2,16,2,9,2,1,C04,7,9,1,10,1,12,,4,4,1,12,4,120.675897,24.135894,2
3893,66000,387130000C,(04)23274275,(04)23288582,2025,03,11,7,51,臺中市,大雅區,0,0,0,7,,,30,,,,,,,,,,,,,,,,,,,C03,,,3,,2,,,15,15,1,12,4,120.662345,24.226494,3
3894,66000,387130000C,(04)23274275,(04)23288582,2025,03,11,7,51,臺中市,太平區,0,1,0,7,2,6,40,13,9,1,5,4,6,6,4,4,9,4,5,1,12,3,10,3,1,B11,7,4,1,4,2,2,,1,1,2,12,4,120.734129,24.127461,2
3895,66000,387130000C,(04)23274275,(04)23288582,2025,03,11,7,52,臺中市,大雅區,0,1,0,7,2,6,50,11,7,1,5,4,6,6,4,4,1,4,4,1,12,3,10,3,1,B03,7,9,1,8,2,2,,85,85,1,13,4,120.672022,24.2157,2
3896,66000,387130000C,(04)23274275,(04)23288582,2025,03,11,7,52,臺中市,西屯區,0,1,0,7,2,6,30,3,1,1,5,4,6,6,4,4,5,5,5,2,16,3,10,5,4,C03,7,6,1,10,2,11,,12,12,1,12,4,120.658671,24.175817,2
3897,66000,387130000C,(04)23274275,(04)23288582,2025,03,11,7,53,臺中市,烏日區,0,2,0,7,2,6,50,13,9,1,5,4,6,6,4,4,10,4,5,1,13,2,9,2,1,C03,7,9,1,10,2,11,,7,7,1,6,4,120.659648,24.059141,2
3898,66000,387130000C,(04)23274275,(04)23288582,2025,03,11,7,55,臺中市,神岡區,0,1,0,7,2,6,50,13,9,1,5,4,6,6,4,4,9,5,5,1,16,3,10,5,4,B03,7,1,1,8,2,4,,51,51,1,12,4,120.67304,24.254142,2
3899,66000,387130000C,(04)23274275,(04)23288582,2025,03,11,7,56,臺中市,南區,0,2,0,7,3,6,30,3,2,1,5,4,6,6,4,4,5,5,4,2,16,3,10,2,1,C03,7,6,1,9,2,14,,48,48,1,13,4,120.659639,24.125666,2
3900,66000,387130000C,(04)23274275,(04)23288582,2025,03,11,7,57,臺中市,北區,0,2,0,7,3,6,50,4,1,1,5,4,6,6,4,4,5,5,5,2,15,2,9,2,1,C03,7,9,1,10,2,11,,15,15,1,12,4,120.678479,24.172175,2
3901,66000,387130000C,(04)23274275,(04)23288582,2025,03,11,7,58,臺中市,西屯區,0,0,0,7,,,50,,,,,,,,,,,,,,13,,,,,B03,,,1,,1,,,59,59,1,13,4,120.649908,24.156176,3
3902,66000,387130000C,(04)23274275,(04)23288582,2025,03,11,8,1,臺中市,南屯區,0,2,0,7,2,6,30,5,2,1,5,4,6,6,4,4,10,4,5,2,17,2,9,2,1,C03,7,9,1,10,2,14,,20,20,1,12,4,120.630552,24.126097,2
3903,66000,387130000C,(04)23274275,(04)23288582,2025,03,11,8,1,臺中市,太平區,0,0,0,7,,,50,,,,,,,,,,,,,,,,,,,B03,,,1,,1,,,51,51,1,6,4,120.70385,24.115103,3
3904,66000,387130000C,(04)23274275,(04)23288582,2025,03,11,8,2,臺中市,神岡區,0,1,0,6,2,6,30,3,1,1,5,4,6,6,4,4,10,5,5,2,17,2,9,2,1,C03,7,9,1,10,2,11,,6,6,1,6,4,120.655728,24.265197,2
3905,66000,387130000C,(04)23274275,(04)23288582,2025,03,11,8,6,臺中市,石岡區,0,0,0,7,,,60,,,,,,,,,,,,,,,,,,,B03,,,1,,1,,,84,84,1,12,4,120.791415,24.272763,3
3906,66000,387130000C,(04)23274275,(04)23288582,2025,03,11,8,12,臺中市,中區,0,2,0,7,2,6,50,4,1,1,5,4,6,6,1,1,10,5,5,2,16,2,9,2,1,C03,7,6,1,10,2,13,,48,48,1,13,4,120.67724,24.145728,2
3907,66000,387130000C,(04)23274275,(04)23288582,2025,03,11,8,13,臺中市,中區,0,0,0,7,,,50,,,,,,,,,,,,,,,,,,,C03,,,1,,1,,,7,7,1,6,4,120.679497,24.142426,3
3908,66000,387130000C,(04)23274275,(04)23288582,2025,03,11,8,13,臺中市,南屯區,0,0,0,7,,,50,,,,,,,,,,,,,,14,,,,,B03,,,1,,1,,,49,49,1,6,4,120.649302,24.143641,3
3909,66000,387130000C,(04)23274275,(04)23288582,2025,03,11,8,14,臺中市,北屯區,0,1,0,7,2,6,50,13,8,1,5,4,6,6,4,4,1,4,4,2,16,3,10,3,1,B03,7,5,5,8,2,5,,85,85,1,6,4,120.686252,24.194619,2
3910,66000,387130000C,(04)23274275,(04)23288582,2025,03,11,8,16,臺中市,豐原區,0,1,0,6,1,6,50,13,9,1,5,4,6,6,4,4,9,5,5,2,17,3,10,3,1,B03,7,1,1,8,2,4,,51,51,1,6,4,120.718737,24.267664,2
3911,66000,387130000C,(04)23274275,(04)23288582,2025,03,11,8,17,臺中市,南區,0,0,0,7,,,50,,,,,,,,,,,,,,13,,,,,B03,,,1,,2,,,84,84,1,12,4,120.655048,24.123612,3
3912,66000,387130000C,(04)23274275,(04)23288582,2025,03,11,8,17,臺中市,后里區,0,0,0,7,3,6,50,13,9,1,5,4,6,6,4,4,5,4,5,1,11,3,10,3,1,B03,7,9,1,8,2,8,,39,39,1,6,4,120.700985,24.319346,3
3913,66000,387130000C,(04)23274275,(04)23288582,2025,03,11,8,17,臺中市,神岡區,0,1,0,7,2,6,50,13,9,1,5,4,6,6,4,4,9,3,5,2,12,2,9,5,4,C03,7,9,1,10,2,11,,7,7,1,12,4,120.695625,24.239283,2
3914,66000,387130000C,(04)23274275,(04)23288582,2025,03,11,8,17,臺中市,豐原區,0,1,0,7,3,6,50,13,9,1,5,4,6,6,4,4,1,4,5,1,13,3,10,1,4,C03,7,15,1,10,2,13,,84,84,1,12,4,120.725004,24.245231,2
3915,66000,387130000C,(04)23274275,(04)23288582,2025,03,11,8,19,臺中市,大里區,0,1,0,7,2,6,50,4,2,1,5,4,6,6,4,4,5,5,5,2,17,3,10,3,1,B03,7,9,1,10,2,4,,6,6,1,6,4,120.706123,24.083303,2
3916,66000,387130000C,(04)23274275,(04)23288582,2025,03,11,8,21,臺中市,西區,0,2,0,6,2,6,50,4,1,1,5,4,6,6,1,1,10,5,5,2,17,2,8,2,1,C03,7,9,1,10,2,14,,84,84,1,12,4,120.652997,24.146726,2
3917,66000,387130000C,(04)23274275,(04)23288582,2025,03,11,8,21,臺中市,南屯區,0,2,0,7,2,6,50,4,1,1,5,4,6,6,1,1,9,5,5,2,17,2,9,2,1,C03,7,9,1,10,2,11,,59,59,1,13,4,120.637724,24.142453,2
3918,66000,387130000C,(04)23274275,(04)23288582,2025,03,11,8,24,臺中市,太平區,0,0,0,7,,,80,,,,,,,,,,,,,,13,,,,,B03,,,1,,2,,,7,7,1,12,4,120.714669,24.148954,3
3919,66000,387130000C,(04)23274275,(04)23288582,2025,03,11,8,28,臺中市,西屯區,0,0,0,7,,,50,,,,,,,,,,,,,,13,,,,,B03,,,1,,1,,,59,59,1,13,4,120.653327,24.167679,3
3920,66000,387130000C,(04)23274275,(04)23288582,2025,03,11,8,29,臺中市,北屯區,0,0,0,7,,,50,,,,,,,,,,,,,,,,,,,C03,,,1,,1,,,40,40,1,13,4,120.733832,24.159683,3
3921,66000,387130000C,(04)23274275,(04)23288582,2025,03,11,8,29,臺中市,梧棲區,0,2,0,7,2,6,40,4,1,1,5,4,6,6,1,1,10,5,5,2,15,2,9,1,1,C03,7,9,1,10,2,11,,21,21,1,12,4,120.518393,24.225264,2
3922,66000,387130000C,(04)23274275,(04)23288582,2025,03,11,8,35,臺中市,西區,0,0,0,7,,,50,,,,,,,,,,,,,,15,,,,,B03,,,1,,2,,,15,15,1,12,4,120.660184,24.155275,3