﻿序號,縣市別代碼,機關代碼,市話,傳真,年,月,日,時,分,縣市,區,死亡數量,受傷數量,2-30,天候,道路照明設備,道路類別,道路速限,道路型態,事故位置,路面鋪裝,路面狀態,路面缺陷,障礙物,視距,號誌種類,號誌動作,分向設施,快車道或一般車道間,快慢車道間,路面邊線,事故類型及型態,受傷程度,主要傷處,保護裝備,行動電話或功能裝置,當事者區分_類別,車輛用途,當事者行動狀態,駕照狀態,駕照種類,飲酒情形,車輛撞擊部位最初,車輛撞擊部位其他,肇事因素個別,肇事因素主要,肇事逃逸,職業,共享經濟或外送平台,GPS座標X,GPS座標Y,事故類別
4146,66000,387130000C,(04)23274275,(04)23288582,2025,03,11,17,22,臺中市,東勢區,0,0,0,7,,,50,,,,,,,,,,,,,,,,,,,B03,,,1,,1,,,49,49,1,12,4,120.824388,24.26488,3
4147,66000,387130000C,(04)23274275,(04)23288582,2025,03,11,17,23,臺中市,南屯區,0,0,0,7,,,50,,,,,,,,,,,,,,,,,,,B03,,,1,,1,,,7,7,1,12,4,120.620936,24.145212,3
4148,66000,387130000C,(04)23274275,(04)23288582,2025,03,11,17,23,臺中市,石岡區,0,1,0,7,2,6,70,13,8,1,5,4,6,6,4,4,1,4,4,1,13,2,9,5,4,C03,7,9,1,10,2,11,,7,7,1,13,4,120.767958,24.275728,2
4149,66000,387130000C,(04)23274275,(04)23288582,2025,03,11,17,26,臺中市,大里區,0,2,0,7,2,6,50,3,1,1,5,4,6,6,4,4,5,5,5,1,16,2,9,1,1,C03,7,7,1,10,2,12,14,40,40,1,6,4,120.687623,24.120679,2
4150,66000,387130000C,(04)23274275,(04)23288582,2025,03,11,17,28,臺中市,烏日區,0,0,0,7,,,50,,,,,,,,,,,,,,17,,,,,B03,,,1,,1,,,51,51,1,6,4,120.616655,24.113803,3
4151,66000,387130000C,(04)23274275,(04)23288582,2025,03,11,17,28,臺中市,豐原區,0,1,0,7,2,6,30,13,9,1,5,4,6,1,4,4,10,5,5,2,6,2,1,6,5,H01,8,18,7,21,10,17,,99,99,1,12,5,120.728313,24.236946,2
4152,66000,387130000C,(04)23274275,(04)23288582,2025,03,11,17,29,臺中市,沙鹿區,0,0,0,7,,,50,,,,,,,,,,,,,,,,,,,C03,,,1,,1,,,7,7,1,13,4,120.578342,24.209648,3
4153,66000,387130000C,(04)23274275,(04)23288582,2025,03,11,17,30,臺中市,南屯區,0,0,0,7,,,50,,,,,,,,,,,,,,13,,,,,B03,,,1,,1,,,59,59,1,12,4,120.622888,24.140467,3
4154,66000,387130000C,(04)23274275,(04)23288582,2025,03,11,17,30,臺中市,烏日區,0,0,0,7,2,6,60,3,1,1,5,4,6,6,4,4,10,5,5,2,12,3,10,3,1,B03,7,5,1,8,2,2,,8,8,1,6,4,120.619657,24.105811,3
4155,66000,387130000C,(04)23274275,(04)23288582,2025,03,11,17,35,臺中市,北屯區,0,2,0,7,2,6,50,3,1,1,5,4,6,6,4,4,7,3,5,2,12,2,9,2,1,C03,7,8,1,10,2,12,,40,40,1,13,4,120.743562,24.183716,2
4156,66000,387130000C,(04)23274275,(04)23288582,2025,03,11,17,35,臺中市,清水區,0,0,0,7,2,6,50,13,9,1,5,4,6,6,4,4,8,3,5,1,13,,,,,C03,,,1,,1,,,7,7,1,12,4,120.574797,24.282547,3
4157,66000,387130000C,(04)23274275,(04)23288582,2025,03,11,17,36,臺中市,大雅區,0,0,0,7,,,50,,,,,,,,,,,,,,13,,,,,B11,,,1,,1,,,94,94,1,12,4,120.657749,24.245391,3
4158,66000,387130000C,(04)23274275,(04)23288582,2025,03,11,17,37,臺中市,神岡區,0,0,0,7,,,50,,,,,,,,,,,,,,11,,,,,A12,,,3,,11,,,8,8,1,12,4,120.695909,24.248572,3
4159,66000,387130000C,(04)23274275,(04)23288582,2025,03,11,17,39,臺中市,大里區,0,0,0,7,,,50,,,,,,,,,,,,,,,,,,,C03,,,1,,2,,,38,38,1,6,4,120.687356,24.087292,3
4160,66000,387130000C,(04)23274275,(04)23288582,2025,03,11,17,40,臺中市,神岡區,0,0,0,7,,,50,,,,,,,,,,,,,,17,,,,,B03,,,1,,1,,,26,26,1,13,4,120.656253,24.262031,3
4161,66000,387130000C,(04)23274275,(04)23288582,2025,03,11,17,41,臺中市,東區,0,0,0,7,,,50,,,,,,,,,,,,,,17,,,,,B12,,,1,,2,,,84,84,1,12,4,120.694248,24.151896,3
4162,66000,387130000C,(04)23274275,(04)23288582,2025,03,11,17,41,臺中市,神岡區,0,0,0,7,,,30,,,,,,,,,,,,,,20,,,,,B02,,,1,,2,,,59,59,1,13,4,120.69834,24.235703,3
4163,66000,387130000C,(04)23274275,(04)23288582,2025,03,11,17,45,臺中市,北屯區,0,1,0,7,2,6,50,13,9,1,5,4,6,6,4,4,1,4,5,2,9,3,10,3,1,A04,7,1,1,2,2,2,,74,74,1,6,4,120.698759,24.174397,2
4164,66000,387130000C,(04)23274275,(04)23288582,2025,03,11,17,45,臺中市,大里區,0,0,0,7,,,50,,,,,,,,,,,,,,,,,,,B03,,,1,,2,,,7,7,1,12,4,120.692494,24.113759,3
4165,66000,387130000C,(04)23274275,(04)23288582,2025,03,11,17,47,臺中市,大里區,0,0,0,7,3,6,60,4,7,1,5,4,6,6,1,1,1,2,3,2,12,,,,,B12,,,1,,2,,,84,84,1,12,4,120.663902,24.083089,3
4166,66000,387130000C,(04)23274275,(04)23288582,2025,03,11,17,49,臺中市,北屯區,0,1,0,7,3,6,50,13,9,1,5,4,6,6,4,4,5,4,5,2,13,3,10,2,1,C03,7,9,1,10,1,11,,7,7,1,5,4,120.725361,24.176064,2
4167,66000,387130000C,(04)23274275,(04)23288582,2025,03,11,17,49,臺中市,西屯區,0,1,0,7,2,6,50,4,1,1,5,4,6,6,2,1,9,4,4,2,12,2,8,6,1,F01,7,6,7,21,2,14,,42,42,1,13,4,120.639983,24.160256,2
4168,66000,387130000C,(04)23274275,(04)23288582,2025,03,11,17,50,臺中市,北屯區,0,1,0,7,2,6,50,4,1,1,5,4,6,6,1,1,10,5,5,2,13,2,9,5,4,C03,7,9,1,10,1,11,,7,7,1,12,4,120.704359,24.164735,2
4169,66000,387130000C,(04)23274275,(04)23288582,2025,03,11,17,55,臺中市,太平區,0,0,0,7,,,50,,,,,,,,,,,,,,17,,,,,B03,,,1,,2,,,84,84,1,12,4,120.716253,24.150473,3
4170,66000,387130000C,(04)23274275,(04)23288582,2025,03,11,17,57,臺中市,北區,0,0,0,7,2,6,50,4,1,1,5,4,6,6,1,1,5,4,5,2,16,3,10,3,1,B01,7,11,1,4,1,4,,45,45,1,12,4,120.692954,24.157211,3
4171,66000,387130000C,(04)23274275,(04)23288582,2025,03,11,17,57,臺中市,北屯區,0,1,0,7,2,6,50,13,9,1,5,4,6,6,4,4,9,5,5,2,17,3,10,1,1,C03,7,9,1,10,1,11,,84,84,1,12,4,120.705797,24.175702,2
4172,66000,387130000C,(04)23274275,(04)23288582,2025,03,11,17,57,臺中市,后里區,0,0,0,7,,,50,,,,,,,,,,,,,,12,,,,,B03,,,1,,2,,,8,8,1,12,4,120.721194,24.30801,3
4173,66000,387130000C,(04)23274275,(04)23288582,2025,03,11,18,2,臺中市,南區,0,0,0,7,,,50,,,,,,,,,,,,,,14,,,,,B03,,,1,,1,,,50,50,1,13,4,120.682466,24.121531,3
4174,66000,387130000C,(04)23274275,(04)23288582,2025,03,11,18,3,臺中市,大里區,0,1,0,7,2,6,50,13,9,1,5,4,6,6,4,4,9,5,5,2,17,2,9,1,1,C03,7,9,2,19,2,11,,84,84,1,12,4,120.667641,24.108555,2
4175,66000,387130000C,(04)23274275,(04)23288582,2025,03,11,18,8,臺中市,潭子區,0,1,0,7,2,6,50,3,1,1,5,4,6,6,1,1,10,5,5,2,16,3,10,3,1,B03,7,6,1,8,2,8,,84,84,1,12,4,120.70738,24.215513,2
4176,66000,387130000C,(04)23274275,(04)23288582,2025,03,11,18,8,臺中市,大里區,0,1,0,7,1,6,30,3,1,1,5,4,6,6,4,4,10,5,5,2,16,3,10,1,1,C03,7,1,3,19,2,11,,51,51,1,6,4,120.686898,24.114309,2
4177,66000,387130000C,(04)23274275,(04)23288582,2025,03,11,18,10,臺中市,北屯區,0,1,0,7,3,6,50,4,1,1,5,4,6,6,4,4,10,5,5,2,18,2,9,1,1,C03,7,9,1,10,2,14,,84,84,1,12,4,120.675443,24.201972,2
4178,66000,387130000C,(04)23274275,(04)23288582,2025,03,11,18,10,臺中市,梧棲區,0,2,0,7,1,6,30,4,1,1,5,4,6,6,4,4,10,5,5,2,15,2,9,1,1,C03,7,9,1,10,2,11,,12,12,1,12,4,120.552548,24.254606,2
4179,66000,387130000C,(04)23274275,(04)23288582,2025,03,11,18,11,臺中市,南屯區,0,0,0,7,,,50,,,,,,,,,,,,,,,,,,,B12,,,1,,2,,,84,84,1,13,4,120.634404,24.130115,3
4180,66000,387130000C,(04)23274275,(04)23288582,2025,03,11,18,12,臺中市,西區,0,0,0,7,,,50,,,,,,,,,,,,,,16,,,,,C03,,,1,,1,,,4,4,1,13,4,120.65861,24.159038,3
4181,66000,387130000C,(04)23274275,(04)23288582,2025,03,11,18,16,臺中市,豐原區,0,0,0,7,,,30,,,,,,,,,,,,,,15,,,,,B03,,,1,,2,,,15,15,1,13,4,120.718801,24.268122,3
4182,66000,387130000C,(04)23274275,(04)23288582,2025,03,11,18,17,臺中市,烏日區,0,0,0,7,,,30,,,,,,,,,,,,,,17,,,,,B12,,,1,,2,,,8,8,1,6,4,120.638837,24.107287,3
4183,66000,387130000C,(04)23274275,(04)23288582,2025,03,11,18,18,臺中市,南屯區,0,0,0,7,,,50,,,,,,,,,,,,,,14,,,,,B03,,,1,,2,,,49,49,1,12,4,120.644804,24.140698,3
4184,66000,387130000C,(04)23274275,(04)23288582,2025,03,11,18,18,臺中市,沙鹿區,0,0,0,7,,,50,,,,,,,,,,,,,,,,,,,B03,,,1,,1,,,58,58,1,12,4,120.569398,24.225149,3
4185,66000,387130000C,(04)23274275,(04)23288582,2025,03,11,18,20,臺中市,西屯區,0,1,0,7,1,6,30,11,9,1,5,4,6,6,4,4,10,5,5,2,11,2,7,5,4,C03,7,9,1,10,2,14,,8,8,1,13,4,120.650271,24.174576,2
4186,66000,387130000C,(04)23274275,(04)23288582,2025,03,11,18,22,臺中市,西區,0,1,0,7,1,6,50,3,1,1,5,4,6,6,4,4,10,5,5,2,17,2,9,5,4,C03,7,5,1,10,2,14,,13,13,1,12,4,120.670501,24.144625,2
4187,66000,387130000C,(04)23274275,(04)23288582,2025,03,11,18,25,臺中市,西屯區,0,0,0,7,,,40,,,,,,,,,,,,,,,,,,,C03,,,1,,1,,,7,7,1,12,4,120.63882,24.172066,3
4188,66000,387130000C,(04)23274275,(04)23288582,2025,03,11,18,26,臺中市,西屯區,0,0,0,6,,,50,,,,,,,,,,,,,,,,,,,B03,,,1,,1,,,59,59,1,13,4,120.645191,24.162759,3
4189,66000,387130000C,(04)23274275,(04)23288582,2025,03,11,18,27,臺中市,神岡區,0,1,0,7,1,6,50,13,9,1,5,4,6,6,4,4,9,4,4,2,13,2,8,1,4,C03,7,6,1,10,2,11,,7,7,1,12,4,120.702072,24.262518,2
4190,66000,387130000C,(04)23274275,(04)23288582,2025,03,11,18,28,臺中市,西屯區,0,1,0,7,1,6,50,3,1,1,5,4,6,6,1,1,10,5,5,2,13,3,10,5,4,B03,7,5,1,8,2,1,,7,7,1,12,4,120.634887,24.162842,2
4191,66000,387130000C,(04)23274275,(04)23288582,2025,03,11,18,30,臺中市,南屯區,0,1,0,7,2,6,40,3,1,1,5,4,6,6,4,4,9,4,4,2,3,3,10,1,1,C03,7,5,1,10,2,11,,10,10,1,12,4,120.63625,24.151284,2
4192,66000,387130000C,(04)23274275,(04)23288582,2025,03,11,18,31,臺中市,南屯區,0,0,0,7,,,50,,,,,,,,,,,,,,,,,,,B03,,,1,,1,,,40,40,1,12,4,120.63423,24.144422,3
4193,66000,387130000C,(04)23274275,(04)23288582,2025,03,11,18,31,臺中市,北屯區,0,1,0,7,1,6,50,13,9,1,5,4,6,6,4,4,5,5,5,2,17,2,9,5,4,C03,7,9,1,10,2,11,,84,84,1,13,4,120.710078,24.181246,2
4194,66000,387130000C,(04)23274275,(04)23288582,2025,03,11,18,34,臺中市,西屯區,0,1,0,7,2,6,50,13,9,1,5,4,6,6,4,4,5,4,5,2,13,2,8,1,1,C03,7,9,5,19,2,11,,7,7,1,12,4,120.62084,24.186991,2
4195,66000,387130000C,(04)23274275,(04)23288582,2025,03,11,18,35,臺中市,北屯區,0,0,0,7,,,50,,,,,,,,,,,,,,12,,,,,B03,,,1,,2,,,7,7,1,13,4,120.661361,24.19509,3
4196,66000,387130000C,(04)23274275,(04)23288582,2025,03,11,18,37,臺中市,北區,0,0,0,7,,,50,,,,,,,,,,,,,,12,,,,,B03,,,1,,1,,,84,84,1,12,4,120.684847,24.166489,3
4197,66000,387130000C,(04)23274275,(04)23288582,2025,03,11,18,37,臺中市,南屯區,0,0,0,7,,,50,,,,,,,,,,,,,,,,,,,C03,,,1,,2,,,59,59,1,13,4,120.646629,24.140096,3
4198,66000,387130000C,(04)23274275,(04)23288582,2025,03,11,18,39,臺中市,西屯區,0,1,0,7,1,6,40,13,8,1,5,4,6,6,4,4,1,4,1,2,13,2,7,1,1,C03,7,9,1,9,1,11,,7,7,1,12,4,120.656454,24.158447,2
4199,66000,387130000C,(04)23274275,(04)23288582,2025,03,11,18,40,臺中市,南屯區,0,0,0,7,,,,,,,,,,,,,,,,,,,,,,,,,,,,,,119,119,1,,,120.644516,24.137102,3
4200,66000,387130000C,(04)23274275,(04)23288582,2025,03,11,18,40,臺中市,西屯區,0,1,0,7,1,6,50,13,7,1,5,4,6,6,4,4,9,4,4,2,12,3,10,3,1,B03,7,7,1,8,2,2,,40,40,1,13,4,120.646539,24.173169,2
4201,66000,387130000C,(04)23274275,(04)23288582,2025,03,11,18,40,臺中市,大里區,0,0,0,6,3,6,50,13,7,1,5,4,6,6,4,4,1,4,4,1,28,,,,,C02,,,1,,9,,,84,84,1,12,4,120.689387,24.101503,3
4202,66000,387130000C,(04)23274275,(04)23288582,2025,03,11,18,48,臺中市,烏日區,0,0,0,7,1,6,50,13,9,1,5,4,6,6,1,1,5,4,5,1,13,3,10,3,1,B03,7,15,1,8,2,1,,7,7,1,6,4,120.64435,24.08579,3
4203,66000,387130000C,(04)23274275,(04)23288582,2025,03,11,18,50,臺中市,梧棲區,0,0,0,5,,,50,,,,,,,,,,,,,,13,,,,,B03,,,1,,2,,,50,50,1,6,4,120.53375,24.252257,3
4204,66000,387130000C,(04)23274275,(04)23288582,2025,03,11,18,53,臺中市,東區,0,0,0,7,,,50,,,,,,,,,,,,,,13,,,,,C03,,,1,,1,,,84,84,1,13,4,120.707122,24.138273,3
4205,66000,387130000C,(04)23274275,(04)23288582,2025,03,11,18,59,臺中市,大里區,0,1,0,7,2,6,50,13,9,1,5,4,6,6,4,4,5,5,5,1,13,3,10,3,1,B03,7,9,1,8,2,1,,7,7,1,13,4,120.693312,24.090832,2
4206,66000,387130000C,(04)23274275,(04)23288582,2025,03,11,19,0,臺中市,北屯區,0,0,0,7,,,30,,,,,,,,,,,,,,9,,,,,B03,,,1,8,2,,,8,8,1,12,4,120.663838,24.187443,3
4207,66000,387130000C,(04)23274275,(04)23288582,2025,03,11,19,0,臺中市,北屯區,0,0,0,7,,,80,,,,,,,,,,,,,,13,,,,,B12,,,1,,1,,,84,84,1,6,4,120.720613,24.167193,3
4208,66000,387130000C,(04)23274275,(04)23288582,2025,03,11,19,5,臺中市,潭子區,0,0,0,7,,,50,,,,,,,,,,,,,,,,,,,C03,,,1,,2,,,84,84,1,12,4,120.704639,24.209768,3
4209,66000,387130000C,(04)23274275,(04)23288582,2025,03,11,19,5,臺中市,北屯區,0,1,0,7,1,6,50,4,1,1,5,4,6,6,2,1,10,5,5,2,16,2,9,1,1,C03,7,6,1,10,2,14,13,48,48,1,12,4,120.680211,24.189015,2
4210,66000,387130000C,(04)23274275,(04)23288582,2025,03,11,19,10,臺中市,東區,0,2,0,7,2,6,50,4,1,1,5,4,6,6,2,1,2,2,5,2,13,3,10,3,1,B03,7,9,1,8,2,1,,84,84,1,13,4,120.699831,24.13671,2
4211,66000,387130000C,(04)23274275,(04)23288582,2025,03,11,19,17,臺中市,西區,0,1,0,7,2,6,50,4,1,1,5,4,6,6,1,1,10,5,5,2,17,2,9,5,4,C03,7,15,1,10,2,14,,48,48,1,12,4,120.678299,24.136332,2
4212,66000,387130000C,(04)23274275,(04)23288582,2025,03,11,19,19,臺中市,西屯區,0,0,0,7,,,50,,,,,,,,,,,,,,13,,,,,B03,,,1,,2,,,50,50,1,13,4,120.657768,24.16315,3
4213,66000,387130000C,(04)23274275,(04)23288582,2025,03,11,19,19,臺中市,豐原區,0,0,0,7,,,30,,,,,,,,,,,,,,13,,,,,F01,,,7,,2,,,7,7,1,13,4,120.724846,24.240011,3
4214,66000,387130000C,(04)23274275,(04)23288582,2025,03,11,19,22,臺中市,龍井區,0,2,0,7,3,6,40,4,2,1,5,4,6,6,4,4,10,5,5,1,15,2,9,1,1,C03,7,9,1,10,2,12,,15,15,1,12,4,120.525326,24.206301,2
4215,66000,387130000C,(04)23274275,(04)23288582,2025,03,11,19,30,臺中市,北區,0,0,0,7,,,50,,,,,,,,,,,,,,13,,,,,C03,,,1,,2,11,,59,59,1,12,4,120.686269,24.14524,3
4216,66000,387130000C,(04)23274275,(04)23288582,2025,03,11,19,38,臺中市,大雅區,0,0,0,7,,,0,,,,,,,,,,,,,,17,,,,,B03,,,1,,11,,,8,8,2,12,4,120.650409,24.2215,3
4217,66000,387130000C,(04)23274275,(04)23288582,2025,03,11,19,38,臺中市,沙鹿區,0,1,0,7,1,6,50,13,9,1,5,4,6,6,4,4,5,5,4,2,28,2,9,1,1,C03,7,9,1,10,2,12,,82,82,1,12,4,120.563906,24.237402,2
4218,66000,387130000C,(04)23274275,(04)23288582,2025,03,11,19,40,臺中市,神岡區,0,1,0,7,1,6,50,4,1,1,5,4,6,6,1,1,1,4,5,1,16,3,10,5,4,B03,7,11,1,8,2,2,,32,32,1,12,4,120.686464,24.24708,2
4219,66000,387130000C,(04)23274275,(04)23288582,2025,03,11,19,41,臺中市,北區,0,2,0,7,1,6,50,4,1,1,5,4,6,6,4,4,10,5,5,2,15,2,9,1,1,C03,7,9,1,10,2,11,,13,13,1,12,4,120.684503,24.152957,2
4220,66000,387130000C,(04)23274275,(04)23288582,2025,03,11,19,43,臺中市,南區,0,3,0,7,1,6,30,4,1,1,5,4,6,6,4,4,10,5,5,2,17,2,9,2,1,C03,7,9,1,10,2,15,,15,15,1,12,4,120.670819,24.124986,2
4221,66000,387130000C,(04)23274275,(04)23288582,2025,03,11,19,43,臺中市,豐原區,0,0,0,7,,,30,,,,,,,,,,,,,,,,,,,C03,,,1,,2,,,58,58,1,13,4,120.717578,24.252347,4
4222,66000,387130000C,(04)23274275,(04)23288582,2025,03,11,19,50,臺中市,梧棲區,0,1,0,7,1,6,50,4,1,1,5,4,6,6,1,1,10,5,5,2,16,2,9,1,1,C03,7,6,1,10,2,13,,48,48,1,6,4,120.539256,24.244726,2
4223,66000,387130000C,(04)23274275,(04)23288582,2025,03,11,19,50,臺中市,清水區,0,0,0,7,,,40,,,,,,,,,,,,,,,,,,,B01,,,1,,2,,,49,49,1,12,4,120.576133,24.270343,4
4224,66000,387130000C,(04)23274275,(04)23288582,2025,03,11,19,55,臺中市,龍井區,0,0,0,7,,,50,,,,,,,,,,,,,,,,,,,B03,,,1,,2,,,7,7,1,12,4,120.555305,24.213098,3
4225,66000,387130000C,(04)23274275,(04)23288582,2025,03,11,19,57,臺中市,西區,0,1,0,7,1,6,50,13,9,1,5,4,6,6,4,4,9,4,5,1,16,3,10,3,1,B03,7,1,1,8,2,7,,51,51,1,13,4,120.661862,24.132973,2
4226,66000,387130000C,(04)23274275,(04)23288582,2025,03,11,20,3,臺中市,大肚區,0,0,0,7,,,50,,,,,,,,,,,,,,,,,,,B03,,,1,,2,,,4,4,1,6,4,120.545361,24.151071,3
4227,66000,387130000C,(04)23274275,(04)23288582,2025,03,11,20,4,臺中市,西屯區,0,0,0,7,,,50,,,,,,,,,,,,,,,,,,,C03,,,1,,1,,,59,59,1,12,4,120.635879,24.181852,3
4228,66000,387130000C,(04)23274275,(04)23288582,2025,03,11,20,8,臺中市,東區,0,0,0,7,,,50,,,,,,,,,,,,,,17,,,,,C03,,,3,,2,,,84,84,1,12,4,120.692427,24.141143,3
4229,66000,387130000C,(04)23274275,(04)23288582,2025,03,11,20,12,臺中市,北區,0,1,0,7,1,6,50,4,1,1,5,4,6,6,1,1,10,5,5,2,17,3,10,5,4,B03,7,5,1,8,2,5,,11,11,1,12,4,120.672284,24.170095,2
4230,66000,387130000C,(04)23274275,(04)23288582,2025,03,11,20,18,臺中市,潭子區,0,0,0,7,,,50,,,,,,,,,,,,,,,,,,,C03,,,1,,2,,,7,7,1,12,4,120.707697,24.199418,3
4231,66000,387130000C,(04)23274275,(04)23288582,2025,03,11,20,21,臺中市,北屯區,0,0,0,7,,,40,,,,,,,,,,,,,,17,,,,,C03,,,1,,2,,,59,59,1,13,4,120.692052,24.165078,3
4232,66000,387130000C,(04)23274275,(04)23288582,2025,03,11,20,22,臺中市,北屯區,0,1,0,7,1,6,50,13,9,1,5,4,6,6,4,4,9,5,5,2,18,2,9,5,4,C03,7,9,1,10,2,14,,85,85,1,13,4,120.687298,24.184888,2
4233,66000,387130000C,(04)23274275,(04)23288582,2025,03,11,20,28,臺中市,西屯區,0,0,0,7,,,50,,,,,,,,,,,,,,30,,,,,C03,,,1,,1,,,50,50,1,12,2,120.64512,24.181276,3
4234,66000,387130000C,(04)23274275,(04)23288582,2025,03,11,20,29,臺中市,西區,0,0,0,7,,,50,,,,,,,,,,,,,,16,,,,,C03,,,1,,2,,,47,47,1,12,4,120.671816,24.136692,4
4235,66000,387130000C,(04)23274275,(04)23288582,2025,03,11,20,31,臺中市,南屯區,0,0,0,7,,,50,,,,,,,,,,,,,,,,,,,B02,,,1,,9,,,10,10,1,12,4,120.612558,24.13844,4
4236,66000,387130000C,(04)23274275,(04)23288582,2025,03,11,20,37,臺中市,西屯區,0,1,0,7,1,6,40,13,8,1,5,4,6,6,2,1,1,4,1,2,13,3,10,3,1,B03,7,9,1,8,2,1,,7,7,1,13,4,120.644169,24.165965,2
4237,66000,387130000C,(04)23274275,(04)23288582,2025,03,11,20,50,臺中市,北屯區,0,1,0,7,1,6,50,5,1,1,5,4,6,6,4,4,4,3,5,2,13,3,10,3,1,B03,7,9,1,8,2,8,,84,84,1,13,4,120.668782,24.17574,2
4238,66000,387130000C,(04)23274275,(04)23288582,2025,03,11,20,51,臺中市,大肚區,0,0,0,7,,,50,,,,,,,,,,,,,,,,,,,B03,,,1,,1,,,49,49,1,6,4,120.576179,24.118983,3
4239,66000,387130000C,(04)23274275,(04)23288582,2025,03,11,20,52,臺中市,西區,0,0,0,7,,,50,,,,,,,,,,,,,,,,,,,B03,,,1,,2,,,40,40,1,6,4,120.670157,24.146494,3
4240,66000,387130000C,(04)23274275,(04)23288582,2025,03,11,21,5,臺中市,北區,0,2,0,7,1,6,50,4,1,1,5,4,6,6,4,4,10,5,5,2,15,2,9,1,1,C03,7,9,1,10,2,11,,15,15,1,12,4,120.680028,24.16243,2
4241,66000,387130000C,(04)23274275,(04)23288582,2025,03,11,21,6,臺中市,大雅區,0,1,0,7,1,6,50,13,9,1,5,4,6,6,4,4,5,5,5,1,12,2,9,2,1,C04,7,15,1,10,2,14,,84,84,1,12,4,120.647925,24.227518,2
4242,66000,387130000C,(04)23274275,(04)23288582,2025,03,11,21,7,臺中市,大里區,0,1,0,7,1,6,50,13,9,1,5,4,6,6,4,4,5,5,5,1,16,3,10,3,3,B03,7,6,1,8,2,4,,65,65,1,6,4,120.690368,24.114336,2
4243,66000,387130000C,(04)23274275,(04)23288582,2025,03,11,21,15,臺中市,神岡區,0,0,0,7,,,50,,,,,,,,,,,,,,13,,,,,B03,,,1,,2,,,7,7,1,13,4,120.691398,24.255306,3
4244,66000,387130000C,(04)23274275,(04)23288582,2025,03,11,21,20,臺中市,北屯區,0,0,0,7,,,50,,,,,,,,,,,,,,9,,,,,B03,,,1,8,1,,,45,45,1,12,4,120.667513,24.179744,3
4245,66000,387130000C,(04)23274275,(04)23288582,2025,03,11,21,24,臺中市,潭子區,0,1,0,7,1,6,30,4,2,1,5,4,6,6,4,4,10,5,5,2,13,3,10,2,1,C03,7,9,1,10,2,11,,7,7,1,12,4,120.676092,24.202918,2
4246,66000,387130000C,(04)23274275,(04)23288582,2025,03,11,21,26,臺中市,南屯區,0,0,0,7,,,50,,,,,,,,,,,,,,2,,,,,C03,,,1,,1,,,84,84,1,12,4,120.633946,24.146191,3
4247,66000,387130000C,(04)23274275,(04)23288582,2025,03,11,21,37,臺中市,南區,0,0,0,7,,,50,,,,,,,,,,,,,,14,,,,,B03,,,1,,2,,,49,49,1,13,4,120.682102,24.124234,3
4248,66000,387130000C,(04)23274275,(04)23288582,2025,03,11,21,39,臺中市,大里區,0,2,0,7,1,6,50,4,1,1,5,4,6,6,1,1,10,5,5,2,13,2,8,1,1,C03,7,9,1,10,2,11,,58,58,1,13,4,120.699268,24.089331,2
4249,66000,387130000C,(04)23274275,(04)23288582,2025,03,11,21,39,臺中市,龍井區,0,0,0,7,,,30,,,,,,,,,,,,,,15,,,,,C03,,,1,,1,,,12,12,1,6,4,120.587446,24.181218,3
4250,66000,387130000C,(04)23274275,(04)23288582,2025,03,11,21,42,臺中市,北屯區,0,0,0,7,,,40,,,,,,,,,,,,,,17,,,,,,,,,,,,,119,119,1,,,120.687649,24.197854,3
4251,66000,387130000C,(04)23274275,(04)23288582,2025,03,11,21,43,臺中市,南屯區,0,0,0,7,,,50,,,,,,,,,,,,,,17,,,,,B03,,,1,,2,,,94,94,1,6,4,120.643128,24.14502,3
4252,66000,387130000C,(04)23274275,(04)23288582,2025,03,11,21,45,臺中市,北區,0,0,0,7,,,50,,,,,,,,,,,,,,13,,,,,C03,,,1,,2,,,7,7,1,12,4,120.683181,24.148021,3
4253,66000,387130000C,(04)23274275,(04)23288582,2025,03,11,21,50,臺中市,北區,0,0,0,7,,,50,,,,,,,,,,,,,,,,,,,C03,,,1,,11,,,84,84,1,13,4,120.684625,24.152899,3
4254,66000,387130000C,(04)23274275,(04)23288582,2025,03,11,21,51,臺中市,北區,0,1,0,7,1,6,50,3,2,1,5,4,6,6,4,4,5,4,4,2,16,3,10,3,1,B02,7,5,1,8,2,5,,14,14,1,12,4,120.692964,24.154941,2
4255,66000,387130000C,(04)23274275,(04)23288582,2025,03,11,21,55,臺中市,北屯區,0,1,0,7,1,6,50,4,1,1,5,4,6,6,4,4,10,5,5,2,15,2,9,5,4,C03,7,9,1,10,2,11,,15,15,1,13,4,120.717185,24.170868,2
4256,66000,387130000C,(04)23274275,(04)23288582,2025,03,11,22,11,臺中市,北屯區,0,0,0,7,,,50,,,,,,,,,,,,,,13,,,,,B03,,,1,,1,,,7,7,1,13,4,120.721811,24.181854,3
4257,66000,387130000C,(04)23274275,(04)23288582,2025,03,11,22,20,臺中市,北屯區,0,2,0,7,1,6,50,4,1,1,5,4,6,6,1,1,10,5,5,2,16,2,9,5,4,C03,7,6,1,10,2,14,,65,65,1,12,4,120.686482,24.196581,2