﻿序號,縣市別代碼,機關代碼,市話,傳真,年,月,日,時,分,縣市,區,死亡數量,受傷數量,2-30,天候,道路照明設備,道路類別,道路速限,道路型態,事故位置,路面鋪裝,路面狀態,路面缺陷,障礙物,視距,號誌種類,號誌動作,分向設施,快車道或一般車道間,快慢車道間,路面邊線,事故類型及型態,受傷程度,主要傷處,保護裝備,行動電話或功能裝置,當事者區分_類別,車輛用途,當事者行動狀態,駕照狀態,駕照種類,飲酒情形,車輛撞擊部位最初,車輛撞擊部位其他,肇事因素個別,肇事因素主要,肇事逃逸,職業,共享經濟或外送平台,GPS座標X,GPS座標Y,事故類別
4368,66000,387130000C,(04)23274275,(04)23288582,2025,03,12,9,10,臺中市,西屯區,0,1,0,7,2,6,50,4,1,1,5,4,6,6,2,1,10,5,5,2,16,3,10,3,1,B03,7,6,1,8,2,2,,11,11,1,13,4,120.644232,24.183713,2
4369,66000,387130000C,(04)23274275,(04)23288582,2025,03,12,9,12,臺中市,大雅區,0,1,0,7,2,6,30,4,1,1,5,4,6,6,4,4,5,5,5,1,15,2,9,1,1,C03,7,9,1,10,2,14,,12,12,1,13,4,120.665419,24.215129,2
4370,66000,387130000C,(04)23274275,(04)23288582,2025,03,12,9,12,臺中市,西屯區,0,0,0,7,,,50,,,,,,,,,,,,,,13,,,,,B03,,,1,,2,,,59,59,1,13,4,120.651028,24.166467,3
4371,66000,387130000C,(04)23274275,(04)23288582,2025,03,12,9,14,臺中市,西區,0,1,0,7,3,6,50,13,9,1,5,4,6,6,4,4,5,4,5,2,17,3,10,3,1,B03,7,14,1,8,2,2,,77,77,1,12,4,120.662944,24.156548,2
4372,66000,387130000C,(04)23274275,(04)23288582,2025,03,12,9,14,臺中市,西屯區,0,2,0,7,2,6,0,13,21,1,5,4,6,6,4,4,10,5,5,2,13,2,9,5,4,C03,7,9,1,10,2,11,,7,7,1,12,4,120.610248,24.184367,2
4373,66000,387130000C,(04)23274275,(04)23288582,2025,03,12,9,17,臺中市,北區,0,1,0,7,2,6,50,3,2,1,5,4,6,6,2,1,10,5,5,2,17,2,9,2,1,C03,7,9,1,10,2,12,,84,84,1,13,4,120.694695,24.159955,2
4374,66000,387130000C,(04)23274275,(04)23288582,2025,03,12,9,17,臺中市,龍井區,0,0,0,7,2,6,50,13,9,1,5,4,6,6,,1,5,2,5,1,13,3,10,3,1,B03,7,9,1,8,1,1,,84,84,1,6,4,120.587732,24.185664,3
4375,66000,387130000C,(04)23274275,(04)23288582,2025,03,12,9,18,臺中市,南屯區,0,0,0,7,,,50,,,,,,,,,,,,,,14,,,,,B03,,,1,,1,,,49,49,1,13,4,120.653046,24.134037,3
4376,66000,387130000C,(04)23274275,(04)23288582,2025,03,12,9,27,臺中市,大里區,0,2,0,7,2,6,70,13,7,1,5,4,6,6,4,4,2,4,2,1,13,2,8,3,1,B12,7,14,1,8,2,1,,59,59,1,6,4,120.664211,24.084967,2
4377,66000,387130000C,(04)23274275,(04)23288582,2025,03,12,9,35,臺中市,東區,0,0,0,7,,,30,,,,,,,,,,,,,,17,,,,,B12,,,1,,2,,,8,8,1,6,4,120.696311,24.125402,3
4378,66000,387130000C,(04)23274275,(04)23288582,2025,03,12,9,40,臺中市,西區,0,1,0,7,1,6,50,4,1,1,5,4,6,6,1,1,10,5,5,2,17,3,10,5,4,B03,7,9,1,8,2,15,,84,84,1,12,4,120.675855,24.133176,2
4379,66000,387130000C,(04)23274275,(04)23288582,2025,03,12,9,41,臺中市,南區,0,1,0,7,3,6,50,13,8,1,5,4,6,6,4,4,1,4,4,2,12,3,10,2,1,C03,7,7,1,10,2,11,,20,20,1,13,4,120.648374,24.119429,2
4380,66000,387130000C,(04)23274275,(04)23288582,2025,03,12,9,51,臺中市,北區,0,2,0,7,3,9,50,4,1,1,5,4,6,6,4,4,10,5,5,2,17,3,10,5,4,B03,7,9,1,8,2,1,,20,20,1,13,4,120.671739,24.168767,2
4381,66000,387130000C,(04)23274275,(04)23288582,2025,03,12,9,52,臺中市,沙鹿區,0,0,0,7,,,50,,,,,,,,,,,,,,,,,,,B03,,,1,,1,,,49,49,1,6,4,120.562118,24.239154,4
4382,66000,387130000C,(04)23274275,(04)23288582,2025,03,12,9,53,臺中市,東區,0,2,0,7,3,6,50,3,1,1,5,4,6,6,1,1,10,5,5,2,16,2,9,2,1,C03,7,6,1,10,2,11,,11,11,1,13,4,120.709363,24.140735,2
4383,66000,387130000C,(04)23274275,(04)23288582,2025,03,12,9,55,臺中市,西區,0,2,0,7,3,6,40,13,7,1,5,4,6,6,4,4,1,4,4,2,13,2,9,1,1,C04,7,9,1,8,4,11,13,7,7,1,6,4,120.657613,24.145926,2
4384,66000,387130000C,(04)23274275,(04)23288582,2025,03,12,9,55,臺中市,沙鹿區,0,1,0,7,2,6,50,4,1,1,5,4,6,6,3,1,10,5,5,2,13,2,9,1,1,C03,7,9,1,10,2,11,,84,84,1,5,4,120.574587,24.215158,2
4385,66000,387130000C,(04)23274275,(04)23288582,2025,03,12,9,58,臺中市,大里區,0,0,0,7,,,50,,,,,,,,,,,,,,,,,,,B03,,,1,,2,,,47,47,1,12,4,120.684923,24.102483,3
4386,66000,387130000C,(04)23274275,(04)23288582,2025,03,12,10,0,臺中市,南屯區,0,1,0,7,1,6,50,4,1,1,5,4,6,6,2,1,10,5,5,2,17,3,10,3,1,B12,7,6,1,8,2,2,,11,11,1,6,4,120.628772,24.120682,2
4387,66000,387130000C,(04)23274275,(04)23288582,2025,03,12,10,1,臺中市,北區,0,0,0,7,,,50,,,,,,,,,,,,,,17,,,,,B12,,,6,,1,,,85,85,1,13,4,120.679777,24.158937,4
4388,66000,387130000C,(04)23274275,(04)23288582,2025,03,12,10,1,臺中市,西屯區,0,0,0,7,,,30,,,,,,,,,,,,,,14,,,,,B12,,,1,,2,,,49,49,1,12,4,120.657133,24.159656,3
4389,66000,387130000C,(04)23274275,(04)23288582,2025,03,12,10,3,臺中市,太平區,0,1,0,7,3,6,50,3,1,1,5,4,6,6,4,4,9,5,5,1,16,3,10,3,1,B03,7,6,1,8,2,6,,14,14,1,12,4,120.708983,24.121106,2
4390,66000,387130000C,(04)23274275,(04)23288582,2025,03,12,10,5,臺中市,西屯區,0,1,0,7,2,6,50,4,1,1,5,4,6,6,2,1,10,5,5,2,12,3,10,2,1,C03,7,5,1,10,2,12,,47,47,1,13,4,120.613992,24.174798,2
4391,66000,387130000C,(04)23274275,(04)23288582,2025,03,12,10,13,臺中市,大里區,0,1,0,7,3,6,50,4,2,1,5,4,6,6,2,1,10,4,4,2,13,2,9,1,1,C03,7,9,1,10,2,11,,59,59,1,12,4,120.683857,24.115213,2
4392,66000,387130000C,(04)23274275,(04)23288582,2025,03,12,10,13,臺中市,外埔區,0,1,0,7,2,6,60,3,2,1,5,4,6,6,1,1,1,1,4,1,16,3,10,3,1,A12,7,5,1,6,2,2,,11,11,1,12,4,120.639913,24.341093,2
4393,66000,387130000C,(04)23274275,(04)23288582,2025,03,12,10,14,臺中市,大安區,0,1,0,7,2,6,40,4,9,1,5,4,6,6,1,1,4,3,5,1,15,3,10,3,1,B02,7,9,1,8,2,5,,21,21,1,12,4,120.602305,24.391886,2
4394,66000,387130000C,(04)23274275,(04)23288582,2025,03,12,10,14,臺中市,東勢區,0,0,0,7,,,30,,,,,,,,,,,,,,,,,,,B03,,,1,,1,,,84,84,1,12,4,120.832889,24.236942,3
4395,66000,387130000C,(04)23274275,(04)23288582,2025,03,12,10,14,臺中市,神岡區,0,1,0,7,2,6,30,3,1,1,5,4,6,6,4,4,10,5,5,2,17,3,10,3,1,B03,7,5,1,8,2,8,,14,14,1,6,4,120.672885,24.244656,2
4396,66000,387130000C,(04)23274275,(04)23288582,2025,03,12,10,15,臺中市,西屯區,0,1,0,7,3,6,50,4,1,1,5,4,6,6,2,1,10,5,5,2,15,3,10,1,1,C03,7,9,1,10,2,12,,21,21,1,13,4,120.646861,24.174894,2
4397,66000,387130000C,(04)23274275,(04)23288582,2025,03,12,10,15,臺中市,龍井區,0,0,0,7,,,50,,,,,,,,,,,,,,,,,,,B03,,,1,,1,,,49,49,1,12,4,120.54566,24.183726,3
4398,66000,387130000C,(04)23274275,(04)23288582,2025,03,12,10,19,臺中市,大甲區,0,2,0,7,2,6,40,3,9,1,5,4,6,6,4,4,9,5,5,2,12,2,9,1,1,F02,7,6,7,21,2,14,,84,84,1,12,4,120.617669,24.346772,2
4399,66000,387130000C,(04)23274275,(04)23288582,2025,03,12,10,20,臺中市,南屯區,0,2,0,7,2,6,50,4,2,1,5,4,6,6,2,1,5,4,4,2,17,2,9,2,1,C03,7,5,1,10,1,13,,41,41,1,12,4,120.613149,24.149658,2
4400,66000,387130000C,(04)23274275,(04)23288582,2025,03,12,10,25,臺中市,南屯區,0,1,0,7,2,6,50,4,2,1,5,4,6,6,1,1,9,5,5,2,17,2,8,2,1,C03,7,6,1,10,2,11,,23,23,1,13,4,120.633932,24.142767,2
4401,66000,387130000C,(04)23274275,(04)23288582,2025,03,12,10,25,臺中市,西屯區,0,2,0,7,2,6,30,3,1,1,5,4,6,6,1,1,10,5,5,2,16,2,9,5,4,C03,7,9,1,10,2,11,,59,59,1,12,4,120.648151,24.182031,2
4402,66000,387130000C,(04)23274275,(04)23288582,2025,03,12,10,27,臺中市,大里區,0,0,0,7,,,50,,,,,,,,,,,,,,14,,,,,B03,,,1,,1,,,49,49,1,6,4,120.730682,24.089214,3
4403,66000,387130000C,(04)23274275,(04)23288582,2025,03,12,10,28,臺中市,北區,0,1,0,7,2,6,50,4,1,1,5,4,6,6,1,1,10,5,5,2,16,3,10,5,4,B03,7,5,1,8,2,2,,47,47,1,13,4,120.68576,24.153267,2
4404,66000,387130000C,(04)23274275,(04)23288582,2025,03,12,10,28,臺中市,烏日區,0,0,0,7,2,6,70,13,7,1,5,4,6,6,4,4,1,4,4,1,12,3,10,3,1,B01,7,7,1,4,2,5,,40,40,1,6,4,120.607932,24.108344,3
4405,66000,387130000C,(04)23274275,(04)23288582,2025,03,12,10,29,臺中市,北區,0,1,0,7,3,6,50,13,9,1,5,4,6,6,4,4,1,4,5,2,17,3,10,2,1,C03,7,9,1,10,2,11,,84,84,1,12,4,120.686022,24.153827,2
4406,66000,387130000C,(04)23274275,(04)23288582,2025,03,12,10,30,臺中市,大甲區,0,0,0,7,,,40,,,,,,,,,,,,,,8,,,,,B03,,,1,,10,,,87,87,1,12,4,120.651716,24.398155,3
4407,66000,387130000C,(04)23274275,(04)23288582,2025,03,12,10,35,臺中市,東區,0,2,0,7,2,6,50,4,1,1,5,4,6,6,2,1,10,5,5,2,16,3,10,3,1,B12,7,5,1,8,2,6,,11,11,1,12,4,120.70158,24.125301,2
4408,66000,387130000C,(04)23274275,(04)23288582,2025,03,12,10,35,臺中市,沙鹿區,0,1,0,7,2,6,50,3,1,1,5,4,6,6,4,4,10,5,5,2,17,3,10,3,1,B11,7,1,1,4,2,4,,51,51,1,6,4,120.563205,24.244844,2
4409,66000,387130000C,(04)23274275,(04)23288582,2025,03,12,10,38,臺中市,豐原區,0,1,0,7,3,6,50,4,1,1,5,4,6,6,1,1,5,5,5,1,15,3,10,5,4,B03,7,9,1,8,2,1,,21,21,1,12,4,120.727212,24.25258,2
4410,66000,387130000C,(04)23274275,(04)23288582,2025,03,12,10,46,臺中市,東區,0,0,0,7,,,50,,,,,,,,,,,,,,12,,,,,C03,,,1,,2,,,8,8,1,6,4,120.694479,24.142709,3
4411,66000,387130000C,(04)23274275,(04)23288582,2025,03,12,10,48,臺中市,大里區,0,0,0,7,,,50,,,,,,,,,,,,,,,,,,,B03,,,1,,2,,,59,59,1,12,4,120.695154,24.099903,3
4412,66000,387130000C,(04)23274275,(04)23288582,2025,03,12,10,50,臺中市,西屯區,0,0,0,7,3,6,40,13,8,1,5,4,6,6,4,4,9,4,4,2,14,,,,,B03,,,1,,1,,,49,49,1,12,4,120.639475,24.159844,3
4413,66000,387130000C,(04)23274275,(04)23288582,2025,03,12,10,50,臺中市,太平區,0,1,0,7,3,6,50,5,1,1,5,4,6,6,1,1,10,5,5,2,13,2,9,1,1,C03,7,9,1,10,2,11,12,84,84,1,5,4,120.730003,24.10992,2
4414,66000,387130000C,(04)23274275,(04)23288582,2025,03,12,10,52,臺中市,北屯區,0,1,0,7,3,6,30,3,1,1,5,4,6,6,4,4,10,5,5,2,3,2,9,2,1,C03,7,9,1,10,2,11,,59,59,1,13,4,120.668305,24.179595,2
4415,66000,387130000C,(04)23274275,(04)23288582,2025,03,12,10,53,臺中市,烏日區,0,0,0,7,,,50,,,,,,,,,,,,,,14,,,,,B03,,,1,,1,,,49,49,1,6,4,120.595458,24.108754,3
4416,66000,387130000C,(04)23274275,(04)23288582,2025,03,12,10,56,臺中市,西區,0,0,0,7,,,50,,,,,,,,,,,,,,14,,,,,B12,,,1,,2,,,50,50,1,12,4,120.654468,24.145089,3
4417,66000,387130000C,(04)23274275,(04)23288582,2025,03,12,10,58,臺中市,潭子區,0,1,0,7,3,6,50,4,1,1,5,4,6,6,1,1,5,5,5,1,21,2,9,2,1,F03,7,9,7,21,2,11,,84,84,1,13,4,120.718719,24.204122,2
4418,66000,387130000C,(04)23274275,(04)23288582,2025,03,12,10,58,臺中市,東區,0,1,0,7,3,6,50,4,1,1,5,4,6,6,4,4,10,5,5,2,18,2,8,2,1,C03,7,9,1,10,2,14,,85,85,1,13,4,120.695456,24.1427,2
4419,66000,387130000C,(04)23274275,(04)23288582,2025,03,12,10,58,臺中市,南屯區,0,0,0,7,,,50,,,,,,,,,,,,,,12,,,,,B03,,,1,,2,,,51,51,1,13,4,120.644163,24.138981,3
4420,66000,387130000C,(04)23274275,(04)23288582,2025,03,12,10,58,臺中市,太平區,0,0,0,7,,,50,,,,,,,,,,,,,,13,,,,,B02,,,1,,2,,,7,7,1,12,4,120.7071,24.129128,3
4421,66000,387130000C,(04)23274275,(04)23288582,2025,03,12,11,0,臺中市,南屯區,0,0,0,7,,,30,,,,,,,,,,,,,,,,,,,B03,,,1,,1,,,84,84,1,6,4,120.611804,24.139841,4
4422,66000,387130000C,(04)23274275,(04)23288582,2025,03,12,11,0,臺中市,北屯區,0,0,0,7,,,,,,,,,,,,,,,,,30,,,,,,,,,,,,,116,116,1,,,120.686679,24.198995,3
4423,66000,387130000C,(04)23274275,(04)23288582,2025,03,12,11,1,臺中市,南區,0,1,0,7,3,6,50,4,1,1,5,4,6,6,2,1,10,5,5,2,18,2,9,2,1,C03,7,9,1,10,2,12,,82,82,1,13,4,120.655135,24.115167,2
4424,66000,387130000C,(04)23274275,(04)23288582,2025,03,12,11,5,臺中市,大里區,0,0,0,7,,,50,,,,,,,,,,,,,,,,,,,B03,,,1,,2,,,20,20,1,12,4,120.682574,24.105246,3
4425,66000,387130000C,(04)23274275,(04)23288582,2025,03,12,11,12,臺中市,霧峰區,0,0,0,7,,,50,,,,,,,,,,,,,,17,,,,,A12,,,1,,1,,,82,82,1,6,4,120.671452,24.023326,3
4426,66000,387130000C,(04)23274275,(04)23288582,2025,03,12,11,14,臺中市,潭子區,0,0,0,7,,,30,,,,,,,,,,,,,,,,,,,B12,,,1,,2,,,84,84,1,13,4,120.694375,24.219265,3
4427,66000,387130000C,(04)23274275,(04)23288582,2025,03,12,11,16,臺中市,沙鹿區,0,2,0,7,2,6,50,13,7,1,5,4,6,6,1,1,3,4,5,2,17,2,7,2,1,C03,7,5,1,10,2,12,,20,20,1,6,4,120.558452,24.230091,2
4428,66000,387130000C,(04)23274275,(04)23288582,2025,03,12,11,16,臺中市,大甲區,0,1,0,7,2,6,40,4,9,1,5,4,6,6,4,4,8,3,5,1,15,3,10,3,1,B11,7,9,1,4,2,8,,12,12,1,12,4,120.645738,24.406027,2
4429,66000,387130000C,(04)23274275,(04)23288582,2025,03,12,11,17,臺中市,大雅區,0,1,0,7,3,6,50,13,9,1,5,4,6,6,4,4,9,4,5,1,13,2,7,1,1,C03,7,9,1,10,2,15,,7,7,1,13,2,120.646696,24.212411,2
4430,66000,387130000C,(04)23274275,(04)23288582,2025,03,12,11,35,臺中市,大雅區,0,2,0,7,2,6,50,4,1,1,5,4,6,6,1,1,5,2,5,1,16,3,10,3,1,B12,7,6,1,8,2,1,,11,11,1,13,4,120.645429,24.221915,2
4431,66000,387130000C,(04)23274275,(04)23288582,2025,03,12,11,36,臺中市,東區,0,2,0,7,2,6,40,3,2,1,5,4,6,6,4,4,5,5,4,2,3,2,9,1,1,C03,7,9,1,11,2,12,,84,84,1,12,4,120.708779,24.149227,2
4432,66000,387130000C,(04)23274275,(04)23288582,2025,03,12,11,45,臺中市,西區,0,1,0,7,3,6,50,4,2,1,5,4,6,6,1,1,10,5,5,2,13,2,9,1,1,C03,7,7,1,10,2,13,,84,84,1,12,4,120.657087,24.13922,2
4433,66000,387130000C,(04)23274275,(04)23288582,2025,03,12,11,50,臺中市,北屯區,0,0,0,7,,,50,,,,,,,,,,,,,,,,,,,B03,,,1,,1,,,84,84,1,13,4,120.702146,24.165232,4
4434,66000,387130000C,(04)23274275,(04)23288582,2025,03,12,11,50,臺中市,北屯區,0,2,0,7,2,6,50,13,7,1,5,4,6,6,4,4,1,4,4,2,13,3,10,3,1,B12,7,9,1,8,2,5,,84,84,1,6,4,120.663561,24.186921,2
4435,66000,387130000C,(04)23274275,(04)23288582,2025,03,12,11,55,臺中市,大雅區,0,1,0,7,2,6,50,4,1,1,5,4,6,6,2,1,10,4,5,1,17,2,9,1,1,C03,7,5,1,10,2,14,,22,22,1,12,4,120.651779,24.227995,2
4436,66000,387130000C,(04)23274275,(04)23288582,2025,03,12,11,57,臺中市,霧峰區,0,1,0,7,2,6,30,11,9,1,5,4,6,6,4,4,10,5,5,1,27,2,8,3,1,B12,7,9,5,8,2,4,1,42,42,1,6,4,120.671633,24.077876,2
4437,66000,387130000C,(04)23274275,(04)23288582,2025,03,12,11,59,臺中市,西屯區,0,0,0,7,,,60,,,,,,,,,,,,,,16,,,,,B03,,,1,,1,,,25,25,1,13,4,120.637546,24.185697,3
4438,66000,387130000C,(04)23274275,(04)23288582,2025,03,12,12,1,臺中市,北區,0,2,0,7,2,6,50,4,1,1,5,4,6,6,1,1,10,5,5,2,16,2,9,5,4,C03,7,6,1,10,2,12,,11,11,1,13,4,120.675338,24.167122,2
4439,66000,387130000C,(04)23274275,(04)23288582,2025,03,12,12,5,臺中市,清水區,0,2,0,7,2,6,50,4,1,1,5,4,6,6,4,4,8,3,5,1,15,2,9,1,1,C03,7,9,1,10,2,14,,6,6,1,12,4,120.548648,24.274721,2
4440,66000,387130000C,(04)23274275,(04)23288582,2025,03,12,12,14,臺中市,西屯區,0,2,0,7,2,6,40,4,1,1,5,4,6,6,2,1,10,5,5,2,3,2,9,6,5,H01,8,16,7,21,10,17,,96,96,1,12,5,120.593044,24.183185,2
4441,66000,387130000C,(04)23274275,(04)23288582,2025,03,12,12,14,臺中市,清水區,0,1,0,7,2,6,30,4,1,1,5,4,6,6,1,3,1,2,5,1,15,3,10,3,1,B03,7,9,1,8,2,2,,13,13,1,6,4,120.54814,24.278568,2
4442,66000,387130000C,(04)23274275,(04)23288582,2025,03,12,12,17,臺中市,南區,0,1,0,7,2,6,50,13,7,1,5,4,6,6,4,4,1,4,4,2,13,2,9,3,1,B02,7,9,1,8,2,1,,59,59,1,12,4,120.670921,24.126462,2
4443,66000,387130000C,(04)23274275,(04)23288582,2025,03,12,12,24,臺中市,北屯區,0,1,0,7,2,6,50,4,1,1,5,4,6,6,1,1,10,5,5,2,15,3,10,3,1,B03,7,9,1,8,2,8,,21,21,1,6,4,120.663003,24.188884,2
4444,66000,387130000C,(04)23274275,(04)23288582,2025,03,12,12,24,臺中市,霧峰區,0,2,0,7,2,6,50,3,1,1,5,4,6,6,3,1,10,5,5,2,17,2,9,2,1,C03,7,11,1,10,2,14,,45,45,1,6,4,120.701962,24.068096,2
4445,66000,387130000C,(04)23274275,(04)23288582,2025,03,12,12,30,臺中市,豐原區,0,2,0,7,2,6,50,4,1,1,5,4,6,6,4,4,5,5,5,1,11,2,8,1,1,F03,7,6,7,21,2,14,,39,39,1,13,4,120.701289,24.250728,2
4446,66000,387130000C,(04)23274275,(04)23288582,2025,03,12,12,36,臺中市,太平區,0,0,0,7,,,50,,,,,,,,,,,,,,,,,,,C03,,,1,,1,,,84,84,1,6,4,120.718791,24.148744,3
4447,66000,387130000C,(04)23274275,(04)23288582,2025,03,12,12,43,臺中市,北屯區,0,0,0,7,,,50,,,,,,,,,,,,,,13,,,,,C03,,,1,,2,,,7,7,1,6,4,120.709918,24.180116,3
4448,66000,387130000C,(04)23274275,(04)23288582,2025,03,12,12,45,臺中市,沙鹿區,0,0,0,7,,,50,,,,,,,,,,,,,,17,,,,,B03,,,6,,11,,,86,86,2,13,4,120.560732,24.241599,3
4449,66000,387130000C,(04)23274275,(04)23288582,2025,03,12,12,46,臺中市,西屯區,0,0,0,7,,,30,,,,,,,,,,,,,,12,,,,,B03,,,1,,1,,,84,84,1,12,4,120.644771,24.180176,3
4450,66000,387130000C,(04)23274275,(04)23288582,2025,03,12,12,48,臺中市,南屯區,0,1,0,7,2,6,50,4,2,1,5,4,6,6,2,1,5,4,4,2,17,2,9,2,1,C03,7,9,1,10,2,12,,84,84,1,12,4,120.623497,24.149515,2
4451,66000,387130000C,(04)23274275,(04)23288582,2025,03,12,12,48,臺中市,神岡區,0,1,0,7,2,6,50,3,1,1,5,4,6,6,1,1,10,5,5,2,17,2,9,2,1,C03,7,9,1,10,2,11,,21,21,1,6,4,120.70202,24.27336,2
4452,66000,387130000C,(04)23274275,(04)23288582,2025,03,12,12,55,臺中市,西區,0,1,0,7,3,6,50,13,9,1,5,4,6,6,4,4,5,5,5,2,13,3,10,3,1,B03,7,9,1,8,2,1,,84,84,1,12,4,120.671083,24.135936,2
4453,66000,387130000C,(04)23274275,(04)23288582,2025,03,12,12,55,臺中市,豐原區,0,2,0,7,2,6,50,4,1,1,5,4,6,6,1,1,5,5,4,2,15,2,9,5,4,C03,7,9,5,19,5,11,,53,53,1,12,4,120.713561,24.254336,2
4454,66000,387130000C,(04)23274275,(04)23288582,2025,03,12,12,58,臺中市,龍井區,0,1,0,7,2,6,50,13,9,1,5,4,6,6,4,4,5,5,5,1,2,3,10,3,1,B03,7,9,1,8,1,5,,8,8,1,6,4,120.587663,24.181141,2
4455,66000,387130000C,(04)23274275,(04)23288582,2025,03,12,13,0,臺中市,太平區,0,2,0,7,3,6,50,3,9,1,5,4,6,6,4,4,5,5,5,1,16,2,8,1,1,C03,7,1,1,10,2,12,,51,51,1,12,4,120.703788,24.11403,2
4456,66000,387130000C,(04)23274275,(04)23288582,2025,03,12,13,1,臺中市,西區,0,0,0,7,,,50,,,,,,,,,,,,,,,,,,,B03,,,1,,1,,,7,7,1,12,4,120.659141,24.128516,3
4457,66000,387130000C,(04)23274275,(04)23288582,2025,03,12,13,8,臺中市,西區,0,1,0,7,2,6,50,4,2,1,5,4,6,6,1,1,5,4,5,2,17,3,10,3,1,B03,7,7,1,8,2,5,,40,40,1,12,4,120.652997,24.146726,2
4458,66000,387130000C,(04)23274275,(04)23288582,2025,03,12,13,12,臺中市,南區,0,1,0,7,3,6,40,13,8,1,5,4,6,6,4,4,1,4,4,2,17,3,10,3,1,B03,7,15,1,8,2,4,,76,76,1,13,4,120.657175,24.113683,2
4459,66000,387130000C,(04)23274275,(04)23288582,2025,03,12,13,12,臺中市,霧峰區,0,1,0,7,2,6,50,4,2,1,5,4,6,6,4,4,10,5,5,2,17,3,10,3,1,B03,7,9,1,8,2,8,,6,6,1,6,4,120.712933,24.07809,2
4460,66000,387130000C,(04)23274275,(04)23288582,2025,03,12,13,15,臺中市,西屯區,0,0,0,7,,,50,,,,,,,,,,,,,,12,,,,,A12,,,1,,2,,,8,8,1,13,4,120.62197,24.177633,3
4461,66000,387130000C,(04)23274275,(04)23288582,2025,03,12,13,20,臺中市,大雅區,0,0,0,7,,,0,,,,,,,,,,,,,,,,,,,B03,,,1,,1,,,50,50,1,13,4,120.644146,24.209088,3
4462,66000,387130000C,(04)23274275,(04)23288582,2025,03,12,13,20,臺中市,東區,0,0,0,7,,,50,,,,,,,,,,,,,,17,,,,,B12,,,1,,1,,,84,84,1,6,4,120.691635,24.12699,3
4463,66000,387130000C,(04)23274275,(04)23288582,2025,03,12,13,20,臺中市,西屯區,0,1,0,7,3,6,50,4,2,1,5,4,6,6,2,1,10,5,5,2,13,2,9,1,1,C03,7,9,1,10,1,11,,7,7,1,13,4,120.593146,24.183311,2
4464,66000,387130000C,(04)23274275,(04)23288582,2025,03,12,13,23,臺中市,北屯區,0,1,0,7,3,6,50,13,9,1,5,4,6,6,4,4,10,5,5,2,16,3,10,3,1,B03,7,11,1,8,2,6,,45,45,1,13,4,120.70531,24.164089,2
4465,66000,387130000C,(04)23274275,(04)23288582,2025,03,12,13,25,臺中市,南屯區,0,0,0,7,,,60,,,,,,,,,,,,,,,,,,,B03,,,1,,1,,,7,7,1,13,4,120.633415,24.123803,3
4466,66000,387130000C,(04)23274275,(04)23288582,2025,03,12,13,30,臺中市,沙鹿區,0,0,0,7,,,50,,,,,,,,,,,,,,17,,,,,B03,,,1,,2,,,8,8,1,13,4,120.559877,24.233103,3
4467,66000,387130000C,(04)23274275,(04)23288582,2025,03,12,13,32,臺中市,北區,0,0,0,7,,,50,,,,,,,,,,,,,,17,,,,,B01,,,1,,1,,,84,84,1,13,4,120.684763,24.166789,3
4468,66000,387130000C,(04)23274275,(04)23288582,2025,03,12,13,35,臺中市,南屯區,0,0,0,7,,,50,,,,,,,,,,,,,,,,,,,B03,,,1,,1,,,2,2,1,12,4,120.61524,24.147704,3
4469,66000,387130000C,(04)23274275,(04)23288582,2025,03,12,13,35,臺中市,北屯區,0,0,0,7,,,40,,,,,,,,,,,,,,17,,,,,B03,,,1,,2,,,51,51,1,12,4,120.690518,24.194025,3
4470,66000,387130000C,(04)23274275,(04)23288582,2025,03,12,13,35,臺中市,烏日區,0,0,0,7,,,50,,,,,,,,,,,,,,12,,,,,A12,,,1,,1,,,76,76,1,6,4,120.659854,24.09627,3
4471,66000,387130000C,(04)23274275,(04)23288582,2025,03,12,13,35,臺中市,烏日區,0,0,0,7,,,50,,,,,,,,,,,,,,13,,,,,B03,,,1,,2,,,84,84,1,6,4,120.655656,24.095544,3
4472,66000,387130000C,(04)23274275,(04)23288582,2025,03,12,13,37,臺中市,北屯區,0,3,0,7,2,6,50,4,1,1,5,4,6,6,2,1,10,5,5,2,16,2,7,5,4,C03,7,5,1,10,2,12,,42,42,1,12,4,120.735901,24.175287,2
4473,66000,387130000C,(04)23274275,(04)23288582,2025,03,12,13,45,臺中市,西屯區,0,0,0,7,3,6,30,13,9,1,5,4,6,6,4,4,10,5,5,2,17,,,,,B11,,,1,,2,,,82,82,1,12,4,120.649533,24.204172,3
4474,66000,387130000C,(04)23274275,(04)23288582,2025,03,12,13,46,臺中市,清水區,0,0,0,7,2,6,50,3,2,1,5,4,6,6,4,4,8,3,4,2,17,,,,,,,,,,,,,116,116,1,,5,120.578645,24.269467,3
4475,66000,387130000C,(04)23274275,(04)23288582,2025,03,12,14,1,臺中市,潭子區,0,1,0,7,3,6,30,3,1,1,5,4,6,6,4,4,1,5,5,2,17,4,11,2,1,C03,7,6,1,10,9,14,,14,14,1,13,4,120.703152,24.206597,2
4476,66000,387130000C,(04)23274275,(04)23288582,2025,03,12,14,3,臺中市,潭子區,0,1,0,7,3,6,50,4,1,1,5,4,6,6,1,1,5,4,5,1,11,3,10,3,1,B03,7,9,1,8,2,6,,8,8,1,13,4,120.700616,24.214152,2