﻿序號,縣市別代碼,機關代碼,市話,傳真,年,月,日,時,分,縣市,區,死亡數量,受傷數量,2-30,天候,道路照明設備,道路類別,道路速限,道路型態,事故位置,路面鋪裝,路面狀態,路面缺陷,障礙物,視距,號誌種類,號誌動作,分向設施,快車道或一般車道間,快慢車道間,路面邊線,事故類型及型態,受傷程度,主要傷處,保護裝備,行動電話或功能裝置,當事者區分_類別,車輛用途,當事者行動狀態,駕照狀態,駕照種類,飲酒情形,車輛撞擊部位最初,車輛撞擊部位其他,肇事因素個別,肇事因素主要,肇事逃逸,職業,共享經濟或外送平台,GPS座標X,GPS座標Y,事故類別
4589,66000,387130000C,(04)23274275,(04)23288582,2025,03,12,18,10,臺中市,西屯區,0,0,0,7,,,80,,,,,,,,,,,,,,,,,,,B03,,,1,,2,,,59,59,1,13,4,120.634948,24.179291,3
4590,66000,387130000C,(04)23274275,(04)23288582,2025,03,12,18,12,臺中市,西屯區,0,1,0,7,1,6,50,3,1,1,5,4,6,6,1,1,10,5,5,1,16,3,10,3,1,B03,7,6,1,8,2,8,,48,48,1,12,4,120.662968,24.163798,2
4591,66000,387130000C,(04)23274275,(04)23288582,2025,03,12,18,12,臺中市,霧峰區,0,0,0,7,,,60,,,,,,,,,,,,,,13,,,,,B03,,,1,,2,,,7,7,1,6,4,120.664552,24.083184,3
4592,66000,387130000C,(04)23274275,(04)23288582,2025,03,12,18,14,臺中市,北屯區,0,0,0,7,,,50,,,,,,,,,,,,,,,,,,,C03,,,1,,1,,,59,59,1,12,4,120.699686,24.165555,3
4593,66000,387130000C,(04)23274275,(04)23288582,2025,03,12,18,15,臺中市,沙鹿區,0,0,0,7,,,50,,,,,,,,,,,,,,,,,,,B03,,,1,,2,,,51,51,1,12,4,120.575447,24.226373,3
4594,66000,387130000C,(04)23274275,(04)23288582,2025,03,12,18,16,臺中市,西區,0,2,0,7,1,6,50,4,1,1,5,4,6,6,1,1,10,5,5,1,17,2,9,5,4,C03,7,6,1,10,2,14,,48,48,1,12,4,120.671825,24.132553,2
4595,66000,387130000C,(04)23274275,(04)23288582,2025,03,12,18,16,臺中市,西屯區,0,1,0,7,1,6,50,4,1,1,5,4,6,6,2,1,9,4,4,2,16,2,7,1,1,C03,7,6,1,8,2,12,,12,12,1,13,4,120.650369,24.175689,2
4596,66000,387130000C,(04)23274275,(04)23288582,2025,03,12,18,17,臺中市,東區,0,1,0,7,1,6,40,4,1,1,5,4,6,6,3,1,10,5,5,2,16,3,10,5,4,F01,7,6,7,21,2,14,,84,84,1,12,4,120.692469,24.14953,2
4597,66000,387130000C,(04)23274275,(04)23288582,2025,03,12,18,17,臺中市,大里區,0,3,0,6,1,6,50,3,1,1,5,4,6,6,4,4,10,5,5,2,15,2,9,1,1,C03,7,9,1,10,2,12,,39,39,1,12,4,120.694925,24.099969,2
4598,66000,387130000C,(04)23274275,(04)23288582,2025,03,12,18,20,臺中市,南屯區,0,0,0,7,,,50,,,,,,,,,,,,,,14,,,,,B03,,,1,,2,,,49,49,1,12,4,120.647009,24.151159,3
4599,66000,387130000C,(04)23274275,(04)23288582,2025,03,12,18,23,臺中市,大里區,0,0,0,7,,,50,,,,,,,,,,,,,,,,,,,B12,,,1,,2,,,71,71,1,12,4,120.710217,24.095299,3
4600,66000,387130000C,(04)23274275,(04)23288582,2025,03,12,18,23,臺中市,霧峰區,0,1,0,7,1,6,50,4,1,1,5,4,6,6,1,1,10,5,5,2,16,3,10,2,1,C03,7,6,1,10,2,11,,11,11,1,13,4,120.684471,24.050971,2
4601,66000,387130000C,(04)23274275,(04)23288582,2025,03,12,18,26,臺中市,東區,0,1,0,7,1,6,50,4,1,1,5,4,6,6,2,1,5,5,5,2,12,3,10,2,1,C03,7,5,1,10,3,13,,42,42,1,13,4,120.701504,24.14022,2
4602,66000,387130000C,(04)23274275,(04)23288582,2025,03,12,18,26,臺中市,北屯區,0,0,0,7,,,50,,,,,,,,,,,,,,9,,,,,B12,,,1,,9,,,78,78,1,6,4,120.723373,24.169748,3
4603,66000,387130000C,(04)23274275,(04)23288582,2025,03,12,18,30,臺中市,北區,0,1,0,7,1,6,50,4,1,1,5,4,6,6,1,1,10,5,5,2,12,3,10,5,4,C03,7,9,1,10,2,14,,8,8,1,13,4,120.684629,24.163369,2
4604,66000,387130000C,(04)23274275,(04)23288582,2025,03,12,18,35,臺中市,大里區,0,0,0,7,,,50,,,,,,,,,,,,,,11,,,,,B03,,,1,,1,,,8,8,1,12,4,120.694471,24.120652,3
4605,66000,387130000C,(04)23274275,(04)23288582,2025,03,12,18,36,臺中市,烏日區,0,0,0,7,,,50,,,,,,,,,,,,,,13,,,,,B03,,,1,,1,,,7,7,1,6,4,120.643087,24.116218,3
4606,66000,387130000C,(04)23274275,(04)23288582,2025,03,12,18,38,臺中市,大里區,0,0,0,7,,,60,,,,,,,,,,,,,,17,,,,,B03,,,1,,2,,,35,35,1,6,4,120.680794,24.104507,3
4607,66000,387130000C,(04)23274275,(04)23288582,2025,03,12,18,42,臺中市,烏日區,0,0,0,7,1,6,50,13,9,1,5,4,6,6,4,4,1,4,5,2,12,3,10,3,1,A11,7,7,1,3,2,5,,40,40,1,6,4,120.61742,24.116144,3
4608,66000,387130000C,(04)23274275,(04)23288582,2025,03,12,18,45,臺中市,沙鹿區,0,3,0,7,1,6,50,4,1,1,5,4,6,6,4,4,10,5,5,1,15,2,9,2,1,C03,7,9,1,10,2,11,,85,85,1,13,4,120.567775,24.216517,2
4609,66000,387130000C,(04)23274275,(04)23288582,2025,03,12,18,46,臺中市,霧峰區,0,0,0,7,,,30,,,,,,,,,,,,,,17,,,,,B03,,,1,7,2,,,84,84,1,13,4,120.688039,24.043376,3
4610,66000,387130000C,(04)23274275,(04)23288582,2025,03,12,18,51,臺中市,神岡區,0,1,0,7,1,6,50,3,2,1,5,4,6,6,4,4,5,5,5,1,16,2,9,5,4,F01,7,6,7,21,7,11,,53,53,1,12,4,120.69897,24.263136,2
4611,66000,387130000C,(04)23274275,(04)23288582,2025,03,12,18,55,臺中市,西區,0,0,0,7,,,50,,,,,,,,,,,,,,12,,,,,B03,,,1,,1,,,40,40,1,12,4,120.658076,24.140272,3
4612,66000,387130000C,(04)23274275,(04)23288582,2025,03,12,18,57,臺中市,北屯區,0,0,0,7,,,50,,,,,,,,,,,,,,17,,,,,B03,,,1,,1,,,84,84,1,13,4,120.689737,24.177073,3
4613,66000,387130000C,(04)23274275,(04)23288582,2025,03,12,18,58,臺中市,潭子區,0,0,0,7,,,80,,,,,,,,,,,,,,,,,,,B03,,,1,,2,,,84,84,1,12,4,120.722464,24.190455,3
4614,66000,387130000C,(04)23274275,(04)23288582,2025,03,12,18,58,臺中市,太平區,0,1,0,7,2,6,50,13,9,1,5,4,6,6,4,4,10,5,5,1,17,2,9,5,4,C03,7,1,1,10,2,11,,51,51,1,6,4,120.714525,24.140678,2
4615,66000,387130000C,(04)23274275,(04)23288582,2025,03,12,18,59,臺中市,西區,0,1,0,7,1,6,40,11,8,1,5,4,6,6,4,4,10,5,5,2,18,2,9,1,1,C03,7,5,3,19,2,11,,54,54,1,6,4,120.670231,24.151164,2
4616,66000,387130000C,(04)23274275,(04)23288582,2025,03,12,18,59,臺中市,北屯區,0,1,0,7,1,6,50,4,1,1,5,4,6,6,2,1,10,5,5,2,17,3,10,5,4,B03,7,5,1,8,2,5,,11,11,1,13,4,120.718838,24.172649,2
4617,66000,387130000C,(04)23274275,(04)23288582,2025,03,12,19,0,臺中市,神岡區,0,1,0,7,2,6,50,4,1,1,5,4,6,6,2,1,10,5,5,2,17,3,10,5,4,B03,7,11,1,8,2,1,,11,11,1,13,4,120.661338,24.263445,2
4618,66000,387130000C,(04)23274275,(04)23288582,2025,03,12,19,2,臺中市,清水區,0,0,0,7,,,50,,,,,,,,,,,,,,,,,,,B03,,,1,,2,,,84,84,1,12,4,120.534653,24.267582,3
4619,66000,387130000C,(04)23274275,(04)23288582,2025,03,12,19,5,臺中市,西區,0,0,0,7,,,50,,,,,,,,,,,,,,,,,,,A04,,,1,,2,,,40,40,1,12,4,120.679497,24.142426,3
4620,66000,387130000C,(04)23274275,(04)23288582,2025,03,12,19,8,臺中市,南區,0,1,0,7,1,6,50,3,2,1,5,4,6,6,1,1,5,2,4,1,17,2,9,2,1,C03,7,9,1,10,2,12,14,7,7,1,13,4,120.677914,24.126437,2
4621,66000,387130000C,(04)23274275,(04)23288582,2025,03,12,19,10,臺中市,沙鹿區,0,0,0,7,,,40,,,,,,,,,,,,,,14,,,,,B03,,,1,,1,,,49,49,1,12,4,120.561143,24.23417,4
4622,66000,387130000C,(04)23274275,(04)23288582,2025,03,12,19,10,臺中市,沙鹿區,0,0,0,7,,,50,,,,,,,,,,,,,,,,,,,B03,,,1,,2,,,83,83,1,12,4,120.566414,24.197529,3
4623,66000,387130000C,(04)23274275,(04)23288582,2025,03,12,19,10,臺中市,梧棲區,0,0,0,7,,,60,,,,,,,,,,,,,,13,,,,,B03,,,3,,11,,,7,7,1,6,4,120.539491,24.257306,3
4624,66000,387130000C,(04)23274275,(04)23288582,2025,03,12,19,17,臺中市,南區,0,1,0,7,1,6,40,13,8,1,5,4,6,6,4,4,1,4,4,2,13,2,9,1,1,C03,7,9,1,10,2,11,,85,85,1,12,4,120.6518,24.112315,2
4625,66000,387130000C,(04)23274275,(04)23288582,2025,03,12,19,20,臺中市,沙鹿區,0,1,0,7,1,6,40,13,14,1,5,4,6,6,4,4,1,2,1,1,17,2,9,1,1,C04,7,9,1,11,2,11,,55,55,1,13,4,120.570232,24.236506,2
4626,66000,387130000C,(04)23274275,(04)23288582,2025,03,12,19,33,臺中市,南屯區,0,0,0,7,,,50,,,,,,,,,,,,,,,,,,,C03,,,1,,1,,,49,49,1,13,4,120.651466,24.15187,3
4627,66000,387130000C,(04)23274275,(04)23288582,2025,03,12,19,36,臺中市,西屯區,0,1,0,7,1,6,40,13,8,1,5,4,6,6,4,4,5,5,4,2,13,3,10,1,1,C03,7,9,1,10,2,12,,7,7,1,12,4,120.644394,24.186043,2
4628,66000,387130000C,(04)23274275,(04)23288582,2025,03,12,19,37,臺中市,北區,0,0,0,7,1,6,50,11,9,1,5,4,6,6,4,4,5,2,5,2,17,,,,,B03,,,1,,2,,,76,76,1,12,4,120.700542,24.154607,3
4629,66000,387130000C,(04)23274275,(04)23288582,2025,03,12,19,45,臺中市,大里區,0,2,0,7,1,6,50,4,1,1,5,4,6,6,1,1,5,4,4,1,16,2,9,2,1,C03,7,6,1,10,2,12,,11,11,1,13,4,120.706665,24.095363,2
4630,66000,387130000C,(04)23274275,(04)23288582,2025,03,12,19,49,臺中市,太平區,0,2,0,7,1,6,30,4,1,1,5,4,6,6,4,4,10,5,5,2,13,2,9,2,1,C03,7,9,1,10,2,11,,7,7,1,12,4,120.718504,24.124375,2
4631,66000,387130000C,(04)23274275,(04)23288582,2025,03,12,19,50,臺中市,烏日區,0,1,0,7,1,6,50,13,9,1,5,4,6,6,4,4,7,4,5,2,12,2,9,1,1,C03,7,8,1,10,2,14,,8,8,1,6,4,120.616684,24.113986,2
4632,66000,387130000C,(04)23274275,(04)23288582,2025,03,12,19,56,臺中市,南區,0,0,0,7,,,50,,,,,,,,,,,,,,14,,,,,C03,,,1,,1,,,49,49,1,13,4,120.666731,24.114148,3
4633,66000,387130000C,(04)23274275,(04)23288582,2025,03,12,20,1,臺中市,西區,0,0,0,6,,,,,,,,,,,,,,,,,,,,,,,,,,,,,,119,119,1,,,120.665172,24.151518,3
4634,66000,387130000C,(04)23274275,(04)23288582,2025,03,12,20,2,臺中市,豐原區,0,0,0,7,,,50,,,,,,,,,,,,,,16,,,,,B03,,,1,,2,,,11,11,1,6,4,120.705772,24.252555,3
4635,66000,387130000C,(04)23274275,(04)23288582,2025,03,12,20,9,臺中市,龍井區,0,1,0,7,1,6,50,13,9,1,5,4,6,6,4,4,9,4,5,2,16,3,10,3,1,B03,7,6,1,8,2,8,,34,34,1,6,4,120.594744,24.18595,2
4636,66000,387130000C,(04)23274275,(04)23288582,2025,03,12,20,11,臺中市,北區,0,1,0,7,1,6,50,13,9,1,5,4,6,6,4,4,5,5,4,2,17,3,10,3,1,B03,7,11,1,8,2,4,,39,39,1,12,4,120.678886,24.171276,2
4637,66000,387130000C,(04)23274275,(04)23288582,2025,03,12,20,14,臺中市,北屯區,0,1,0,7,1,6,50,4,1,1,5,4,6,6,1,1,4,3,5,2,11,3,10,3,1,B03,7,6,1,8,2,8,,11,11,1,13,4,120.691734,24.172669,2
4638,66000,387130000C,(04)23274275,(04)23288582,2025,03,12,20,18,臺中市,西屯區,0,1,0,7,1,6,50,13,9,1,5,4,6,6,2,1,1,3,5,2,13,3,10,5,4,B03,7,9,3,19,2,1,,59,59,1,13,4,120.653532,24.195187,2
4639,66000,387130000C,(04)23274275,(04)23288582,2025,03,12,20,29,臺中市,北區,0,0,0,7,,,50,,,,,,,,,,,,,,14,,,,,A02,,,1,,2,3,,82,82,1,12,4,120.674927,24.162513,3
4640,66000,387130000C,(04)23274275,(04)23288582,2025,03,12,20,30,臺中市,南屯區,0,0,0,7,,,30,,,,,,,,,,,,,,,,,,,C03,,,1,,2,,,59,59,1,12,4,120.610089,24.132926,3
4641,66000,387130000C,(04)23274275,(04)23288582,2025,03,12,20,30,臺中市,北屯區,0,0,0,7,,,50,,,,,,,,,,,,,,9,,,,,B03,,,1,,2,,,50,50,1,6,4,120.72497,24.165387,3
4642,66000,387130000C,(04)23274275,(04)23288582,2025,03,12,20,30,臺中市,大里區,0,0,0,7,,,50,,,,,,,,,,,,,,13,,,,,B03,,,1,,1,,,59,59,1,12,4,120.67209,24.105254,3
4643,66000,387130000C,(04)23274275,(04)23288582,2025,03,12,20,40,臺中市,沙鹿區,0,0,0,7,,,60,,,,,,,,,,,,,,23,,,,,B03,,,1,,2,,,59,59,1,12,4,120.570207,24.200331,4
4644,66000,387130000C,(04)23274275,(04)23288582,2025,03,12,20,46,臺中市,北區,0,0,0,7,,,50,,,,,,,,,,,,,,17,,,,,,,,,,,,,85,85,1,,,120.677971,24.158503,3
4645,66000,387130000C,(04)23274275,(04)23288582,2025,03,12,20,50,臺中市,沙鹿區,0,0,0,7,1,9,50,13,9,1,5,4,6,6,4,4,8,4,4,2,27,,,,,B03,,,1,,2,,,59,59,1,12,4,120.549536,24.228914,3
4646,66000,387130000C,(04)23274275,(04)23288582,2025,03,12,20,59,臺中市,南屯區,0,0,0,7,,,50,,,,,,,,,,,,,,13,,,,,B03,,,1,,1,,,59,59,1,6,4,120.640731,24.146859,3
4647,66000,387130000C,(04)23274275,(04)23288582,2025,03,12,21,0,臺中市,中區,0,0,0,7,,,50,,,,,,,,,,,,,,,,,,,B03,,,1,,9,,,84,84,1,13,4,120.67619,24.14487,3
4648,66000,387130000C,(04)23274275,(04)23288582,2025,03,12,21,0,臺中市,南屯區,0,0,0,7,,,50,,,,,,,,,,,,,,12,,,,,C03,,,2,,9,,,59,59,2,12,4,120.64685,24.15057,3
4649,66000,387130000C,(04)23274275,(04)23288582,2025,03,12,21,2,臺中市,北屯區,0,0,0,7,,,50,,,,,,,,,,,,,,,,,,,B03,,,1,,1,,,59,59,1,12,4,120.710234,24.18197,3
4650,66000,387130000C,(04)23274275,(04)23288582,2025,03,12,21,7,臺中市,龍井區,0,0,0,7,,,30,,,,,,,,,,,,,,,,,,,B03,,,1,,2,,,8,8,1,12,4,120.543384,24.197464,3
4651,66000,387130000C,(04)23274275,(04)23288582,2025,03,12,21,18,臺中市,后里區,0,0,0,7,2,6,30,4,9,1,5,4,6,6,4,4,10,5,5,2,17,3,10,3,1,B03,7,9,1,8,1,2,,8,8,1,6,4,120.687565,24.316081,3
4652,66000,387130000C,(04)23274275,(04)23288582,2025,03,12,21,24,臺中市,大里區,0,0,0,7,,,50,,,,,,,,,,,,,,17,,,,,B03,,,1,,1,,,50,50,1,12,4,120.683516,24.113134,3
4653,66000,387130000C,(04)23274275,(04)23288582,2025,03,12,21,37,臺中市,大里區,0,1,0,7,1,6,50,4,4,1,5,4,6,4,2,1,5,4,4,1,16,2,9,1,1,C03,7,9,1,10,2,14,,58,58,1,6,4,120.676191,24.114929,2
4654,66000,387130000C,(04)23274275,(04)23288582,2025,03,12,21,49,臺中市,北屯區,0,2,0,7,1,6,50,4,1,1,5,4,6,6,2,1,10,5,5,2,16,2,8,1,1,C03,7,5,1,10,2,12,,84,84,1,13,4,120.70013,24.164982,2
4655,66000,387130000C,(04)23274275,(04)23288582,2025,03,12,21,56,臺中市,東區,0,0,0,7,,,50,,,,,,,,,,,,,,15,,,,,C03,,,1,,9,,,6,6,2,13,4,120.696034,24.150628,3
4656,66000,387130000C,(04)23274275,(04)23288582,2025,03,12,22,5,臺中市,大里區,0,0,0,6,,,50,,,,,,,,,,,,,,17,,,,,B03,,,1,,2,,,49,49,1,13,4,120.699976,24.093992,3
4657,66000,387130000C,(04)23274275,(04)23288582,2025,03,12,22,13,臺中市,西屯區,0,2,0,6,1,6,0,4,2,1,5,4,6,6,2,1,10,5,5,2,6,2,9,6,5,H01,8,18,7,21,10,17,,96,96,1,12,5,120.602633,24.182917,2
4658,66000,387130000C,(04)23274275,(04)23288582,2025,03,12,22,14,臺中市,清水區,0,0,0,7,,,50,,,,,,,,,,,,,,17,,,,,B03,,,1,,2,,,59,59,1,12,4,120.54416,24.268027,3
4659,66000,387130000C,(04)23274275,(04)23288582,2025,03,12,22,18,臺中市,北屯區,0,2,0,7,1,6,40,3,1,1,5,4,6,6,2,1,10,5,5,2,17,2,9,5,4,C03,7,6,1,10,2,14,,23,23,1,13,4,120.665781,24.182774,2
4660,66000,387130000C,(04)23274275,(04)23288582,2025,03,12,22,26,臺中市,北屯區,0,0,0,7,,,50,,,,,,,,,,,,,,16,,,,,C03,,,1,,2,,,11,11,1,13,4,120.690625,24.172788,3
4661,66000,387130000C,(04)23274275,(04)23288582,2025,03,12,22,40,臺中市,北屯區,0,0,0,7,,,30,,,,,,,,,,,,,,13,,,,,B03,,,1,,1,,,7,7,1,6,4,120.680459,24.20082,3
4662,66000,387130000C,(04)23274275,(04)23288582,2025,03,12,22,43,臺中市,南屯區,0,0,0,7,,,50,,,,,,,,,,,,,,17,,,,,B03,,,1,,10,,,85,85,1,6,4,120.639306,24.137679,3
4663,66000,387130000C,(04)23274275,(04)23288582,2025,03,12,23,16,臺中市,東區,0,0,0,7,,,50,,,,,,,,,,,,,,,,,,,B03,,,1,,2,,,20,20,1,6,4,120.697168,24.135159,3
4664,66000,387130000C,(04)23274275,(04)23288582,2025,03,12,23,19,臺中市,西區,0,1,0,7,1,6,50,13,9,1,4,4,6,6,4,4,5,5,5,2,18,2,9,1,1,C03,7,9,1,10,2,14,,84,84,1,13,4,120.662354,24.163441,2
4665,66000,387130000C,(04)23274275,(04)23288582,2025,03,12,23,28,臺中市,大里區,0,2,0,7,1,6,30,3,1,1,5,4,6,6,4,4,10,5,5,2,17,2,9,1,1,C03,7,6,1,10,2,11,,14,14,1,5,4,120.714081,24.090304,2
4666,66000,387130000C,(04)23274275,(04)23288582,2025,03,12,23,30,臺中市,龍井區,0,0,0,6,,,50,,,,,,,,,,,,,,13,,,,,C03,,,1,,1,,,7,7,1,5,4,120.592915,24.182619,4
4667,66000,387130000C,(04)23274275,(04)23288582,2025,03,12,23,43,臺中市,大里區,0,1,0,7,1,6,50,4,1,1,5,4,6,6,1,1,5,2,5,1,16,3,10,3,1,B03,7,6,3,19,2,2,,25,25,1,13,4,120.688253,24.101838,2
4668,66000,387130000C,(04)23274275,(04)23288582,2025,03,12,23,45,臺中市,西屯區,0,0,0,7,,,50,,,,,,,,,,,,,,,,,,,B03,,,1,,1,,,51,51,1,12,4,120.638999,24.171412,4
4669,66000,387130000C,(04)23274275,(04)23288582,2025,03,12,23,50,臺中市,梧棲區,0,0,0,7,,,50,,,,,,,,,,,,,,13,,,,,B03,,,1,,2,,,59,59,1,6,4,120.532221,24.262269,3
4670,66000,387130000C,(04)23274275,(04)23288582,2025,03,13,0,4,臺中市,北屯區,0,1,0,7,1,6,50,13,9,1,5,4,6,6,4,4,9,5,5,2,17,2,9,5,4,B03,7,9,3,19,8,8,,4,4,1,13,4,120.730285,24.159078,2
4671,66000,387130000C,(04)23274275,(04)23288582,2025,03,13,1,0,臺中市,沙鹿區,0,1,0,7,1,6,50,13,9,1,5,4,6,6,4,4,1,2,4,2,13,2,9,2,1,C03,7,9,1,10,2,11,,59,59,1,12,4,120.559616,24.234317,2
4672,66000,387130000C,(04)23274275,(04)23288582,2025,03,13,1,26,臺中市,太平區,0,2,0,7,1,6,50,13,9,1,5,4,6,6,1,1,5,2,5,2,13,2,9,2,1,C03,7,9,1,10,2,11,,7,7,1,5,4,120.703422,24.148183,2
4673,66000,387130000C,(04)23274275,(04)23288582,2025,03,13,2,5,臺中市,西屯區,0,0,0,7,,,60,,,,,,,,,,,,,,,,,,,B03,,,1,,2,,,7,7,1,12,4,120.647303,24.168719,3
4674,66000,387130000C,(04)23274275,(04)23288582,2025,03,13,3,40,臺中市,西屯區,0,0,0,7,,,50,,,,,,,,,,,,,,,,,,,B03,,,1,,1,,,50,50,1,12,4,120.637348,24.163743,3
4675,66000,387130000C,(04)23274275,(04)23288582,2025,03,13,4,23,臺中市,潭子區,0,1,0,7,1,6,50,3,1,1,5,4,6,6,4,4,5,4,4,2,17,3,10,3,1,B03,7,6,1,8,2,8,,14,14,1,13,4,120.709558,24.22986,2
4676,66000,387130000C,(04)23274275,(04)23288582,2025,03,13,5,20,臺中市,大雅區,0,1,0,7,1,6,50,3,2,1,5,4,6,6,3,1,5,5,4,1,17,3,10,2,1,C03,7,6,1,10,2,15,,85,85,1,13,4,120.649613,24.222578,2
4677,66000,387130000C,(04)23274275,(04)23288582,2025,03,13,5,46,臺中市,南屯區,0,3,0,7,1,6,50,4,1,1,5,4,6,6,2,1,10,5,5,2,13,2,9,2,4,C03,7,9,1,10,2,11,,21,21,1,6,4,120.62267,24.140394,2
4678,66000,387130000C,(04)23274275,(04)23288582,2025,03,13,5,59,臺中市,沙鹿區,0,2,0,7,2,6,50,11,9,1,5,4,6,6,4,4,5,5,5,2,10,2,9,2,1,C03,7,9,1,10,11,11,,4,4,1,6,4,120.573361,24.229594,2
4679,66000,387130000C,(04)23274275,(04)23288582,2025,03,13,6,38,臺中市,龍井區,0,1,0,7,1,6,30,4,1,1,5,4,6,6,4,4,10,5,5,2,15,3,10,1,1,C03,7,9,1,10,2,11,,6,6,1,6,4,120.593156,24.18976,2
4680,66000,387130000C,(04)23274275,(04)23288582,2025,03,13,6,45,臺中市,龍井區,0,0,0,6,,,40,,,,,,,,,,,,,,,,,,,B03,,,1,,2,,,8,8,1,12,4,120.530651,24.179492,3
4681,66000,387130000C,(04)23274275,(04)23288582,2025,03,13,6,45,臺中市,清水區,0,1,0,7,3,6,30,4,1,1,5,4,3,3,4,4,5,4,5,1,17,3,10,3,1,B03,7,5,1,8,2,1,,14,14,1,12,4,120.551067,24.273954,2
4682,66000,387130000C,(04)23274275,(04)23288582,2025,03,13,6,53,臺中市,南屯區,0,0,0,7,,,50,,,,,,,,,,,,,,13,,,,,B03,,,1,,1,,,7,7,1,6,4,120.653627,24.140341,3
4683,66000,387130000C,(04)23274275,(04)23288582,2025,03,13,7,2,臺中市,大里區,0,1,0,7,2,6,50,13,9,1,5,4,6,6,1,1,5,4,5,2,12,3,10,2,1,C03,7,5,1,10,2,13,,47,47,1,12,4,120.694227,24.111473,2
4684,66000,387130000C,(04)23274275,(04)23288582,2025,03,13,7,8,臺中市,豐原區,0,0,0,7,,,50,,,,,,,,,,,,,,13,,,,,B03,,,1,,2,,,58,58,1,12,4,120.751082,24.269969,3
4685,66000,387130000C,(04)23274275,(04)23288582,2025,03,13,7,9,臺中市,西屯區,0,0,0,7,,,50,,,,,,,,,,,,,,16,,,,,B03,,,1,,1,,,21,21,1,12,4,120.62904,24.163157,3
4686,66000,387130000C,(04)23274275,(04)23288582,2025,03,13,7,9,臺中市,太平區,0,4,0,7,2,6,50,4,2,1,5,4,6,6,2,1,5,2,5,2,13,2,7,1,1,C03,7,9,1,10,2,11,14,7,7,1,12,4,120.710157,24.134821,2
4687,66000,387130000C,(04)23274275,(04)23288582,2025,03,13,7,11,臺中市,沙鹿區,0,1,0,7,2,6,30,4,2,1,5,4,6,6,4,4,8,3,5,2,17,2,9,5,4,F01,7,9,7,21,2,11,,20,20,1,13,4,120.570165,24.230088,2
4688,66000,387130000C,(04)23274275,(04)23288582,2025,03,13,7,12,臺中市,北區,0,1,0,7,2,6,40,4,1,1,5,4,6,6,1,1,10,5,5,2,16,2,9,5,4,C03,7,6,1,10,2,14,,36,36,1,13,4,120.68821,24.162845,2
4689,66000,387130000C,(04)23274275,(04)23288582,2025,03,13,7,12,臺中市,大里區,0,0,0,7,,,50,,,,,,,,,,,,,,13,,,,,C03,,,1,,2,,,7,7,1,13,4,120.671369,24.101555,3
4690,66000,387130000C,(04)23274275,(04)23288582,2025,03,13,7,19,臺中市,豐原區,0,1,0,7,2,6,50,13,8,1,5,4,6,6,4,4,1,4,4,1,17,3,10,5,4,B03,7,7,1,8,2,15,,40,40,1,12,4,120.729404,24.242816,2
4691,66000,387130000C,(04)23274275,(04)23288582,2025,03,13,7,20,臺中市,清水區,0,1,0,7,1,6,50,3,1,1,5,4,6,6,4,4,8,3,4,1,17,3,10,3,1,B12,7,5,1,8,2,2,,47,47,1,12,4,120.546727,24.268991,2
4692,66000,387130000C,(04)23274275,(04)23288582,2025,03,13,7,21,臺中市,西屯區,0,1,0,7,2,6,80,13,9,1,5,4,6,6,4,4,1,4,5,2,13,2,7,3,1,B03,7,9,1,8,2,1,,7,7,1,12,4,120.637577,24.186466,2
4693,66000,387130000C,(04)23274275,(04)23288582,2025,03,13,7,21,臺中市,大肚區,0,1,0,6,2,6,50,4,1,1,5,4,6,6,3,1,10,5,5,2,16,3,10,3,1,B03,7,5,1,7,2,2,,47,47,1,6,4,120.531156,24.166128,2
4694,66000,387130000C,(04)23274275,(04)23288582,2025,03,13,7,21,臺中市,神岡區,0,1,0,7,1,6,30,3,1,1,5,4,6,1,4,4,10,5,5,1,11,2,9,1,1,C03,7,6,1,10,2,11,,84,84,1,12,4,120.675434,24.246424,2
4695,66000,387130000C,(04)23274275,(04)23288582,2025,03,13,7,23,臺中市,南屯區,0,1,0,7,3,6,50,13,7,1,5,4,6,6,4,4,8,3,4,2,17,3,10,5,4,B12,7,3,1,8,2,5,,50,50,1,13,4,120.651432,24.137898,2
4696,66000,387130000C,(04)23274275,(04)23288582,2025,03,13,7,23,臺中市,西屯區,0,0,0,7,,,30,,,,,,,,,,,,,,13,,,,,C04,,,1,,9,,,84,84,1,12,4,120.621347,24.181496,3
4697,66000,387130000C,(04)23274275,(04)23288582,2025,03,13,7,25,臺中市,龍井區,0,0,0,7,,,50,,,,,,,,,,,,,,,,,,,B02,,,1,,2,,,59,59,1,12,4,120.517818,24.217902,3
4698,66000,387130000C,(04)23274275,(04)23288582,2025,03,13,7,27,臺中市,大雅區,0,0,0,6,,,50,,,,,,,,,,,,,,,,,,,C03,,,1,,1,,,7,7,1,12,4,120.670927,24.215968,3
4699,66000,387130000C,(04)23274275,(04)23288582,2025,03,13,7,29,臺中市,西屯區,0,0,0,7,,,80,,,,,,,,,,,,,,13,,,,,B03,,,1,,1,,,7,7,1,13,4,120.654796,24.199525,3
4700,66000,387130000C,(04)23274275,(04)23288582,2025,03,13,7,30,臺中市,南屯區,0,0,0,7,,,50,,,,,,,,,,,,,,,,,,,B03,,,1,,1,,,40,40,1,6,4,120.622643,24.150214,3