﻿序號,縣市別代碼,機關代碼,市話,傳真,年,月,日,時,分,縣市,區,死亡數量,受傷數量,2-30,天候,道路照明設備,道路類別,道路速限,道路型態,事故位置,路面鋪裝,路面狀態,路面缺陷,障礙物,視距,號誌種類,號誌動作,分向設施,快車道或一般車道間,快慢車道間,路面邊線,事故類型及型態,受傷程度,主要傷處,保護裝備,行動電話或功能裝置,當事者區分_類別,車輛用途,當事者行動狀態,駕照狀態,駕照種類,飲酒情形,車輛撞擊部位最初,車輛撞擊部位其他,肇事因素個別,肇事因素主要,肇事逃逸,職業,共享經濟或外送平台,GPS座標X,GPS座標Y,事故類別
5145,66000,387130000C,(04)23274275,(04)23288582,2025,03,14,0,51,臺中市,烏日區,0,0,0,7,,,50,,,,,,,,,,,,,,11,,,,,B03,,,1,,2,,,59,59,2,13,4,120.594379,24.111526,3
5146,66000,387130000C,(04)23274275,(04)23288582,2025,03,14,1,12,臺中市,西屯區,0,1,0,7,1,6,50,13,9,1,5,4,6,6,4,4,9,5,5,2,28,2,9,2,1,C03,7,9,1,10,2,14,,87,87,1,12,4,120.637576,24.20241,2
5147,66000,387130000C,(04)23274275,(04)23288582,2025,03,14,3,3,臺中市,西屯區,0,1,0,7,1,6,50,5,1,1,5,4,6,6,1,1,5,4,4,2,16,3,10,3,1,B03,7,6,1,8,2,1,,11,11,1,12,4,120.660102,24.164309,2
5148,66000,387130000C,(04)23274275,(04)23288582,2025,03,14,3,28,臺中市,北區,0,1,0,7,1,6,50,4,2,1,5,4,6,6,4,4,5,5,5,2,18,2,9,5,1,C03,7,9,1,10,2,14,,84,84,1,13,4,120.688271,24.164968,2
5149,66000,387130000C,(04)23274275,(04)23288582,2025,03,14,4,44,臺中市,東區,0,1,0,7,3,6,50,4,9,1,5,4,6,6,2,1,3,5,5,2,9,3,10,5,4,B03,7,5,1,8,2,1,,59,59,1,6,4,120.690338,24.125036,2
5150,66000,387130000C,(04)23274275,(04)23288582,2025,03,14,5,33,臺中市,沙鹿區,0,0,0,7,,,50,,,,,,,,,,,,,,17,,,,,B03,,,1,,9,,,59,59,1,6,4,120.601385,24.259053,3
5151,66000,387130000C,(04)23274275,(04)23288582,2025,03,14,5,52,臺中市,外埔區,0,0,0,6,3,6,50,4,2,1,4,4,6,6,1,1,5,5,5,1,2,3,10,3,1,B12,,,1,8,1,3,,84,84,1,12,4,120.648545,24.323981,3
5152,66000,387130000C,(04)23274275,(04)23288582,2025,03,14,6,0,臺中市,西屯區,0,0,0,7,,,60,,,,,,,,,,,,,,,,,,,B03,,,1,,1,,,40,40,1,12,4,120.650716,24.164404,3
5153,66000,387130000C,(04)23274275,(04)23288582,2025,03,14,6,27,臺中市,東區,0,0,0,7,,,30,,,,,,,,,,,,,,17,,,,,B03,,,1,,2,,,51,51,1,6,4,120.701692,24.143358,3
5154,66000,387130000C,(04)23274275,(04)23288582,2025,03,14,6,33,臺中市,西屯區,0,2,0,6,2,6,50,4,1,1,5,4,6,6,4,4,10,5,5,2,15,2,9,1,1,C03,7,9,1,10,2,12,,15,15,1,12,4,120.650786,24.173438,2
5155,66000,387130000C,(04)23274275,(04)23288582,2025,03,14,6,35,臺中市,西區,0,0,0,7,,,50,,,,,,,,,,,,,,,,,,,C03,,,1,,1,,,84,84,1,13,4,120.659424,24.157503,3
5156,66000,387130000C,(04)23274275,(04)23288582,2025,03,14,6,43,臺中市,西屯區,0,1,0,7,2,6,60,5,1,1,5,4,6,6,2,1,5,2,4,2,16,2,8,2,1,C03,7,9,1,10,2,11,,84,84,1,12,4,120.665062,24.16682,2
5157,66000,387130000C,(04)23274275,(04)23288582,2025,03,14,6,48,臺中市,大里區,0,1,0,6,2,6,50,13,9,1,5,4,6,6,4,4,9,5,5,1,30,2,7,5,4,C03,7,9,1,10,2,11,,7,7,1,12,4,120.696642,24.090629,2
5158,66000,387130000C,(04)23274275,(04)23288582,2025,03,14,6,52,臺中市,豐原區,0,2,0,6,2,6,50,3,2,1,5,4,6,6,1,1,5,4,5,1,17,2,9,2,1,C03,7,9,1,10,2,12,,43,43,1,12,4,120.721116,24.269559,2
5159,66000,387130000C,(04)23274275,(04)23288582,2025,03,14,6,55,臺中市,北屯區,0,0,0,7,,,50,,,,,,,,,,,,,,16,,,,,B03,,,1,,1,,,51,51,1,12,4,120.744086,24.185738,3
5160,66000,387130000C,(04)23274275,(04)23288582,2025,03,14,6,55,臺中市,龍井區,0,0,0,7,,,50,,,,,,,,,,,,,,16,,,,,B03,,,1,,2,,,20,20,1,6,4,120.545299,24.196925,3
5161,66000,387130000C,(04)23274275,(04)23288582,2025,03,14,7,1,臺中市,太平區,0,0,0,5,,,50,,,,,,,,,,,,,,16,,,,,B03,,,1,,1,,,40,40,1,12,4,120.713492,24.146396,3
5162,66000,387130000C,(04)23274275,(04)23288582,2025,03,14,7,11,臺中市,梧棲區,0,1,0,7,2,6,50,4,1,1,5,4,6,6,2,1,10,5,5,2,13,2,9,1,1,C03,7,6,3,19,2,11,,7,7,1,12,4,120.53697,24.252384,2
5163,66000,387130000C,(04)23274275,(04)23288582,2025,03,14,7,12,臺中市,龍井區,0,0,0,7,,,50,,,,,,,,,,,,,,11,,,,,C03,,,1,,2,,,11,11,1,12,4,120.574277,24.196121,3
5164,66000,387130000C,(04)23274275,(04)23288582,2025,03,14,7,17,臺中市,北屯區,0,1,0,5,2,6,50,5,1,1,4,4,6,6,1,1,10,5,5,2,18,2,9,1,1,C03,7,9,1,10,2,12,,82,82,1,6,4,120.670198,24.184956,2
5165,66000,387130000C,(04)23274275,(04)23288582,2025,03,14,7,19,臺中市,南區,0,1,0,7,2,6,50,5,1,1,5,4,6,6,4,4,9,5,4,2,17,3,10,3,1,A05,7,9,1,2,2,5,,7,7,1,12,4,120.662806,24.119373,2
5166,66000,387130000C,(04)23274275,(04)23288582,2025,03,14,7,19,臺中市,北屯區,0,0,0,7,,,50,,,,,,,,,,,,,,,,,,,B03,,,1,,9,,,84,84,1,12,4,120.706426,24.166087,3
5167,66000,387130000C,(04)23274275,(04)23288582,2025,03,14,7,20,臺中市,太平區,0,1,0,7,3,6,50,13,9,1,5,4,6,6,4,4,5,4,5,2,17,2,9,2,1,C03,7,9,1,10,2,14,,5,5,1,12,4,120.705053,24.157026,2
5168,66000,387130000C,(04)23274275,(04)23288582,2025,03,14,7,24,臺中市,北屯區,0,1,0,5,3,6,50,4,1,1,4,4,6,6,4,4,10,5,5,2,15,2,9,2,1,C03,7,9,1,10,2,12,,15,15,1,13,4,120.714637,24.168071,2
5169,66000,387130000C,(04)23274275,(04)23288582,2025,03,14,7,25,臺中市,西屯區,0,0,0,5,2,6,50,3,2,1,4,4,6,6,1,1,9,4,5,2,12,,,,,B03,,,1,,1,,,40,40,1,13,4,120.607542,24.195197,3
5170,66000,387130000C,(04)23274275,(04)23288582,2025,03,14,7,27,臺中市,大里區,0,1,0,5,3,6,50,13,9,1,4,4,6,6,4,4,5,5,5,2,3,3,10,3,1,B03,7,9,1,8,2,5,,84,84,1,12,4,120.699437,24.09255,2
5171,66000,387130000C,(04)23274275,(04)23288582,2025,03,14,7,29,臺中市,西區,0,0,0,5,,,30,,,,,,,,,,,,,,17,,,,,B02,,,1,,2,,,84,84,1,12,4,120.674245,24.142336,3
5172,66000,387130000C,(04)23274275,(04)23288582,2025,03,14,7,29,臺中市,北屯區,0,0,0,6,,,30,,,,,,,,,,,,,,17,,,,,B03,,,1,,2,,,50,50,1,12,4,120.670115,24.186022,3
5173,66000,387130000C,(04)23274275,(04)23288582,2025,03,14,7,29,臺中市,沙鹿區,0,1,0,6,2,6,50,3,1,1,4,4,6,6,1,1,3,4,4,2,18,2,9,1,1,C03,7,9,1,10,2,12,,59,59,1,13,4,120.569067,24.220322,2
5174,66000,387130000C,(04)23274275,(04)23288582,2025,03,14,7,30,臺中市,西屯區,0,1,0,7,2,6,50,13,9,1,5,4,6,6,4,4,9,5,5,2,16,3,10,5,4,B03,7,11,1,8,2,4,,45,45,1,12,4,120.604538,24.169314,2
5175,66000,387130000C,(04)23274275,(04)23288582,2025,03,14,7,31,臺中市,西屯區,0,0,0,5,,,50,,,,,,,,,,,,,,16,,,,,B03,,,1,,2,,,38,38,1,12,4,120.607224,24.194734,3
5176,66000,387130000C,(04)23274275,(04)23288582,2025,03,14,7,34,臺中市,南屯區,0,0,0,7,,,50,,,,,,,,,,,,,,,,,,,C03,,,1,,2,,,7,7,1,13,4,120.620854,24.13999,4
5177,66000,387130000C,(04)23274275,(04)23288582,2025,03,14,7,34,臺中市,西屯區,0,0,0,7,,,50,,,,,,,,,,,,,,13,,,,,B03,,,1,,1,,,84,84,1,12,4,120.620418,24.183696,3
5178,66000,387130000C,(04)23274275,(04)23288582,2025,03,14,7,35,臺中市,大雅區,0,0,0,5,,,50,,,,,,,,,,,,,,,,,,,C03,,,1,,1,,,7,7,1,12,4,120.66825,24.214974,3
5179,66000,387130000C,(04)23274275,(04)23288582,2025,03,14,7,35,臺中市,南屯區,0,1,0,7,3,6,50,3,1,1,4,4,6,6,4,4,9,4,5,2,18,2,9,1,1,C03,7,9,1,10,2,14,,82,82,1,12,4,120.652762,24.135308,2
5180,66000,387130000C,(04)23274275,(04)23288582,2025,03,14,7,36,臺中市,神岡區,0,1,0,5,2,6,50,13,14,1,4,4,6,6,4,4,5,5,5,1,17,3,10,1,1,C03,7,1,1,10,2,13,,51,51,1,12,4,120.696609,24.235958,2
5181,66000,387130000C,(04)23274275,(04)23288582,2025,03,14,7,39,臺中市,東區,0,0,0,5,,,50,,,,,,,,,,,,,,16,,,,,B03,,,1,,1,,,51,51,1,12,4,120.700362,24.125185,3
5182,66000,387130000C,(04)23274275,(04)23288582,2025,03,14,7,40,臺中市,北區,0,1,0,7,2,6,50,5,1,1,5,4,6,6,1,1,1,4,4,2,17,3,10,3,1,B03,7,9,1,7,2,4,,8,8,1,12,4,120.685551,24.154783,2
5183,66000,387130000C,(04)23274275,(04)23288582,2025,03,14,7,40,臺中市,東區,0,0,0,7,,,50,,,,,,,,,,,,,,15,,,,,B03,,,1,,1,,,11,11,1,13,4,120.687749,24.131982,3
5184,66000,387130000C,(04)23274275,(04)23288582,2025,03,14,7,40,臺中市,太平區,0,0,0,7,,,30,,,,,,,,,,,,,,14,,,,,B03,,,1,,1,,,49,49,1,12,4,120.708584,24.156791,3
5185,66000,387130000C,(04)23274275,(04)23288582,2025,03,14,7,42,臺中市,潭子區,0,1,0,5,2,6,50,13,9,1,4,4,6,6,4,4,4,5,5,1,16,2,8,1,1,C03,7,9,1,10,9,12,,39,39,1,13,4,120.710262,24.209084,2
5186,66000,387130000C,(04)23274275,(04)23288582,2025,03,14,7,42,臺中市,豐原區,0,0,0,5,,,50,,,,,,,,,,,,,,14,,,,,B03,,,1,,1,,,49,49,1,12,4,120.710727,24.249108,3
5187,66000,387130000C,(04)23274275,(04)23288582,2025,03,14,7,44,臺中市,西區,0,1,0,7,2,6,50,13,9,1,5,4,6,6,4,4,5,5,5,2,17,3,10,5,1,B03,7,14,1,8,2,2,,76,76,1,6,4,120.672569,24.137437,2
5188,66000,387130000C,(04)23274275,(04)23288582,2025,03,14,7,44,臺中市,南區,0,0,0,7,,,50,,,,,,,,,,,,,,16,,,,,A05,,,1,,1,,,11,11,1,6,4,120.666731,24.114148,3
5189,66000,387130000C,(04)23274275,(04)23288582,2025,03,14,7,44,臺中市,北屯區,0,0,0,7,,,50,,,,,,,,,,,,,,13,,,,,B03,,,1,8,2,,,58,58,1,12,4,120.682312,24.187038,3
5190,66000,387130000C,(04)23274275,(04)23288582,2025,03,14,7,44,臺中市,太平區,0,1,0,5,2,6,50,4,9,1,4,4,6,6,4,4,5,4,5,2,16,2,8,1,1,C03,7,7,5,19,2,12,,40,40,1,12,4,120.713077,24.143523,2
5191,66000,387130000C,(04)23274275,(04)23288582,2025,03,14,7,44,臺中市,大甲區,0,1,0,5,2,6,50,3,1,1,4,4,6,6,1,1,3,4,4,1,16,3,10,3,1,B03,7,5,1,8,2,2,,11,11,1,6,4,120.617205,24.347936,2
5192,66000,387130000C,(04)23274275,(04)23288582,2025,03,14,7,45,臺中市,大雅區,0,1,0,5,3,6,30,4,2,1,4,4,6,6,1,1,10,5,5,2,17,3,10,1,1,C03,7,9,1,10,2,11,,21,21,1,12,4,120.636472,24.222082,2
5193,66000,387130000C,(04)23274275,(04)23288582,2025,03,14,7,45,臺中市,大雅區,0,1,0,7,2,6,30,4,1,1,5,4,6,6,4,4,10,4,5,1,17,2,9,1,1,C03,7,9,1,10,2,12,,15,15,1,12,4,120.662293,24.225091,2
5194,66000,387130000C,(04)23274275,(04)23288582,2025,03,14,7,45,臺中市,北區,0,1,0,7,2,6,50,13,9,1,5,4,6,6,4,4,5,5,5,2,17,3,10,5,1,B03,7,1,1,8,2,5,,51,51,1,13,4,120.68406,24.154442,2
5195,66000,387130000C,(04)23274275,(04)23288582,2025,03,14,7,45,臺中市,霧峰區,0,1,0,7,2,6,50,13,9,1,5,4,6,6,4,4,5,5,5,1,17,3,10,3,1,B03,7,11,1,8,2,4,,45,45,1,6,4,120.666369,24.060485,2
5196,66000,387130000C,(04)23274275,(04)23288582,2025,03,14,7,46,臺中市,南區,0,1,0,7,2,6,50,4,1,1,5,4,6,6,1,1,9,4,4,2,17,3,10,3,1,B03,7,5,1,8,2,2,,47,47,1,12,4,120.66866,24.129413,2
5197,66000,387130000C,(04)23274275,(04)23288582,2025,03,14,7,46,臺中市,沙鹿區,0,1,0,5,2,6,50,3,2,1,4,4,6,6,4,4,8,3,5,2,18,2,9,5,4,C03,7,9,1,10,2,14,,84,84,1,13,4,120.554257,24.211916,2
5198,66000,387130000C,(04)23274275,(04)23288582,2025,03,14,7,46,臺中市,豐原區,0,2,0,5,2,6,30,3,1,1,4,4,6,6,4,4,5,5,4,2,15,2,9,5,4,C03,7,1,1,10,2,11,,12,12,1,12,4,120.731787,24.255263,2
5199,66000,387130000C,(04)23274275,(04)23288582,2025,03,14,7,46,臺中市,豐原區,0,1,0,5,2,6,60,4,4,1,4,4,6,6,2,1,1,4,5,1,17,3,10,2,4,C03,7,9,1,10,2,14,,8,8,1,12,4,120.729912,24.265263,2
5200,66000,387130000C,(04)23274275,(04)23288582,2025,03,14,7,48,臺中市,清水區,0,0,0,6,,,50,,,,,,,,,,,,,,,,,,,C03,,,1,,11,,,7,7,1,12,4,120.566176,24.272597,3
5201,66000,387130000C,(04)23274275,(04)23288582,2025,03,14,7,49,臺中市,西區,0,2,0,5,2,6,50,4,1,1,4,4,6,6,1,1,10,5,5,2,13,3,10,3,1,B03,7,9,1,8,2,5,,7,7,1,6,4,120.661683,24.134253,2
5202,66000,387130000C,(04)23274275,(04)23288582,2025,03,14,7,49,臺中市,沙鹿區,0,1,0,6,2,6,50,3,1,1,5,4,6,6,1,1,3,4,3,2,17,3,10,3,1,B03,7,7,1,8,2,2,,40,40,1,13,4,120.57562,24.251914,2
5203,66000,387130000C,(04)23274275,(04)23288582,2025,03,14,7,50,臺中市,北區,0,1,0,6,2,6,50,18,24,1,4,4,6,6,1,1,1,4,5,2,16,3,10,5,4,B03,7,5,1,8,2,2,,47,47,1,13,4,120.685543,24.163283,2
5204,66000,387130000C,(04)23274275,(04)23288582,2025,03,14,7,50,臺中市,南區,0,0,0,7,,,50,,,,,,,,,,,,,,12,,,,,C03,,,1,,1,,,43,43,1,4,4,120.659379,24.113906,3
5205,66000,387130000C,(04)23274275,(04)23288582,2025,03,14,7,50,臺中市,神岡區,0,1,0,7,1,6,50,13,9,1,4,4,6,6,4,4,9,5,5,1,16,2,9,1,1,C03,7,6,1,10,2,11,,48,48,1,12,4,120.654337,24.258495,2
5206,66000,387130000C,(04)23274275,(04)23288582,2025,03,14,7,53,臺中市,北屯區,0,2,0,6,2,6,50,4,1,1,4,4,6,6,1,1,10,5,5,2,13,2,9,1,1,C03,7,9,1,10,2,11,,7,7,1,6,4,120.685756,24.171821,2
5207,66000,387130000C,(04)23274275,(04)23288582,2025,03,14,7,54,臺中市,霧峰區,0,0,0,7,,,50,,,,,,,,,,,,,,17,,,,,B03,,,1,,2,,,8,8,1,6,4,120.687476,24.037598,3
5208,66000,387130000C,(04)23274275,(04)23288582,2025,03,14,7,54,臺中市,太平區,0,1,0,5,2,6,50,4,1,1,4,4,6,6,2,1,10,5,5,2,18,2,9,2,1,C03,7,9,1,10,2,12,,84,84,1,12,4,120.722602,24.134024,2
5209,66000,387130000C,(04)23274275,(04)23288582,2025,03,14,7,55,臺中市,北屯區,0,0,0,7,,,50,,,,,,,,,,,,,,,,,,,B03,,,1,,9,,,8,8,1,12,4,120.712714,24.172683,3
5210,66000,387130000C,(04)23274275,(04)23288582,2025,03,14,7,55,臺中市,西屯區,0,1,0,6,2,6,50,4,2,1,5,4,6,6,4,4,5,5,4,2,17,3,10,3,1,B02,7,7,1,8,2,16,,40,40,1,12,4,120.639724,24.17513,2
5211,66000,387130000C,(04)23274275,(04)23288582,2025,03,14,7,56,臺中市,北區,0,0,0,7,,,50,,,,,,,,,,,,,,14,,,,,B03,,,1,,1,,,50,50,1,12,4,120.67946,24.157641,3
5212,66000,387130000C,(04)23274275,(04)23288582,2025,03,14,7,56,臺中市,大里區,0,1,0,5,3,6,50,3,1,1,4,4,6,6,1,1,10,5,4,1,18,2,8,1,1,C03,7,9,1,10,2,16,,84,84,1,5,4,120.705847,24.095542,2
5213,66000,387130000C,(04)23274275,(04)23288582,2025,03,14,7,56,臺中市,大里區,0,1,0,6,3,6,40,4,1,1,5,4,6,6,2,1,3,4,4,1,15,2,9,5,4,C03,7,9,1,10,2,14,,21,21,1,13,4,120.680076,24.104644,2
5214,66000,387130000C,(04)23274275,(04)23288582,2025,03,14,7,56,臺中市,龍井區,0,0,0,7,,,30,,,,,,,,,,,,,,,,,,,C03,,,3,,9,,,49,49,1,6,4,120.524022,24.21407,3
5215,66000,387130000C,(04)23274275,(04)23288582,2025,03,14,7,56,臺中市,神岡區,0,1,0,6,2,6,30,3,1,1,4,4,6,6,4,4,10,5,5,2,16,2,8,1,1,C03,7,6,1,10,2,11,,14,14,1,12,4,120.685799,24.235848,2
5216,66000,387130000C,(04)23274275,(04)23288582,2025,03,14,7,58,臺中市,東區,0,0,0,7,,,50,,,,,,,,,,,,,,13,,,,,B03,,,1,,1,,,7,7,1,12,4,120.683806,24.12389,3
5217,66000,387130000C,(04)23274275,(04)23288582,2025,03,14,7,58,臺中市,沙鹿區,0,2,0,7,2,6,50,13,9,1,5,4,6,6,4,4,1,4,4,2,17,3,10,3,1,B03,7,1,1,8,2,8,,51,51,1,6,4,120.569528,24.219435,2
5218,66000,387130000C,(04)23274275,(04)23288582,2025,03,14,7,58,臺中市,外埔區,0,1,0,7,2,6,50,3,2,1,5,4,6,6,4,4,9,5,5,1,16,3,10,3,1,B03,7,11,1,8,2,8,,26,26,1,12,4,120.6555,24.338024,2
5219,66000,387130000C,(04)23274275,(04)23288582,2025,03,14,8,0,臺中市,烏日區,0,0,0,7,,,50,,,,,,,,,,,,,,11,,,,,B03,,,1,,1,,,8,8,1,12,4,120.610837,24.117704,4
5220,66000,387130000C,(04)23274275,(04)23288582,2025,03,14,8,0,臺中市,大甲區,0,0,0,7,,,50,,,,,,,,,,,,,,,,,,,B03,,,1,,1,,,20,20,1,6,4,120.626694,24.340298,4
5221,66000,387130000C,(04)23274275,(04)23288582,2025,03,14,8,2,臺中市,西區,0,1,0,7,3,6,50,4,1,1,5,4,6,6,1,1,10,5,5,2,17,3,10,1,1,C03,7,6,1,10,2,16,,36,36,1,12,4,120.670087,24.149397,2
5222,66000,387130000C,(04)23274275,(04)23288582,2025,03,14,8,3,臺中市,沙鹿區,0,1,0,5,2,6,50,4,2,1,4,4,6,6,4,4,8,3,4,1,18,2,9,5,4,C03,7,9,1,10,2,12,,84,84,1,13,4,120.573314,24.219291,2
5223,66000,387130000C,(04)23274275,(04)23288582,2025,03,14,8,8,臺中市,北區,0,0,0,7,,,50,,,,,,,,,,,,,,17,,,,,B03,,,1,,1,,,7,7,1,13,4,120.678794,24.161705,3
5224,66000,387130000C,(04)23274275,(04)23288582,2025,03,14,8,8,臺中市,烏日區,0,0,0,7,,,50,,,,,,,,,,,,,,,,,,,B03,,,1,,2,,,8,8,1,13,4,120.653314,24.089932,3
5225,66000,387130000C,(04)23274275,(04)23288582,2025,03,14,8,10,臺中市,豐原區,0,1,0,5,1,6,60,13,11,1,4,4,6,6,4,4,10,4,4,2,17,2,9,1,1,C03,7,9,1,10,2,12,,84,84,1,12,4,120.733354,24.264165,2
5226,66000,387130000C,(04)23274275,(04)23288582,2025,03,14,8,14,臺中市,北屯區,0,1,0,5,3,6,50,3,1,1,4,4,6,6,1,1,10,5,5,2,18,2,9,2,1,C03,7,6,1,10,1,14,,59,59,1,13,4,120.716333,24.175105,2
5227,66000,387130000C,(04)23274275,(04)23288582,2025,03,14,8,17,臺中市,大雅區,0,0,0,5,,,70,,,,,,,,,,,,,,,,,,,B03,,,1,,1,,,7,7,1,12,4,120.638808,24.232885,3
5228,66000,387130000C,(04)23274275,(04)23288582,2025,03,14,8,17,臺中市,烏日區,0,0,0,7,,,50,,,,,,,,,,,,,,12,,,,,B02,,,1,,1,,,59,59,1,13,4,120.625682,24.109716,3
5229,66000,387130000C,(04)23274275,(04)23288582,2025,03,14,8,18,臺中市,清水區,0,0,0,7,,,50,,,,,,,,,,,,,,,,,,,B03,,,1,,2,,,11,11,1,12,4,120.562149,24.26279,3
5230,66000,387130000C,(04)23274275,(04)23288582,2025,03,14,8,18,臺中市,神岡區,0,1,0,6,1,6,50,3,1,1,5,4,6,6,1,1,10,5,5,1,16,2,9,1,1,C03,7,1,5,10,4,14,,51,51,1,12,4,120.658287,24.251956,2
5231,66000,387130000C,(04)23274275,(04)23288582,2025,03,14,8,19,臺中市,西屯區,0,1,0,6,2,6,30,3,1,1,4,4,6,6,4,4,10,5,5,2,13,2,7,1,1,C03,7,9,5,10,2,11,,7,7,1,13,4,120.641704,24.192676,2
5232,66000,387130000C,(04)23274275,(04)23288582,2025,03,14,8,20,臺中市,大雅區,0,0,0,7,,,30,,,,,,,,,,,,,,,,,,,,,,,,,,,86,86,1,,,120.669862,24.244589,3
5233,66000,387130000C,(04)23274275,(04)23288582,2025,03,14,8,20,臺中市,西區,0,0,0,6,,,,,,,,,,,,,,,,,17,,,,,,,,,,,,,119,119,1,,,120.660859,24.153252,3
5234,66000,387130000C,(04)23274275,(04)23288582,2025,03,14,8,20,臺中市,大里區,0,1,0,7,2,6,50,3,1,1,5,4,6,6,1,1,10,5,5,2,18,2,9,2,1,C03,7,9,1,10,2,14,,84,84,1,6,4,120.692946,24.090637,2
5235,66000,387130000C,(04)23274275,(04)23288582,2025,03,14,8,22,臺中市,太平區,0,0,0,5,,,30,,,,,,,,,,,,,,17,,,,,B12,,,1,,2,,,84,84,1,12,4,120.711125,24.156623,3
5236,66000,387130000C,(04)23274275,(04)23288582,2025,03,14,8,24,臺中市,神岡區,0,1,0,6,2,6,30,3,1,1,4,4,6,6,4,4,10,5,5,2,16,2,2,3,1,B03,7,5,1,8,2,4,,14,14,1,12,4,120.697027,24.248098,2
5237,66000,387130000C,(04)23274275,(04)23288582,2025,03,14,8,25,臺中市,東區,0,0,0,7,,,50,,,,,,,,,,,,,,13,,,,,C03,,,1,,1,,,7,7,1,13,4,120.699565,24.14795,3
5238,66000,387130000C,(04)23274275,(04)23288582,2025,03,14,8,25,臺中市,南屯區,0,1,0,7,3,6,50,4,1,1,5,4,6,6,3,1,10,5,5,2,18,2,7,2,4,C03,7,9,1,10,2,14,,84,84,1,13,4,120.653099,24.138905,2
5239,66000,387130000C,(04)23274275,(04)23288582,2025,03,14,8,27,臺中市,中區,0,1,0,7,3,6,50,4,2,1,4,4,6,6,4,4,5,4,5,2,17,2,9,1,1,C03,7,9,1,10,2,14,,84,84,1,12,4,120.677058,24.144812,2
5240,66000,387130000C,(04)23274275,(04)23288582,2025,03,14,8,27,臺中市,龍井區,0,0,0,7,,,60,,,,,,,,,,,,,,12,,,,,A11,,,1,,1,,,8,8,1,6,4,120.573697,24.185554,3
5241,66000,387130000C,(04)23274275,(04)23288582,2025,03,14,8,27,臺中市,大甲區,0,0,0,6,,,40,,,,,,,,,,,,,,9,,,,,B03,,,1,,1,,,84,84,1,12,4,120.626922,24.347688,3
5242,66000,387130000C,(04)23274275,(04)23288582,2025,03,14,8,30,臺中市,潭子區,0,1,0,6,2,6,50,13,9,1,5,4,6,6,4,4,1,4,5,2,13,2,8,2,1,C03,7,9,1,10,2,11,,84,84,1,13,4,120.704142,24.201192,2
5243,66000,387130000C,(04)23274275,(04)23288582,2025,03,14,8,32,臺中市,西屯區,0,1,0,7,2,6,40,3,1,1,5,4,6,6,2,1,1,4,1,2,18,2,9,5,4,C03,7,9,1,10,2,14,,59,59,1,12,4,120.609608,24.184261,2
5244,66000,387130000C,(04)23274275,(04)23288582,2025,03,14,8,32,臺中市,龍井區,0,0,0,6,,,50,,,,,,,,,,,,,,,,,,,B12,,,1,,1,,,49,49,1,12,4,120.530575,24.191793,3
5245,66000,387130000C,(04)23274275,(04)23288582,2025,03,14,8,35,臺中市,中區,0,0,0,7,,,50,,,,,,,,,,,,,,17,,,,,B03,,,1,,9,,,8,8,1,12,4,120.684102,24.140633,4
5246,66000,387130000C,(04)23274275,(04)23288582,2025,03,14,8,35,臺中市,西屯區,0,0,0,7,,,50,,,,,,,,,,,,,,13,,,,,B03,,,1,,1,,,7,7,1,12,4,120.609003,24.15555,3
5247,66000,387130000C,(04)23274275,(04)23288582,2025,03,14,8,36,臺中市,豐原區,0,1,0,7,2,6,50,3,2,1,4,4,6,6,3,1,5,5,4,2,17,3,10,5,4,C03,7,4,1,10,2,13,,84,84,1,12,4,120.717024,24.24943,2
5248,66000,387130000C,(04)23274275,(04)23288582,2025,03,14,8,39,臺中市,太平區,0,1,0,6,2,6,50,4,2,1,4,4,6,6,1,1,10,5,5,2,18,2,9,1,1,C03,7,9,1,10,2,12,,59,59,1,12,4,120.722097,24.129072,2
5249,66000,387130000C,(04)23274275,(04)23288582,2025,03,14,8,40,臺中市,南屯區,0,1,0,7,1,6,50,4,1,1,5,4,6,6,2,1,10,5,5,2,18,2,9,1,1,C03,7,9,1,10,2,12,,58,58,1,6,4,120.653258,24.128767,2
5250,66000,387130000C,(04)23274275,(04)23288582,2025,03,14,8,41,臺中市,沙鹿區,0,2,0,6,2,6,40,13,8,1,4,4,6,6,4,4,1,5,4,2,17,3,10,3,1,B03,7,1,1,8,2,15,,51,51,1,6,4,120.572541,24.233025,2
5251,66000,387130000C,(04)23274275,(04)23288582,2025,03,14,8,44,臺中市,東區,0,2,0,7,2,6,50,4,1,1,5,4,6,6,1,1,9,5,4,2,17,2,9,1,1,C03,7,6,1,10,2,12,,48,48,1,12,4,120.708154,24.140633,2
5252,66000,387130000C,(04)23274275,(04)23288582,2025,03,14,8,44,臺中市,太平區,0,1,0,6,2,6,30,4,1,1,4,4,6,6,1,1,10,5,5,2,16,3,10,3,1,B03,7,6,1,8,2,8,,11,11,1,12,4,120.726423,24.107603,2
5253,66000,387130000C,(04)23274275,(04)23288582,2025,03,14,8,47,臺中市,大里區,0,1,0,6,3,6,50,13,9,1,4,4,6,6,4,4,5,5,5,2,14,3,10,3,1,B03,7,2,1,8,2,3,,49,49,1,13,4,120.703957,24.107236,2
5254,66000,387130000C,(04)23274275,(04)23288582,2025,03,14,8,52,臺中市,太平區,0,0,0,7,,,30,,,,,,,,,,,,,,,,,,,A12,,,1,,2,,,49,49,1,12,4,120.72618,24.107511,3
5255,66000,387130000C,(04)23274275,(04)23288582,2025,03,14,8,53,臺中市,南屯區,0,0,0,7,,,50,,,,,,,,,,,,,,,,,,,C03,,,1,,1,,,48,48,1,12,4,120.611485,24.13827,3