﻿序號,縣市別代碼,機關代碼,市話,傳真,年,月,日,時,分,縣市,區,死亡數量,受傷數量,2-30,天候,道路照明設備,道路類別,道路速限,道路型態,事故位置,路面鋪裝,路面狀態,路面缺陷,障礙物,視距,號誌種類,號誌動作,分向設施,快車道或一般車道間,快慢車道間,路面邊線,事故類型及型態,受傷程度,主要傷處,保護裝備,行動電話或功能裝置,當事者區分_類別,車輛用途,當事者行動狀態,駕照狀態,駕照種類,飲酒情形,車輛撞擊部位最初,車輛撞擊部位其他,肇事因素個別,肇事因素主要,肇事逃逸,職業,共享經濟或外送平台,GPS座標X,GPS座標Y,事故類別
5256,66000,387130000C,(04)23274275,(04)23288582,2025,03,14,8,53,臺中市,大肚區,0,0,0,7,,,30,,,,,,,,,,,,,,16,,,,,B03,,,1,,2,,,20,20,1,7,4,120.572891,24.156341,4
5257,66000,387130000C,(04)23274275,(04)23288582,2025,03,14,8,55,臺中市,大甲區,0,0,0,7,,,50,,,,,,,,,,,,,,12,,,,,A11,,,1,,1,,,8,8,1,6,4,120.632589,24.35649,3
5258,66000,387130000C,(04)23274275,(04)23288582,2025,03,14,8,57,臺中市,大里區,0,1,0,6,3,6,50,4,2,1,5,4,6,6,2,1,3,5,4,1,16,3,10,5,4,B03,7,6,1,8,2,5,,11,11,1,13,4,120.674595,24.103961,2
5259,66000,387130000C,(04)23274275,(04)23288582,2025,03,14,9,3,臺中市,南屯區,0,0,0,7,,,50,,,,,,,,,,,,,,,,,,,B03,,,1,,1,,,84,84,1,12,4,120.6286,24.14685,3
5260,66000,387130000C,(04)23274275,(04)23288582,2025,03,14,9,12,臺中市,南區,0,1,0,7,3,6,40,3,1,1,5,4,6,6,2,1,10,5,5,2,17,2,9,1,1,C03,7,9,1,10,2,11,,59,59,1,13,4,120.679293,24.125653,2
5261,66000,387130000C,(04)23274275,(04)23288582,2025,03,14,9,12,臺中市,霧峰區,0,1,0,7,2,6,40,4,2,1,5,4,6,6,1,1,4,3,5,1,17,2,9,1,1,C03,7,9,1,10,2,14,,21,21,1,6,4,120.683637,24.03347,2
5262,66000,387130000C,(04)23274275,(04)23288582,2025,03,14,9,13,臺中市,龍井區,0,0,0,7,,,50,,,,,,,,,,,,,,17,,,,,C03,,,1,,1,,,21,21,1,12,4,120.595597,24.187366,3
5263,66000,387130000C,(04)23274275,(04)23288582,2025,03,14,9,21,臺中市,神岡區,0,0,0,7,,6,50,13,9,1,5,4,6,6,4,4,5,5,4,2,12,,,,,B03,,,1,,2,,,8,8,1,12,4,120.655308,24.256708,3
5264,66000,387130000C,(04)23274275,(04)23288582,2025,03,14,9,31,臺中市,太平區,0,2,0,6,2,6,30,4,1,1,5,4,6,6,4,4,10,5,5,2,15,2,5,1,1,C03,7,9,1,10,2,14,,12,12,1,12,4,120.728206,24.154859,2
5265,66000,387130000C,(04)23274275,(04)23288582,2025,03,14,9,33,臺中市,南屯區,0,1,0,6,2,6,50,13,7,1,5,4,6,6,4,4,9,5,4,2,12,2,9,1,1,C03,7,9,5,10,2,12,,7,7,1,12,4,120.637351,24.144002,2
5266,66000,387130000C,(04)23274275,(04)23288582,2025,03,14,9,33,臺中市,龍井區,0,1,0,5,3,6,40,4,1,1,4,4,6,6,4,4,10,5,5,2,17,2,9,2,1,C03,7,9,3,19,2,12,,15,15,1,12,4,120.546885,24.205302,2
5267,66000,387130000C,(04)23274275,(04)23288582,2025,03,14,9,41,臺中市,南屯區,0,2,0,7,3,6,50,4,2,1,5,4,6,6,1,1,4,3,4,2,13,2,1,5,2,B03,7,9,1,8,1,8,,61,61,1,13,4,120.628686,24.120463,2
5268,66000,387130000C,(04)23274275,(04)23288582,2025,03,14,9,45,臺中市,西區,0,0,0,7,,,50,,,,,,,,,,,,,,,,,,,B01,,,1,,1,,,84,84,1,6,4,120.667381,24.130291,3
5269,66000,387130000C,(04)23274275,(04)23288582,2025,03,14,9,47,臺中市,西屯區,0,1,0,7,2,6,50,4,9,1,5,4,6,6,4,4,2,4,5,2,12,3,10,3,1,B03,7,14,1,8,1,16,,77,77,1,12,4,120.647056,24.168729,2
5270,66000,387130000C,(04)23274275,(04)23288582,2025,03,14,9,50,臺中市,南屯區,0,1,0,7,1,6,50,13,9,1,5,4,6,6,4,4,1,4,5,2,17,3,10,3,1,B03,7,1,1,8,2,8,,51,51,1,6,4,120.629563,24.147664,2
5271,66000,387130000C,(04)23274275,(04)23288582,2025,03,14,9,53,臺中市,北屯區,0,0,0,7,,,30,,,,,,,,,,,,,,12,,,,,B03,,,1,,1,,,84,84,1,12,4,120.709169,24.183836,3
5272,66000,387130000C,(04)23274275,(04)23288582,2025,03,14,9,54,臺中市,西區,0,1,0,7,3,6,40,4,2,1,5,4,6,6,1,1,1,4,4,2,17,3,10,3,1,B03,7,6,1,8,2,8,,38,38,1,12,4,120.659987,24.157856,2
5273,66000,387130000C,(04)23274275,(04)23288582,2025,03,14,9,54,臺中市,東區,0,0,0,7,,,50,,,,,,,,,,,,,,17,,,,,,,,,,,,,86,86,1,,,120.690229,24.138497,3
5274,66000,387130000C,(04)23274275,(04)23288582,2025,03,14,9,55,臺中市,霧峰區,0,0,0,7,,,40,,,,,,,,,,,,,,13,,,,,C03,,,1,,2,,,7,7,1,12,4,120.698051,24.061114,3
5275,66000,387130000C,(04)23274275,(04)23288582,2025,03,14,9,56,臺中市,大里區,0,0,0,7,,,50,,,,,,,,,,,,,,17,,,,,A12,,,1,,2,,,8,8,1,6,4,120.695733,24.096298,3
5276,66000,387130000C,(04)23274275,(04)23288582,2025,03,14,9,58,臺中市,北屯區,0,0,0,7,,,50,,,,,,,,,,,,,,13,,,,,B03,,,1,,1,,,58,58,1,6,4,120.687678,24.171873,3
5277,66000,387130000C,(04)23274275,(04)23288582,2025,03,14,10,5,臺中市,霧峰區,0,0,0,7,,,50,,,,,,,,,,,,,,17,,,,,C03,,,1,,1,,,84,84,1,6,4,120.686571,24.073988,3
5278,66000,387130000C,(04)23274275,(04)23288582,2025,03,14,10,6,臺中市,梧棲區,0,0,0,7,,,50,,,,,,,,,,,,,,13,,,,,B03,,,1,,1,,,56,56,1,12,4,120.524586,24.236284,3
5279,66000,387130000C,(04)23274275,(04)23288582,2025,03,14,10,10,臺中市,烏日區,0,2,0,7,2,6,40,13,8,1,5,4,6,6,4,4,5,4,4,2,3,2,9,6,5,H01,8,16,7,21,10,17,,95,95,1,6,5,120.607647,24.120939,2
5280,66000,387130000C,(04)23274275,(04)23288582,2025,03,14,10,11,臺中市,西區,0,0,0,7,,,50,,,,,,,,,,,,,,17,,,,,C03,,,1,,2,,,7,7,1,12,4,120.660083,24.156304,3
5281,66000,387130000C,(04)23274275,(04)23288582,2025,03,14,10,12,臺中市,南屯區,0,0,0,7,,,60,,,,,,,,,,,,,,,,,,,B03,,,1,,1,,,84,84,1,13,4,120.646416,24.126122,3
5282,66000,387130000C,(04)23274275,(04)23288582,2025,03,14,10,18,臺中市,北區,0,0,0,7,3,9,50,13,9,1,5,4,6,6,4,4,10,5,5,2,14,,,,,B03,,,1,,1,,,49,49,1,13,4,120.684347,24.157739,3
5283,66000,387130000C,(04)23274275,(04)23288582,2025,03,14,10,19,臺中市,西屯區,0,1,0,7,2,6,50,4,1,1,5,4,6,6,1,1,3,4,5,2,16,3,10,5,4,B03,7,6,1,8,2,2,,11,11,1,12,4,120.650892,24.166543,2
5284,66000,387130000C,(04)23274275,(04)23288582,2025,03,14,10,20,臺中市,北屯區,0,0,0,7,,,50,,,,,,,,,,,,,,,,,,,B03,,,1,,9,,,78,78,1,12,4,120.686216,24.181487,3
5285,66000,387130000C,(04)23274275,(04)23288582,2025,03,14,10,27,臺中市,北區,0,0,0,7,,,50,,,,,,,,,,,,,,12,,,,,B12,,,1,,2,,,40,40,1,13,4,120.67282,24.166836,3
5286,66000,387130000C,(04)23274275,(04)23288582,2025,03,14,10,32,臺中市,神岡區,0,2,0,6,2,6,50,4,2,1,5,4,6,6,1,1,1,4,5,1,13,2,9,1,1,C03,7,9,1,10,5,11,,7,7,1,12,4,120.686311,24.246927,2
5287,66000,387130000C,(04)23274275,(04)23288582,2025,03,14,10,35,臺中市,大雅區,0,0,0,7,,,60,,,,,,,,,,,,,,,,,,,B03,,,1,,1,,,7,7,1,12,4,120.651738,24.213157,3
5288,66000,387130000C,(04)23274275,(04)23288582,2025,03,14,10,36,臺中市,南區,0,3,0,7,2,6,30,4,1,1,5,4,6,6,4,4,10,5,5,2,17,2,8,5,4,C03,7,9,1,10,2,11,,12,12,1,13,4,120.680444,24.134185,2
5289,66000,387130000C,(04)23274275,(04)23288582,2025,03,14,10,40,臺中市,南屯區,0,0,0,7,2,6,50,13,2,1,5,4,6,6,1,1,1,2,5,2,9,3,10,3,1,B03,7,8,1,8,7,2,,40,40,1,12,4,120.630846,24.14649,3
5290,66000,387130000C,(04)23274275,(04)23288582,2025,03,14,10,43,臺中市,霧峰區,0,2,0,7,2,6,50,4,8,1,5,4,6,6,1,1,4,1,4,1,18,2,9,1,1,C03,7,9,1,10,2,16,,84,84,1,6,4,120.700025,24.077394,2
5291,66000,387130000C,(04)23274275,(04)23288582,2025,03,14,10,50,臺中市,龍井區,0,2,0,7,2,6,50,11,9,1,5,4,6,6,4,4,9,5,5,1,17,2,9,2,1,C03,7,1,1,10,2,14,,51,51,1,12,4,120.5757,24.182223,2
5292,66000,387130000C,(04)23274275,(04)23288582,2025,03,14,10,56,臺中市,北屯區,0,0,0,7,,,50,,,,,,,,,,,,,,17,,,,,B02,,,1,,1,,,59,59,1,13,4,120.715434,24.16475,3
5293,66000,387130000C,(04)23274275,(04)23288582,2025,03,14,11,4,臺中市,外埔區,0,0,0,7,,,60,,,,,,,,,,,,,,,,,,,A42,,,1,,1,,,40,40,1,12,4,120.648453,24.324784,3
5294,66000,387130000C,(04)23274275,(04)23288582,2025,03,14,11,5,臺中市,烏日區,0,1,0,7,2,6,50,4,1,1,5,4,6,6,1,1,10,5,5,2,17,3,10,5,4,B12,7,5,1,7,2,2,,11,11,1,6,4,120.64545,24.057853,2
5295,66000,387130000C,(04)23274275,(04)23288582,2025,03,14,11,6,臺中市,東區,0,1,0,7,1,6,50,4,2,1,5,4,6,6,1,1,9,4,5,2,17,3,10,3,1,B03,7,2,1,8,2,6,,49,49,1,12,4,120.704513,24.144669,2
5296,66000,387130000C,(04)23274275,(04)23288582,2025,03,14,11,7,臺中市,北屯區,0,1,0,7,2,6,30,3,1,1,5,4,6,6,4,4,10,5,5,2,16,2,9,1,1,C03,7,6,1,7,2,14,,13,13,1,12,4,120.674474,24.186991,2
5297,66000,387130000C,(04)23274275,(04)23288582,2025,03,14,11,10,臺中市,清水區,0,1,0,7,2,6,50,3,1,1,5,4,6,6,4,4,8,3,4,1,12,3,10,3,1,B12,7,5,1,8,2,6,,14,14,1,12,4,120.544531,24.269786,2
5298,66000,387130000C,(04)23274275,(04)23288582,2025,03,14,11,12,臺中市,豐原區,0,0,0,7,,,50,,,,,,,,,,,,,,9,,,,,B12,,,1,,2,,,8,8,1,12,4,120.719081,24.243516,3
5299,66000,387130000C,(04)23274275,(04)23288582,2025,03,14,11,24,臺中市,太平區,0,0,0,7,,,40,,,,,,,,,,,,,,,,,,,B03,,,1,,2,,,50,50,1,12,4,120.723611,24.132227,3
5300,66000,387130000C,(04)23274275,(04)23288582,2025,03,14,11,25,臺中市,南屯區,0,0,0,7,,,50,,,,,,,,,,,,,,17,,,,,B02,,,1,,9,,,51,51,2,13,4,120.615652,24.149598,3
5301,66000,387130000C,(04)23274275,(04)23288582,2025,03,14,11,25,臺中市,西屯區,0,0,0,6,2,6,50,4,2,1,5,4,6,6,4,4,9,4,5,2,12,,,,,B03,,,1,,1,,,8,8,1,13,4,120.589609,24.176239,3
5302,66000,387130000C,(04)23274275,(04)23288582,2025,03,14,11,27,臺中市,西屯區,0,1,0,7,2,6,50,4,1,1,5,4,6,6,2,1,10,5,5,2,16,3,10,5,4,C03,7,6,1,10,2,14,,11,11,1,12,4,120.653258,24.160817,2
5303,66000,387130000C,(04)23274275,(04)23288582,2025,03,14,11,30,臺中市,南區,0,0,0,7,,,50,,,,,,,,,,,,,,12,,,,,B03,,,1,,9,,,8,8,1,12,4,120.650576,24.120293,3
5304,66000,387130000C,(04)23274275,(04)23288582,2025,03,14,11,36,臺中市,西屯區,0,0,0,7,,,50,,,,,,,,,,,,,,14,,,,,B03,,,1,,1,,,49,49,1,12,4,120.639303,24.182648,3
5305,66000,387130000C,(04)23274275,(04)23288582,2025,03,14,11,44,臺中市,西屯區,0,1,0,7,2,6,50,4,1,1,5,4,6,6,4,4,10,5,5,2,16,3,10,2,1,C04,7,6,1,10,2,12,,14,14,1,13,4,120.638126,24.179773,2
5306,66000,387130000C,(04)23274275,(04)23288582,2025,03,14,11,47,臺中市,龍井區,0,0,0,7,,,50,,,,,,,,,,,,,,,,,,,B03,,,1,,1,,,59,59,1,12,4,120.530888,24.194432,3
5307,66000,387130000C,(04)23274275,(04)23288582,2025,03,14,11,48,臺中市,西區,0,1,0,7,3,6,50,3,7,1,5,4,6,6,4,4,5,4,4,2,13,2,9,1,1,C03,7,9,1,10,2,11,,7,7,1,12,4,120.665455,24.149314,2
5308,66000,387130000C,(04)23274275,(04)23288582,2025,03,14,11,49,臺中市,大里區,0,2,0,7,3,6,30,4,1,1,5,4,6,6,4,4,10,5,5,2,15,2,9,1,1,C03,7,9,1,10,2,11,,15,15,1,12,4,120.69359,24.090413,2
5309,66000,387130000C,(04)23274275,(04)23288582,2025,03,14,11,50,臺中市,太平區,0,1,0,7,2,6,50,4,2,1,5,4,6,6,2,1,5,2,5,2,30,2,9,1,1,C03,7,9,1,10,2,12,,84,84,1,12,4,120.723384,24.149495,2
5310,66000,387130000C,(04)23274275,(04)23288582,2025,03,14,11,52,臺中市,大雅區,0,0,0,7,,,0,,,,,,,,,,,,,,17,,,,,B03,,,1,,2,,,78,78,1,13,4,120.644475,24.204593,3
5311,66000,387130000C,(04)23274275,(04)23288582,2025,03,14,11,52,臺中市,大里區,0,0,0,7,,,50,,,,,,,,,,,,,,13,,,,,C02,,,1,,2,,,7,7,1,13,2,120.700566,24.110475,3
5312,66000,387130000C,(04)23274275,(04)23288582,2025,03,14,11,56,臺中市,南屯區,0,0,0,7,,,50,,,,,,,,,,,,,,,,,,,B03,,,1,,1,,,14,14,1,12,4,120.640719,24.146487,3
5313,66000,387130000C,(04)23274275,(04)23288582,2025,03,14,11,57,臺中市,北區,0,0,0,7,,,50,,,,,,,,,,,,,,15,,,,,B03,,,1,,1,,,24,24,1,12,4,120.697361,24.156714,3
5314,66000,387130000C,(04)23274275,(04)23288582,2025,03,14,11,57,臺中市,南區,0,2,0,7,3,6,50,4,1,1,5,4,6,6,1,1,10,5,5,2,16,2,9,2,1,C03,7,5,1,10,2,12,,11,11,1,13,4,120.678278,24.133497,2
5315,66000,387130000C,(04)23274275,(04)23288582,2025,03,14,12,0,臺中市,南屯區,0,2,0,7,1,6,50,3,2,1,5,4,6,6,4,4,10,5,5,2,13,2,9,1,1,C01,7,9,1,9,2,11,,7,7,1,6,4,120.610716,24.144794,2
5316,66000,387130000C,(04)23274275,(04)23288582,2025,03,14,12,2,臺中市,潭子區,0,0,0,7,,,50,,,,,,,,,,,,,,9,,,,,B03,,,1,,2,,,84,84,1,12,4,120.67904,24.206115,3
5317,66000,387130000C,(04)23274275,(04)23288582,2025,03,14,12,6,臺中市,豐原區,0,0,0,7,2,6,50,13,9,1,5,4,6,6,4,4,5,4,5,2,30,3,10,3,1,B12,7,15,1,8,9,9,,84,84,1,12,4,120.70904,24.245437,3
5318,66000,387130000C,(04)23274275,(04)23288582,2025,03,14,12,7,臺中市,南區,0,2,0,7,2,6,50,13,9,1,5,4,6,6,4,4,5,2,5,2,10,2,8,5,4,C03,7,9,1,10,2,11,,4,4,1,13,4,120.673336,24.126128,2
5319,66000,387130000C,(04)23274275,(04)23288582,2025,03,14,12,15,臺中市,大里區,0,1,0,7,3,6,50,3,2,1,5,4,6,6,4,4,3,4,4,1,16,3,10,5,4,B12,7,5,1,8,2,2,,8,8,1,13,4,120.679363,24.104092,2
5320,66000,387130000C,(04)23274275,(04)23288582,2025,03,14,12,18,臺中市,西區,0,0,0,7,,,50,,,,,,,,,,,,,,17,,,,,C03,,,1,,1,,,39,39,1,12,4,120.656935,24.150756,3
5321,66000,387130000C,(04)23274275,(04)23288582,2025,03,14,12,18,臺中市,大甲區,0,0,0,7,,,50,,,,,,,,,,,,,,,,,,,C03,,,5,,11,,,48,48,1,13,4,120.628852,24.340516,3
5322,66000,387130000C,(04)23274275,(04)23288582,2025,03,14,12,26,臺中市,北區,0,1,0,7,2,6,50,4,8,1,5,4,6,6,1,1,5,4,4,2,17,3,10,5,1,C03,7,9,1,10,2,12,,7,7,1,13,4,120.674154,24.164682,2
5323,66000,387130000C,(04)23274275,(04)23288582,2025,03,14,12,26,臺中市,南屯區,0,1,0,7,2,6,50,4,1,1,5,4,6,6,1,1,10,5,5,2,16,3,10,3,1,B03,7,6,1,8,2,6,,11,11,1,13,4,120.620854,24.13999,2
5324,66000,387130000C,(04)23274275,(04)23288582,2025,03,14,12,26,臺中市,清水區,0,0,0,7,,,50,,,,,,,,,,,,,,,,,,,B03,,,1,,2,,,11,11,1,12,4,120.574034,24.274043,3
5325,66000,387130000C,(04)23274275,(04)23288582,2025,03,14,12,30,臺中市,北區,0,0,0,7,,,50,,,,,,,,,,,,,,17,,,,,C03,,,1,,1,,,84,84,1,13,4,120.685462,24.147907,3
5326,66000,387130000C,(04)23274275,(04)23288582,2025,03,14,12,30,臺中市,西屯區,0,0,0,7,,,50,,,,,,,,,,,,,,12,,,,,B03,,,1,,1,,,40,40,1,12,4,120.620505,24.183806,3
5327,66000,387130000C,(04)23274275,(04)23288582,2025,03,14,12,32,臺中市,北區,0,1,0,7,2,6,50,5,1,1,5,4,6,6,1,1,10,5,5,2,17,3,10,5,4,B03,7,15,1,8,2,2,,39,39,1,13,4,120.685972,24.154798,2
5328,66000,387130000C,(04)23274275,(04)23288582,2025,03,14,12,32,臺中市,東勢區,0,0,0,7,,,60,,,,,,,,,,,,,,,,,,,B12,,,1,,2,,,55,55,1,12,4,120.824557,24.266926,3
5329,66000,387130000C,(04)23274275,(04)23288582,2025,03,14,12,35,臺中市,南屯區,0,0,0,7,3,6,0,13,9,1,5,4,6,6,4,4,9,5,5,2,14,,,,,B03,,,1,,2,,,49,49,1,12,4,120.647438,24.129659,3
5330,66000,387130000C,(04)23274275,(04)23288582,2025,03,14,12,39,臺中市,南區,0,0,0,7,,,40,,,,,,,,,,,,,,17,,,,,,,,,,,,,86,86,1,,,120.675358,24.124712,3
5331,66000,387130000C,(04)23274275,(04)23288582,2025,03,14,12,45,臺中市,太平區,0,0,0,7,,,50,,,,,,,,,,,,,,,,,,,B03,,,1,,1,,,7,7,1,12,4,120.724869,24.117163,3
5332,66000,387130000C,(04)23274275,(04)23288582,2025,03,14,12,46,臺中市,西屯區,0,1,0,6,2,6,35,13,9,1,5,4,6,6,4,4,10,4,5,1,3,3,10,1,1,C03,7,9,1,10,2,11,,59,59,1,13,4,120.630458,24.176835,2
5333,66000,387130000C,(04)23274275,(04)23288582,2025,03,14,12,50,臺中市,南區,0,0,0,7,,,50,,,,,,,,,,,,,,17,,,,,C03,,,1,,2,,,7,7,1,12,4,120.648965,24.117635,3
5334,66000,387130000C,(04)23274275,(04)23288582,2025,03,14,12,50,臺中市,西屯區,0,0,0,7,,,50,,,,,,,,,,,,,,13,,,,,C03,,,1,,2,,,59,59,1,12,4,120.646487,24.171239,3
5335,66000,387130000C,(04)23274275,(04)23288582,2025,03,14,12,51,臺中市,大里區,0,1,0,7,2,6,50,3,1,1,5,4,6,6,4,4,10,5,5,2,16,3,10,2,1,C03,7,6,1,10,2,11,,14,14,1,6,4,120.715111,24.086172,2
5336,66000,387130000C,(04)23274275,(04)23288582,2025,03,14,13,0,臺中市,梧棲區,0,0,0,7,,,50,,,,,,,,,,,,,,15,,,,,B03,,,1,,1,,,15,15,1,6,4,120.547814,24.243274,3
5337,66000,387130000C,(04)23274275,(04)23288582,2025,03,14,13,6,臺中市,龍井區,0,0,0,7,,,40,,,,,,,,,,,,,,,,,,,B03,,,1,,2,,,15,15,1,12,4,120.544724,24.205621,3
5338,66000,387130000C,(04)23274275,(04)23288582,2025,03,14,13,10,臺中市,南屯區,0,0,0,7,3,6,50,13,9,1,5,4,6,6,4,4,5,4,5,2,14,,,,,B03,,,1,,1,,,49,49,1,12,4,120.63399,24.144956,3
5339,66000,387130000C,(04)23274275,(04)23288582,2025,03,14,13,10,臺中市,龍井區,0,0,0,7,,,60,,,,,,,,,,,,,,,,,,,A41,,,1,,2,,,68,68,1,12,4,120.508834,24.19089,3
5340,66000,387130000C,(04)23274275,(04)23288582,2025,03,14,13,14,臺中市,南屯區,0,0,0,7,,,50,,,,,,,,,,,,,,12,,,,,A12,,,1,,2,,,84,84,1,12,4,120.629612,24.11605,3
5341,66000,387130000C,(04)23274275,(04)23288582,2025,03,14,13,17,臺中市,西區,0,0,0,7,,,50,,,,,,,,,,,,,,,,,,,B01,,,1,,1,,,8,8,1,12,4,120.659687,24.157317,3
5342,66000,387130000C,(04)23274275,(04)23288582,2025,03,14,13,17,臺中市,北屯區,0,0,0,7,,,50,,,,,,,,,,,,,,30,,,,,B03,,,1,,9,,,84,84,1,12,4,120.682795,24.19341,3
5343,66000,387130000C,(04)23274275,(04)23288582,2025,03,14,13,18,臺中市,南屯區,0,0,0,7,,,50,,,,,,,,,,,,,,,,,,,B03,,,1,,1,,,47,47,1,13,4,120.634298,24.156485,3
5344,66000,387130000C,(04)23274275,(04)23288582,2025,03,14,13,20,臺中市,潭子區,0,1,0,7,2,6,50,13,7,1,5,4,6,6,4,4,9,4,4,2,16,2,9,2,1,C03,7,4,1,10,2,12,,84,84,1,12,4,120.707229,24.231273,2
5345,66000,387130000C,(04)23274275,(04)23288582,2025,03,14,13,23,臺中市,東區,0,1,0,7,3,6,50,13,9,1,5,4,6,6,4,4,5,4,5,2,12,3,10,3,1,B03,7,9,1,8,1,5,,87,87,1,13,4,120.693808,24.142708,2
5346,66000,387130000C,(04)23274275,(04)23288582,2025,03,14,13,27,臺中市,西屯區,0,1,0,7,2,6,50,4,1,1,5,4,6,6,2,1,10,5,5,2,23,2,9,3,1,B12,7,6,1,8,2,5,,59,59,1,12,4,120.593924,24.191442,2
5347,66000,387130000C,(04)23274275,(04)23288582,2025,03,14,13,27,臺中市,龍井區,0,2,0,7,2,6,50,13,9,1,5,4,6,6,4,4,9,5,5,1,17,3,10,3,1,B03,7,1,1,8,2,1,,51,51,1,6,4,120.583378,24.179261,2
5348,66000,387130000C,(04)23274275,(04)23288582,2025,03,14,13,31,臺中市,北屯區,0,2,0,7,2,6,50,3,1,1,5,4,6,6,4,4,10,4,5,2,12,3,10,3,1,B03,7,1,1,8,2,8,,51,51,1,6,4,120.735486,24.160019,2
5349,66000,387130000C,(04)23274275,(04)23288582,2025,03,14,13,33,臺中市,西屯區,0,0,0,7,,,30,,,,,,,,,,,,,,30,,,,,B03,,,1,,1,,,8,8,1,11,4,120.646071,24.181936,3
5350,66000,387130000C,(04)23274275,(04)23288582,2025,03,14,13,40,臺中市,南區,0,0,0,7,,,50,,,,,,,,,,,,,,16,,,,,B03,,,1,,1,,,11,11,1,12,4,120.679264,24.119235,3
5351,66000,387130000C,(04)23274275,(04)23288582,2025,03,14,13,40,臺中市,北屯區,0,0,0,7,,,50,,,,,,,,,,,,,,13,,,,,C03,,,1,,2,,,59,59,1,12,4,120.671342,24.189352,3
5352,66000,387130000C,(04)23274275,(04)23288582,2025,03,14,13,50,臺中市,南區,0,0,0,7,2,6,50,13,9,1,5,4,6,6,4,4,3,4,5,2,13,,,,,C02,,,1,,2,,,7,7,1,13,4,120.669873,24.118572,3
5353,66000,387130000C,(04)23274275,(04)23288582,2025,03,14,13,53,臺中市,大甲區,0,0,0,7,,,50,,,,,,,,,,,,,,,,,,,C03,,,1,,2,,,39,39,1,6,4,120.620425,24.348056,3
5354,66000,387130000C,(04)23274275,(04)23288582,2025,03,14,13,54,臺中市,西屯區,0,0,0,7,,,50,,,,,,,,,,,,,,13,,,,,B03,,,1,,1,,,62,62,1,12,4,120.648771,24.167638,3
5355,66000,387130000C,(04)23274275,(04)23288582,2025,03,14,14,0,臺中市,龍井區,0,1,0,7,2,6,50,3,2,1,5,4,6,6,4,4,5,5,5,1,2,3,10,5,4,C03,7,9,1,10,9,15,,85,85,2,6,4,120.587691,24.181256,2
5356,66000,387130000C,(04)23274275,(04)23288582,2025,03,14,14,1,臺中市,西區,0,1,0,7,2,6,50,4,1,1,5,4,6,6,1,1,10,5,5,2,16,3,10,2,1,C03,7,9,3,19,2,11,,21,21,1,12,4,120.65512,24.1488,2
5357,66000,387130000C,(04)23274275,(04)23288582,2025,03,14,14,3,臺中市,南區,0,0,0,7,,,50,,,,,,,,,,,,,,12,,,,,B03,,,1,,1,,,40,40,1,13,4,120.66983,24.125735,4
5358,66000,387130000C,(04)23274275,(04)23288582,2025,03,14,14,7,臺中市,大里區,0,0,0,7,,,30,,,,,,,,,,,,,,17,,,,,A11,,,1,,2,,,8,8,1,13,4,120.706259,24.109128,3
5359,66000,387130000C,(04)23274275,(04)23288582,2025,03,14,14,7,臺中市,神岡區,0,0,0,7,,,15,,,,,,,,,,,,,,17,,,,,B03,,,1,,2,,,51,51,1,6,4,120.696478,24.248607,3
5360,66000,387130000C,(04)23274275,(04)23288582,2025,03,14,14,10,臺中市,大雅區,0,1,0,7,1,6,50,3,2,1,5,4,6,6,3,1,5,5,5,1,17,3,10,3,1,B12,7,6,1,8,2,8,,84,84,1,13,4,120.650838,24.218423,2
5361,66000,387130000C,(04)23274275,(04)23288582,2025,03,14,14,10,臺中市,沙鹿區,0,0,0,7,2,6,0,13,21,4,5,4,6,6,4,4,10,5,5,2,14,,,,,C03,,,1,,2,,,49,49,1,12,4,120.574488,24.228664,3
5362,66000,387130000C,(04)23274275,(04)23288582,2025,03,14,14,15,臺中市,北區,0,1,0,7,2,6,30,13,9,1,5,4,6,6,4,4,10,5,5,2,10,2,8,1,1,C03,7,9,1,10,2,11,,84,84,1,12,4,120.675648,24.164232,2
5363,66000,387130000C,(04)23274275,(04)23288582,2025,03,14,14,20,臺中市,北區,0,0,0,7,,,50,,,,,,,,,,,,,,13,,,,,C03,,,1,,2,,,7,7,1,13,4,120.683595,24.148102,3
5364,66000,387130000C,(04)23274275,(04)23288582,2025,03,14,14,25,臺中市,大雅區,0,1,0,7,3,6,50,4,2,1,5,4,6,6,1,1,5,2,5,1,17,3,10,3,1,B03,7,5,1,8,2,5,,11,11,1,12,4,120.67211,24.228777,2
5365,66000,387130000C,(04)23274275,(04)23288582,2025,03,14,14,26,臺中市,龍井區,0,1,0,7,2,6,40,13,8,1,5,4,6,6,4,4,10,5,1,1,13,3,10,5,4,C03,7,9,1,10,2,11,,7,7,1,5,4,120.580157,24.189864,2
5366,66000,387130000C,(04)23274275,(04)23288582,2025,03,14,14,35,臺中市,南屯區,0,0,0,7,,,50,,,,,,,,,,,,,,,,,,,B03,,,1,,10,,,87,87,1,12,4,120.63992,24.147113,3
5367,66000,387130000C,(04)23274275,(04)23288582,2025,03,14,14,36,臺中市,太平區,0,0,0,7,2,6,30,,,,,,,,,,,,,,,,,,,A11,,,1,,2,5,,49,49,1,12,4,120.727943,24.113563,3
5368,66000,387130000C,(04)23274275,(04)23288582,2025,03,14,14,37,臺中市,東區,0,1,0,7,2,6,50,5,2,1,5,4,6,6,1,1,9,4,5,2,17,2,8,1,1,C03,7,9,1,10,2,12,,4,4,1,12,4,120.689628,24.138916,2