﻿序號,縣市別代碼,機關代碼,市話,傳真,年,月,日,時,分,縣市,區,死亡數量,受傷數量,2-30,天候,道路照明設備,道路類別,道路速限,道路型態,事故位置,路面鋪裝,路面狀態,路面缺陷,障礙物,視距,號誌種類,號誌動作,分向設施,快車道或一般車道間,快慢車道間,路面邊線,事故類型及型態,受傷程度,主要傷處,保護裝備,行動電話或功能裝置,當事者區分_類別,車輛用途,當事者行動狀態,駕照狀態,駕照種類,飲酒情形,車輛撞擊部位最初,車輛撞擊部位其他,肇事因素個別,肇事因素主要,肇事逃逸,職業,共享經濟或外送平台,GPS座標X,GPS座標Y,事故類別
5369,66000,387130000C,(04)23274275,(04)23288582,2025,03,14,14,38,臺中市,大里區,0,1,0,7,2,6,50,13,9,1,5,4,6,6,4,4,10,5,5,1,12,3,10,3,1,B03,7,9,1,8,2,2,,85,85,1,6,4,120.733124,24.086872,2
5370,66000,387130000C,(04)23274275,(04)23288582,2025,03,14,14,43,臺中市,西屯區,0,0,0,7,2,6,40,4,1,1,5,4,6,6,1,1,1,4,1,2,12,,,,,B03,,,1,,1,,,40,40,1,13,4,120.647847,24.196114,3
5371,66000,387130000C,(04)23274275,(04)23288582,2025,03,14,14,47,臺中市,北屯區,0,0,0,7,,,50,,,,,,,,,,,,,,17,,,,,B12,,,1,,1,,,51,51,1,6,4,120.680005,24.174562,3
5372,66000,387130000C,(04)23274275,(04)23288582,2025,03,14,14,52,臺中市,南屯區,0,2,0,7,3,6,50,13,9,1,5,4,6,6,4,4,3,4,5,2,12,2,9,1,1,C03,7,9,1,10,2,14,,8,8,1,12,4,120.638693,24.142257,2
5373,66000,387130000C,(04)23274275,(04)23288582,2025,03,14,14,55,臺中市,神岡區,0,0,0,7,,,50,,,,,,,,,,,,,,17,,,,,C03,,,1,,11,,,59,59,1,12,4,120.663546,24.258109,3
5374,66000,387130000C,(04)23274275,(04)23288582,2025,03,14,14,59,臺中市,霧峰區,0,0,0,7,,,50,,,,,,,,,,,,,,17,,,,,A41,,,1,1,2,,,84,84,1,13,4,120.691165,24.071151,3
5375,66000,387130000C,(04)23274275,(04)23288582,2025,03,14,15,2,臺中市,北屯區,0,0,0,7,,,50,,,,,,,,,,,,,,,,,,,B03,,,1,,1,,,51,51,1,6,4,120.707978,24.188198,3
5376,66000,387130000C,(04)23274275,(04)23288582,2025,03,14,15,8,臺中市,南區,0,0,0,7,,,50,,,,,,,,,,,,,,,,,,,B01,,,1,,1,,,7,7,1,12,4,120.650118,24.120638,3
5377,66000,387130000C,(04)23274275,(04)23288582,2025,03,14,15,10,臺中市,北區,0,0,0,7,,,50,,,,,,,,,,,,,,14,,,,,B03,,,1,,2,,,49,49,1,13,4,120.671919,24.166781,3
5378,66000,387130000C,(04)23274275,(04)23288582,2025,03,14,15,13,臺中市,大里區,0,1,0,7,2,6,40,5,1,1,5,4,6,6,1,1,10,5,5,1,16,2,9,1,1,C03,7,9,3,19,2,14,,84,84,1,12,4,120.653433,24.089967,2
5379,66000,387130000C,(04)23274275,(04)23288582,2025,03,14,15,16,臺中市,神岡區,0,0,0,7,,,50,,,,,,,,,,,,,,11,,,,,A12,,,1,,2,,,8,8,1,12,4,120.67907,24.239205,3
5380,66000,387130000C,(04)23274275,(04)23288582,2025,03,14,15,19,臺中市,北區,0,0,0,7,,,50,,,,,,,,,,,,,,,,,,,B03,,,1,,1,,,7,7,1,12,4,120.676478,24.15742,3
5381,66000,387130000C,(04)23274275,(04)23288582,2025,03,14,15,21,臺中市,北屯區,0,1,0,7,2,6,50,4,2,1,5,4,6,6,2,1,5,2,5,2,13,2,9,2,1,C03,7,9,1,10,2,16,,7,7,1,12,4,120.706205,24.1697,2
5382,66000,387130000C,(04)23274275,(04)23288582,2025,03,14,15,28,臺中市,北區,0,1,0,7,2,6,50,13,9,1,5,4,6,6,4,4,5,5,5,2,13,2,9,1,1,C03,7,9,1,10,2,11,14,7,7,1,13,4,120.697247,24.156508,2
5383,66000,387130000C,(04)23274275,(04)23288582,2025,03,14,15,32,臺中市,豐原區,0,0,0,7,,,50,,,,,,,,,,,,,,13,,,,,A12,,,1,,2,,,59,59,1,6,4,120.751897,24.271252,3
5384,66000,387130000C,(04)23274275,(04)23288582,2025,03,14,15,33,臺中市,北區,0,4,0,7,3,6,50,4,1,1,5,4,6,6,1,1,1,4,5,2,17,3,10,3,1,A05,7,5,1,2,2,5,,47,47,1,12,4,120.671743,24.171676,2
5385,66000,387130000C,(04)23274275,(04)23288582,2025,03,14,15,36,臺中市,南屯區,0,0,0,7,,,50,,,,,,,,,,,,,,12,,,,,B03,,,1,,2,,,50,50,1,12,4,120.651792,24.135043,3
5386,66000,387130000C,(04)23274275,(04)23288582,2025,03,14,15,40,臺中市,北屯區,0,0,0,7,,,50,,,,,,,,,,,,,,13,,,,,B03,,,1,,2,,,7,7,1,6,4,120.723152,24.181702,3
5387,66000,387130000C,(04)23274275,(04)23288582,2025,03,14,15,41,臺中市,大肚區,0,1,0,7,2,6,30,13,9,1,5,4,6,6,4,4,10,5,5,2,17,2,8,2,1,C03,7,1,1,10,2,14,,51,51,1,6,4,120.574321,24.122204,2
5388,66000,387130000C,(04)23274275,(04)23288582,2025,03,14,15,42,臺中市,北區,0,0,0,7,,,30,,,,,,,,,,,,,,13,,,,,C03,,,1,,2,,,7,7,1,13,4,120.667846,24.157155,3
5389,66000,387130000C,(04)23274275,(04)23288582,2025,03,14,15,43,臺中市,梧棲區,0,2,0,7,3,6,70,4,1,1,5,4,6,6,1,1,10,5,5,2,15,2,9,1,1,C03,7,9,1,10,2,14,,21,21,1,6,4,120.538654,24.249079,2
5390,66000,387130000C,(04)23274275,(04)23288582,2025,03,14,15,45,臺中市,后里區,0,0,0,7,2,6,50,3,1,1,5,4,6,6,1,1,4,4,4,1,16,3,10,3,1,B03,7,5,1,8,1,5,,11,11,1,12,4,120.710405,24.310799,3
5391,66000,387130000C,(04)23274275,(04)23288582,2025,03,14,15,46,臺中市,西屯區,0,0,0,7,,,50,,,,,,,,,,,,,,12,,,,,B03,,,1,,1,,,40,40,1,12,4,120.632181,24.170623,3
5392,66000,387130000C,(04)23274275,(04)23288582,2025,03,14,15,48,臺中市,大肚區,0,0,0,7,2,6,30,13,9,1,5,4,6,6,4,4,10,5,5,2,11,3,10,1,1,F01,7,9,7,21,6,14,,41,41,1,6,4,120.542781,24.150521,3
5393,66000,387130000C,(04)23274275,(04)23288582,2025,03,14,15,50,臺中市,西區,0,1,0,7,2,6,50,4,1,1,5,4,6,6,1,1,10,5,5,2,17,3,10,3,1,B03,7,6,1,8,2,5,,11,11,1,12,4,120.65714,24.157107,2
5394,66000,387130000C,(04)23274275,(04)23288582,2025,03,14,15,50,臺中市,龍井區,0,0,0,7,,,30,,,,,,,,,,,,,,,,,,,B03,,,1,,2,,,41,41,1,6,4,120.572349,24.179333,3
5395,66000,387130000C,(04)23274275,(04)23288582,2025,03,14,15,53,臺中市,北屯區,0,0,0,7,,,50,,,,,,,,,,,,,,17,,,,,B12,,,1,,2,,,78,78,1,13,4,120.696573,24.16681,3
5396,66000,387130000C,(04)23274275,(04)23288582,2025,03,14,15,54,臺中市,西區,0,0,0,7,,,50,,,,,,,,,,,,,,12,,,,,B03,,,1,,2,,,35,35,1,12,4,120.671167,24.145476,3
5397,66000,387130000C,(04)23274275,(04)23288582,2025,03,14,15,55,臺中市,太平區,0,1,0,7,2,6,50,4,2,1,5,4,6,6,2,1,5,5,5,1,13,3,10,2,1,C03,7,9,1,10,2,11,,39,39,1,12,4,120.73324,24.142752,2
5398,66000,387130000C,(04)23274275,(04)23288582,2025,03,14,15,55,臺中市,沙鹿區,0,0,0,7,,,60,,,,,,,,,,,,,,17,,,,,B03,,,1,,2,,,50,50,1,6,4,120.568466,24.203022,3
5399,66000,387130000C,(04)23274275,(04)23288582,2025,03,14,15,56,臺中市,神岡區,0,0,0,7,,,30,,,,,,,,,,,,,,28,,,,,B02,,,1,,1,,,84,84,1,6,4,120.64158,24.291625,3
5400,66000,387130000C,(04)23274275,(04)23288582,2025,03,14,15,57,臺中市,南區,0,0,0,7,,,30,,,,,,,,,,,,,,12,,,,,B03,,,1,,2,,,84,84,1,12,4,120.670659,24.111109,3
5401,66000,387130000C,(04)23274275,(04)23288582,2025,03,14,15,57,臺中市,西屯區,0,0,0,7,,,50,,,,,,,,,,,,,,13,,,,,B03,,,1,,2,,,7,7,1,12,4,120.636724,24.170849,3
5402,66000,387130000C,(04)23274275,(04)23288582,2025,03,14,15,58,臺中市,中區,0,1,0,7,2,6,50,4,1,1,5,4,6,6,1,1,10,5,5,2,17,2,9,2,1,C03,7,9,1,10,2,11,,7,7,1,12,2,120.681426,24.140865,2
5403,66000,387130000C,(04)23274275,(04)23288582,2025,03,14,15,58,臺中市,南屯區,0,1,0,7,2,6,50,13,9,1,5,4,6,6,2,1,1,4,5,2,12,2,9,2,1,C03,7,8,1,10,2,14,,40,40,1,13,4,120.647022,24.139573,2
5404,66000,387130000C,(04)23274275,(04)23288582,2025,03,14,16,0,臺中市,石岡區,0,0,0,7,2,6,70,13,2,1,5,4,6,6,1,1,1,2,5,1,13,3,10,5,4,B12,7,9,1,8,2,1,,84,84,1,13,4,120.81647,24.260138,3
5405,66000,387130000C,(04)23274275,(04)23288582,2025,03,14,16,2,臺中市,南屯區,0,0,0,7,3,6,80,13,9,1,5,4,6,6,4,4,3,4,5,2,13,,,,,B12,,,1,,1,,,7,7,1,12,4,120.623033,24.140267,3
5406,66000,387130000C,(04)23274275,(04)23288582,2025,03,14,16,5,臺中市,梧棲區,0,0,0,7,,,40,,,,,,,,,,,,,,16,,,,,B03,,,1,,2,,,11,11,1,6,4,120.544205,24.246878,3
5407,66000,387130000C,(04)23274275,(04)23288582,2025,03,14,16,8,臺中市,潭子區,0,3,0,7,3,6,30,4,1,1,5,4,6,6,4,4,10,5,5,2,15,2,8,2,1,C03,7,9,1,10,2,12,,12,12,1,13,4,120.693321,24.217606,2
5408,66000,387130000C,(04)23274275,(04)23288582,2025,03,14,16,13,臺中市,大里區,0,0,0,7,,,50,,,,,,,,,,,,,,12,,,,,C03,,,1,,2,,,20,20,1,12,4,120.69847,24.096527,3
5409,66000,387130000C,(04)23274275,(04)23288582,2025,03,14,16,14,臺中市,龍井區,0,0,0,7,,,40,,,,,,,,,,,,,,,,,,,A41,,,1,,2,,,84,84,1,12,4,120.53884,24.206458,3
5410,66000,387130000C,(04)23274275,(04)23288582,2025,03,14,16,15,臺中市,烏日區,0,0,0,7,,,30,,,,,,,,,,,,,,14,,,,,B03,,,1,,1,,,87,87,1,6,4,120.638076,24.106569,3
5411,66000,387130000C,(04)23274275,(04)23288582,2025,03,14,16,19,臺中市,太平區,0,1,0,7,3,6,50,4,1,1,5,4,6,6,4,4,10,5,5,2,15,3,10,1,1,C03,7,9,1,10,2,12,,15,15,1,12,4,120.719749,24.114797,2
5412,66000,387130000C,(04)23274275,(04)23288582,2025,03,14,16,22,臺中市,西屯區,0,0,0,7,3,6,50,13,8,1,5,4,6,6,4,4,1,4,1,2,13,,,,,B03,,,1,,1,,,7,7,1,12,4,120.645047,24.195509,3
5413,66000,387130000C,(04)23274275,(04)23288582,2025,03,14,16,23,臺中市,北屯區,0,0,0,7,,,50,,,,,,,,,,,,,,13,,,,,B03,,,1,,1,,,7,7,1,6,4,120.697745,24.170349,3
5414,66000,387130000C,(04)23274275,(04)23288582,2025,03,14,16,23,臺中市,北屯區,0,2,0,7,2,6,50,13,8,1,5,4,6,6,4,4,5,4,4,2,12,2,9,1,1,C03,7,15,3,19,2,14,,42,42,1,6,4,120.660434,24.189456,2
5415,66000,387130000C,(04)23274275,(04)23288582,2025,03,14,16,25,臺中市,南屯區,0,0,0,7,,,40,,,,,,,,,,,,,,12,,,,,B03,,,1,,1,,,59,59,1,12,4,120.637228,24.13788,3
5416,66000,387130000C,(04)23274275,(04)23288582,2025,03,14,16,25,臺中市,南屯區,0,0,0,7,,,80,,,,,,,,,,,,,,13,,,,,B03,,,1,,2,,,7,7,1,12,4,120.623033,24.140267,3
5417,66000,387130000C,(04)23274275,(04)23288582,2025,03,14,16,30,臺中市,南區,0,2,0,7,3,6,50,3,2,1,5,4,6,6,4,4,10,5,5,2,16,2,1,5,4,F01,7,6,7,21,2,14,,84,84,1,12,4,120.681106,24.124915,2
5418,66000,387130000C,(04)23274275,(04)23288582,2025,03,14,16,33,臺中市,太平區,0,2,0,7,2,6,50,3,1,1,5,4,6,6,4,4,10,5,5,2,16,2,8,1,1,C03,7,1,1,10,2,14,,51,51,1,12,4,120.724213,24.138148,2
5419,66000,387130000C,(04)23274275,(04)23288582,2025,03,14,16,34,臺中市,北區,0,1,0,7,2,6,50,4,1,1,5,4,1,6,2,1,5,4,4,2,16,3,10,3,1,B03,7,5,1,8,2,5,,47,47,1,13,4,120.670506,24.159216,2
5420,66000,387130000C,(04)23274275,(04)23288582,2025,03,14,16,34,臺中市,神岡區,0,0,0,6,,,30,,,,,,,,,,,,,,14,,,,,B03,,,1,,1,,,49,49,1,12,4,120.688296,24.256115,3
5421,66000,387130000C,(04)23274275,(04)23288582,2025,03,14,16,36,臺中市,南屯區,0,1,0,7,2,6,50,4,1,1,5,4,6,6,2,1,1,4,4,2,16,3,10,3,1,B03,7,6,1,8,2,5,,11,11,1,13,4,120.648711,24.15078,2
5422,66000,387130000C,(04)23274275,(04)23288582,2025,03,14,16,38,臺中市,北屯區,0,1,0,7,2,6,50,3,2,1,5,4,6,6,4,4,10,5,5,2,13,2,9,2,1,C02,7,9,1,9,2,11,,58,58,1,6,4,120.690312,24.16281,2
5423,66000,387130000C,(04)23274275,(04)23288582,2025,03,14,16,46,臺中市,南屯區,0,0,0,7,,,50,,,,,,,,,,,,,,,,,,,B03,,,1,,1,,,59,59,1,12,4,120.637037,24.143887,3
5424,66000,387130000C,(04)23274275,(04)23288582,2025,03,14,16,46,臺中市,西屯區,0,1,0,7,2,6,50,4,1,1,5,4,6,6,1,1,5,4,5,2,16,3,10,3,1,B03,7,6,1,8,2,6,,11,11,1,12,4,120.650369,24.156557,2
5425,66000,387130000C,(04)23274275,(04)23288582,2025,03,14,16,46,臺中市,大里區,0,0,0,7,,,50,,,,,,,,,,,,,,17,,,,,B03,,,1,8,2,,,84,84,1,13,4,120.696915,24.08276,3
5426,66000,387130000C,(04)23274275,(04)23288582,2025,03,14,16,49,臺中市,北屯區,0,0,0,7,,,40,,,,,,,,,,,,,,17,,,,,C03,,,1,,1,,,20,20,1,12,4,120.690629,24.172802,4
5427,66000,387130000C,(04)23274275,(04)23288582,2025,03,14,16,51,臺中市,北屯區,0,0,0,7,,,50,,,,,,,,,,,,,,12,,,,,B03,,,1,,2,,,40,40,1,6,4,120.6944,24.16535,3
5428,66000,387130000C,(04)23274275,(04)23288582,2025,03,14,16,51,臺中市,西屯區,0,1,0,7,2,6,50,4,1,1,5,4,6,6,2,1,10,5,5,2,30,2,9,5,1,C03,7,9,1,10,2,12,,59,59,1,12,4,120.635997,24.164193,2
5429,66000,387130000C,(04)23274275,(04)23288582,2025,03,14,16,52,臺中市,東區,0,0,0,7,,,30,,,,,,,,,,,,,,30,,,,,,,,,,,,,119,119,1,,,120.693343,24.125836,3
5430,66000,387130000C,(04)23274275,(04)23288582,2025,03,14,16,53,臺中市,南屯區,0,2,0,7,3,6,50,13,9,1,5,4,6,6,4,4,9,5,5,2,17,2,9,1,1,C03,7,1,1,10,2,14,,51,51,1,12,4,120.609837,24.140792,2
5431,66000,387130000C,(04)23274275,(04)23288582,2025,03,14,16,53,臺中市,大里區,0,1,0,7,1,6,50,5,2,1,5,4,6,6,4,4,9,5,5,1,12,3,10,1,1,C03,7,9,1,10,2,11,,84,84,1,12,4,120.705214,24.087654,2
5432,66000,387130000C,(04)23274275,(04)23288582,2025,03,14,16,54,臺中市,神岡區,0,1,0,7,2,6,50,13,9,1,5,4,6,6,1,1,1,4,5,2,13,3,10,3,1,A12,7,9,1,7,2,8,,7,7,1,6,4,120.68533,24.246597,2
5433,66000,387130000C,(04)23274275,(04)23288582,2025,03,14,16,55,臺中市,南屯區,0,1,0,7,2,6,50,4,1,1,5,4,6,6,1,1,9,4,4,2,11,3,10,3,1,B03,7,6,1,8,2,2,,11,11,1,12,4,120.647819,24.146813,2
5434,66000,387130000C,(04)23274275,(04)23288582,2025,03,14,16,56,臺中市,北區,0,1,0,7,2,6,50,4,1,1,5,4,6,6,2,1,10,5,5,2,13,2,9,1,1,C03,7,9,1,10,2,11,,7,7,1,13,4,120.685672,24.143263,2
5435,66000,387130000C,(04)23274275,(04)23288582,2025,03,14,16,57,臺中市,大里區,0,1,0,7,2,6,50,3,1,1,5,4,6,6,4,4,10,5,5,2,17,2,9,1,1,C03,7,15,1,10,2,11,,54,54,1,13,4,120.699693,24.089046,2
5436,66000,387130000C,(04)23274275,(04)23288582,2025,03,14,16,58,臺中市,西屯區,0,0,0,7,,,50,,,,,,,,,,,,,,14,,,,,B03,,,1,,1,,,59,59,1,12,4,120.653648,24.159044,3
5437,66000,387130000C,(04)23274275,(04)23288582,2025,03,14,17,0,臺中市,大雅區,0,2,0,7,1,6,40,4,1,1,5,4,6,6,1,1,5,5,4,1,17,2,9,4,1,F01,7,9,7,21,1,12,11,7,7,1,12,4,120.649737,24.223057,2
5438,66000,387130000C,(04)23274275,(04)23288582,2025,03,14,17,0,臺中市,北區,0,0,0,7,,,50,,,,,,,,,,,,,,,,,,,B03,,,1,,2,,,49,49,1,12,4,120.679912,24.1591,3
5439,66000,387130000C,(04)23274275,(04)23288582,2025,03,14,17,0,臺中市,南屯區,0,0,0,7,,,50,,,,,,,,,,,,,,13,,,,,B03,,,1,,1,,,7,7,1,12,4,120.622643,24.150214,3
5440,66000,387130000C,(04)23274275,(04)23288582,2025,03,14,17,0,臺中市,大里區,0,1,0,7,2,6,50,4,1,1,5,4,6,6,3,1,10,5,5,2,16,3,10,3,1,B03,7,6,1,8,2,5,,24,24,1,12,4,120.677138,24.09452,2
5441,66000,387130000C,(04)23274275,(04)23288582,2025,03,14,17,2,臺中市,東勢區,0,1,0,7,2,6,30,11,9,1,5,4,6,6,4,4,10,5,5,2,11,3,10,3,1,B03,7,9,1,8,2,4,,84,84,1,12,4,120.835606,24.247362,2
5442,66000,387130000C,(04)23274275,(04)23288582,2025,03,14,17,6,臺中市,北區,0,0,0,7,,,50,,,,,,,,,,,,,,13,,,,,B03,,,1,,1,,,7,7,1,13,4,120.677448,24.15905,3
5443,66000,387130000C,(04)23274275,(04)23288582,2025,03,14,17,7,臺中市,清水區,0,0,0,7,,,70,,,,,,,,,,,,,,,,,,,B03,,,6,,11,,,7,7,1,12,4,120.568146,24.271531,3
5444,66000,387130000C,(04)23274275,(04)23288582,2025,03,14,17,7,臺中市,神岡區,0,0,0,7,,,50,,,,,,,,,,,,,,12,,,,,B03,,,1,,2,,,7,7,1,13,4,120.674163,24.252519,3
5445,66000,387130000C,(04)23274275,(04)23288582,2025,03,14,17,8,臺中市,西屯區,0,0,0,7,,,50,,,,,,,,,,,,,,13,,,,,B03,,,1,,1,,,7,7,1,13,4,120.638328,24.175584,3
5446,66000,387130000C,(04)23274275,(04)23288582,2025,03,14,17,8,臺中市,龍井區,0,1,0,7,3,6,50,13,8,1,5,4,6,6,4,4,1,4,4,2,6,3,10,1,1,F03,7,9,7,21,2,11,,6,6,1,6,4,120.54991,24.208696,2
5447,66000,387130000C,(04)23274275,(04)23288582,2025,03,14,17,10,臺中市,北區,0,0,0,7,,,50,,,,,,,,,,,,,,,,,,,B03,,,1,,1,,,84,84,1,12,4,120.670556,24.164305,3
5448,66000,387130000C,(04)23274275,(04)23288582,2025,03,14,17,14,臺中市,潭子區,0,1,0,6,3,6,50,13,9,1,5,4,6,6,4,4,9,5,5,2,17,3,10,3,1,B03,7,9,1,8,2,2,,84,84,1,13,4,120.701388,24.216823,2
5449,66000,387130000C,(04)23274275,(04)23288582,2025,03,14,17,15,臺中市,龍井區,0,0,0,7,,,50,,,,,,,,,,,,,,,,,,,A12,,,1,,1,,,84,84,1,6,4,120.581213,24.185016,3
5450,66000,387130000C,(04)23274275,(04)23288582,2025,03,14,17,15,臺中市,沙鹿區,0,0,0,6,,,60,,,,,,,,,,,,,,13,,,,,B03,,,1,,1,,,59,59,1,12,4,120.569061,24.238739,3
5451,66000,387130000C,(04)23274275,(04)23288582,2025,03,14,17,16,臺中市,太平區,0,1,0,7,3,6,50,3,1,1,5,4,6,6,2,1,10,5,5,2,16,3,10,3,1,B03,7,6,1,8,2,6,,11,11,1,12,4,120.70938,24.159294,2
5452,66000,387130000C,(04)23274275,(04)23288582,2025,03,14,17,17,臺中市,龍井區,0,0,0,7,,,50,,,,,,,,,,,,,,,,,,,B12,,,1,,2,,,7,7,1,12,4,120.52311,24.197105,3
5453,66000,387130000C,(04)23274275,(04)23288582,2025,03,14,17,17,臺中市,豐原區,0,0,0,7,,,50,,,,,,,,,,,,,,17,,,,,B03,,,1,,2,,,50,50,1,12,4,120.710576,24.248752,3
5454,66000,387130000C,(04)23274275,(04)23288582,2025,03,14,17,18,臺中市,北屯區,0,0,0,7,,,50,,,,,,,,,,,,,,16,,,,,C03,,,1,,2,,,26,26,1,13,4,120.676137,24.200715,3
5455,66000,387130000C,(04)23274275,(04)23288582,2025,03,14,17,21,臺中市,烏日區,0,0,0,7,,,40,,,,,,,,,,,,,,16,,,,,B03,,,1,,1,,,26,26,1,13,4,120.612704,24.102913,3
5456,66000,387130000C,(04)23274275,(04)23288582,2025,03,14,17,25,臺中市,西屯區,0,1,0,7,2,6,50,3,1,1,5,4,6,6,4,4,10,5,5,2,16,3,10,5,4,B03,7,5,1,8,2,2,,14,14,1,13,4,120.626503,24.177643,2
5457,66000,387130000C,(04)23274275,(04)23288582,2025,03,14,17,26,臺中市,龍井區,0,1,0,7,3,6,50,3,9,1,5,4,6,6,1,1,1,4,5,1,13,2,8,2,1,C03,7,15,1,8,2,11,,7,7,1,12,4,120.547693,24.201335,2
5458,66000,387130000C,(04)23274275,(04)23288582,2025,03,14,17,28,臺中市,沙鹿區,0,0,0,7,,,40,,,,,,,,,,,,,,13,,,,,B03,,,1,,2,,,84,84,1,6,4,120.570714,24.240975,3
5459,66000,387130000C,(04)23274275,(04)23288582,2025,03,14,17,29,臺中市,北屯區,0,1,0,7,1,6,50,13,7,1,5,4,6,6,4,4,5,5,4,2,17,2,9,5,4,C03,7,9,1,10,2,11,,7,7,1,13,4,120.683283,24.171806,2
5460,66000,387130000C,(04)23274275,(04)23288582,2025,03,14,17,30,臺中市,大里區,0,0,0,7,,,50,,,,,,,,,,,,,,16,,,,,A41,,,1,,1,,,87,87,1,6,4,120.686316,24.092995,3
5461,66000,387130000C,(04)23274275,(04)23288582,2025,03,14,17,30,臺中市,龍井區,0,0,0,7,,,50,,,,,,,,,,,,,,,,,,,B03,,,1,,2,,,59,59,1,12,4,120.530184,24.189359,3
5462,66000,387130000C,(04)23274275,(04)23288582,2025,03,14,17,30,臺中市,龍井區,0,1,0,7,3,6,40,4,1,1,5,4,6,6,1,1,1,4,4,2,17,3,10,2,1,C03,7,9,1,10,2,11,,85,85,1,6,4,120.542074,24.218909,2
5463,66000,387130000C,(04)23274275,(04)23288582,2025,03,14,17,30,臺中市,豐原區,0,0,0,7,,,50,,,,,,,,,,,,,,13,,,,,A11,,,1,,2,,,7,7,1,6,4,120.747023,24.269527,3
5464,66000,387130000C,(04)23274275,(04)23288582,2025,03,14,17,33,臺中市,南屯區,0,0,0,7,,,50,,,,,,,,,,,,,,,,,,,B01,,,1,,2,,,84,,1,13,4,120.637878,24.142281,3
5465,66000,387130000C,(04)23274275,(04)23288582,2025,03,14,17,33,臺中市,龍井區,0,1,0,7,3,6,40,11,9,1,5,4,6,6,4,4,5,4,5,1,12,2,9,2,1,C03,7,15,1,10,2,14,,8,8,1,12,4,120.554391,24.1881,2
5466,66000,387130000C,(04)23274275,(04)23288582,2025,03,14,17,35,臺中市,西屯區,0,2,0,7,2,6,50,4,1,1,5,4,6,6,4,4,5,4,5,2,16,2,9,5,4,C03,7,6,1,10,2,11,,14,14,1,12,4,120.627807,24.159398,2
5467,66000,387130000C,(04)23274275,(04)23288582,2025,03,14,17,35,臺中市,大里區,0,2,0,7,2,6,50,4,9,1,5,4,6,6,1,1,5,2,5,1,13,2,9,1,1,C03,7,9,3,19,2,11,,84,84,1,12,4,120.689418,24.118393,2
5468,66000,387130000C,(04)23274275,(04)23288582,2025,03,14,17,35,臺中市,沙鹿區,0,1,0,7,2,6,60,3,8,1,5,4,6,6,4,4,3,4,4,1,16,3,10,3,1,B03,7,11,3,19,2,5,,45,45,1,12,4,120.609702,24.245928,2
5469,66000,387130000C,(04)23274275,(04)23288582,2025,03,14,17,36,臺中市,北屯區,0,0,0,7,,,50,,,,,,,,,,,,,,9,,,,,B03,,,1,,1,,,51,51,1,6,4,120.685493,24.16909,3
5470,66000,387130000C,(04)23274275,(04)23288582,2025,03,14,17,37,臺中市,北屯區,0,1,0,7,1,6,50,4,1,1,5,4,6,6,2,1,10,5,5,2,16,3,10,3,1,B03,7,6,1,8,2,2,,11,11,1,6,4,120.718838,24.172649,2
5471,66000,387130000C,(04)23274275,(04)23288582,2025,03,14,17,39,臺中市,南屯區,0,0,0,7,,,50,,,,,,,,,,,,,,,,,,,B03,,,1,,1,,,84,84,1,12,4,120.640601,24.147819,3
5472,66000,387130000C,(04)23274275,(04)23288582,2025,03,14,17,39,臺中市,神岡區,0,0,0,7,,,30,,,,,,,,,,,,,,16,,,,,A12,,,1,,2,,,84,84,1,13,4,120.689322,24.257744,3
5473,66000,387130000C,(04)23274275,(04)23288582,2025,03,14,17,41,臺中市,大雅區,0,1,0,7,1,6,30,11,9,1,5,4,6,6,4,4,10,5,5,2,17,2,9,1,1,C03,7,9,1,10,2,11,,17,17,1,13,4,120.620458,24.234463,2
5474,66000,387130000C,(04)23274275,(04)23288582,2025,03,14,17,46,臺中市,西屯區,0,0,0,7,,,30,,,,,,,,,,,,,,14,,,,,B03,,,1,,1,,,49,49,1,12,4,120.647795,24.182852,3
5475,66000,387130000C,(04)23274275,(04)23288582,2025,03,14,17,48,臺中市,南屯區,0,0,0,7,,,30,,,,,,,,,,,,,,12,,,,,B03,,,1,,1,,,51,51,1,12,4,120.63073,24.154942,3
5476,66000,387130000C,(04)23274275,(04)23288582,2025,03,14,17,49,臺中市,北區,0,0,0,7,,,50,,,,,,,,,,,,,,17,,,,,A04,,,1,,2,,,85,85,1,13,4,120.686775,24.154916,3
5477,66000,387130000C,(04)23274275,(04)23288582,2025,03,14,17,49,臺中市,南屯區,0,0,0,7,,,40,,,,,,,,,,,,,,,,,,,B03,,,1,,9,,,84,84,1,13,4,120.614548,24.148146,3
5478,66000,387130000C,(04)23274275,(04)23288582,2025,03,14,17,50,臺中市,北區,0,1,0,7,1,6,40,13,8,1,5,4,6,6,4,4,1,4,4,2,13,2,9,1,1,C03,7,9,1,10,2,11,12,7,7,1,13,4,120.673055,24.168207,2
5479,66000,387130000C,(04)23274275,(04)23288582,2025,03,14,17,50,臺中市,南屯區,0,0,0,7,,,50,,,,,,,,,,,,,,13,,,,,B03,,,1,,1,,,7,7,1,12,4,120.641575,24.134848,3
5480,66000,387130000C,(04)23274275,(04)23288582,2025,03,14,17,50,臺中市,神岡區,0,0,0,7,,,50,,,,,,,,,,,,,,12,,,,,C03,,,1,,2,,,40,40,1,13,4,120.69745,24.249552,3