﻿序號,縣市別代碼,機關代碼,市話,傳真,年,月,日,時,分,縣市,區,死亡數量,受傷數量,2-30,天候,道路照明設備,道路類別,道路速限,道路型態,事故位置,路面鋪裝,路面狀態,路面缺陷,障礙物,視距,號誌種類,號誌動作,分向設施,快車道或一般車道間,快慢車道間,路面邊線,事故類型及型態,受傷程度,主要傷處,保護裝備,行動電話或功能裝置,當事者區分_類別,車輛用途,當事者行動狀態,駕照狀態,駕照種類,飲酒情形,車輛撞擊部位最初,車輛撞擊部位其他,肇事因素個別,肇事因素主要,肇事逃逸,職業,共享經濟或外送平台,GPS座標X,GPS座標Y,事故類別
5481,66000,387130000C,(04)23274275,(04)23288582,2025,03,14,17,51,臺中市,南區,0,1,0,7,2,6,50,13,9,1,5,4,6,6,4,4,5,4,5,2,13,3,10,3,1,B03,7,9,1,8,2,1,,84,84,1,12,4,120.652498,24.122127,2
5482,66000,387130000C,(04)23274275,(04)23288582,2025,03,14,17,53,臺中市,北屯區,0,1,0,7,2,6,40,4,1,1,5,4,6,6,4,4,10,5,5,2,3,3,10,6,5,H04,8,16,7,21,2,17,,109,109,1,12,5,120.672396,24.175728,2
5483,66000,387130000C,(04)23274275,(04)23288582,2025,03,14,17,55,臺中市,南屯區,0,2,0,7,1,6,50,4,1,1,5,4,6,6,1,1,10,5,5,2,17,2,7,2,1,C03,7,6,1,10,2,11,,11,11,1,12,4,120.643962,24.132079,2
5484,66000,387130000C,(04)23274275,(04)23288582,2025,03,14,17,55,臺中市,南屯區,0,1,0,7,2,6,50,4,1,1,5,4,6,6,1,1,9,4,4,2,15,2,9,1,1,C03,7,9,1,10,2,12,,21,21,1,12,4,120.645071,24.132065,2
5485,66000,387130000C,(04)23274275,(04)23288582,2025,03,14,17,57,臺中市,北區,0,1,0,7,3,6,50,4,1,1,5,4,6,6,4,4,5,4,5,2,17,3,10,3,1,B02,7,9,1,8,2,2,,13,13,1,12,4,120.693549,24.155636,2
5486,66000,387130000C,(04)23274275,(04)23288582,2025,03,14,17,58,臺中市,西屯區,0,1,0,7,1,6,30,4,1,1,5,4,6,6,4,4,10,5,5,2,15,2,9,2,1,C03,7,9,1,10,2,11,,12,12,1,12,4,120.644274,24.180545,2
5487,66000,387130000C,(04)23274275,(04)23288582,2025,03,14,17,58,臺中市,大里區,0,0,0,7,,,40,,,,,,,,,,,,,,,,,,,B03,,,1,,2,,,8,8,1,12,4,120.690178,24.09763,3
5488,66000,387130000C,(04)23274275,(04)23288582,2025,03,14,17,59,臺中市,潭子區,0,0,0,7,,,50,,,,,,,,,,,,,,,,,,,C03,,,1,,2,,,84,84,1,13,4,120.703623,24.201164,3
5489,66000,387130000C,(04)23274275,(04)23288582,2025,03,14,18,0,臺中市,清水區,0,0,0,7,2,6,50,13,9,1,5,4,6,6,4,4,8,3,5,1,13,,,,,C03,,,1,,1,,,7,7,1,12,4,120.575183,24.27929,3
5490,66000,387130000C,(04)23274275,(04)23288582,2025,03,14,18,1,臺中市,北區,0,0,0,7,,,50,,,,,,,,,,,,,,12,,,,,C03,,,1,,1,,,48,48,1,13,4,120.693893,24.161126,3
5491,66000,387130000C,(04)23274275,(04)23288582,2025,03,14,18,2,臺中市,西區,0,2,0,7,1,6,50,4,1,1,5,4,6,6,1,1,10,5,5,2,17,2,9,1,1,C03,7,9,5,10,2,11,,4,4,1,13,4,120.65512,24.1488,2
5492,66000,387130000C,(04)23274275,(04)23288582,2025,03,14,18,4,臺中市,北屯區,0,1,0,7,2,6,50,4,1,1,5,4,6,6,2,1,5,4,5,2,12,2,9,2,1,C03,7,9,1,10,2,14,,84,84,1,12,4,120.718615,24.17143,2
5493,66000,387130000C,(04)23274275,(04)23288582,2025,03,14,18,4,臺中市,霧峰區,0,0,0,7,,6,80,,,,,,,,,,,,,,17,,,,,B03,,,1,8,1,,,84,84,1,13,4,120.682797,24.077937,3
5494,66000,387130000C,(04)23274275,(04)23288582,2025,03,14,18,5,臺中市,北屯區,0,1,0,7,1,6,50,13,9,1,5,4,6,6,4,4,5,5,5,2,16,2,9,1,1,C03,7,4,1,10,2,14,,84,84,1,6,4,120.68606,24.174493,2
5495,66000,387130000C,(04)23274275,(04)23288582,2025,03,14,18,5,臺中市,大里區,0,0,0,7,,,30,,,,,,,,,,,,,,14,,,,,B03,,,1,,2,,,49,49,1,12,4,120.685109,24.098186,3
5496,66000,387130000C,(04)23274275,(04)23288582,2025,03,14,18,5,臺中市,烏日區,0,0,0,7,,,30,,,,,,,,,,,,,,17,,,,,B03,,,1,,2,,,8,8,1,6,4,120.637826,24.111844,3
5497,66000,387130000C,(04)23274275,(04)23288582,2025,03,14,18,6,臺中市,太平區,0,0,0,7,1,6,50,,,,,,,,,,,,,,,,,,,B03,,,1,,2,8,,4,4,1,12,4,120.722931,24.104267,3
5498,66000,387130000C,(04)23274275,(04)23288582,2025,03,14,18,7,臺中市,南區,0,2,0,7,1,6,50,3,1,1,5,4,6,6,4,4,9,4,5,2,16,3,10,3,1,B03,7,6,1,8,2,4,,13,13,1,12,4,120.659399,24.116786,2
5499,66000,387130000C,(04)23274275,(04)23288582,2025,03,14,18,7,臺中市,南區,0,0,0,7,,,40,,,,,,,,,,,,,,12,,,,,B03,,,1,,2,,,50,50,1,12,4,120.65053,24.119512,3
5500,66000,387130000C,(04)23274275,(04)23288582,2025,03,14,18,10,臺中市,豐原區,0,0,0,7,1,6,50,13,8,1,5,4,6,6,4,4,5,5,4,2,12,3,10,3,1,B03,7,7,1,8,2,2,,8,8,1,12,4,120.708574,24.245976,3
5501,66000,387130000C,(04)23274275,(04)23288582,2025,03,14,18,13,臺中市,北屯區,0,0,0,7,,,50,,,,,,,,,,,,,,13,,,,,C03,,,1,,2,,,58,58,1,13,4,120.694758,24.166389,3
5502,66000,387130000C,(04)23274275,(04)23288582,2025,03,14,18,20,臺中市,沙鹿區,0,0,0,7,,,50,,,,,,,,,,,,,,,,,,,B03,,,1,,1,,,40,40,1,13,4,120.570761,24.214179,3
5503,66000,387130000C,(04)23274275,(04)23288582,2025,03,14,18,22,臺中市,南屯區,0,2,0,7,2,6,50,13,9,1,5,4,6,6,4,4,9,4,5,2,12,2,9,1,1,C03,7,9,1,10,2,11,,42,42,1,12,4,120.620761,24.145181,2
5504,66000,387130000C,(04)23274275,(04)23288582,2025,03,14,18,23,臺中市,南區,0,1,0,7,1,6,50,3,1,1,5,4,6,6,4,4,10,5,5,2,17,3,10,5,4,B03,7,8,1,8,2,8,,40,40,1,12,4,120.666845,24.121912,2
5505,66000,387130000C,(04)23274275,(04)23288582,2025,03,14,18,23,臺中市,東區,0,1,0,7,2,6,50,13,9,1,5,4,6,6,4,4,5,4,5,2,13,2,9,2,1,C03,7,9,1,10,2,11,,7,7,1,13,4,120.701199,24.132119,2
5506,66000,387130000C,(04)23274275,(04)23288582,2025,03,14,18,24,臺中市,西屯區,0,1,0,7,1,6,30,4,1,1,5,4,6,6,4,4,10,5,5,2,15,3,10,5,1,C03,7,9,3,19,2,12,,15,15,1,12,4,120.645564,24.176805,2
5507,66000,387130000C,(04)23274275,(04)23288582,2025,03,14,18,24,臺中市,大里區,0,0,0,7,,,80,,,,,,,,,,,,,,13,,,,,B12,,,1,,2,,,7,7,1,12,4,120.700962,24.120397,3
5508,66000,387130000C,(04)23274275,(04)23288582,2025,03,14,18,24,臺中市,太平區,0,0,0,7,,,50,,,,,,,,,,,,,,17,,,,,B01,,,2,,2,,,84,84,1,12,4,120.716021,24.119256,3
5509,66000,387130000C,(04)23274275,(04)23288582,2025,03,14,18,25,臺中市,沙鹿區,0,1,0,7,3,6,50,12,9,1,5,4,6,6,4,4,8,4,5,2,13,2,8,2,1,C03,7,9,1,10,2,11,,7,7,1,12,4,120.581272,24.219188,2
5510,66000,387130000C,(04)23274275,(04)23288582,2025,03,14,18,26,臺中市,西屯區,0,0,0,7,,,40,,,,,,,,,,,,,,23,,,,,B03,,,1,,2,,,8,8,1,12,4,120.618981,24.181191,3
5511,66000,387130000C,(04)23274275,(04)23288582,2025,03,14,18,27,臺中市,霧峰區,0,0,0,7,,,50,,,,,,,,,,,,,,13,,,,,B03,,,1,,2,,,58,58,1,12,4,120.697855,24.056937,3
5512,66000,387130000C,(04)23274275,(04)23288582,2025,03,14,18,28,臺中市,大肚區,0,1,0,7,1,6,40,13,8,1,5,4,6,6,4,4,1,3,4,1,16,3,10,3,1,B12,7,7,1,8,2,5,,40,40,1,6,4,120.56604,24.122795,2
5513,66000,387130000C,(04)23274275,(04)23288582,2025,03,14,18,29,臺中市,東區,0,0,0,7,,,50,,,,,,,,,,,,,,16,,,,,B03,,,1,,2,,,11,11,1,12,4,120.700116,24.140067,3
5514,66000,387130000C,(04)23274275,(04)23288582,2025,03,14,18,30,臺中市,大里區,0,1,0,7,1,6,60,5,2,1,5,4,6,6,2,1,1,4,4,1,18,2,9,1,1,C03,7,9,4,10,9,12,,84,84,1,13,4,120.675271,24.103205,2
5515,66000,387130000C,(04)23274275,(04)23288582,2025,03,14,18,32,臺中市,西區,0,1,0,7,2,6,50,4,4,1,5,4,6,6,2,1,5,5,5,2,17,2,8,2,1,C03,7,15,1,10,9,14,,84,84,1,12,4,120.682,24.135963,2
5516,66000,387130000C,(04)23274275,(04)23288582,2025,03,14,18,34,臺中市,北屯區,0,0,0,7,,,30,,,,,,,,,,,,,,12,,,,,B03,,,1,,1,,,59,59,1,6,4,120.697293,24.161948,3
5517,66000,387130000C,(04)23274275,(04)23288582,2025,03,14,18,34,臺中市,大里區,0,4,0,6,1,6,50,3,1,1,5,4,6,6,1,1,10,5,5,2,3,2,7,6,5,H01,8,16,7,21,10,17,,98,98,1,13,5,120.697953,24.089996,2
5518,66000,387130000C,(04)23274275,(04)23288582,2025,03,14,18,37,臺中市,龍井區,0,0,0,7,,,60,,,,,,,,,,,,,,,,,,,B03,,,1,,2,,,7,7,1,6,4,120.5898,24.184229,3
5519,66000,387130000C,(04)23274275,(04)23288582,2025,03,14,18,37,臺中市,東勢區,0,0,0,7,,,50,,,,,,,,,,,,,,17,,,,,B03,,,1,,11,,,84,84,1,12,4,120.825269,24.260271,3
5520,66000,387130000C,(04)23274275,(04)23288582,2025,03,14,18,40,臺中市,大雅區,0,0,0,7,,,30,,,,,,,,,,,,,,,,,,,B03,,,1,,2,,,84,84,1,13,4,120.654166,24.24495,3
5521,66000,387130000C,(04)23274275,(04)23288582,2025,03,14,18,42,臺中市,東區,0,2,0,7,1,6,50,4,1,1,5,4,6,6,1,1,10,5,5,2,17,2,8,5,4,C03,7,6,1,10,2,11,,84,84,1,12,4,120.697296,24.147958,2
5522,66000,387130000C,(04)23274275,(04)23288582,2025,03,14,18,45,臺中市,沙鹿區,0,1,0,7,1,6,30,11,9,1,5,4,6,6,4,4,10,5,5,1,18,2,9,2,1,C03,7,15,1,9,2,14,,87,87,1,6,4,120.591281,24.218901,2
5523,66000,387130000C,(04)23274275,(04)23288582,2025,03,14,18,46,臺中市,太平區,0,1,0,7,1,6,50,4,7,1,5,4,6,6,1,1,5,2,4,2,12,2,9,1,1,C03,7,9,1,8,2,11,12,84,84,1,12,4,120.701173,24.147863,2
5524,66000,387130000C,(04)23274275,(04)23288582,2025,03,14,18,48,臺中市,南區,0,0,0,7,,,50,,,,,,,,,,,,,,12,,,,,B03,,,1,,2,,,8,8,1,13,4,120.670168,24.113997,3
5525,66000,387130000C,(04)23274275,(04)23288582,2025,03,14,18,48,臺中市,北屯區,0,0,0,7,,,50,,,,,,,,,,,,,,12,,,,,B03,,,1,,1,,,8,8,1,6,4,120.686102,24.180218,3
5526,66000,387130000C,(04)23274275,(04)23288582,2025,03,14,18,49,臺中市,北屯區,0,0,0,7,,,50,,,,,,,,,,,,,,12,,,,,B03,,,1,,2,,,40,40,1,12,4,120.666764,24.180246,3
5527,66000,387130000C,(04)23274275,(04)23288582,2025,03,14,18,51,臺中市,南屯區,0,0,0,7,,,50,,,,,,,,,,,,,,,,,,,B03,,,1,,1,,,84,84,1,13,4,120.65459,24.134915,3
5528,66000,387130000C,(04)23274275,(04)23288582,2025,03,14,18,51,臺中市,外埔區,0,0,0,7,2,6,30,13,9,1,5,4,6,6,4,4,10,5,5,1,28,3,10,3,1,B03,7,9,1,8,2,1,,87,87,1,6,4,120.685442,24.350009,3
5529,66000,387130000C,(04)23274275,(04)23288582,2025,03,14,18,52,臺中市,烏日區,0,0,0,7,,,50,,,,,,,,,,,,,,,,,,,B03,,,1,,1,,,78,78,1,13,4,120.621349,24.106343,3
5530,66000,387130000C,(04)23274275,(04)23288582,2025,03,14,18,53,臺中市,北屯區,0,1,0,7,1,6,50,13,8,1,5,4,6,6,4,4,1,4,4,2,16,3,10,3,1,B03,7,5,1,8,2,2,,20,20,1,13,4,120.663307,24.186538,2
5531,66000,387130000C,(04)23274275,(04)23288582,2025,03,14,18,57,臺中市,西區,0,0,0,6,,,50,,,,,,,,,,,,,,,,,,,B03,,,1,,1,,,11,11,1,12,4,120.657267,24.149861,3
5532,66000,387130000C,(04)23274275,(04)23288582,2025,03,14,18,57,臺中市,北區,0,0,0,7,,,50,,,,,,,,,,,,,,13,,,,,B03,,,1,,1,,,59,59,1,13,4,120.68524,24.164738,3
5533,66000,387130000C,(04)23274275,(04)23288582,2025,03,14,18,58,臺中市,后里區,0,1,0,7,1,6,30,4,1,1,5,4,6,6,4,4,10,5,5,2,15,3,10,3,1,B03,7,9,1,8,2,5,,15,15,1,12,4,120.726085,24.305598,2
5534,66000,387130000C,(04)23274275,(04)23288582,2025,03,14,19,2,臺中市,東區,0,0,0,7,,,40,,,,,,,,,,,,,,12,,,,,B03,,,1,,1,,,84,84,1,12,4,120.698747,24.144833,3
5535,66000,387130000C,(04)23274275,(04)23288582,2025,03,14,19,3,臺中市,中區,0,2,0,7,1,6,50,4,1,1,5,4,6,6,4,4,10,5,5,2,17,2,9,1,1,F02,7,9,7,21,2,12,,12,12,1,12,4,120.675595,24.143934,2
5536,66000,387130000C,(04)23274275,(04)23288582,2025,03,14,19,4,臺中市,西屯區,0,2,0,7,1,6,50,5,1,1,5,4,6,6,4,4,5,4,4,2,16,2,8,2,1,C03,7,6,1,10,2,11,,14,14,1,12,4,120.589674,24.172589,2
5537,66000,387130000C,(04)23274275,(04)23288582,2025,03,14,19,5,臺中市,大雅區,0,0,0,7,,,30,,,,,,,,,,,,,,,,,,,B03,,,1,,2,,,84,84,1,13,4,120.671467,24.244186,3
5538,66000,387130000C,(04)23274275,(04)23288582,2025,03,14,19,6,臺中市,東區,0,0,0,7,,,50,,,,,,,,,,,,,,,,,,,C03,,,1,,1,,,7,7,1,12,4,120.691062,24.142783,3
5539,66000,387130000C,(04)23274275,(04)23288582,2025,03,14,19,7,臺中市,西屯區,0,1,0,7,1,6,50,3,1,1,5,4,6,6,1,1,5,4,4,2,17,3,10,3,1,B03,7,11,1,8,2,2,,11,11,1,12,4,120.666701,24.17115,2
5540,66000,387130000C,(04)23274275,(04)23288582,2025,03,14,19,9,臺中市,潭子區,0,0,0,7,,,40,,,,,,,,,,,,,,,,,,,B03,,,1,,2,,,14,14,1,13,4,120.706683,24.20607,3
5541,66000,387130000C,(04)23274275,(04)23288582,2025,03,14,19,10,臺中市,東區,0,0,0,7,,,40,,,,,,,,,,,,,,13,,,,,C03,,,1,,1,,,85,85,1,12,4,120.700084,24.140159,3
5542,66000,387130000C,(04)23274275,(04)23288582,2025,03,14,19,11,臺中市,南屯區,0,0,0,7,,,50,,,,,,,,,,,,,,11,,,,,B03,,,1,,2,,,50,50,1,12,4,120.609936,24.139664,3
5543,66000,387130000C,(04)23274275,(04)23288582,2025,03,14,19,11,臺中市,北屯區,0,0,0,7,,,80,,,,,,,,,,,,,,13,,,,,B12,,,1,,2,,,7,7,1,12,4,120.695827,24.200925,3
5544,66000,387130000C,(04)23274275,(04)23288582,2025,03,14,19,15,臺中市,大雅區,0,1,0,7,1,6,50,4,2,1,5,4,6,6,3,1,5,5,5,1,17,3,10,3,1,B03,7,6,1,8,2,4,,84,84,1,13,4,120.65174,24.246062,2
5545,66000,387130000C,(04)23274275,(04)23288582,2025,03,14,19,16,臺中市,北屯區,0,3,0,7,1,6,50,4,1,1,5,4,6,6,4,4,10,5,5,2,16,2,9,2,1,C03,7,6,1,10,2,14,,14,14,1,6,4,120.703919,24.181299,2
5546,66000,387130000C,(04)23274275,(04)23288582,2025,03,14,19,16,臺中市,清水區,0,1,0,7,1,6,50,5,1,1,5,4,6,6,1,1,9,4,4,2,16,3,10,5,4,B03,7,6,6,20,11,5,,20,20,1,12,4,120.575202,24.278148,2
5547,66000,387130000C,(04)23274275,(04)23288582,2025,03,14,19,17,臺中市,西屯區,0,1,0,7,1,6,40,13,9,1,5,4,6,6,4,4,9,5,4,2,17,3,10,5,1,B03,7,11,1,8,2,16,,45,45,1,12,4,120.613402,24.192054,2
5548,66000,387130000C,(04)23274275,(04)23288582,2025,03,14,19,19,臺中市,豐原區,0,0,0,7,1,6,50,13,7,1,5,4,6,6,4,4,5,4,5,1,12,3,10,3,1,B03,7,8,1,8,2,4,,34,34,1,12,4,120.720914,24.239897,3
5549,66000,387130000C,(04)23274275,(04)23288582,2025,03,14,19,20,臺中市,北屯區,0,0,0,7,,,40,,,,,,,,,,,,,,14,,,,,B03,,,1,,9,,,49,49,1,13,4,120.694504,24.173498,3
5550,66000,387130000C,(04)23274275,(04)23288582,2025,03,14,19,22,臺中市,北區,0,1,0,7,1,6,50,4,2,1,5,4,6,6,4,4,10,5,5,2,12,2,9,2,1,C03,7,9,1,10,2,12,,7,7,1,13,4,120.669031,24.160377,2
5551,66000,387130000C,(04)23274275,(04)23288582,2025,03,14,19,25,臺中市,西區,0,2,0,7,1,6,50,13,9,1,5,4,6,6,4,4,5,4,5,2,13,2,9,1,1,C03,7,9,1,10,2,11,,7,7,1,13,4,120.661489,24.146087,2
5552,66000,387130000C,(04)23274275,(04)23288582,2025,03,14,19,28,臺中市,太平區,0,3,0,7,1,6,50,4,1,1,5,4,6,6,2,1,10,5,5,2,16,2,9,2,1,C03,7,4,1,10,2,12,,1,1,1,12,4,120.701865,24.153694,2
5553,66000,387130000C,(04)23274275,(04)23288582,2025,03,14,19,31,臺中市,大甲區,0,2,0,7,1,6,50,4,1,1,5,4,6,6,1,1,5,5,5,1,16,2,9,1,1,C03,7,6,1,10,2,12,,11,11,1,12,4,120.622621,24.342387,2
5554,66000,387130000C,(04)23274275,(04)23288582,2025,03,14,19,34,臺中市,西屯區,0,0,0,7,,,30,,,,,,,,,,,,,,17,,,,,B03,,,1,,1,,,8,8,1,12,4,120.642907,24.167752,3
5555,66000,387130000C,(04)23274275,(04)23288582,2025,03,14,19,39,臺中市,中區,0,1,0,7,1,6,50,4,1,1,5,4,6,6,1,1,10,5,5,2,18,2,9,2,1,C03,7,9,1,10,2,12,,87,87,1,12,4,120.676913,24.141917,2
5556,66000,387130000C,(04)23274275,(04)23288582,2025,03,14,19,42,臺中市,霧峰區,0,1,0,7,2,6,50,3,1,1,5,4,6,6,4,4,10,5,5,2,17,3,10,5,4,B03,7,6,1,8,2,4,,84,84,1,13,4,120.700798,24.06657,2
5557,66000,387130000C,(04)23274275,(04)23288582,2025,03,14,19,44,臺中市,北屯區,0,1,0,7,1,6,50,4,1,1,5,4,6,6,1,1,10,5,5,2,16,3,10,3,1,B03,7,5,1,8,2,6,,47,47,1,6,4,120.661474,24.187952,2
5558,66000,387130000C,(04)23274275,(04)23288582,2025,03,14,19,50,臺中市,南屯區,0,2,0,7,1,6,50,13,9,1,5,4,6,6,4,4,9,5,5,2,17,2,9,2,1,C03,7,1,1,10,2,14,,84,84,1,12,4,120.649149,24.148738,2
5559,66000,387130000C,(04)23274275,(04)23288582,2025,03,14,19,53,臺中市,西屯區,0,1,0,7,1,6,40,13,8,1,5,4,6,6,4,4,5,5,4,2,2,2,8,5,4,C03,7,9,1,10,2,12,,59,59,1,13,4,120.635573,24.167464,2
5560,66000,387130000C,(04)23274275,(04)23288582,2025,03,14,19,59,臺中市,南屯區,0,1,0,7,2,6,50,4,1,1,5,4,6,6,1,1,9,4,1,2,12,2,9,1,1,C03,7,11,1,10,2,11,,39,39,1,12,4,120.646541,24.132061,2
5561,66000,387130000C,(04)23274275,(04)23288582,2025,03,14,20,2,臺中市,東區,0,0,0,7,,,50,,,,,,,,,,,,,,,,,,,,,,,,,,,87,87,1,,,120.691689,24.147481,3
5562,66000,387130000C,(04)23274275,(04)23288582,2025,03,14,20,5,臺中市,烏日區,0,0,0,7,,,50,,,,,,,,,,,,,,12,,,,,B03,,,1,,2,,,51,51,1,6,4,120.616367,24.116216,3
5563,66000,387130000C,(04)23274275,(04)23288582,2025,03,14,20,8,臺中市,大里區,0,0,0,7,,,50,,,,,,,,,,,,,,,,,,,B03,,,1,,2,,,84,84,1,12,4,120.700655,24.120951,3
5564,66000,387130000C,(04)23274275,(04)23288582,2025,03,14,20,10,臺中市,北區,0,0,0,7,,,50,,,,,,,,,,,,,,,,,,,B03,,,1,,1,,,7,7,1,12,4,120.694446,24.158399,3
5565,66000,387130000C,(04)23274275,(04)23288582,2025,03,14,20,10,臺中市,東區,0,0,0,7,,,40,,,,,,,,,,,,,,17,,,,,C03,,,1,,2,,,84,84,1,12,4,120.706577,24.136507,3
5566,66000,387130000C,(04)23274275,(04)23288582,2025,03,14,20,11,臺中市,太平區,0,0,0,7,1,6,50,,,,,,,,,,,,,,,,,,,B03,,,1,,2,8,,51,51,1,12,4,120.720774,24.120642,3
5567,66000,387130000C,(04)23274275,(04)23288582,2025,03,14,20,13,臺中市,豐原區,0,0,0,7,,,50,,,,,,,,,,,,,,15,,,,,C03,,,1,,2,,,13,13,1,6,4,120.717844,24.249531,3
5568,66000,387130000C,(04)23274275,(04)23288582,2025,03,14,20,15,臺中市,沙鹿區,0,0,0,6,,,50,,,,,,,,,,,,,,12,,,,,B03,,,1,,2,,,8,8,1,12,4,120.564274,24.248213,3
5569,66000,387130000C,(04)23274275,(04)23288582,2025,03,14,20,20,臺中市,沙鹿區,0,1,0,6,1,6,50,5,1,1,5,4,6,6,1,1,10,5,5,2,17,2,9,2,1,C03,7,9,1,10,2,11,,59,59,1,10,4,120.600346,24.255637,2
5570,66000,387130000C,(04)23274275,(04)23288582,2025,03,14,20,21,臺中市,北屯區,0,0,0,7,,,50,,,,,,,,,,,,,,,,,,,B01,,,1,,1,,,40,40,1,13,4,120.695377,24.164938,3
5571,66000,387130000C,(04)23274275,(04)23288582,2025,03,14,20,22,臺中市,北區,0,0,0,7,,,50,,,,,,,,,,,,,,13,,,,,C03,,,1,,2,,,7,7,1,13,4,120.6852,24.157409,3
5572,66000,387130000C,(04)23274275,(04)23288582,2025,03,14,20,30,臺中市,大雅區,0,0,0,7,,,30,,,,,,,,,,,,,,,,,,,B03,,,1,,9,,,87,87,1,13,4,120.619652,24.224295,3
5573,66000,387130000C,(04)23274275,(04)23288582,2025,03,14,20,30,臺中市,梧棲區,0,2,0,7,1,6,50,5,1,1,5,4,6,6,1,1,10,5,5,2,16,3,10,3,1,B03,7,6,1,8,2,2,,11,11,1,12,4,120.528579,24.222203,2
5574,66000,387130000C,(04)23274275,(04)23288582,2025,03,14,20,32,臺中市,豐原區,0,0,0,7,1,6,50,13,14,1,5,4,6,6,4,4,5,5,5,1,12,3,10,3,1,B03,7,9,1,8,9,2,,84,84,2,12,4,120.726052,24.254723,3
5575,66000,387130000C,(04)23274275,(04)23288582,2025,03,14,20,35,臺中市,太平區,0,0,0,7,,,50,,,,,,,,,,,,,,16,,,,,C03,,,1,,1,,,84,84,1,12,4,120.711858,24.139722,3
5576,66000,387130000C,(04)23274275,(04)23288582,2025,03,14,20,35,臺中市,后里區,0,0,0,7,1,6,50,3,1,1,5,4,6,6,1,1,1,4,4,1,16,3,10,3,1,B03,7,5,1,8,2,5,,11,11,1,12,4,120.721896,24.305028,4
5577,66000,387130000C,(04)23274275,(04)23288582,2025,03,14,20,40,臺中市,太平區,0,1,0,7,1,6,50,5,2,1,5,4,6,6,1,1,9,4,5,2,17,3,10,3,1,B03,7,6,1,8,2,8,,39,39,1,12,4,120.713303,24.143325,2
5578,66000,387130000C,(04)23274275,(04)23288582,2025,03,14,20,40,臺中市,沙鹿區,0,0,0,6,,,50,,,,,,,,,,,,,,17,,,,,B03,,,1,,2,,,84,84,1,12,4,120.552554,24.231664,3
5579,66000,387130000C,(04)23274275,(04)23288582,2025,03,14,20,45,臺中市,大里區,0,1,0,7,1,6,30,3,1,1,5,4,6,6,4,4,10,5,5,1,17,2,8,5,4,C03,7,6,1,10,2,11,,20,20,1,13,4,120.7078,24.091264,2
5580,66000,387130000C,(04)23274275,(04)23288582,2025,03,14,20,45,臺中市,東勢區,0,0,0,7,,,50,,,,,,,,,,,,,,,,,,,B03,,,1,,1,,,49,49,1,13,4,120.838959,24.244358,3
5581,66000,387130000C,(04)23274275,(04)23288582,2025,03,14,20,50,臺中市,北區,0,0,0,7,,,50,,,,,,,,,,,,,,,,,,,B03,,,1,,1,,,49,49,1,12,4,120.665485,24.162993,3
5582,66000,387130000C,(04)23274275,(04)23288582,2025,03,14,20,51,臺中市,太平區,0,1,0,7,1,6,50,3,1,1,5,4,6,6,4,4,10,5,5,2,16,3,10,3,1,B03,7,6,1,8,2,8,,14,14,1,12,4,120.711072,24.151641,2
5583,66000,387130000C,(04)23274275,(04)23288582,2025,03,14,21,0,臺中市,潭子區,0,0,0,7,,,50,,,,,,,,,,,,,,,,,,,B03,,,1,,2,,,49,49,1,13,4,120.710083,24.208462,3
5584,66000,387130000C,(04)23274275,(04)23288582,2025,03,14,21,0,臺中市,北區,0,0,0,7,,,40,,,,,,,,,,,,,,17,,,,,C03,,,1,,1,,,84,84,1,13,4,120.685233,24.147588,3
5585,66000,387130000C,(04)23274275,(04)23288582,2025,03,14,21,0,臺中市,南屯區,0,0,0,7,,,50,,,,,,,,,,,,,,17,,,,,B03,,,1,,2,,,51,51,1,12,4,120.637059,24.137443,3
5586,66000,387130000C,(04)23274275,(04)23288582,2025,03,14,21,0,臺中市,霧峰區,0,1,0,7,1,6,50,3,2,1,5,4,6,6,3,1,5,5,5,1,11,3,10,1,1,C03,7,6,1,10,2,12,,11,11,1,12,4,120.701843,24.06811,2
5587,66000,387130000C,(04)23274275,(04)23288582,2025,03,14,21,0,臺中市,烏日區,0,0,0,7,,,50,,,,,,,,,,,,,,,,,,,B03,,,1,,2,,,49,49,1,6,4,120.634247,24.107233,3
5588,66000,387130000C,(04)23274275,(04)23288582,2025,03,14,21,11,臺中市,梧棲區,0,0,0,7,,,50,,,,,,,,,,,,,,12,,,,,B03,,,1,,1,,,50,50,1,13,4,120.55394,24.254992,3
5589,66000,387130000C,(04)23274275,(04)23288582,2025,03,14,21,15,臺中市,北屯區,0,2,0,7,2,6,50,4,2,1,5,4,6,6,2,1,10,5,5,2,13,2,9,2,1,C03,7,9,1,10,2,11,,85,85,1,6,4,120.664063,24.185579,2
5590,66000,387130000C,(04)23274275,(04)23288582,2025,03,14,21,25,臺中市,豐原區,0,3,0,7,1,6,50,5,1,1,5,4,6,6,1,1,10,5,5,2,16,2,9,1,1,C03,7,6,1,10,2,14,,23,23,1,9,4,120.715394,24.248234,2
5591,66000,387130000C,(04)23274275,(04)23288582,2025,03,14,21,45,臺中市,霧峰區,0,1,0,7,1,6,50,13,9,1,5,4,6,6,4,4,9,5,5,1,28,2,9,5,4,C03,7,9,1,10,2,15,,87,87,1,12,4,120.709608,24.074167,2
5592,66000,387130000C,(04)23274275,(04)23288582,2025,03,14,21,51,臺中市,西屯區,0,0,0,7,,,60,,,,,,,,,,,,,,13,,,,,B03,,,1,,2,,,7,7,1,12,4,120.639365,24.169022,3