﻿序號,縣市別代碼,機關代碼,市話,傳真,年,月,日,時,分,縣市,區,死亡數量,受傷數量,2-30,天候,道路照明設備,道路類別,道路速限,道路型態,事故位置,路面鋪裝,路面狀態,路面缺陷,障礙物,視距,號誌種類,號誌動作,分向設施,快車道或一般車道間,快慢車道間,路面邊線,事故類型及型態,受傷程度,主要傷處,保護裝備,行動電話或功能裝置,當事者區分_類別,車輛用途,當事者行動狀態,駕照狀態,駕照種類,飲酒情形,車輛撞擊部位最初,車輛撞擊部位其他,肇事因素個別,肇事因素主要,肇事逃逸,職業,共享經濟或外送平台,GPS座標X,GPS座標Y,事故類別
5593,66000,387130000C,(04)23274275,(04)23288582,2025,03,14,21,54,臺中市,西屯區,0,0,0,7,,,30,,,,,,,,,,,,,,17,,,,,B02,,,1,,2,,,8,8,1,12,4,120.644238,24.176381,3
5594,66000,387130000C,(04)23274275,(04)23288582,2025,03,14,21,56,臺中市,東區,0,2,0,7,1,6,50,4,1,1,5,4,6,6,4,4,9,4,5,2,12,2,9,1,1,C03,7,9,1,10,2,12,,7,7,1,12,4,120.692573,24.143287,2
5595,66000,387130000C,(04)23274275,(04)23288582,2025,03,14,22,0,臺中市,龍井區,0,0,0,6,,,40,,,,,,,,,,,,,,13,,,,,C03,,,1,,1,,,85,85,1,6,4,120.580438,24.194734,4
5596,66000,387130000C,(04)23274275,(04)23288582,2025,03,14,22,3,臺中市,北屯區,0,0,0,7,1,6,30,13,9,1,5,4,6,6,4,4,10,5,5,2,17,3,10,3,1,B03,7,15,3,19,7,2,,53,53,1,6,4,120.699683,24.179531,3
5597,66000,387130000C,(04)23274275,(04)23288582,2025,03,14,22,3,臺中市,豐原區,0,1,0,7,1,6,50,3,2,1,5,4,6,6,4,4,1,4,4,1,13,2,9,1,1,C01,7,9,1,9,2,11,,7,7,1,12,4,120.728248,24.240847,2
5598,66000,387130000C,(04)23274275,(04)23288582,2025,03,14,22,8,臺中市,東區,0,0,0,7,,,50,,,,,,,,,,,,,,13,,,,,B03,,,1,,2,,,58,58,1,12,4,120.704018,24.131303,3
5599,66000,387130000C,(04)23274275,(04)23288582,2025,03,14,22,10,臺中市,西區,0,1,0,7,1,6,25,4,2,1,5,4,6,6,1,1,5,4,5,2,18,2,9,1,1,F02,7,9,7,21,2,14,,84,84,1,12,4,120.654025,24.146759,2
5600,66000,387130000C,(04)23274275,(04)23288582,2025,03,14,22,16,臺中市,北屯區,0,1,0,7,1,6,40,13,8,1,5,4,6,6,4,4,1,4,4,2,18,2,9,1,1,C03,7,9,1,10,2,12,,43,43,1,13,4,120.68514,24.170436,2
5601,66000,387130000C,(04)23274275,(04)23288582,2025,03,14,22,25,臺中市,西屯區,0,0,0,7,,,50,,,,,,,,,,,,,,13,,,,,C03,,,1,,2,,,7,7,1,12,4,120.645175,24.177893,4
5602,66000,387130000C,(04)23274275,(04)23288582,2025,03,14,22,29,臺中市,大雅區,0,0,0,7,,,0,,,,,,,,,,,,,,,,,,,B03,,,5,,2,,,51,51,1,13,4,120.653572,24.224895,3
5603,66000,387130000C,(04)23274275,(04)23288582,2025,03,14,22,36,臺中市,中區,0,2,0,7,1,6,50,4,1,1,5,4,6,6,4,4,10,5,5,2,15,2,9,1,1,C03,7,9,1,10,2,12,,15,15,1,13,4,120.682117,24.142217,2
5604,66000,387130000C,(04)23274275,(04)23288582,2025,03,14,22,40,臺中市,北區,0,1,0,7,2,6,50,13,9,1,5,4,6,6,4,4,2,4,5,2,17,2,9,5,1,C03,7,9,1,10,2,14,,84,84,1,13,4,120.683799,24.148604,2
5605,66000,387130000C,(04)23274275,(04)23288582,2025,03,14,22,46,臺中市,西屯區,0,0,0,7,,,30,,,,,,,,,,,,,,17,,,,,,,,,,,,,119,119,1,,,120.615367,24.183989,3
5606,66000,387130000C,(04)23274275,(04)23288582,2025,03,14,22,48,臺中市,南屯區,0,1,0,7,1,6,50,13,8,1,5,4,6,6,4,4,10,5,5,2,16,3,10,5,4,B03,7,1,1,8,2,1,,51,51,1,6,4,120.614779,24.146122,2
5607,66000,387130000C,(04)23274275,(04)23288582,2025,03,14,22,51,臺中市,南區,0,0,0,7,,,50,,,,,,,,,,,,,,12,,,,,C03,,,1,,1,,,84,84,1,12,4,120.652325,24.112972,3
5608,66000,387130000C,(04)23274275,(04)23288582,2025,03,14,23,15,臺中市,西屯區,0,1,0,7,1,6,50,4,1,1,5,4,6,6,2,1,5,5,4,2,3,3,10,3,1,B03,7,6,1,8,2,1,,10,10,1,12,4,120.615768,24.176256,2
5609,66000,387130000C,(04)23274275,(04)23288582,2025,03,14,23,20,臺中市,大雅區,0,0,0,7,,,30,,,,,,,,,,,,,,,,,,,B03,,,1,,9,,,87,87,1,13,4,120.669193,24.214298,3
5610,66000,387130000C,(04)23274275,(04)23288582,2025,03,14,23,25,臺中市,烏日區,0,0,0,7,,,30,,,,,,,,,,,,,,9,,,,,B03,,,1,,1,,,8,8,1,6,4,120.64085,24.075583,3
5611,66000,387130000C,(04)23274275,(04)23288582,2025,03,14,23,35,臺中市,西屯區,0,0,0,7,,,40,,,,,,,,,,,,,,13,,,,,B03,,,1,,1,,,59,59,1,12,4,120.61988,24.180238,3
5612,66000,387130000C,(04)23274275,(04)23288582,2025,03,14,23,42,臺中市,東區,0,2,0,7,1,6,50,5,1,1,5,4,6,6,1,1,10,5,5,2,16,3,10,3,1,B02,7,6,3,19,2,8,,11,11,1,6,4,120.692482,24.147894,2
5613,66000,387130000C,(04)23274275,(04)23288582,2025,03,14,23,42,臺中市,大肚區,0,0,0,7,,,,,,,,,,,,,,,,,,,,,,,,,,,,,,119,119,1,,,120.57195,24.120392,3
5614,66000,387130000C,(04)23274275,(04)23288582,2025,03,15,0,25,臺中市,北區,0,1,0,7,2,6,40,4,1,1,5,4,6,6,1,3,5,4,4,2,15,2,9,1,1,C03,7,9,1,10,2,12,,13,13,1,12,4,120.675692,24.159215,2
5615,66000,387130000C,(04)23274275,(04)23288582,2025,03,15,0,56,臺中市,南區,0,1,0,7,1,6,50,4,9,1,5,4,6,6,2,1,5,5,5,2,17,3,10,5,4,B03,7,9,1,8,2,5,,84,84,1,6,4,120.657317,24.127686,2
5616,66000,387130000C,(04)23274275,(04)23288582,2025,03,15,1,0,臺中市,太平區,0,0,0,7,,,50,,,,,,,,,,,,,,,,,,,B03,,,1,,2,,,7,7,1,12,4,120.703615,24.111444,3
5617,66000,387130000C,(04)23274275,(04)23288582,2025,03,15,1,49,臺中市,西區,0,1,0,7,1,6,50,4,1,1,4,4,6,6,1,1,10,5,5,2,3,3,10,5,4,B01,7,6,1,4,2,8,,84,84,1,13,4,120.663182,24.156542,2
5618,66000,387130000C,(04)23274275,(04)23288582,2025,03,15,1,50,臺中市,西屯區,0,1,0,7,1,6,50,13,9,1,4,4,6,6,4,4,5,5,5,2,16,3,10,2,1,C03,7,11,1,9,2,14,,39,39,1,12,2,120.648193,24.172172,2
5619,66000,387130000C,(04)23274275,(04)23288582,2025,03,15,2,55,臺中市,西屯區,0,1,0,7,1,6,50,4,2,1,5,4,6,6,2,1,1,4,1,2,18,2,9,1,1,C03,7,9,1,10,2,12,14,59,59,1,12,4,120.643656,24.1946,2
5620,66000,387130000C,(04)23274275,(04)23288582,2025,03,15,3,12,臺中市,烏日區,0,1,0,7,1,6,40,13,8,1,5,4,6,6,4,4,5,5,4,1,24,2,9,1,1,C03,7,9,1,10,2,11,12,84,84,1,4,4,120.649999,24.093595,2
5621,66000,387130000C,(04)23274275,(04)23288582,2025,03,15,3,17,臺中市,中區,0,0,0,7,,,50,,,,,,,,,,,,,,,,,,,B03,,,1,,1,,,26,26,1,13,4,120.684407,24.142253,3
5622,66000,387130000C,(04)23274275,(04)23288582,2025,03,15,3,23,臺中市,大甲區,0,0,0,7,,,60,,,,,,,,,,,,,,30,,,,,B03,,,1,,1,,,51,51,1,6,4,120.626381,24.358293,3
5623,66000,387130000C,(04)23274275,(04)23288582,2025,03,15,5,21,臺中市,后里區,1,0,0,7,1,6,50,3,2,1,4,4,6,6,4,4,9,5,5,1,3,1,9,6,5,H01,8,16,7,21,10,17,,95,95,1,12,5,120.72707,24.309142,1
5624,66000,387130000C,(04)23274275,(04)23288582,2025,03,15,5,21,臺中市,后里區,0,0,0,7,,,50,,,,,,,,,,,,,,25,,,,,A05,,,1,,2,,,82,82,1,12,4,120.719619,24.30932,3
5625,66000,387130000C,(04)23274275,(04)23288582,2025,03,15,6,4,臺中市,豐原區,0,0,0,7,,,50,,,,,,,,,,,,,,14,,,,,B12,,,1,,2,,,49,49,1,12,4,120.705596,24.252666,3
5626,66000,387130000C,(04)23274275,(04)23288582,2025,03,15,6,38,臺中市,后里區,0,1,0,7,2,6,40,3,1,1,5,4,6,6,1,1,10,5,5,2,16,2,8,2,1,C03,7,9,1,10,2,11,,21,21,1,12,4,120.723488,24.29823,2
5627,66000,387130000C,(04)23274275,(04)23288582,2025,03,15,6,51,臺中市,東勢區,0,0,0,7,,,50,,,,,,,,,,,,,,,,,,,B12,,,1,,1,,,59,59,1,12,4,120.823613,24.26167,3
5628,66000,387130000C,(04)23274275,(04)23288582,2025,03,15,6,52,臺中市,西屯區,0,0,0,7,2,3,80,13,9,2,5,4,6,6,4,4,1,4,5,2,13,,,,,B03,,,1,,2,,,7,7,1,13,4,120.632224,24.169703,3
5629,66000,387130000C,(04)23274275,(04)23288582,2025,03,15,7,3,臺中市,霧峰區,0,1,0,6,2,6,50,3,1,1,5,4,6,6,4,4,10,5,5,2,17,2,9,1,1,C03,7,9,1,10,2,12,,4,4,1,13,4,120.667744,24.062634,2
5630,66000,387130000C,(04)23274275,(04)23288582,2025,03,15,7,4,臺中市,南區,0,1,0,7,1,6,50,4,2,1,5,4,6,6,2,1,10,5,5,2,18,2,9,2,1,C02,7,9,1,9,2,12,,84,84,1,12,4,120.666823,24.117049,2
5631,66000,387130000C,(04)23274275,(04)23288582,2025,03,15,7,9,臺中市,神岡區,0,0,0,7,,,50,,,,,,,,,,,,,,12,,,,,B03,,,1,,2,,,8,8,1,12,4,120.654862,24.279885,3
5632,66000,387130000C,(04)23274275,(04)23288582,2025,03,15,7,37,臺中市,大雅區,0,0,0,7,,,30,,,,,,,,,,,,,,13,,,,,C03,,,1,,2,,,7,7,1,13,4,120.671084,24.222205,3
5633,66000,387130000C,(04)23274275,(04)23288582,2025,03,15,7,39,臺中市,霧峰區,0,1,0,7,2,6,50,13,9,1,5,4,6,6,4,4,5,5,5,1,17,2,9,1,1,C03,7,1,1,10,2,14,,51,51,1,13,4,120.678154,24.064631,2
5634,66000,387130000C,(04)23274275,(04)23288582,2025,03,15,7,46,臺中市,豐原區,0,0,0,7,,,50,,,,,,,,,,,,,,13,,,,,B03,,,1,,2,,,7,7,1,13,4,120.706086,24.250063,3
5635,66000,387130000C,(04)23274275,(04)23288582,2025,03,15,7,50,臺中市,東區,0,0,0,7,1,6,50,13,7,1,5,4,6,6,1,1,1,5,4,2,13,3,10,3,1,B03,7,9,1,8,1,1,,84,84,1,13,4,120.697168,24.14028,3
5636,66000,387130000C,(04)23274275,(04)23288582,2025,03,15,8,5,臺中市,沙鹿區,0,1,0,7,3,6,50,13,9,1,5,4,6,6,4,4,5,5,5,2,12,2,9,2,1,C03,7,6,1,10,2,14,,48,48,1,13,4,120.578733,24.22108,2
5637,66000,387130000C,(04)23274275,(04)23288582,2025,03,15,8,6,臺中市,太平區,0,2,0,7,2,6,50,13,7,1,5,4,6,6,4,4,5,4,4,2,16,2,8,1,1,C03,7,11,1,10,2,13,,45,45,1,13,4,120.717915,24.125688,2
5638,66000,387130000C,(04)23274275,(04)23288582,2025,03,15,8,10,臺中市,北屯區,0,1,0,6,3,6,50,13,7,1,5,4,6,6,1,1,5,5,4,2,16,2,9,2,1,C03,7,11,1,10,2,14,,45,45,1,6,4,120.678917,24.176802,2
5639,66000,387130000C,(04)23274275,(04)23288582,2025,03,15,8,11,臺中市,潭子區,0,0,0,7,,,40,,,,,,,,,,,,,,12,,,,,B12,,,5,,2,,,8,8,1,13,4,120.709104,24.20058,3
5640,66000,387130000C,(04)23274275,(04)23288582,2025,03,15,8,13,臺中市,霧峰區,0,0,0,6,,,50,,,,,,,,,,,,,,18,,,,,A05,,,1,,1,,,84,84,1,13,4,120.700153,24.06422,3
5641,66000,387130000C,(04)23274275,(04)23288582,2025,03,15,8,16,臺中市,大甲區,0,1,0,7,3,6,50,13,8,1,5,4,6,6,4,4,5,5,4,1,18,2,9,2,1,C03,7,14,1,10,2,14,,54,54,1,6,4,120.631108,24.354484,2
5642,66000,387130000C,(04)23274275,(04)23288582,2025,03,15,8,23,臺中市,南區,0,0,0,7,,,50,,,,,,,,,,,,,,17,,,,,A11,,,1,,2,,,49,49,1,12,4,120.662977,24.11965,3
5643,66000,387130000C,(04)23274275,(04)23288582,2025,03,15,8,25,臺中市,清水區,0,1,0,7,2,6,70,4,1,1,5,4,6,6,3,1,8,3,4,1,17,2,9,1,1,C03,7,6,1,10,2,14,,48,48,1,12,4,120.565612,24.266854,2
5644,66000,387130000C,(04)23274275,(04)23288582,2025,03,15,8,28,臺中市,南區,0,1,0,7,3,6,50,3,1,1,5,4,6,6,4,4,10,5,5,2,18,2,9,2,1,C03,7,9,1,10,1,14,,82,82,1,13,4,120.66725,24.128521,2
5645,66000,387130000C,(04)23274275,(04)23288582,2025,03,15,8,33,臺中市,清水區,0,0,0,7,,,60,,,,,,,,,,,,,,,,,,,B03,,,1,,2,,,48,48,1,12,4,120.541682,24.263005,3
5646,66000,387130000C,(04)23274275,(04)23288582,2025,03,15,8,33,臺中市,大甲區,0,1,0,7,2,6,50,3,1,1,5,4,6,6,4,4,10,5,5,1,16,2,9,2,1,C03,7,9,1,10,2,11,,7,7,1,6,4,120.621797,24.354299,2
5647,66000,387130000C,(04)23274275,(04)23288582,2025,03,15,8,34,臺中市,南區,0,1,0,7,2,6,50,4,1,1,5,4,6,6,3,1,10,5,5,2,15,2,9,2,1,C03,7,9,1,10,2,12,,24,24,1,12,4,120.664394,24.118758,2
5648,66000,387130000C,(04)23274275,(04)23288582,2025,03,15,8,35,臺中市,豐原區,0,2,0,7,2,6,50,3,1,1,5,4,6,6,1,1,5,4,5,1,17,3,10,2,1,C03,7,1,1,10,2,11,,51,51,1,12,4,120.721115,24.269562,2
5649,66000,387130000C,(04)23274275,(04)23288582,2025,03,15,8,40,臺中市,太平區,0,0,0,7,,,30,,,,,,,,,,,,,,13,,,,,C03,,,1,,1,,,58,58,1,6,4,120.729408,24.14056,3
5650,66000,387130000C,(04)23274275,(04)23288582,2025,03,15,8,44,臺中市,清水區,0,1,0,7,3,6,50,18,14,1,5,4,6,6,3,1,5,5,5,1,17,3,10,3,1,B03,7,15,1,8,2,5,,20,20,1,12,4,120.562473,24.267961,2
5651,66000,387130000C,(04)23274275,(04)23288582,2025,03,15,8,45,臺中市,龍井區,0,1,0,7,2,6,50,3,1,1,5,4,6,6,4,4,10,5,5,2,16,3,10,2,1,C03,7,9,1,10,2,12,,34,34,1,6,4,120.586696,24.181491,2
5652,66000,387130000C,(04)23274275,(04)23288582,2025,03,15,8,49,臺中市,北屯區,0,0,0,7,,,50,,,,,,,,,,,,,,13,,,,,B03,,,1,,1,,,7,7,1,6,4,120.686582,24.201323,3
5653,66000,387130000C,(04)23274275,(04)23288582,2025,03,15,8,53,臺中市,烏日區,0,0,0,7,,,50,,,,,,,,,,,,,,13,,,,,B02,,,1,,1,,,84,84,1,13,4,120.610762,24.107554,3
5654,66000,387130000C,(04)23274275,(04)23288582,2025,03,15,8,58,臺中市,北區,0,1,0,6,2,6,50,4,1,1,5,4,6,6,1,1,5,5,4,2,17,3,10,3,1,B03,7,11,1,8,2,4,,45,45,1,12,4,120.680616,24.149186,2
5655,66000,387130000C,(04)23274275,(04)23288582,2025,03,15,8,58,臺中市,西屯區,0,2,0,7,2,6,30,4,1,1,5,4,6,6,4,4,10,5,5,2,15,2,9,5,4,C03,7,9,1,10,2,11,,15,15,1,12,4,120.664609,24.167651,2
5656,66000,387130000C,(04)23274275,(04)23288582,2025,03,15,8,58,臺中市,清水區,0,0,0,7,,,50,,,,,,,,,,,,,,,,,,,B03,,,1,,2,,,49,49,1,12,4,120.572311,24.259606,3
5657,66000,387130000C,(04)23274275,(04)23288582,2025,03,15,8,59,臺中市,北屯區,0,0,0,7,,,50,,,,,,,,,,,,,,,,,,,B03,,,1,,9,,,14,14,1,12,4,120.70167,24.165701,3
5658,66000,387130000C,(04)23274275,(04)23288582,2025,03,15,9,9,臺中市,大甲區,0,0,0,6,,,50,,,,,,,,,,,,,,14,3,10,5,4,B12,7,2,1,6,1,6,,49,49,1,12,4,120.632107,24.340323,3
5659,66000,387130000C,(04)23274275,(04)23288582,2025,03,15,9,10,臺中市,烏日區,0,2,0,7,2,6,50,3,1,1,5,4,6,6,4,4,5,4,4,2,16,2,9,1,1,C03,7,6,1,10,2,14,,39,39,1,6,4,120.60728,24.110265,2
5660,66000,387130000C,(04)23274275,(04)23288582,2025,03,15,9,14,臺中市,大里區,0,2,0,6,2,6,50,4,2,1,5,4,6,6,1,1,10,5,5,2,16,3,10,3,1,B03,7,9,1,8,2,6,,21,21,1,13,4,120.703792,24.093079,2
5661,66000,387130000C,(04)23274275,(04)23288582,2025,03,15,9,15,臺中市,北屯區,0,0,0,7,,,50,,,,,,,,,,,,,,17,,,,,B03,,,1,,1,,,59,59,1,13,4,120.689229,24.16603,3
5662,66000,387130000C,(04)23274275,(04)23288582,2025,03,15,9,19,臺中市,西屯區,0,0,0,7,,,30,,,,,,,,,,,,,,15,,,,,B03,,,1,,1,,,15,15,1,12,4,120.640993,24.181369,3
5663,66000,387130000C,(04)23274275,(04)23288582,2025,03,15,9,19,臺中市,太平區,0,2,0,7,2,6,50,13,9,1,5,4,6,6,4,4,5,4,5,2,16,2,9,2,1,C03,7,6,1,10,2,12,,39,39,1,13,4,120.704508,24.148125,2
5664,66000,387130000C,(04)23274275,(04)23288582,2025,03,15,9,20,臺中市,西屯區,0,1,0,7,2,6,50,3,1,1,5,4,6,6,1,1,10,5,5,2,16,3,10,5,4,B02,7,5,1,8,2,6,,11,11,1,13,4,120.60449,24.173645,2
5665,66000,387130000C,(04)23274275,(04)23288582,2025,03,15,9,25,臺中市,北區,0,2,0,7,2,6,40,3,1,1,5,4,6,6,4,4,5,4,4,2,17,2,9,5,1,C03,7,5,1,10,2,12,,84,84,1,13,4,120.667063,24.159211,2
5666,66000,387130000C,(04)23274275,(04)23288582,2025,03,15,9,27,臺中市,西屯區,0,2,0,6,2,6,50,4,2,1,5,4,6,6,4,4,1,4,5,2,13,2,9,1,1,C03,7,9,1,10,2,11,,58,58,1,12,4,120.647176,24.159162,2
5667,66000,387130000C,(04)23274275,(04)23288582,2025,03,15,9,28,臺中市,大雅區,0,0,0,6,,,50,,,,,,,,,,,,,,13,,,,,B03,,,1,,1,,,7,7,1,13,4,120.613609,24.232202,3
5668,66000,387130000C,(04)23274275,(04)23288582,2025,03,15,9,28,臺中市,南區,0,0,0,7,,,50,,,,,,,,,,,,,,17,,,,,B12,,,1,,2,,,84,84,1,12,4,120.661476,24.121735,3
5669,66000,387130000C,(04)23274275,(04)23288582,2025,03,15,9,29,臺中市,南區,0,1,0,7,3,6,50,3,1,1,5,4,6,6,4,4,10,5,5,2,16,3,10,3,1,B03,7,6,1,8,2,8,,14,14,1,13,4,120.661998,24.126684,2
5670,66000,387130000C,(04)23274275,(04)23288582,2025,03,15,9,30,臺中市,西區,0,0,0,5,,,50,,,,,,,,,,,,,,,,,,,C03,,,1,,1,,,84,84,1,12,4,120.658121,24.147705,3
5671,66000,387130000C,(04)23274275,(04)23288582,2025,03,15,9,30,臺中市,北屯區,0,0,0,7,,,50,,,,,,,,,,,,,,13,,,,,B03,,,1,,2,,,7,7,1,12,4,120.714699,24.164045,3
5672,66000,387130000C,(04)23274275,(04)23288582,2025,03,15,9,35,臺中市,北屯區,0,0,0,6,,,50,,,,,,,,,,,,,,13,,,,,B03,,,1,,1,,,7,7,1,12,4,120.686518,24.193997,3
5673,66000,387130000C,(04)23274275,(04)23288582,2025,03,15,9,38,臺中市,神岡區,0,1,0,6,2,6,50,3,2,1,5,4,6,6,3,1,1,4,4,1,13,2,8,1,1,C03,7,9,1,10,2,11,,7,7,1,12,4,120.692259,24.232501,2
5674,66000,387130000C,(04)23274275,(04)23288582,2025,03,15,9,44,臺中市,沙鹿區,0,0,0,6,,,50,,,,,,,,,,,,,,,,,,,B03,,,1,,1,,,7,7,1,13,4,120.563155,24.247541,3
5675,66000,387130000C,(04)23274275,(04)23288582,2025,03,15,9,45,臺中市,烏日區,0,1,0,7,2,6,50,4,1,1,5,4,6,6,1,1,10,5,5,2,17,2,9,5,4,C03,7,9,1,10,2,14,,84,84,1,12,4,120.607185,24.122647,2
5676,66000,387130000C,(04)23274275,(04)23288582,2025,03,15,9,48,臺中市,南屯區,0,2,0,7,1,6,50,3,2,1,5,4,6,6,2,1,1,2,5,2,12,3,10,5,4,C03,7,9,1,10,9,11,,84,84,1,13,4,120.646623,24.144937,2
5677,66000,387130000C,(04)23274275,(04)23288582,2025,03,15,9,49,臺中市,南屯區,0,1,0,7,3,6,50,5,1,1,5,4,6,6,1,1,10,5,5,2,16,3,10,3,1,B03,7,5,1,8,2,2,,38,38,1,12,4,120.612318,24.150704,2
5678,66000,387130000C,(04)23274275,(04)23288582,2025,03,15,9,50,臺中市,中區,0,0,0,7,,,50,,,,,,,,,,,,,,,,,,,B03,,,1,,1,,,7,7,1,12,4,120.68096,24.143726,3
5679,66000,387130000C,(04)23274275,(04)23288582,2025,03,15,9,50,臺中市,西區,0,2,0,7,2,6,40,4,2,1,5,4,6,6,1,1,3,4,4,2,17,3,10,3,1,B03,7,1,1,8,2,8,,51,51,1,11,4,120.660951,24.159175,2
5680,66000,387130000C,(04)23274275,(04)23288582,2025,03,15,9,55,臺中市,西屯區,0,0,0,6,,,30,,,,,,,,,,,,,,12,,,,,B11,,,1,,1,,,84,84,1,12,4,120.665902,24.176345,3
5681,66000,387130000C,(04)23274275,(04)23288582,2025,03,15,9,57,臺中市,霧峰區,0,0,0,6,,,50,,,,,,,,,,,,,,17,,,,,B03,,,1,,2,,,40,40,1,13,4,120.694822,24.061304,3
5682,66000,387130000C,(04)23274275,(04)23288582,2025,03,15,10,0,臺中市,北屯區,0,0,0,7,,,50,,,,,,,,,,,,,,17,,,,,B03,,,1,,2,,,51,51,1,12,4,120.708152,24.186554,3
5683,66000,387130000C,(04)23274275,(04)23288582,2025,03,15,10,0,臺中市,豐原區,0,3,0,7,2,6,50,3,1,1,5,4,6,6,4,4,5,4,5,1,16,3,10,3,1,B03,7,1,1,8,2,8,,51,51,1,12,4,120.731837,24.25032,2
5684,66000,387130000C,(04)23274275,(04)23288582,2025,03,15,10,1,臺中市,龍井區,0,0,0,7,,,50,,,,,,,,,,,,,,12,,,,,C03,,,1,,2,,,8,8,1,12,4,120.588932,24.180639,4
5685,66000,387130000C,(04)23274275,(04)23288582,2025,03,15,10,2,臺中市,北區,0,1,0,7,2,6,50,4,2,1,5,4,6,6,2,1,10,5,5,2,18,2,9,1,1,C04,7,9,1,10,2,15,,84,84,1,13,4,120.676171,24.160615,2
5686,66000,387130000C,(04)23274275,(04)23288582,2025,03,15,10,4,臺中市,大雅區,0,1,0,6,3,6,50,4,1,1,5,4,6,6,1,1,10,5,5,2,17,3,10,3,1,B12,7,5,1,8,2,5,,47,47,1,12,4,120.64513,24.222671,2
5687,66000,387130000C,(04)23274275,(04)23288582,2025,03,15,10,5,臺中市,豐原區,0,0,0,7,,,50,,,,,,,,,,,,,,17,,,,,H04,,,,,,,,109,109,1,13,,120.707584,24.246921,3
5688,66000,387130000C,(04)23274275,(04)23288582,2025,03,15,10,9,臺中市,中區,0,0,0,7,3,6,50,13,9,1,5,4,6,6,4,4,8,3,5,2,13,,,,,C03,,,1,,1,,,7,7,1,13,4,120.678875,24.144473,3
5689,66000,387130000C,(04)23274275,(04)23288582,2025,03,15,10,10,臺中市,南區,0,0,0,7,,,30,,,,,,,,,,,,,,13,,,,,B03,,,1,,1,,,84,84,1,12,4,120.662363,24.121232,3
5690,66000,387130000C,(04)23274275,(04)23288582,2025,03,15,10,20,臺中市,北屯區,0,1,0,7,2,6,50,4,1,1,5,4,6,6,4,4,10,5,5,2,16,3,10,5,4,B03,7,11,1,8,2,1,,45,45,1,12,4,120.695527,24.175294,2
5691,66000,387130000C,(04)23274275,(04)23288582,2025,03,15,10,21,臺中市,西區,0,0,0,7,,,50,,,,,,,,,,,,,,,,,,,A12,,,1,,9,,,84,84,1,6,4,120.657608,24.142497,3
5692,66000,387130000C,(04)23274275,(04)23288582,2025,03,15,10,25,臺中市,清水區,0,1,0,7,1,9,30,4,1,1,5,4,6,6,4,4,9,5,5,2,17,2,9,1,1,C03,7,9,1,10,2,11,,15,15,1,12,4,120.54727,24.271927,2
5693,66000,387130000C,(04)23274275,(04)23288582,2025,03,15,10,26,臺中市,太平區,0,2,0,7,2,6,50,3,1,1,5,4,6,6,2,1,10,5,5,2,13,2,8,2,1,C03,7,5,1,10,2,11,,7,7,1,12,4,120.713045,24.125552,2
5694,66000,387130000C,(04)23274275,(04)23288582,2025,03,15,10,30,臺中市,南屯區,0,1,0,7,2,6,50,3,1,1,5,4,6,6,4,4,10,5,5,2,13,3,10,2,1,C03,7,9,1,10,2,11,,7,7,1,13,4,120.646643,24.147762,2
5695,66000,387130000C,(04)23274275,(04)23288582,2025,03,15,10,37,臺中市,大甲區,0,0,0,5,,,50,,,,,,,,,,,,,,15,,,,,B03,,,1,,2,,,13,13,1,6,4,120.621496,24.352473,3
5696,66000,387130000C,(04)23274275,(04)23288582,2025,03,15,10,39,臺中市,北屯區,0,0,0,6,,,50,,,,,,,,,,,,,,13,,,,,B11,,,1,,1,,,7,7,1,6,4,120.701836,24.183476,3
5697,66000,387130000C,(04)23274275,(04)23288582,2025,03,15,10,42,臺中市,北屯區,0,0,0,7,,,30,,,,,,,,,,,,,,,,,,,B12,,,1,,2,,,75,75,1,12,4,120.664008,24.183614,3
5698,66000,387130000C,(04)23274275,(04)23288582,2025,03,15,10,44,臺中市,豐原區,0,0,0,5,,,50,,,,,,,,,,,,,,17,,,,,B03,,,1,,2,,,51,51,1,12,4,120.718221,24.253313,3
5699,66000,387130000C,(04)23274275,(04)23288582,2025,03,15,10,45,臺中市,大里區,0,1,0,6,2,6,50,4,1,1,5,4,6,6,1,1,10,5,5,2,16,3,10,3,1,B03,7,5,1,8,2,8,,38,38,1,13,4,120.689969,24.092695,2
5700,66000,387130000C,(04)23274275,(04)23288582,2025,03,15,10,45,臺中市,烏日區,0,0,0,7,,,50,,,,,,,,,,,,,,15,,,,,C03,,,1,,2,,,59,59,1,13,4,120.638021,24.107889,3
5701,66000,387130000C,(04)23274275,(04)23288582,2025,03,15,10,47,臺中市,西屯區,0,1,0,6,1,6,50,4,1,1,5,4,6,6,1,1,9,4,5,2,12,,,,,,,5,,,,,,86,86,2,,,120.604355,24.173263,2
5702,66000,387130000C,(04)23274275,(04)23288582,2025,03,15,10,50,臺中市,神岡區,0,1,0,5,1,6,30,4,1,1,4,4,6,6,4,4,10,5,5,1,17,2,9,1,4,C03,7,12,1,10,2,14,,85,85,1,12,4,120.664609,24.254132,2
5703,66000,387130000C,(04)23274275,(04)23288582,2025,03,15,10,53,臺中市,沙鹿區,0,1,0,6,3,6,50,4,1,1,5,4,6,6,1,1,10,5,5,2,12,3,10,3,1,B03,7,9,1,8,2,2,,8,8,1,13,4,120.564993,24.241745,2