﻿序號,縣市別代碼,機關代碼,市話,傳真,年,月,日,時,分,縣市,區,死亡數量,受傷數量,2-30,天候,道路照明設備,道路類別,道路速限,道路型態,事故位置,路面鋪裝,路面狀態,路面缺陷,障礙物,視距,號誌種類,號誌動作,分向設施,快車道或一般車道間,快慢車道間,路面邊線,事故類型及型態,受傷程度,主要傷處,保護裝備,行動電話或功能裝置,當事者區分_類別,車輛用途,當事者行動狀態,駕照狀態,駕照種類,飲酒情形,車輛撞擊部位最初,車輛撞擊部位其他,肇事因素個別,肇事因素主要,肇事逃逸,職業,共享經濟或外送平台,GPS座標X,GPS座標Y,事故類別
5704,66000,387130000C,(04)23274275,(04)23288582,2025,03,15,10,55,臺中市,北屯區,0,1,0,5,3,6,50,13,9,1,4,4,6,6,1,1,1,2,5,2,18,2,9,2,1,C03,7,5,1,10,2,14,,84,84,1,13,4,120.671616,24.174072,2
5705,66000,387130000C,(04)23274275,(04)23288582,2025,03,15,10,55,臺中市,西屯區,0,0,0,5,,,40,,,,,,,,,,,,,,16,,,,,C03,,,1,,2,,,48,48,1,12,4,120.649533,24.171787,3
5706,66000,387130000C,(04)23274275,(04)23288582,2025,03,15,10,55,臺中市,沙鹿區,0,0,0,7,,,60,,,,,,,,,,,,,,,,,,,B03,,,1,,2,,,84,84,1,13,4,120.563904,24.239767,3
5707,66000,387130000C,(04)23274275,(04)23288582,2025,03,15,11,0,臺中市,東區,0,1,0,7,1,6,50,3,1,1,5,4,6,6,4,4,10,5,5,2,17,3,10,1,1,C03,7,6,1,10,1,11,,13,13,1,11,4,120.69426,24.132973,2
5708,66000,387130000C,(04)23274275,(04)23288582,2025,03,15,11,0,臺中市,南屯區,0,2,0,6,2,6,50,4,1,1,5,4,6,6,1,1,10,5,5,2,13,3,10,1,1,C03,7,9,1,10,2,11,,7,7,1,12,4,120.653951,24.14496,2
5709,66000,387130000C,(04)23274275,(04)23288582,2025,03,15,11,0,臺中市,豐原區,0,0,0,5,,,50,,,,,,,,,,,,,,17,,,,,B03,,,1,,1,,,84,84,1,12,4,120.723808,24.235348,3
5710,66000,387130000C,(04)23274275,(04)23288582,2025,03,15,11,2,臺中市,沙鹿區,0,0,0,7,,,50,,,,,,,,,,,,,,,,,,,B03,,,1,,9,,,8,8,2,13,4,120.575863,24.224537,3
5711,66000,387130000C,(04)23274275,(04)23288582,2025,03,15,11,5,臺中市,北屯區,0,1,0,6,2,6,40,4,1,1,5,4,6,6,2,1,10,5,5,2,16,2,8,1,1,C03,7,9,1,9,2,11,,21,21,1,12,4,120.721024,24.174981,2
5712,66000,387130000C,(04)23274275,(04)23288582,2025,03,15,11,6,臺中市,西屯區,0,0,0,5,,,30,,,,,,,,,,,,,,12,,,,,B03,,,1,,1,,,43,43,1,12,4,120.643915,24.179361,3
5713,66000,387130000C,(04)23274275,(04)23288582,2025,03,15,11,9,臺中市,西區,0,0,0,7,,,30,,,,,,,,,,,,,,,,,,,B12,,,1,,9,,,8,8,1,6,4,120.661368,24.160636,3
5714,66000,387130000C,(04)23274275,(04)23288582,2025,03,15,11,10,臺中市,北屯區,0,1,0,7,2,6,50,13,9,1,5,4,6,6,3,1,9,5,5,2,9,2,9,5,4,C03,7,9,1,10,2,16,,59,59,1,12,4,120.689556,24.180805,2
5715,66000,387130000C,(04)23274275,(04)23288582,2025,03,15,11,10,臺中市,東勢區,0,1,0,5,2,6,40,13,9,1,4,4,6,6,4,4,4,1,4,1,18,2,1,2,4,C03,7,9,1,10,2,12,,87,87,1,12,4,120.758421,24.284773,2
5716,66000,387130000C,(04)23274275,(04)23288582,2025,03,15,11,12,臺中市,后里區,0,1,0,5,3,6,50,4,1,1,4,4,6,6,4,4,10,5,5,2,16,3,10,3,1,B03,7,11,1,8,2,2,,45,45,1,12,4,120.707368,24.311689,2
5717,66000,387130000C,(04)23274275,(04)23288582,2025,03,15,11,14,臺中市,潭子區,0,2,0,5,2,6,60,13,8,1,4,4,6,6,4,4,1,4,4,1,30,2,9,2,1,C03,7,9,1,10,2,11,,84,84,1,13,4,120.709005,24.232503,2
5718,66000,387130000C,(04)23274275,(04)23288582,2025,03,15,11,14,臺中市,東區,0,0,0,7,,,50,,,,,,,,,,,,,,17,,,,,B03,,,1,,1,,,7,7,1,12,4,120.70024,24.131914,3
5719,66000,387130000C,(04)23274275,(04)23288582,2025,03,15,11,15,臺中市,南屯區,0,1,0,7,1,6,50,3,2,1,5,4,6,6,4,4,10,5,5,2,17,3,10,3,1,B03,7,5,1,8,2,2,,14,14,1,6,4,120.640799,24.15466,2
5720,66000,387130000C,(04)23274275,(04)23288582,2025,03,15,11,17,臺中市,西區,0,1,0,6,2,6,50,3,2,1,5,4,6,6,4,4,10,5,5,2,18,2,9,2,1,C03,7,9,1,10,2,12,,84,84,1,12,4,120.662161,24.1507,2
5721,66000,387130000C,(04)23274275,(04)23288582,2025,03,15,11,19,臺中市,后里區,0,0,0,5,2,6,50,3,2,1,4,4,6,6,3,1,1,3,4,1,17,3,10,3,1,B03,7,11,1,8,2,5,,45,45,1,12,4,120.699799,24.312668,3
5722,66000,387130000C,(04)23274275,(04)23288582,2025,03,15,11,21,臺中市,南區,0,3,0,6,3,6,50,13,7,1,5,4,6,6,4,4,9,5,4,2,13,2,9,2,1,C03,7,9,1,10,2,11,,7,7,1,13,4,120.650029,24.119889,2
5723,66000,387130000C,(04)23274275,(04)23288582,2025,03,15,11,23,臺中市,大雅區,0,0,0,7,,,50,,,,,,,,,,,,,,,,,,,C03,,,1,,1,,,7,7,1,12,4,120.656165,24.23045,3
5724,66000,387130000C,(04)23274275,(04)23288582,2025,03,15,11,23,臺中市,南屯區,0,0,0,7,,,30,,,,,,,,,,,,,,20,,,,,B02,,,1,,2,,,84,84,1,12,4,120.625085,24.149776,3
5725,66000,387130000C,(04)23274275,(04)23288582,2025,03,15,11,24,臺中市,北區,0,2,0,6,2,6,50,13,9,1,5,4,6,6,4,4,9,5,5,2,16,2,9,1,1,C03,7,6,1,10,2,14,,20,20,1,13,4,120.681478,24.160402,2
5726,66000,387130000C,(04)23274275,(04)23288582,2025,03,15,11,28,臺中市,大甲區,0,1,0,5,3,6,50,4,1,1,4,4,6,6,2,1,10,5,5,2,18,2,9,5,4,C03,7,9,1,10,2,12,,84,84,1,6,4,120.622631,24.342402,2
5727,66000,387130000C,(04)23274275,(04)23288582,2025,03,15,11,29,臺中市,西區,0,1,0,6,2,6,50,3,1,1,5,4,6,6,4,4,10,5,5,2,17,3,10,3,1,B03,7,5,1,8,2,7,,14,14,1,12,4,120.665132,24.153394,2
5728,66000,387130000C,(04)23274275,(04)23288582,2025,03,15,11,30,臺中市,北區,0,1,0,7,2,6,50,13,9,1,5,4,6,6,1,1,5,4,5,1,17,3,10,5,1,B03,7,7,1,8,2,7,,42,42,1,13,4,120.667086,24.15806,2
5729,66000,387130000C,(04)23274275,(04)23288582,2025,03,15,11,30,臺中市,北屯區,0,0,0,7,,,,,,,,,,,,,,,,,9,,,,,,,,,,,,,119,119,1,,,120.718922,24.173307,3
5730,66000,387130000C,(04)23274275,(04)23288582,2025,03,15,11,30,臺中市,太平區,0,1,0,5,3,6,50,13,9,1,4,4,6,6,4,4,5,4,5,1,16,2,8,1,1,C03,7,9,1,10,2,11,,7,7,1,12,4,120.731102,24.134902,2
5731,66000,387130000C,(04)23274275,(04)23288582,2025,03,15,11,31,臺中市,北區,0,1,0,5,2,6,50,4,1,1,4,4,6,6,1,1,5,5,5,2,17,3,10,3,1,B01,7,6,1,3,1,16,,48,48,1,12,4,120.685395,24.152786,2
5732,66000,387130000C,(04)23274275,(04)23288582,2025,03,15,11,31,臺中市,北區,0,1,0,7,2,6,50,4,2,1,5,4,6,6,2,1,10,5,5,2,12,3,10,2,1,C03,7,9,1,10,2,11,,7,7,1,13,4,120.684413,24.148163,2
5733,66000,387130000C,(04)23274275,(04)23288582,2025,03,15,11,33,臺中市,清水區,0,1,0,6,3,6,50,4,1,1,5,4,6,6,3,1,5,5,5,2,15,3,10,3,1,B03,7,9,1,8,2,1,,24,24,1,12,4,120.569132,24.27867,2
5734,66000,387130000C,(04)23274275,(04)23288582,2025,03,15,11,34,臺中市,北屯區,0,0,0,7,,,50,,,,,,,,,,,,,,,,,,,B03,,,1,,9,,,49,49,1,12,4,120.695542,24.184469,3
5735,66000,387130000C,(04)23274275,(04)23288582,2025,03,15,11,34,臺中市,大肚區,0,1,0,7,2,6,30,3,9,1,5,4,6,6,4,4,10,5,5,2,18,2,9,1,1,C03,7,14,3,19,2,14,,84,84,1,6,4,120.559996,24.121635,2
5736,66000,387130000C,(04)23274275,(04)23288582,2025,03,15,11,34,臺中市,神岡區,0,1,0,5,2,6,50,13,14,1,4,4,6,6,4,4,5,5,5,1,30,2,9,1,1,C03,7,15,1,10,2,16,,54,54,1,12,4,120.643146,24.270958,2
5737,66000,387130000C,(04)23274275,(04)23288582,2025,03,15,11,37,臺中市,大里區,0,1,0,7,2,6,50,3,1,1,5,4,6,6,3,1,5,5,5,1,17,2,9,2,1,C03,7,9,1,10,2,14,,84,84,1,13,4,120.701599,24.093203,2
5738,66000,387130000C,(04)23274275,(04)23288582,2025,03,15,11,38,臺中市,太平區,0,1,0,5,2,6,50,3,2,1,4,4,6,6,4,4,5,4,5,1,18,2,9,2,1,C03,7,4,1,10,2,12,,34,34,1,13,4,120.734295,24.144175,2
5739,66000,387130000C,(04)23274275,(04)23288582,2025,03,15,11,40,臺中市,東區,0,0,0,7,,,50,,,,,,,,,,,,,,13,,,,,C03,,,1,,1,,,7,7,1,12,4,120.690619,24.134915,3
5740,66000,387130000C,(04)23274275,(04)23288582,2025,03,15,11,40,臺中市,豐原區,0,0,0,5,,,50,,,,,,,,,,,,,,13,,,,,B03,,,1,,2,,,7,7,1,13,4,120.729458,24.252391,3
5741,66000,387130000C,(04)23274275,(04)23288582,2025,03,15,11,45,臺中市,北區,0,0,0,5,,,50,,,,,,,,,,,,,,14,,,,,B03,,,1,,1,,,49,49,1,13,4,120.675992,24.161855,3
5742,66000,387130000C,(04)23274275,(04)23288582,2025,03,15,11,45,臺中市,新社區,0,0,0,5,,,50,,,,,,,,,,,,,,13,,,,,B03,,,1,,2,,,56,56,1,12,4,120.808997,24.24172,3
5743,66000,387130000C,(04)23274275,(04)23288582,2025,03,15,11,45,臺中市,神岡區,0,1,0,5,1,6,50,4,1,1,4,4,6,6,1,1,5,5,5,1,16,3,10,1,4,C03,7,9,1,10,1,12,,39,39,1,12,4,120.658503,24.258739,2
5744,66000,387130000C,(04)23274275,(04)23288582,2025,03,15,11,48,臺中市,大里區,0,0,0,6,,,50,,,,,,,,,,,,,,17,,,,,B03,,,1,,1,,,49,49,1,13,4,120.691048,24.081338,3
5745,66000,387130000C,(04)23274275,(04)23288582,2025,03,15,11,48,臺中市,太平區,0,0,0,5,,,50,,,,,,,,,,,,,,13,,,,,C03,,,1,,1,,,7,7,1,12,4,120.700706,24.148037,3
5746,66000,387130000C,(04)23274275,(04)23288582,2025,03,15,11,52,臺中市,北屯區,0,0,0,7,,,50,,,,,,,,,,,,,,17,,,,,B03,,,1,,1,,,50,50,1,13,4,120.663307,24.186538,3
5747,66000,387130000C,(04)23274275,(04)23288582,2025,03,15,11,55,臺中市,豐原區,0,1,0,5,2,6,50,13,8,1,4,4,6,6,4,4,9,4,4,2,12,3,10,3,1,B03,7,7,1,8,2,2,,40,40,1,12,4,120.734658,24.255364,2
5748,66000,387130000C,(04)23274275,(04)23288582,2025,03,15,11,58,臺中市,太平區,0,0,0,5,,,40,,,,,,,,,,,,,,,,,,,B03,,,1,,2,,,84,84,1,12,4,120.713013,24.124661,3
5749,66000,387130000C,(04)23274275,(04)23288582,2025,03,15,11,59,臺中市,北區,0,3,0,5,2,6,50,4,1,1,4,4,6,6,1,1,1,4,5,2,16,3,10,3,1,B12,7,5,1,2,2,5,,47,47,1,12,4,120.692025,24.159938,2
5750,66000,387130000C,(04)23274275,(04)23288582,2025,03,15,12,0,臺中市,南屯區,0,0,0,5,,,50,,,,,,,,,,,,,,,,,,,B03,,,1,,2,,,84,84,1,6,4,120.649696,24.145999,4
5751,66000,387130000C,(04)23274275,(04)23288582,2025,03,15,12,3,臺中市,豐原區,0,1,0,5,2,6,50,5,1,1,4,4,6,6,2,1,1,2,4,2,15,2,9,1,1,F01,7,9,7,21,2,11,,84,84,1,12,4,120.737431,24.25106,2
5752,66000,387130000C,(04)23274275,(04)23288582,2025,03,15,12,4,臺中市,太平區,0,2,0,6,2,6,50,3,2,1,5,4,6,6,4,4,5,4,5,1,13,2,9,2,1,C03,7,9,1,10,2,11,,7,7,1,13,4,120.719081,24.122013,2
5753,66000,387130000C,(04)23274275,(04)23288582,2025,03,15,12,7,臺中市,大里區,0,0,0,6,2,6,50,4,2,1,4,4,6,6,1,1,5,5,5,1,14,,,,,C03,,,1,,1,,,84,84,1,13,4,120.681445,24.102442,3
5754,66000,387130000C,(04)23274275,(04)23288582,2025,03,15,12,14,臺中市,北屯區,0,0,0,5,,,80,,,,,,,,,,,,,,13,,,,,B03,,,1,,1,,,7,7,1,12,4,120.72078,24.168224,3
5755,66000,387130000C,(04)23274275,(04)23288582,2025,03,15,12,15,臺中市,大里區,0,2,0,5,3,6,40,13,9,1,4,4,6,6,4,4,4,4,5,1,13,2,7,1,1,C03,7,9,1,10,2,11,,7,7,1,13,4,120.692012,24.101603,2
5756,66000,387130000C,(04)23274275,(04)23288582,2025,03,15,12,19,臺中市,西屯區,0,0,0,5,,,50,,,,,,,,,,,,,,14,,,,,B03,,,1,,2,,,49,49,1,12,4,120.648432,24.1702,3
5757,66000,387130000C,(04)23274275,(04)23288582,2025,03,15,12,21,臺中市,西區,0,0,0,7,,,50,,,,,,,,,,,,,,,,,,,B03,,,1,,1,,,49,49,1,12,4,120.6684,24.153074,3
5758,66000,387130000C,(04)23274275,(04)23288582,2025,03,15,12,23,臺中市,霧峰區,0,1,0,7,2,6,50,13,9,1,5,4,6,6,4,4,5,5,5,2,17,3,10,3,1,B03,7,1,1,8,2,6,,51,51,1,12,4,120.684938,24.050694,2
5759,66000,387130000C,(04)23274275,(04)23288582,2025,03,15,12,27,臺中市,神岡區,0,1,0,5,2,6,50,13,8,1,4,4,6,6,4,4,9,5,4,2,16,3,10,3,1,B03,7,5,1,8,2,6,,84,84,1,12,4,120.66068,24.271108,2
5760,66000,387130000C,(04)23274275,(04)23288582,2025,03,15,12,29,臺中市,梧棲區,0,0,0,5,,,30,,,,,,,,,,,,,,14,,,,,A11,,,1,,1,,,49,49,1,6,4,120.540631,24.255273,3
5761,66000,387130000C,(04)23274275,(04)23288582,2025,03,15,12,29,臺中市,豐原區,0,0,0,5,,,50,,,,,,,,,,,,,,23,,,,,B03,,,1,,2,,,48,48,1,13,4,120.706087,24.250004,3
5762,66000,387130000C,(04)23274275,(04)23288582,2025,03,15,12,34,臺中市,西區,0,0,0,6,,,50,,,,,,,,,,,,,,,,,,,B01,,,1,,2,,,40,40,1,12,4,120.665397,24.139852,3
5763,66000,387130000C,(04)23274275,(04)23288582,2025,03,15,12,34,臺中市,大肚區,0,1,0,5,2,6,50,3,1,1,4,4,6,6,4,4,10,5,5,2,30,2,9,2,1,C03,7,9,1,10,2,12,,84,84,1,6,4,120.548503,24.148406,2
5764,66000,387130000C,(04)23274275,(04)23288582,2025,03,15,12,35,臺中市,烏日區,0,0,0,7,,,50,,,,,,,,,,,,,,13,,,,,B03,,,1,,2,,,84,84,1,6,4,120.624607,24.104165,3
5765,66000,387130000C,(04)23274275,(04)23288582,2025,03,15,12,36,臺中市,霧峰區,0,1,0,5,2,6,40,3,1,1,4,4,6,6,1,1,5,5,5,1,18,2,9,2,1,C03,7,9,1,10,2,12,,84,84,1,13,4,120.67842,24.06494,2
5766,66000,387130000C,(04)23274275,(04)23288582,2025,03,15,12,38,臺中市,西區,0,2,0,5,2,6,50,3,1,1,4,4,6,6,4,4,10,5,5,2,13,2,9,2,1,C03,7,9,1,10,2,11,,7,7,1,12,4,120.654963,24.154947,2
5767,66000,387130000C,(04)23274275,(04)23288582,2025,03,15,12,39,臺中市,北屯區,0,0,0,7,,,50,,,,,,,,,,,,,,,,,,,B03,,,1,,9,,,84,84,1,12,4,120.715684,24.160378,3
5768,66000,387130000C,(04)23274275,(04)23288582,2025,03,15,12,39,臺中市,大甲區,0,0,0,5,,,50,,,,,,,,,,,,,,16,,,,,B03,,,1,,2,,,39,39,1,6,4,120.622408,24.344204,3
5769,66000,387130000C,(04)23274275,(04)23288582,2025,03,15,12,41,臺中市,大雅區,0,0,0,6,,,50,,,,,,,,,,,,,,13,,,,,B03,,,1,,1,,,7,7,1,13,4,120.645541,24.226154,3
5770,66000,387130000C,(04)23274275,(04)23288582,2025,03,15,12,41,臺中市,潭子區,0,0,0,7,,,50,,,,,,,,,,,,,,13,,,,,B03,,,1,,2,,,56,56,1,13,4,120.720195,24.219982,3
5771,66000,387130000C,(04)23274275,(04)23288582,2025,03,15,12,43,臺中市,東區,0,2,0,5,1,6,50,3,1,1,4,4,6,6,1,1,10,5,5,2,17,2,9,1,1,C03,7,5,1,10,2,12,,5,5,1,12,4,120.703713,24.131119,2
5772,66000,387130000C,(04)23274275,(04)23288582,2025,03,15,12,44,臺中市,西屯區,0,0,0,5,2,6,50,13,9,1,4,4,6,6,4,4,9,5,5,2,17,,,,,,,,,,,,,86,86,1,,,120.589272,24.176887,3
5773,66000,387130000C,(04)23274275,(04)23288582,2025,03,15,12,45,臺中市,北區,0,1,0,7,2,6,50,4,2,1,4,4,6,6,4,4,10,5,5,2,17,2,9,2,1,C03,7,9,1,10,2,12,,84,84,1,13,4,120.680301,24.161885,2
5774,66000,387130000C,(04)23274275,(04)23288582,2025,03,15,12,45,臺中市,南屯區,0,0,0,5,,,50,,,,,,,,,,,,,,17,,,,,B03,,,1,,1,,,51,51,1,12,4,120.649317,24.136804,3
5775,66000,387130000C,(04)23274275,(04)23288582,2025,03,15,12,46,臺中市,梧棲區,0,2,0,5,3,6,50,5,1,1,4,4,6,6,1,1,10,5,5,2,16,2,9,1,1,C03,7,10,1,10,2,13,,21,21,1,6,4,120.549518,24.23904,2
5776,66000,387130000C,(04)23274275,(04)23288582,2025,03,15,12,47,臺中市,西區,0,1,0,5,1,6,50,13,9,1,4,4,6,6,4,4,9,5,5,2,18,3,10,5,4,C03,7,6,1,10,2,15,,39,39,1,12,4,120.668388,24.15301,2
5777,66000,387130000C,(04)23274275,(04)23288582,2025,03,15,12,48,臺中市,大里區,0,0,0,6,,,50,,,,,,,,,,,,,,17,,,,,B03,,,1,,1,,,49,49,1,13,4,120.688777,24.079066,3
5778,66000,387130000C,(04)23274275,(04)23288582,2025,03,15,12,50,臺中市,北屯區,0,1,0,5,2,6,40,13,8,1,4,4,6,6,4,4,10,5,5,2,17,3,10,5,4,B03,7,1,1,8,2,4,,51,51,1,12,4,120.666092,24.18241,2
5779,66000,387130000C,(04)23274275,(04)23288582,2025,03,15,12,50,臺中市,大里區,0,1,0,6,2,6,50,4,2,1,4,4,6,6,1,1,1,4,5,1,17,3,10,3,1,B01,7,11,1,4,2,6,,45,45,1,13,4,120.680956,24.105909,2
5780,66000,387130000C,(04)23274275,(04)23288582,2025,03,15,12,53,臺中市,太平區,0,0,0,5,,,40,,,,,,,,,,,,,,14,,,,,B03,,,1,,1,,,49,49,1,12,4,120.708289,24.151315,3
5781,66000,387130000C,(04)23274275,(04)23288582,2025,03,15,12,57,臺中市,北區,0,1,0,5,2,6,50,13,9,1,4,4,6,6,4,4,1,2,5,2,17,3,10,3,1,B03,7,7,1,8,2,16,,85,85,1,13,4,120.671247,24.173695,2
5782,66000,387130000C,(04)23274275,(04)23288582,2025,03,15,12,58,臺中市,南區,0,0,0,7,,,50,,,,,,,,,,,,,,17,,,,,B03,,,1,,2,,,8,8,1,12,4,120.67004,24.112788,3
5783,66000,387130000C,(04)23274275,(04)23288582,2025,03,15,13,1,臺中市,沙鹿區,0,0,0,6,,,50,,,,,,,,,,,,,,,,,,,B03,,,1,,2,,,8,8,1,13,4,120.562018,24.238197,3
5784,66000,387130000C,(04)23274275,(04)23288582,2025,03,15,13,8,臺中市,北區,0,0,0,7,,,50,,,,,,,,,,,,,,17,,,,,B01,,,1,,1,,,49,49,1,13,4,120.683767,24.15524,3
5785,66000,387130000C,(04)23274275,(04)23288582,2025,03,15,13,27,臺中市,北屯區,0,0,0,5,,,50,,,,,,,,,,,,,,17,,,,,B12,,,1,,2,,,8,8,1,6,4,120.670137,24.177843,3
5786,66000,387130000C,(04)23274275,(04)23288582,2025,03,15,13,30,臺中市,大里區,0,0,0,5,,,50,,,,,,,,,,,,,,12,,,,,C03,,,1,,2,,,42,42,1,13,4,120.689596,24.118491,3
5787,66000,387130000C,(04)23274275,(04)23288582,2025,03,15,13,33,臺中市,西區,0,0,0,6,,,50,,,,,,,,,,,,,,17,,,,,B03,,,1,,2,,,84,84,1,12,4,120.660191,24.138369,3
5788,66000,387130000C,(04)23274275,(04)23288582,2025,03,15,13,37,臺中市,南屯區,0,0,0,7,,,50,,,,,,,,,,,,,,,,,,,B03,,,1,,1,,,49,49,1,13,4,120.610835,24.138561,3
5789,66000,387130000C,(04)23274275,(04)23288582,2025,03,15,13,39,臺中市,東區,0,0,0,5,,,50,,,,,,,,,,,,,,17,,,,,B01,,,1,,2,,,76,76,1,12,4,120.688131,24.135859,3
5790,66000,387130000C,(04)23274275,(04)23288582,2025,03,15,13,41,臺中市,西屯區,0,1,0,5,2,6,50,4,1,1,4,4,6,6,2,1,5,4,5,2,18,2,9,5,4,C03,7,9,1,10,2,14,,59,59,1,12,4,120.618174,24.188029,2
5791,66000,387130000C,(04)23274275,(04)23288582,2025,03,15,13,47,臺中市,太平區,0,0,0,5,,,50,,,,,,,,,,,,,,,,,,,B03,,,1,,2,,,42,42,1,12,4,120.712558,24.149759,3
5792,66000,387130000C,(04)23274275,(04)23288582,2025,03,15,13,50,臺中市,西區,0,1,0,5,2,6,50,3,1,1,4,4,6,6,4,4,5,4,4,1,16,3,10,3,1,B03,7,5,1,8,2,8,,20,20,1,13,4,120.670267,24.153831,2
5793,66000,387130000C,(04)23274275,(04)23288582,2025,03,15,13,52,臺中市,西屯區,0,0,0,5,,,40,,,,,,,,,,,,,,13,,,,,B03,,,1,,2,,,82,82,1,12,4,120.641438,24.160933,3
5794,66000,387130000C,(04)23274275,(04)23288582,2025,03,15,13,53,臺中市,南屯區,0,0,0,7,,,50,,,,,,,,,,,,,,14,,,,,B03,,,1,,2,,,49,49,1,6,4,120.632242,24.148996,3
5795,66000,387130000C,(04)23274275,(04)23288582,2025,03,15,14,0,臺中市,北屯區,0,0,0,5,,,50,,,,,,,,,,,,,,13,,,,,B03,,,1,8,1,,,50,50,1,12,4,120.719327,24.172495,3
5796,66000,387130000C,(04)23274275,(04)23288582,2025,03,15,14,1,臺中市,北屯區,0,0,0,5,,,50,,,,,,,,,,,,,,14,,,,,A05,,,1,,2,,,45,45,1,13,4,120.683155,24.197215,3
5797,66000,387130000C,(04)23274275,(04)23288582,2025,03,15,14,1,臺中市,大里區,0,1,0,7,2,6,40,11,8,1,5,4,6,6,4,4,1,4,4,2,17,2,9,1,1,C03,7,9,1,10,2,12,,59,59,1,13,4,120.690683,24.074866,2
5798,66000,387130000C,(04)23274275,(04)23288582,2025,03,15,14,1,臺中市,外埔區,0,1,0,5,2,6,40,4,2,1,4,4,6,6,1,1,4,5,4,1,18,2,9,2,1,C03,7,9,1,10,2,12,,84,84,1,12,4,120.635426,24.34386,2
5799,66000,387130000C,(04)23274275,(04)23288582,2025,03,15,14,5,臺中市,東勢區,0,0,0,5,,,70,,,,,,,,,,,,,,13,,,,,B03,,,1,,1,,,84,84,1,13,4,120.823008,24.261571,3
5800,66000,387130000C,(04)23274275,(04)23288582,2025,03,15,14,9,臺中市,北區,0,1,0,5,2,6,50,4,2,1,4,4,6,6,1,1,5,4,4,2,17,2,9,5,1,C03,7,9,1,10,2,11,,7,7,1,13,4,120.677387,24.152782,2
5801,66000,387130000C,(04)23274275,(04)23288582,2025,03,15,14,15,臺中市,大甲區,0,1,0,5,3,6,60,13,8,1,4,4,6,6,4,4,1,4,4,1,17,3,10,5,4,A41,7,5,1,5,2,7,,47,47,1,6,4,120.620714,24.356104,2
5802,66000,387130000C,(04)23274275,(04)23288582,2025,03,15,14,19,臺中市,龍井區,0,1,0,5,2,6,30,4,1,1,4,4,6,6,4,4,10,5,5,2,17,2,9,5,4,C03,7,15,6,20,2,15,,15,15,1,12,4,120.589213,24.189266,2
5803,66000,387130000C,(04)23274275,(04)23288582,2025,03,15,14,28,臺中市,梧棲區,0,0,0,5,,,60,,,,,,,,,,,,,,16,,,,,C01,,,1,,2,,,40,40,1,12,4,120.53765,24.253963,3
5804,66000,387130000C,(04)23274275,(04)23288582,2025,03,15,14,30,臺中市,西屯區,0,0,0,6,,,50,,,,,,,,,,,,,,12,,,,,B03,,,1,,2,,,8,8,1,12,4,120.666358,24.173209,3
5805,66000,387130000C,(04)23274275,(04)23288582,2025,03,15,14,30,臺中市,豐原區,0,0,0,5,,,50,,,,,,,,,,,,,,13,,,,,B03,,,1,,2,,,59,59,1,12,4,120.720419,24.258666,3
5806,66000,387130000C,(04)23274275,(04)23288582,2025,03,15,14,33,臺中市,豐原區,0,0,0,5,,,50,,,,,,,,,,,,,,17,,,,,B03,,,1,,2,,,49,49,1,13,4,120.715204,24.241303,3
5807,66000,387130000C,(04)23274275,(04)23288582,2025,03,15,14,38,臺中市,東勢區,0,2,0,5,2,6,40,3,2,1,4,4,6,6,4,4,5,5,5,1,30,2,9,5,4,B12,7,8,1,8,6,1,,53,53,1,13,4,120.840865,24.251461,2
5808,66000,387130000C,(04)23274275,(04)23288582,2025,03,15,14,39,臺中市,西區,0,0,0,5,,,50,,,,,,,,,,,,,,,,,,,B03,,,1,,2,,,49,49,1,12,4,120.671112,24.137622,3
5809,66000,387130000C,(04)23274275,(04)23288582,2025,03,15,14,40,臺中市,大里區,0,0,0,6,2,6,0,18,21,4,4,4,6,6,4,4,10,5,5,2,14,,,,,C03,,,1,,1,,,49,49,1,13,4,120.680761,24.104977,3
5810,66000,387130000C,(04)23274275,(04)23288582,2025,03,15,14,43,臺中市,東區,0,1,0,5,1,6,50,13,7,1,4,4,6,6,4,4,5,4,5,2,17,2,9,1,1,C03,7,15,1,10,1,11,,84,84,1,12,4,120.686854,24.143074,2
5811,66000,387130000C,(04)23274275,(04)23288582,2025,03,15,14,45,臺中市,西屯區,0,0,0,5,2,6,50,13,9,1,4,4,6,6,4,4,3,2,5,2,13,,,,,B03,,,1,,2,,,7,7,1,13,4,120.645636,24.163712,3
5812,66000,387130000C,(04)23274275,(04)23288582,2025,03,15,14,46,臺中市,潭子區,0,1,0,5,2,6,60,3,2,1,4,4,6,6,4,4,1,4,4,1,17,3,10,3,1,B03,7,5,1,8,9,6,,14,14,2,13,4,120.707816,24.22725,2
5813,66000,387130000C,(04)23274275,(04)23288582,2025,03,15,14,50,臺中市,西屯區,0,0,0,5,,,50,,,,,,,,,,,,,,13,,,,,B03,,,1,,1,,,59,59,1,12,4,120.647894,24.174161,3
5814,66000,387130000C,(04)23274275,(04)23288582,2025,03,15,14,54,臺中市,北區,0,0,0,7,,,50,,,,,,,,,,,,,,12,,,,,B03,,,1,,1,,,84,84,1,13,4,120.683498,24.154794,3
5815,66000,387130000C,(04)23274275,(04)23288582,2025,03,15,14,54,臺中市,豐原區,0,1,0,5,2,6,50,3,2,1,4,4,6,6,2,1,5,4,4,2,17,3,10,5,4,B03,7,15,1,8,2,5,,59,59,1,12,4,120.726364,24.242377,2