﻿序號,縣市別代碼,機關代碼,市話,傳真,年,月,日,時,分,縣市,區,死亡數量,受傷數量,2-30,天候,道路照明設備,道路類別,道路速限,道路型態,事故位置,路面鋪裝,路面狀態,路面缺陷,障礙物,視距,號誌種類,號誌動作,分向設施,快車道或一般車道間,快慢車道間,路面邊線,事故類型及型態,受傷程度,主要傷處,保護裝備,行動電話或功能裝置,當事者區分_類別,車輛用途,當事者行動狀態,駕照狀態,駕照種類,飲酒情形,車輛撞擊部位最初,車輛撞擊部位其他,肇事因素個別,肇事因素主要,肇事逃逸,職業,共享經濟或外送平台,GPS座標X,GPS座標Y,事故類別
6378,66000,387130000C,(04)23274275,(04)23288582,2025,03,17,9,56,臺中市,北區,0,1,0,7,2,6,30,5,8,1,5,4,6,6,1,1,1,4,4,2,17,3,10,5,4,B03,7,5,1,8,2,8,,20,20,1,13,4,120.67465,24.16337,2
6379,66000,387130000C,(04)23274275,(04)23288582,2025,03,17,9,59,臺中市,西屯區,0,1,0,7,2,6,40,4,8,1,5,4,6,6,1,1,1,4,5,2,13,3,10,5,4,B03,7,9,1,8,2,8,,7,7,1,12,4,120.641076,24.167898,2
6380,66000,387130000C,(04)23274275,(04)23288582,2025,03,17,10,0,臺中市,太平區,0,1,0,7,3,6,30,3,1,1,5,4,6,6,4,4,5,5,5,2,16,2,8,2,1,F03,7,5,7,21,2,11,,84,84,1,12,4,120.71222,24.157694,2
6381,66000,387130000C,(04)23274275,(04)23288582,2025,03,17,10,0,臺中市,龍井區,0,0,0,7,,,80,,,,,,,,,,,,,,,,,,,A11,,,1,,1,,,87,87,1,12,4,120.520427,24.213758,3
6382,66000,387130000C,(04)23274275,(04)23288582,2025,03,17,10,1,臺中市,西區,0,1,0,7,2,6,50,4,1,1,5,4,6,6,1,1,10,5,5,2,12,2,9,2,1,C03,7,5,1,10,2,14,,84,84,1,12,4,120.657195,24.150713,2
6383,66000,387130000C,(04)23274275,(04)23288582,2025,03,17,10,8,臺中市,西屯區,0,0,0,7,,,50,,,,,,,,,,,,,,17,,,,,B03,,,1,,1,,,84,84,1,13,4,120.644251,24.194815,3
6384,66000,387130000C,(04)23274275,(04)23288582,2025,03,17,10,18,臺中市,東區,0,1,0,7,2,6,50,5,1,1,5,4,6,6,4,4,1,5,4,2,12,3,10,3,1,B03,7,5,1,8,2,5,,14,14,1,13,4,120.685822,24.129763,2
6385,66000,387130000C,(04)23274275,(04)23288582,2025,03,17,10,20,臺中市,西屯區,0,0,0,7,,,50,,,,,,,,,,,,,,13,,,,,C02,,,1,,1,,,59,59,1,13,4,120.663603,24.167089,3
6386,66000,387130000C,(04)23274275,(04)23288582,2025,03,17,10,22,臺中市,龍井區,0,0,0,6,,,30,,,,,,,,,,,,,,,,,,,B12,,,1,,1,,,49,49,1,12,4,120.525367,24.214415,3
6387,66000,387130000C,(04)23274275,(04)23288582,2025,03,17,10,25,臺中市,清水區,0,0,0,7,2,6,50,13,9,1,5,4,6,6,4,4,8,3,5,2,12,,,,,B03,,,1,,1,,,7,7,1,12,4,120.572485,24.264622,3
6388,66000,387130000C,(04)23274275,(04)23288582,2025,03,17,10,32,臺中市,大里區,0,0,0,7,,,30,,,,,,,,,,,,,,11,,,,,C03,,,1,,1,,,85,85,1,12,4,120.708448,24.08661,3
6389,66000,387130000C,(04)23274275,(04)23288582,2025,03,17,10,35,臺中市,大雅區,0,1,0,6,2,6,50,13,9,1,5,4,6,6,1,1,5,5,5,1,13,3,10,1,1,C03,7,9,1,10,2,11,,84,84,1,13,4,120.647365,24.224307,2
6390,66000,387130000C,(04)23274275,(04)23288582,2025,03,17,10,37,臺中市,南屯區,0,1,0,7,3,6,50,13,9,1,5,4,6,6,1,1,3,4,5,2,12,3,10,3,1,B02,7,5,1,8,2,2,,84,84,1,12,4,120.635711,24.143383,2
6391,66000,387130000C,(04)23274275,(04)23288582,2025,03,17,10,41,臺中市,潭子區,0,0,0,7,,,30,,,,,,,,,,,,,,,,,,,B03,,,1,,2,,,84,84,1,13,4,120.701546,24.214672,3
6392,66000,387130000C,(04)23274275,(04)23288582,2025,03,17,10,44,臺中市,大里區,0,1,0,7,2,6,50,13,9,1,5,4,6,6,4,4,9,4,4,1,16,3,10,3,1,B03,7,11,1,8,2,4,,45,45,1,6,4,120.66313,24.096781,2
6393,66000,387130000C,(04)23274275,(04)23288582,2025,03,17,10,45,臺中市,大甲區,0,0,0,7,,,50,,,,,,,,,,,,,,13,,,,,B03,,,1,,2,,,78,78,1,6,4,120.617389,24.346538,3
6394,66000,387130000C,(04)23274275,(04)23288582,2025,03,17,10,47,臺中市,西屯區,0,0,0,7,2,6,60,4,1,1,5,4,6,6,2,1,1,4,1,2,12,,,,,B03,,,1,,1,,,38,38,1,13,4,120.649812,24.162696,3
6395,66000,387130000C,(04)23274275,(04)23288582,2025,03,17,10,48,臺中市,北屯區,0,0,0,7,,,50,,,,,,,,,,,,,,13,,,,,B03,,,1,,1,,,7,7,1,13,4,120.720605,24.17531,3
6396,66000,387130000C,(04)23274275,(04)23288582,2025,03,17,10,52,臺中市,豐原區,0,1,0,6,3,6,30,13,9,1,5,4,6,6,4,4,10,5,5,1,2,3,10,3,1,B03,7,9,1,8,2,5,,58,58,1,13,4,120.71734,24.249895,2
6397,66000,387130000C,(04)23274275,(04)23288582,2025,03,17,10,54,臺中市,沙鹿區,0,1,0,7,2,6,40,3,4,1,5,4,6,6,1,1,1,2,4,2,12,3,10,2,1,C03,7,9,1,10,2,14,,8,8,1,6,4,120.557652,24.225168,2
6398,66000,387130000C,(04)23274275,(04)23288582,2025,03,17,10,55,臺中市,西屯區,0,2,0,7,3,6,50,4,1,1,5,4,6,6,2,1,10,5,5,2,16,2,9,1,1,C03,7,6,1,10,2,14,,11,11,1,13,4,120.657575,24.167808,2
6399,66000,387130000C,(04)23274275,(04)23288582,2025,03,17,11,0,臺中市,西區,0,0,0,7,,,50,,,,,,,,,,,,,,,,,,,,,,,,,,,119,119,1,,,120.657376,24.147777,3
6400,66000,387130000C,(04)23274275,(04)23288582,2025,03,17,11,3,臺中市,豐原區,0,2,0,6,2,6,50,5,1,1,5,4,6,6,1,1,5,4,4,1,16,2,9,1,1,C03,7,9,1,10,2,12,,39,39,1,13,4,120.715365,24.24817,2
6401,66000,387130000C,(04)23274275,(04)23288582,2025,03,17,11,12,臺中市,豐原區,0,1,0,6,3,6,50,5,1,1,5,4,6,6,1,1,10,5,5,2,17,3,10,3,1,B03,7,6,3,19,2,5,,11,11,1,13,4,120.703301,24.242789,2
6402,66000,387130000C,(04)23274275,(04)23288582,2025,03,17,11,18,臺中市,龍井區,0,0,0,6,,,60,,,,,,,,,,,,,,,,,,,B03,,,1,,1,,,40,40,1,6,4,120.532985,24.220736,3
6403,66000,387130000C,(04)23274275,(04)23288582,2025,03,17,11,23,臺中市,西屯區,0,1,0,7,2,6,50,3,1,1,5,4,6,6,4,4,10,5,5,2,16,3,10,5,4,B01,7,11,1,8,2,4,,45,45,1,12,4,120.645479,24.172883,2
6404,66000,387130000C,(04)23274275,(04)23288582,2025,03,17,11,23,臺中市,龍井區,0,1,0,6,3,6,40,4,2,1,5,4,6,6,2,1,10,5,5,2,13,3,10,3,1,A12,7,9,1,7,2,2,,90,90,1,6,4,120.521797,24.216549,2
6405,66000,387130000C,(04)23274275,(04)23288582,2025,03,17,11,26,臺中市,龍井區,0,0,0,7,,,50,,,,,,,,,,,,,,,,,,,A11,,,1,,1,,,84,84,1,6,4,120.523599,24.19932,3
6406,66000,387130000C,(04)23274275,(04)23288582,2025,03,17,11,28,臺中市,南區,0,3,0,6,2,6,50,13,9,1,5,4,6,6,4,4,9,4,4,1,18,2,9,2,1,C03,7,5,1,10,2,12,,84,84,1,13,4,120.651312,24.119559,2
6407,66000,387130000C,(04)23274275,(04)23288582,2025,03,17,11,28,臺中市,南屯區,0,0,0,7,,,50,,,,,,,,,,,,,,,,,,,B03,,,1,,1,,,7,7,1,12,4,120.654549,24.129287,3
6408,66000,387130000C,(04)23274275,(04)23288582,2025,03,17,11,28,臺中市,北屯區,0,0,0,7,,,50,,,,,,,,,,,,,,13,,,,,C03,,,1,,2,,,7,7,1,6,4,120.721597,24.162567,4
6409,66000,387130000C,(04)23274275,(04)23288582,2025,03,17,11,30,臺中市,大雅區,0,0,0,7,,,50,,,,,,,,,,,,,,,,,,,B12,,,1,,2,,,84,84,1,13,4,120.62109,24.210583,3
6410,66000,387130000C,(04)23274275,(04)23288582,2025,03,17,11,30,臺中市,神岡區,0,0,0,6,,,30,,,,,,,,,,,,,,2,,,,,C03,,,1,,2,,,59,59,1,12,4,120.711296,24.262112,3
6411,66000,387130000C,(04)23274275,(04)23288582,2025,03,17,11,34,臺中市,北區,0,0,0,7,,,50,,,,,,,,,,,,,,13,,,,,B03,,,1,,1,,,59,59,1,13,4,120.683286,24.162886,3
6412,66000,387130000C,(04)23274275,(04)23288582,2025,03,17,11,38,臺中市,梧棲區,0,1,0,7,3,6,50,13,9,1,5,4,6,6,4,4,5,5,5,1,13,2,9,1,1,C03,7,9,1,10,2,11,,7,7,1,6,4,120.53797,24.255274,2
6413,66000,387130000C,(04)23274275,(04)23288582,2025,03,17,11,41,臺中市,沙鹿區,0,1,0,6,2,6,30,4,1,1,5,4,6,6,4,4,10,5,5,2,15,2,9,1,1,C03,7,9,1,10,2,11,,12,12,1,13,4,120.570262,24.230251,2
6414,66000,387130000C,(04)23274275,(04)23288582,2025,03,17,11,45,臺中市,南屯區,0,1,0,7,3,6,50,13,9,1,5,4,6,6,4,4,9,5,5,2,12,3,10,3,1,B03,7,9,1,8,2,8,,7,7,1,12,4,120.643459,24.138426,2
6415,66000,387130000C,(04)23274275,(04)23288582,2025,03,17,11,46,臺中市,中區,0,2,0,5,2,6,50,13,9,1,4,4,6,6,4,4,10,4,5,1,3,2,9,2,1,C03,7,9,1,10,2,11,,4,4,1,13,4,120.680809,24.14267,2
6416,66000,387130000C,(04)23274275,(04)23288582,2025,03,17,11,46,臺中市,神岡區,0,1,0,7,2,6,40,13,9,1,5,4,6,6,4,4,9,5,5,2,17,3,10,5,4,B03,7,15,1,10,2,8,,76,76,1,13,4,120.656032,24.278135,2
6417,66000,387130000C,(04)23274275,(04)23288582,2025,03,17,11,51,臺中市,西區,0,0,0,7,,,50,,,,,,,,,,,,,,17,,,,,B03,,,1,,1,,,8,8,1,12,4,120.651753,24.146657,3
6418,66000,387130000C,(04)23274275,(04)23288582,2025,03,17,11,51,臺中市,太平區,0,1,0,7,2,6,50,3,1,1,5,4,6,6,4,4,5,5,4,1,16,3,10,3,1,B03,7,6,1,8,2,6,,48,48,1,12,4,120.715296,24.147329,2
6419,66000,387130000C,(04)23274275,(04)23288582,2025,03,17,11,58,臺中市,南屯區,0,0,0,7,,,50,,,,,,,,,,,,,,16,,,,,A11,,,1,,1,,,40,40,1,12,4,120.628385,24.14805,3
6420,66000,387130000C,(04)23274275,(04)23288582,2025,03,17,11,59,臺中市,東區,0,1,0,7,2,6,50,4,2,1,5,4,6,6,4,4,10,5,5,2,17,2,9,2,1,C03,7,1,1,10,2,12,,51,51,1,12,4,120.691312,24.147509,2
6421,66000,387130000C,(04)23274275,(04)23288582,2025,03,17,12,1,臺中市,北屯區,0,1,0,7,3,6,50,4,1,1,5,4,6,6,2,1,10,5,5,2,16,3,10,3,1,B03,7,6,1,8,2,8,,11,11,1,12,4,120.676132,24.195406,2
6422,66000,387130000C,(04)23274275,(04)23288582,2025,03,17,12,10,臺中市,和平區,0,0,0,5,,,25,,,,,,,,,,,,,,11,,,,,A04,,,1,,2,,,41,41,1,6,4,120.934913,24.2459,3
6423,66000,387130000C,(04)23274275,(04)23288582,2025,03,17,12,14,臺中市,北區,0,0,0,7,,,50,,,,,,,,,,,,,,13,,,,,A11,,,1,,1,,,84,84,1,13,4,120.67666,24.156026,3
6424,66000,387130000C,(04)23274275,(04)23288582,2025,03,17,12,14,臺中市,霧峰區,0,1,0,7,2,6,40,13,9,1,5,4,6,6,1,1,5,5,5,1,18,2,9,2,1,C03,7,9,1,10,2,14,,84,84,1,13,4,120.703506,24.070902,2
6425,66000,387130000C,(04)23274275,(04)23288582,2025,03,17,12,17,臺中市,大里區,0,0,0,6,,,50,,,,,,,,,,,,,,17,,,,,B03,,,1,,1,,,7,7,1,12,4,120.693854,24.100324,3
6426,66000,387130000C,(04)23274275,(04)23288582,2025,03,17,12,20,臺中市,西區,0,0,0,7,,,50,,,,,,,,,,,,,,,,,,,B12,,,1,,1,,,49,49,1,6,4,120.671704,24.147112,3
6427,66000,387130000C,(04)23274275,(04)23288582,2025,03,17,12,30,臺中市,北區,0,0,0,7,,,50,,,,,,,,,,,,,,13,,,,,B03,,,1,,1,,,59,59,1,12,4,120.677156,24.150952,3
6428,66000,387130000C,(04)23274275,(04)23288582,2025,03,17,12,33,臺中市,北屯區,0,1,0,6,2,6,50,13,7,1,5,4,6,6,4,4,9,5,4,2,16,3,10,3,1,B03,7,11,1,8,2,5,,34,34,1,6,4,120.689213,24.180823,2
6429,66000,387130000C,(04)23274275,(04)23288582,2025,03,17,12,36,臺中市,西區,0,0,0,6,,,50,,,,,,,,,,,,,,,,,,,B02,,,1,,1,,,7,7,1,12,4,120.663507,24.154787,3
6430,66000,387130000C,(04)23274275,(04)23288582,2025,03,17,12,36,臺中市,西區,0,0,0,7,,,50,,,,,,,,,,,,,,,,,,,B03,,,1,,2,,,49,49,1,12,4,120.665242,24.151721,3
6431,66000,387130000C,(04)23274275,(04)23288582,2025,03,17,12,41,臺中市,西屯區,0,1,0,6,2,6,50,13,7,1,5,4,6,6,4,4,4,3,4,1,12,3,10,3,4,B03,7,8,1,8,2,4,,40,40,1,12,4,120.642831,24.160435,2
6432,66000,387130000C,(04)23274275,(04)23288582,2025,03,17,12,45,臺中市,霧峰區,0,1,0,7,2,6,50,4,1,1,5,4,6,6,4,4,10,5,5,2,18,2,9,2,1,C03,7,9,1,10,9,12,,84,84,1,6,4,120.699535,24.070142,2
6433,66000,387130000C,(04)23274275,(04)23288582,2025,03,17,12,48,臺中市,后里區,0,2,0,7,2,6,30,5,1,1,5,4,6,6,3,1,10,5,5,2,16,2,9,2,1,C03,7,6,1,10,2,14,,26,26,1,12,4,120.711704,24.303049,2
6434,66000,387130000C,(04)23274275,(04)23288582,2025,03,17,12,50,臺中市,大肚區,0,0,0,6,,,50,,,,,,,,,,,,,,,,,,,B03,,,1,,2,,,7,7,1,6,4,120.568308,24.12193,3
6435,66000,387130000C,(04)23274275,(04)23288582,2025,03,17,12,53,臺中市,北屯區,0,1,0,7,1,6,40,13,8,1,5,4,6,6,4,4,1,2,1,1,13,3,10,5,4,B03,7,9,1,8,2,5,,84,84,1,13,4,120.723325,24.162141,2
6436,66000,387130000C,(04)23274275,(04)23288582,2025,03,17,12,54,臺中市,西區,0,2,0,7,2,6,50,13,9,1,5,4,6,6,4,4,5,5,4,1,16,2,9,2,1,C03,7,1,1,10,2,14,,51,51,1,13,4,120.654507,24.153503,2
6437,66000,387130000C,(04)23274275,(04)23288582,2025,03,17,12,54,臺中市,北屯區,0,0,0,7,,,30,,,,,,,,,,,,,,2,,,,,B01,,,1,,2,,,58,58,1,6,4,120.695404,24.168205,4
6438,66000,387130000C,(04)23274275,(04)23288582,2025,03,17,13,0,臺中市,北區,0,1,0,7,2,6,50,5,1,1,5,4,6,6,1,1,10,5,5,2,17,3,10,5,4,B03,7,6,1,8,2,1,,11,11,1,12,4,120.668095,24.162861,2
6439,66000,387130000C,(04)23274275,(04)23288582,2025,03,17,13,1,臺中市,西屯區,0,0,0,7,,,30,,,,,,,,,,,,,,15,,,,,B03,,,1,,2,,,6,6,1,13,4,120.616318,24.184369,3
6440,66000,387130000C,(04)23274275,(04)23288582,2025,03,17,13,3,臺中市,太平區,0,0,0,6,,,30,,,,,,,,,,,,,,12,,,,,A11,,,1,,2,,,84,84,1,12,4,120.706794,24.111827,3
6441,66000,387130000C,(04)23274275,(04)23288582,2025,03,17,13,4,臺中市,大里區,0,2,0,7,2,6,50,3,2,1,5,4,6,6,4,4,4,3,5,1,17,2,9,1,1,C03,7,6,1,10,2,14,,11,11,1,6,4,120.697456,24.0968,2
6442,66000,387130000C,(04)23274275,(04)23288582,2025,03,17,13,6,臺中市,烏日區,0,0,0,7,3,6,30,13,9,1,5,4,6,6,4,4,10,5,5,2,11,3,10,1,1,C03,7,9,1,10,2,11,12,84,84,1,6,4,120.600478,24.109969,3
6443,66000,387130000C,(04)23274275,(04)23288582,2025,03,17,13,16,臺中市,北區,0,0,0,7,,,40,,,,,,,,,,,,,,14,,,,,B03,,,1,,2,,,49,49,1,13,4,120.675906,24.170372,3
6444,66000,387130000C,(04)23274275,(04)23288582,2025,03,17,13,21,臺中市,南區,0,1,0,7,2,6,50,4,1,1,5,4,6,6,1,1,10,5,5,2,16,3,10,3,1,B03,7,6,1,8,2,5,,48,48,1,6,4,120.679406,24.124245,2
6445,66000,387130000C,(04)23274275,(04)23288582,2025,03,17,13,23,臺中市,西屯區,0,0,0,7,,,40,,,,,,,,,,,,,,13,,,,,B03,,,1,,2,,,56,56,1,13,4,120.657215,24.15916,3
6446,66000,387130000C,(04)23274275,(04)23288582,2025,03,17,13,24,臺中市,烏日區,0,0,0,7,2,6,50,3,1,1,5,4,6,6,1,1,1,4,1,2,23,3,10,3,1,A02,7,5,1,2,2,2,,8,8,1,6,4,120.610802,24.11377,3
6447,66000,387130000C,(04)23274275,(04)23288582,2025,03,17,13,26,臺中市,神岡區,0,0,0,6,,,30,,,,,,,,,,,,,,27,,,,,A12,,,1,,2,,,82,82,1,12,4,120.684605,24.240764,3
6448,66000,387130000C,(04)23274275,(04)23288582,2025,03,17,13,40,臺中市,南屯區,0,1,0,6,2,6,50,3,1,1,4,4,6,6,4,4,2,4,4,2,12,3,10,3,1,B03,7,5,1,8,2,2,,84,84,1,12,4,120.625301,24.148961,2
6449,66000,387130000C,(04)23274275,(04)23288582,2025,03,17,13,42,臺中市,南區,0,3,0,7,2,6,50,3,1,1,5,4,6,6,4,4,5,4,5,2,16,2,9,2,1,C03,7,6,1,10,2,11,,14,14,1,13,4,120.663409,24.125084,2
6450,66000,387130000C,(04)23274275,(04)23288582,2025,03,17,13,43,臺中市,龍井區,0,1,0,6,3,6,30,4,1,1,5,4,6,6,4,4,10,5,5,2,16,3,10,3,1,B03,7,6,1,8,2,16,,85,85,1,6,4,120.546774,24.196617,2
6451,66000,387130000C,(04)23274275,(04)23288582,2025,03,17,13,52,臺中市,西屯區,0,1,0,7,2,6,50,13,9,1,5,4,6,6,4,4,5,4,5,2,17,2,9,5,4,C03,7,9,1,10,2,14,,59,59,1,12,4,120.62016,24.18297,2
6452,66000,387130000C,(04)23274275,(04)23288582,2025,03,17,13,58,臺中市,沙鹿區,0,1,0,7,2,6,50,4,1,1,5,4,6,6,2,1,10,5,5,2,16,3,10,3,1,B03,7,5,1,7,2,6,,47,47,1,7,4,120.560769,24.240669,2
6453,66000,387130000C,(04)23274275,(04)23288582,2025,03,17,14,4,臺中市,潭子區,0,0,0,7,,,50,,,,,,,,,,,,,,,,,,,B12,,,1,,2,,,49,49,1,13,4,120.720723,24.213923,3
6454,66000,387130000C,(04)23274275,(04)23288582,2025,03,17,14,10,臺中市,西屯區,0,1,0,7,2,6,50,3,1,1,5,4,6,6,4,4,10,5,5,2,16,3,10,5,4,B12,7,5,1,8,2,5,,14,14,1,13,4,120.638325,24.169474,2
6455,66000,387130000C,(04)23274275,(04)23288582,2025,03,17,14,12,臺中市,西區,0,1,0,7,2,6,50,4,1,1,5,4,6,6,1,1,10,5,5,2,18,2,9,1,1,C03,7,12,1,10,2,16,,84,84,1,12,4,120.662411,24.155421,2
6456,66000,387130000C,(04)23274275,(04)23288582,2025,03,17,14,16,臺中市,北屯區,0,0,0,7,,,50,,,,,,,,,,,,,,12,,,,,B03,,,1,,1,,,84,84,1,12,4,120.675558,24.174496,3
6457,66000,387130000C,(04)23274275,(04)23288582,2025,03,17,14,17,臺中市,外埔區,0,0,0,6,2,6,50,4,1,1,5,4,6,6,1,1,5,4,4,1,21,3,10,3,1,A11,7,9,1,2,2,6,,8,8,1,12,4,120.637346,24.341636,3
6458,66000,387130000C,(04)23274275,(04)23288582,2025,03,17,14,18,臺中市,西區,0,0,0,7,,,50,,,,,,,,,,,,,,,,,,,C03,,,1,,2,,,51,51,1,12,4,120.666807,24.150478,3
6459,66000,387130000C,(04)23274275,(04)23288582,2025,03,17,14,19,臺中市,清水區,0,2,0,6,3,6,50,13,8,1,5,4,6,6,4,4,1,4,4,2,17,2,8,2,1,C03,7,15,1,10,2,13,,20,20,1,12,4,120.560635,24.26554,2
6460,66000,387130000C,(04)23274275,(04)23288582,2025,03,17,14,22,臺中市,大里區,0,0,0,6,2,6,50,3,1,1,4,4,6,6,4,4,5,5,5,1,14,,,,,B12,,,1,,2,,,49,49,1,13,4,120.690842,24.107826,3
6461,66000,387130000C,(04)23274275,(04)23288582,2025,03,17,14,22,臺中市,烏日區,0,0,0,7,,,50,,,,,,,,,,,,,,12,,,,,B12,,,1,,2,,,7,7,1,6,4,120.643466,24.079504,3
6462,66000,387130000C,(04)23274275,(04)23288582,2025,03,17,14,35,臺中市,太平區,0,0,0,7,,,50,,,,,,,,,,,,,,14,,,,,B03,,,1,,1,,,49,49,1,12,4,120.70605,24.117108,3
6463,66000,387130000C,(04)23274275,(04)23288582,2025,03,17,14,38,臺中市,潭子區,0,0,0,7,,,50,,,,,,,,,,,,,,,,,,,C03,,,3,,9,,,59,59,1,12,4,120.70064,24.208438,3
6464,66000,387130000C,(04)23274275,(04)23288582,2025,03,17,14,50,臺中市,豐原區,0,0,0,7,,,50,,,,,,,,,,,,,,20,,,,,B13,,,1,,2,,,84,84,1,13,4,120.721926,24.277788,3
6465,66000,387130000C,(04)23274275,(04)23288582,2025,03,17,14,52,臺中市,太平區,0,0,0,7,,,50,,,,,,,,,,,,,,13,,,,,C03,,,3,,2,,,7,7,1,12,4,120.715107,24.127114,3
6466,66000,387130000C,(04)23274275,(04)23288582,2025,03,17,14,57,臺中市,大肚區,0,0,0,6,,,30,,,,,,,,,,,,,,,,,,,A41,,,1,,2,,,8,8,1,6,4,120.578225,24.111955,3
6467,66000,387130000C,(04)23274275,(04)23288582,2025,03,17,14,58,臺中市,西屯區,0,2,0,7,2,6,40,13,9,1,5,4,6,6,4,4,3,4,4,2,13,2,8,2,4,C03,7,9,1,10,2,11,,7,7,1,13,4,120.615207,24.182935,2
6468,66000,387130000C,(04)23274275,(04)23288582,2025,03,17,15,2,臺中市,北屯區,0,1,0,7,2,6,50,4,1,1,5,4,6,6,2,1,10,5,5,2,16,3,10,3,1,B03,7,5,1,8,2,5,,85,85,1,12,4,120.703969,24.182199,2
6469,66000,387130000C,(04)23274275,(04)23288582,2025,03,17,15,5,臺中市,南區,0,0,0,7,,,50,,,,,,,,,,,,,,18,,,,,C03,,,1,,1,,,85,85,1,12,4,120.660102,24.124382,4
6470,66000,387130000C,(04)23274275,(04)23288582,2025,03,17,15,5,臺中市,東勢區,0,1,0,7,2,6,40,13,8,1,5,4,6,6,4,4,1,4,4,1,13,3,10,5,4,C03,7,9,1,10,2,11,,7,7,1,13,4,120.825838,24.254363,2
6471,66000,387130000C,(04)23274275,(04)23288582,2025,03,17,15,9,臺中市,西區,0,0,0,7,,,50,,,,,,,,,,,,,,,,,,,B03,,,1,,2,,,84,84,1,12,4,120.668365,24.129905,3
6472,66000,387130000C,(04)23274275,(04)23288582,2025,03,17,15,10,臺中市,南屯區,0,0,0,7,,,50,,,,,,,,,,,,,,11,,,,,B03,,,1,,1,,,25,25,1,12,4,120.641686,24.146869,3
6473,66000,387130000C,(04)23274275,(04)23288582,2025,03,17,15,12,臺中市,烏日區,0,1,0,7,2,6,30,13,9,1,5,4,6,6,4,4,10,5,5,2,17,2,9,5,4,A11,7,14,1,2,2,3,,76,76,1,12,4,120.645408,24.06079,2
6474,66000,387130000C,(04)23274275,(04)23288582,2025,03,17,15,18,臺中市,沙鹿區,0,0,0,6,,,50,,,,,,,,,,,,,,,,,,,B03,,,1,,2,,,49,49,1,13,4,120.558442,24.233908,3
6475,66000,387130000C,(04)23274275,(04)23288582,2025,03,17,15,20,臺中市,大安區,0,1,0,7,2,6,50,11,9,1,5,4,6,6,4,4,5,5,5,1,19,2,9,2,1,C03,7,9,3,19,2,11,,59,59,1,6,4,120.589522,24.383678,2
6476,66000,387130000C,(04)23274275,(04)23288582,2025,03,17,15,22,臺中市,太平區,0,1,0,6,2,6,40,13,8,1,5,4,6,6,1,1,1,4,1,2,13,2,8,2,1,C03,7,9,1,10,2,14,,7,7,1,12,4,120.714975,24.151264,2
6477,66000,387130000C,(04)23274275,(04)23288582,2025,03,17,15,23,臺中市,霧峰區,0,0,0,7,,,50,,,,,,,,,,,,,,17,,,,,C03,,,1,,1,,,7,7,1,6,4,120.715184,24.074152,3
6478,66000,387130000C,(04)23274275,(04)23288582,2025,03,17,15,27,臺中市,北區,0,0,0,7,,,50,,,,,,,,,,,,,,17,,,,,C03,,,1,,1,,,58,58,1,13,4,120.673113,24.166755,3
6479,66000,387130000C,(04)23274275,(04)23288582,2025,03,17,15,30,臺中市,清水區,0,0,0,7,,,30,,,,,,,,,,,,,,25,,,,,B03,,,1,,2,,,49,49,1,12,4,120.575017,24.268585,3
6480,66000,387130000C,(04)23274275,(04)23288582,2025,03,17,15,30,臺中市,沙鹿區,0,0,0,7,,,50,,,,,,,,,,,,,,17,,,,,B03,,,1,,2,,,45,45,1,12,4,120.563075,24.237116,3
6481,66000,387130000C,(04)23274275,(04)23288582,2025,03,17,15,34,臺中市,大安區,0,0,0,7,,,30,,,,,,,,,,,,,,,,,,,B03,,,1,,1,,,49,49,1,6,4,120.586703,24.346027,3
6482,66000,387130000C,(04)23274275,(04)23288582,2025,03,17,15,38,臺中市,中區,0,1,0,7,2,6,50,13,9,1,5,4,6,6,4,4,5,5,5,1,8,3,10,3,1,B03,7,1,1,8,2,1,,51,51,1,13,4,120.677538,24.144681,2
6483,66000,387130000C,(04)23274275,(04)23288582,2025,03,17,15,38,臺中市,沙鹿區,0,0,0,7,,,50,,,,,,,,,,,,,,14,,,,,B03,,,3,,2,,,49,49,1,6,4,120.573688,24.204872,3
6484,66000,387130000C,(04)23274275,(04)23288582,2025,03,17,15,39,臺中市,梧棲區,0,0,0,7,,,50,,,,,,,,,,,,,,17,,,,,B03,,,1,,2,,,84,84,1,6,4,120.531478,24.264808,3
6485,66000,387130000C,(04)23274275,(04)23288582,2025,03,17,15,40,臺中市,西屯區,0,1,0,7,2,6,50,4,1,1,5,4,6,6,1,1,10,5,5,2,17,3,10,1,4,C03,7,7,1,10,2,13,,84,84,1,13,4,120.661043,24.171538,2
6486,66000,387130000C,(04)23274275,(04)23288582,2025,03,17,15,42,臺中市,烏日區,0,0,0,7,2,6,60,13,7,1,5,4,6,6,1,1,1,4,4,1,13,3,10,3,1,B03,7,15,1,8,1,3,,69,69,1,6,4,120.612912,24.107065,3
6487,66000,387130000C,(04)23274275,(04)23288582,2025,03,17,15,45,臺中市,北屯區,0,0,0,7,,,50,,,,,,,,,,,,,,,,,,,B03,,,1,,1,,,76,76,1,12,4,120.695791,24.187472,3
6488,66000,387130000C,(04)23274275,(04)23288582,2025,03,17,15,49,臺中市,西區,0,0,0,7,,,50,,,,,,,,,,,,,,11,,,,,B03,,,1,,2,,,77,77,1,12,4,120.660028,24.146461,3
6489,66000,387130000C,(04)23274275,(04)23288582,2025,03,17,15,52,臺中市,北屯區,0,0,0,7,,,50,,,,,,,,,,,,,,17,,,,,B03,,,1,,1,,,59,59,1,12,4,120.692303,24.202489,4