﻿序號,縣市別代碼,機關代碼,市話,傳真,年,月,日,時,分,縣市,區,死亡數量,受傷數量,2-30,天候,道路照明設備,道路類別,道路速限,道路型態,事故位置,路面鋪裝,路面狀態,路面缺陷,障礙物,視距,號誌種類,號誌動作,分向設施,快車道或一般車道間,快慢車道間,路面邊線,事故類型及型態,受傷程度,主要傷處,保護裝備,行動電話或功能裝置,當事者區分_類別,車輛用途,當事者行動狀態,駕照狀態,駕照種類,飲酒情形,車輛撞擊部位最初,車輛撞擊部位其他,肇事因素個別,肇事因素主要,肇事逃逸,職業,共享經濟或外送平台,GPS座標X,GPS座標Y,事故類別
6490,66000,387130000C,(04)23274275,(04)23288582,2025,03,17,15,54,臺中市,西屯區,0,0,0,7,,,50,,,,,,,,,,,,,,12,,,,,C03,,,1,,1,,,58,58,1,13,4,120.642945,24.18487,3
6491,66000,387130000C,(04)23274275,(04)23288582,2025,03,17,15,57,臺中市,沙鹿區,0,0,0,7,,,50,,,,,,,,,,,,,,,,,,,B12,,,1,,1,,,84,84,1,13,4,120.575863,24.224537,3
6492,66000,387130000C,(04)23274275,(04)23288582,2025,03,17,15,58,臺中市,北區,0,1,0,7,2,6,50,4,2,1,5,4,1,6,1,1,1,4,4,2,18,2,9,1,1,C03,7,5,1,10,2,12,,84,84,1,12,4,120.684926,24.160367,2
6493,66000,387130000C,(04)23274275,(04)23288582,2025,03,17,15,58,臺中市,南屯區,0,0,0,6,,,60,,,,,,,,,,,,,,12,,,,,B03,,,5,,2,,,40,40,1,12,4,120.631532,24.12534,3
6494,66000,387130000C,(04)23274275,(04)23288582,2025,03,17,16,4,臺中市,西區,0,0,0,7,,,50,,,,,,,,,,,,,,,,,,,C03,,,1,,1,,,51,51,1,5,4,120.668081,24.139848,3
6495,66000,387130000C,(04)23274275,(04)23288582,2025,03,17,16,4,臺中市,太平區,0,0,0,7,,,40,,,,,,,,,,,,,,,,,,,B13,,,1,,1,,,84,84,1,12,4,120.708038,24.15918,3
6496,66000,387130000C,(04)23274275,(04)23288582,2025,03,17,16,6,臺中市,北屯區,0,0,0,7,,,30,,,,,,,,,,,,,,13,,,,,B12,,,1,,1,,,84,84,1,6,4,120.720204,24.162965,3
6497,66000,387130000C,(04)23274275,(04)23288582,2025,03,17,16,6,臺中市,北屯區,0,1,0,7,2,6,40,13,8,1,5,4,6,6,4,4,1,4,4,2,18,2,9,2,1,C03,7,9,1,10,2,14,,58,58,1,6,4,120.682575,24.186208,2
6498,66000,387130000C,(04)23274275,(04)23288582,2025,03,17,16,7,臺中市,北區,0,0,0,7,,,50,,,,,,,,,,,,,,,,,,,B03,,,1,,1,,,14,14,1,13,4,120.673004,24.167469,3
6499,66000,387130000C,(04)23274275,(04)23288582,2025,03,17,16,9,臺中市,西區,0,2,0,6,2,6,50,4,1,1,5,4,6,6,1,1,10,5,5,2,13,2,9,1,1,C03,7,9,1,10,2,11,,7,7,1,12,4,120.660888,24.146695,2
6500,66000,387130000C,(04)23274275,(04)23288582,2025,03,17,16,11,臺中市,大雅區,0,1,0,7,3,6,50,4,1,1,5,4,6,6,3,1,10,5,5,2,17,2,8,2,1,C03,7,6,1,10,2,11,,11,11,1,12,4,120.648807,24.229416,2
6501,66000,387130000C,(04)23274275,(04)23288582,2025,03,17,16,15,臺中市,后里區,0,2,0,7,3,6,50,4,1,1,5,4,6,6,1,1,10,5,5,2,16,3,10,3,1,B03,7,11,1,8,2,5,,23,23,1,12,4,120.689226,24.314617,2
6502,66000,387130000C,(04)23274275,(04)23288582,2025,03,17,16,32,臺中市,西區,0,1,0,7,2,6,50,4,2,1,5,4,6,6,4,4,1,4,4,1,16,3,10,3,1,B03,7,6,1,8,2,6,,14,14,1,13,4,120.669002,24.143309,2
6503,66000,387130000C,(04)23274275,(04)23288582,2025,03,17,16,33,臺中市,西區,0,2,0,7,1,6,50,4,1,1,5,4,6,6,1,1,10,5,5,1,17,2,9,5,4,C03,7,9,1,10,7,12,,53,53,1,12,4,120.669797,24.149014,2
6504,66000,387130000C,(04)23274275,(04)23288582,2025,03,17,16,34,臺中市,西屯區,0,3,0,7,1,6,50,3,1,1,5,4,6,6,4,4,10,5,5,2,16,2,9,1,1,C03,7,6,1,10,2,11,,14,14,1,12,4,120.646543,24.171315,2
6505,66000,387130000C,(04)23274275,(04)23288582,2025,03,17,16,35,臺中市,東區,0,0,0,7,,,50,,,,,,,,,,,,,,,,,,,B03,,,1,,1,,,7,7,1,12,4,120.695262,24.124727,3
6506,66000,387130000C,(04)23274275,(04)23288582,2025,03,17,16,35,臺中市,西屯區,0,1,0,7,2,6,50,3,1,1,5,4,6,6,1,1,1,4,5,2,12,3,10,3,1,B12,7,8,1,8,2,7,,40,40,1,12,4,120.654038,24.167953,2
6507,66000,387130000C,(04)23274275,(04)23288582,2025,03,17,16,40,臺中市,北屯區,0,0,0,7,,,50,,,,,,,,,,,,,,17,,,,,C03,,,1,,1,,,37,37,1,12,4,120.701754,24.1831,3
6508,66000,387130000C,(04)23274275,(04)23288582,2025,03,17,16,42,臺中市,南區,0,0,0,7,,,50,,,,,,,,,,,,,,,,,,,B03,,,1,,1,,,8,8,1,12,4,120.666308,24.116898,3
6509,66000,387130000C,(04)23274275,(04)23288582,2025,03,17,16,43,臺中市,太平區,0,0,0,7,,,30,,,,,,,,,,,,,,17,,,,,B12,,,1,,9,,,84,84,1,12,4,120.727816,24.150622,3
6510,66000,387130000C,(04)23274275,(04)23288582,2025,03,17,16,46,臺中市,西屯區,0,0,0,7,,,40,,,,,,,,,,,,,,,,,,,B03,,,1,,1,,,59,59,1,13,4,120.657872,24.158294,3
6511,66000,387130000C,(04)23274275,(04)23288582,2025,03,17,16,50,臺中市,北區,0,0,0,7,3,9,,18,24,1,5,4,6,6,4,4,10,5,5,2,17,,,,,,,,,,,,,119,119,1,,,120.685238,24.16221,3
6512,66000,387130000C,(04)23274275,(04)23288582,2025,03,17,17,0,臺中市,西屯區,0,1,0,7,2,6,40,3,1,1,5,4,6,6,2,1,10,5,5,2,18,2,8,2,1,C03,7,9,1,10,2,16,,7,7,1,12,4,120.602633,24.182917,2
6513,66000,387130000C,(04)23274275,(04)23288582,2025,03,17,17,0,臺中市,龍井區,0,0,0,7,,,50,,,,,,,,,,,,,,,,,,,B03,,,1,,2,,,51,51,1,6,4,120.521505,24.204637,3
6514,66000,387130000C,(04)23274275,(04)23288582,2025,03,17,17,2,臺中市,太平區,0,1,0,7,2,6,50,13,5,1,5,4,6,6,4,4,10,5,5,2,13,2,9,2,1,C03,7,9,1,10,2,12,,7,7,1,12,4,120.73525,24.133706,2
6515,66000,387130000C,(04)23274275,(04)23288582,2025,03,17,17,2,臺中市,大肚區,0,1,0,6,2,6,50,13,9,1,5,4,6,6,4,4,5,4,5,1,17,3,10,1,1,C03,7,1,1,10,2,16,,51,51,1,6,4,120.543735,24.150741,2
6516,66000,387130000C,(04)23274275,(04)23288582,2025,03,17,17,3,臺中市,潭子區,0,0,0,7,,,50,,,,,,,,,,,,,,,,,,,B03,,,1,,2,,,84,84,1,12,4,120.718132,24.197555,3
6517,66000,387130000C,(04)23274275,(04)23288582,2025,03,17,17,4,臺中市,梧棲區,0,2,0,7,3,6,50,4,1,1,5,4,6,6,4,4,10,5,5,2,14,3,10,3,1,B03,7,2,1,8,2,3,,49,49,1,6,4,120.535558,24.252857,2
6518,66000,387130000C,(04)23274275,(04)23288582,2025,03,17,17,7,臺中市,南區,0,0,0,7,,,30,,,,,,,,,,,,,,16,,,,,C03,,,1,,2,,,14,14,1,12,4,120.651775,24.12409,3
6519,66000,387130000C,(04)23274275,(04)23288582,2025,03,17,17,7,臺中市,大里區,0,0,0,6,,,50,,,,,,,,,,,,,,13,,,,,C03,,,1,,2,,,7,7,1,13,4,120.67233,24.114896,3
6520,66000,387130000C,(04)23274275,(04)23288582,2025,03,17,17,7,臺中市,沙鹿區,0,0,0,7,,,30,,,,,,,,,,,,,,,,,,,B03,,,1,,1,,,14,14,1,6,4,120.612776,24.242439,3
6521,66000,387130000C,(04)23274275,(04)23288582,2025,03,17,17,8,臺中市,大里區,0,0,0,7,2,6,40,3,2,1,5,4,6,6,4,4,5,5,4,2,13,,,,,C03,,,1,,2,,,7,7,1,13,4,120.681104,24.109673,3
6522,66000,387130000C,(04)23274275,(04)23288582,2025,03,17,17,11,臺中市,北區,0,1,0,7,2,6,50,3,2,1,5,4,6,6,2,1,10,5,5,2,18,2,9,2,1,C03,7,5,1,10,2,12,,84,84,1,13,4,120.683756,24.14615,2
6523,66000,387130000C,(04)23274275,(04)23288582,2025,03,17,17,12,臺中市,南區,0,0,0,7,,,50,,,,,,,,,,,,,,,,,,,B03,,,1,,2,,,49,49,1,12,4,120.660472,24.11678,3
6524,66000,387130000C,(04)23274275,(04)23288582,2025,03,17,17,12,臺中市,北屯區,0,1,0,7,1,6,50,3,1,1,5,4,6,6,2,1,10,5,5,2,17,2,9,5,4,C03,7,11,3,19,2,14,,45,45,1,13,4,120.72442,24.181214,2
6525,66000,387130000C,(04)23274275,(04)23288582,2025,03,17,17,12,臺中市,龍井區,0,0,0,7,,,60,,,,,,,,,,,,,,,,,,,B03,,,1,,1,,,7,7,1,12,4,120.581398,24.175646,3
6526,66000,387130000C,(04)23274275,(04)23288582,2025,03,17,17,12,臺中市,梧棲區,0,0,0,7,,,70,,,,,,,,,,,,,,17,,,,,B03,,,1,,2,,,76,76,1,6,4,120.556029,24.250598,3
6527,66000,387130000C,(04)23274275,(04)23288582,2025,03,17,17,12,臺中市,豐原區,0,2,0,7,3,6,50,3,1,1,5,4,6,6,1,1,5,5,4,2,13,2,9,1,4,C03,7,9,3,19,2,11,,7,7,1,12,4,120.707269,24.24725,2
6528,66000,387130000C,(04)23274275,(04)23288582,2025,03,17,17,13,臺中市,烏日區,0,0,0,7,,,50,,,,,,,,,,,,,,,,,,,B03,,,1,,1,,,8,8,1,12,4,120.624825,24.105247,3
6529,66000,387130000C,(04)23274275,(04)23288582,2025,03,17,17,16,臺中市,大里區,0,0,0,6,,,50,,,,,,,,,,,,,,17,,,,,B03,,,1,,2,,,51,51,1,13,4,120.682317,24.115266,3
6530,66000,387130000C,(04)23274275,(04)23288582,2025,03,17,17,16,臺中市,太平區,0,1,0,6,2,6,30,4,1,1,5,4,6,6,4,4,10,5,5,2,15,2,9,2,1,C03,7,9,1,10,2,11,,12,12,1,13,4,120.724067,24.142406,2
6531,66000,387130000C,(04)23274275,(04)23288582,2025,03,17,17,16,臺中市,烏日區,0,1,0,7,1,6,50,13,9,1,5,4,6,6,4,4,10,4,5,2,17,3,10,5,4,B03,7,5,1,8,2,5,,47,47,1,12,4,120.617645,24.113703,2
6532,66000,387130000C,(04)23274275,(04)23288582,2025,03,17,17,18,臺中市,西屯區,0,1,0,7,2,6,40,3,8,1,5,4,6,6,4,4,1,3,4,2,16,3,10,5,4,B03,7,5,1,8,2,2,,85,85,1,13,4,120.630673,24.180466,2
6533,66000,387130000C,(04)23274275,(04)23288582,2025,03,17,17,19,臺中市,東區,0,0,0,7,,,50,,,,,,,,,,,,,,,,,,,F01,,,7,,2,,,36,36,1,12,4,120.694323,24.149948,3
6534,66000,387130000C,(04)23274275,(04)23288582,2025,03,17,17,19,臺中市,大里區,0,0,0,6,,,50,,,,,,,,,,,,,,17,,,,,C03,,,1,,2,,,7,7,1,13,4,120.689161,24.093702,3
6535,66000,387130000C,(04)23274275,(04)23288582,2025,03,17,17,20,臺中市,大雅區,0,0,0,7,,,70,,,,,,,,,,,,,,,,,,,B03,,,1,,2,,,40,40,1,12,4,120.631273,24.24055,3
6536,66000,387130000C,(04)23274275,(04)23288582,2025,03,17,17,23,臺中市,北區,0,0,0,7,,,50,,,,,,,,,,,,,,17,,,,,B03,,,1,,1,,,8,8,1,13,4,120.675622,24.153804,3
6537,66000,387130000C,(04)23274275,(04)23288582,2025,03,17,17,23,臺中市,西屯區,0,0,0,7,,,60,,,,,,,,,,,,,,13,,,,,B03,,,1,,1,,,57,57,1,12,4,120.639329,24.158926,3
6538,66000,387130000C,(04)23274275,(04)23288582,2025,03,17,17,23,臺中市,清水區,0,0,0,6,,,60,,,,,,,,,,,,,,,,,,,B03,,,1,,1,,,82,82,1,12,4,120.5528,24.296578,3
6539,66000,387130000C,(04)23274275,(04)23288582,2025,03,17,17,24,臺中市,大里區,0,0,0,7,,,50,,,,,,,,,,,,,,13,,,,,B03,,,1,,1,,,59,59,1,13,4,120.680304,24.074091,3
6540,66000,387130000C,(04)23274275,(04)23288582,2025,03,17,17,25,臺中市,北區,0,0,0,7,,,50,,,,,,,,,,,,,,17,,,,,B03,,,1,,2,,,45,45,1,13,4,120.686552,24.163199,3
6541,66000,387130000C,(04)23274275,(04)23288582,2025,03,17,17,29,臺中市,西區,0,2,0,6,2,6,50,13,9,1,5,4,6,6,4,4,5,4,5,2,17,2,5,2,1,C03,7,15,1,10,2,11,,84,84,1,12,4,120.656361,24.146598,2
6542,66000,387130000C,(04)23274275,(04)23288582,2025,03,17,17,30,臺中市,太平區,0,0,0,7,,,50,,,,,,,,,,,,,,,,,,,C03,,,1,,2,,,7,7,1,5,4,120.733584,24.13458,3
6543,66000,387130000C,(04)23274275,(04)23288582,2025,03,17,17,30,臺中市,烏日區,0,0,0,7,,,30,,,,,,,,,,,,,,25,,,,,B03,,,1,,2,,,58,58,1,6,4,120.640727,24.096919,3
6544,66000,387130000C,(04)23274275,(04)23288582,2025,03,17,17,32,臺中市,東區,0,0,0,7,,,50,,,,,,,,,,,,,,,,,,,A11,,,1,,2,,,49,49,1,6,4,120.709259,24.14461,3
6545,66000,387130000C,(04)23274275,(04)23288582,2025,03,17,17,32,臺中市,北屯區,0,0,0,7,,,50,,,,,,,,,,,,,,,,,,,B03,,,1,,2,,,39,39,1,12,4,120.716409,24.180251,3
6546,66000,387130000C,(04)23274275,(04)23288582,2025,03,17,17,35,臺中市,南屯區,0,0,0,6,,,50,,,,,,,,,,,,,,,,,,,B03,,,1,,2,,,50,50,1,6,4,120.60898,24.136994,3
6547,66000,387130000C,(04)23274275,(04)23288582,2025,03,17,17,35,臺中市,南屯區,0,0,0,7,,,50,,,,,,,,,,,,,,13,,,,,B03,,,1,,1,,,7,7,1,12,4,120.622784,24.142806,3
6548,66000,387130000C,(04)23274275,(04)23288582,2025,03,17,17,36,臺中市,龍井區,0,0,0,7,,,50,,,,,,,,,,,,,,,,,,,B03,,,1,,2,,,59,59,1,6,4,120.517818,24.217902,3
6549,66000,387130000C,(04)23274275,(04)23288582,2025,03,17,17,37,臺中市,南區,0,0,0,7,,,50,,,,,,,,,,,,,,16,,,,,B03,,,1,,1,,,11,11,1,12,4,120.657782,24.108938,3
6550,66000,387130000C,(04)23274275,(04)23288582,2025,03,17,17,39,臺中市,南屯區,0,1,0,7,2,6,50,4,2,1,5,4,6,6,2,1,1,4,4,2,13,3,10,2,1,C03,7,9,1,10,9,11,,7,7,2,12,4,120.633038,24.123694,2
6551,66000,387130000C,(04)23274275,(04)23288582,2025,03,17,17,39,臺中市,外埔區,0,0,0,7,,,50,,,,,,,,,,,,,,,,,,,B03,,,1,,2,,,26,26,1,12,4,120.655764,24.348207,3
6552,66000,387130000C,(04)23274275,(04)23288582,2025,03,17,17,40,臺中市,北區,0,1,0,7,2,6,50,3,2,1,5,4,6,6,4,4,10,5,5,2,13,2,9,1,1,C03,7,9,1,10,1,11,,7,7,1,13,4,120.681428,24.151219,2
6553,66000,387130000C,(04)23274275,(04)23288582,2025,03,17,17,40,臺中市,北屯區,0,2,0,7,1,6,50,4,2,1,5,4,6,6,1,1,10,5,5,2,13,2,9,1,1,C03,7,9,1,10,2,11,,84,84,1,12,4,120.703893,24.164572,2
6554,66000,387130000C,(04)23274275,(04)23288582,2025,03,17,17,41,臺中市,北區,0,0,0,6,,,50,,,,,,,,,,,,,,,,,,,C03,,,3,,2,,,48,48,1,13,4,120.676567,24.160407,3
6555,66000,387130000C,(04)23274275,(04)23288582,2025,03,17,17,41,臺中市,北屯區,0,0,0,7,,,50,,,,,,,,,,,,,,13,,,,,B03,,,1,,1,,,7,7,1,12,4,120.686369,24.203796,3
6556,66000,387130000C,(04)23274275,(04)23288582,2025,03,17,17,42,臺中市,北屯區,0,1,0,7,2,8,40,13,17,1,5,4,6,6,4,4,10,5,5,2,13,3,10,3,1,A11,7,9,1,3,2,1,,84,84,1,12,4,120.722417,24.189348,2
6557,66000,387130000C,(04)23274275,(04)23288582,2025,03,17,17,44,臺中市,北屯區,0,0,0,7,,,50,,,,,,,,,,,,,,,,,,,B03,,,1,,1,,,40,40,1,6,4,120.722518,24.175556,3
6558,66000,387130000C,(04)23274275,(04)23288582,2025,03,17,17,46,臺中市,北屯區,0,1,0,7,1,6,50,4,1,1,5,4,6,6,2,1,10,5,5,2,15,3,10,3,1,B03,7,9,1,7,2,8,,21,21,1,12,4,120.681545,24.171111,2
6559,66000,387130000C,(04)23274275,(04)23288582,2025,03,17,17,46,臺中市,北屯區,0,0,0,7,,,50,,,,,,,,,,,,,,,,,,,C03,,,1,,1,,,84,84,1,13,4,120.708058,24.180151,3
6560,66000,387130000C,(04)23274275,(04)23288582,2025,03,17,17,47,臺中市,太平區,0,0,0,7,,,50,,,,,,,,,,,,,,13,,,,,B03,,,1,,1,,,76,76,1,12,4,120.720954,24.14143,3
6561,66000,387130000C,(04)23274275,(04)23288582,2025,03,17,17,48,臺中市,東區,0,1,0,7,1,6,50,4,2,1,5,4,6,6,1,1,5,5,4,2,13,3,10,1,1,C03,7,9,1,10,2,11,,84,84,1,12,4,120.692483,24.147958,2
6562,66000,387130000C,(04)23274275,(04)23288582,2025,03,17,17,48,臺中市,西屯區,0,0,0,6,,,50,,,,,,,,,,,,,,,,,,,B03,,,1,,1,,,12,12,1,13,4,120.637405,24.173878,4
6563,66000,387130000C,(04)23274275,(04)23288582,2025,03,17,17,49,臺中市,東區,0,1,0,7,1,6,50,4,1,1,5,4,6,6,1,1,9,4,5,2,12,2,9,1,1,C03,7,9,1,10,2,11,14,7,7,1,12,4,120.699214,24.147505,2
6564,66000,387130000C,(04)23274275,(04)23288582,2025,03,17,17,49,臺中市,大肚區,0,0,0,7,,,40,,,,,,,,,,,,,,,,,,,C03,,,1,,2,,,7,7,1,12,4,120.582854,24.172468,3
6565,66000,387130000C,(04)23274275,(04)23288582,2025,03,17,17,53,臺中市,南區,0,0,0,7,,,50,,,,,,,,,,,,,,,,,,,B03,,,1,,1,,,40,40,1,6,4,120.670115,24.113742,3
6566,66000,387130000C,(04)23274275,(04)23288582,2025,03,17,17,53,臺中市,龍井區,0,0,0,7,,,50,,,,,,,,,,,,,,,,,,,C03,,,1,,1,,,8,8,1,12,4,120.592729,24.18187,3
6567,66000,387130000C,(04)23274275,(04)23288582,2025,03,17,17,55,臺中市,西區,0,0,0,7,,,50,,,,,,,,,,,,,,,,,,,B03,,,1,,1,,,84,84,1,12,4,120.660349,24.158096,3
6568,66000,387130000C,(04)23274275,(04)23288582,2025,03,17,17,56,臺中市,南屯區,0,1,0,7,1,6,50,3,2,1,5,4,6,6,4,4,5,4,5,2,17,2,9,1,1,C03,7,5,1,10,2,14,,14,14,1,6,4,120.647115,24.137438,2
6569,66000,387130000C,(04)23274275,(04)23288582,2025,03,17,17,57,臺中市,西區,0,1,0,6,1,6,50,4,1,1,5,4,6,6,1,1,10,5,5,2,16,3,10,3,1,B03,7,5,1,8,2,5,,11,11,1,12,4,120.658894,24.150852,2
6570,66000,387130000C,(04)23274275,(04)23288582,2025,03,17,17,57,臺中市,南屯區,0,0,0,7,,,40,,,,,,,,,,,,,,12,,,,,B03,,,1,,1,,,51,51,1,12,4,120.636427,24.151534,3
6571,66000,387130000C,(04)23274275,(04)23288582,2025,03,17,17,57,臺中市,北屯區,0,1,0,7,1,6,50,3,1,1,5,4,6,6,4,4,10,5,5,2,13,3,10,3,1,B03,7,6,1,8,2,8,,84,84,1,12,4,120.683461,24.181769,2
6572,66000,387130000C,(04)23274275,(04)23288582,2025,03,17,17,59,臺中市,南屯區,0,0,0,7,,,50,,,,,,,,,,,,,,17,,,,,B03,,,1,,1,,,84,84,1,12,4,120.635509,24.150697,3
6573,66000,387130000C,(04)23274275,(04)23288582,2025,03,17,18,0,臺中市,北屯區,0,0,0,7,,,50,,,,,,,,,,,,,,,,,,,B03,,,1,,1,,,49,49,1,6,4,120.722236,24.175398,3
6574,66000,387130000C,(04)23274275,(04)23288582,2025,03,17,18,0,臺中市,豐原區,0,0,0,7,,,50,,,,,,,,,,,,,,17,,,,,B03,,,1,,1,,,51,51,1,13,4,120.720299,24.240128,3
6575,66000,387130000C,(04)23274275,(04)23288582,2025,03,17,18,3,臺中市,西屯區,0,1,0,7,1,6,50,4,1,1,5,4,6,6,1,1,5,5,5,2,17,2,8,2,1,C03,7,6,1,10,2,12,,14,14,1,12,4,120.60449,24.173645,2
6576,66000,387130000C,(04)23274275,(04)23288582,2025,03,17,18,5,臺中市,北屯區,0,0,0,7,,,50,,,,,,,,,,,,,,,,,,,B03,,,1,,1,,,1,1,1,12,4,120.683614,24.17476,3
6577,66000,387130000C,(04)23274275,(04)23288582,2025,03,17,18,6,臺中市,太平區,0,0,0,7,,,50,,,,,,,,,,,,,,13,,,,,C03,,,1,,2,,,7,7,1,13,4,120.733528,24.154945,3
6578,66000,387130000C,(04)23274275,(04)23288582,2025,03,17,18,10,臺中市,南屯區,0,0,0,7,,,50,,,,,,,,,,,,,,14,,,,,B03,,,1,,1,,,49,49,1,12,4,120.642299,24.137158,3
6579,66000,387130000C,(04)23274275,(04)23288582,2025,03,17,18,10,臺中市,大里區,0,1,0,6,3,6,50,3,2,1,5,4,5,6,4,4,1,4,5,2,13,2,9,1,1,C03,7,9,1,10,2,11,,84,84,1,12,4,120.70052,24.12033,2
6580,66000,387130000C,(04)23274275,(04)23288582,2025,03,17,18,10,臺中市,豐原區,0,0,0,7,,,50,,,,,,,,,,,,,,17,,,,,B03,,,1,,2,,,1,1,1,13,4,120.720416,24.240597,3
6581,66000,387130000C,(04)23274275,(04)23288582,2025,03,17,18,12,臺中市,豐原區,0,0,0,7,,,50,,,,,,,,,,,,,,17,,,,,B03,,,1,,2,,,39,39,1,13,4,120.724929,24.253505,3
6582,66000,387130000C,(04)23274275,(04)23288582,2025,03,17,18,12,臺中市,豐原區,0,1,0,6,2,6,50,13,9,1,5,4,6,6,4,4,1,4,5,1,13,2,8,5,4,C03,7,9,1,10,2,11,,7,7,1,13,4,120.710771,24.238533,2
6583,66000,387130000C,(04)23274275,(04)23288582,2025,03,17,18,14,臺中市,大甲區,0,1,0,7,1,6,50,13,9,1,5,4,6,6,4,4,9,5,5,1,17,2,9,2,1,C03,7,11,1,10,2,14,,45,45,1,6,4,120.624865,24.349241,2
6584,66000,387130000C,(04)23274275,(04)23288582,2025,03,17,18,16,臺中市,烏日區,0,2,0,7,1,6,40,13,8,1,5,4,6,6,4,4,1,5,3,1,13,2,9,1,1,C03,7,12,1,9,2,11,14,7,7,1,6,4,120.588289,24.113568,2
6585,66000,387130000C,(04)23274275,(04)23288582,2025,03,17,18,20,臺中市,南區,0,0,0,7,,,50,,,,,,,,,,,,,,17,,,,,B03,,,1,,1,,,51,51,1,12,4,120.668223,24.114314,3
6586,66000,387130000C,(04)23274275,(04)23288582,2025,03,17,18,20,臺中市,南屯區,0,0,0,7,,,50,,,,,,,,,,,,,,9,,,,,B03,,,1,,9,,,77,77,1,12,4,120.637076,24.14749,3
6587,66000,387130000C,(04)23274275,(04)23288582,2025,03,17,18,21,臺中市,南屯區,0,2,0,6,1,6,50,4,1,1,5,4,6,6,2,1,5,5,5,2,16,2,8,1,1,C03,7,6,3,19,2,11,,23,23,1,6,4,120.626383,24.115068,2
6588,66000,387130000C,(04)23274275,(04)23288582,2025,03,17,18,21,臺中市,西屯區,0,0,0,7,,,50,,,,,,,,,,,,,,17,,,,,B03,,,1,,2,,,40,40,1,13,4,120.634982,24.17175,3
6589,66000,387130000C,(04)23274275,(04)23288582,2025,03,17,18,22,臺中市,豐原區,0,0,0,7,,,30,,,,,,,,,,,,,,11,,,,,B03,,,1,,1,,,8,8,1,12,4,120.730056,24.236293,3
6590,66000,387130000C,(04)23274275,(04)23288582,2025,03,17,18,23,臺中市,西屯區,0,0,0,7,,,0,,,,,,,,,,,,,,35,,,,,,,,,,,,,119,119,1,,,120.635021,24.171609,3
6591,66000,387130000C,(04)23274275,(04)23288582,2025,03,17,18,23,臺中市,神岡區,0,0,0,7,,,50,,,,,,,,,,,,,,13,,,,,C03,,,1,,1,,,7,7,1,12,4,120.697595,24.248498,3
6592,66000,387130000C,(04)23274275,(04)23288582,2025,03,17,18,25,臺中市,豐原區,0,2,0,7,1,6,50,4,1,1,5,4,6,6,1,1,5,5,4,2,16,2,9,1,4,C03,7,6,1,10,2,11,,48,48,1,12,4,120.732535,24.250667,2
6593,66000,387130000C,(04)23274275,(04)23288582,2025,03,17,18,26,臺中市,西屯區,0,0,0,7,,,,,,,,,,,,,,,,,13,,,,,,,,,,,,,87,87,1,,,120.642864,24.201458,3
6594,66000,387130000C,(04)23274275,(04)23288582,2025,03,17,18,27,臺中市,北區,0,0,0,7,3,9,50,18,24,1,5,4,6,6,4,4,10,5,5,2,17,,,,,A05,,,1,,2,,,8,8,1,13,4,120.685368,24.162887,3
6595,66000,387130000C,(04)23274275,(04)23288582,2025,03,17,18,28,臺中市,潭子區,0,0,0,7,,,80,,,,,,,,,,,,,,,,,,,B12,,,1,,11,,,40,40,1,13,4,120.719465,24.196515,3
6596,66000,387130000C,(04)23274275,(04)23288582,2025,03,17,18,28,臺中市,西屯區,0,2,0,7,1,6,50,4,1,1,5,4,6,6,4,4,10,5,5,2,16,2,9,2,1,C03,7,6,1,9,2,12,,14,14,1,12,4,120.623594,24.181038,2
6597,66000,387130000C,(04)23274275,(04)23288582,2025,03,17,18,29,臺中市,沙鹿區,0,0,0,7,,,50,,,,,,,,,,,,,,12,,,,,B03,,,1,,2,,,2,2,1,12,4,120.562065,24.245958,3
6598,66000,387130000C,(04)23274275,(04)23288582,2025,03,17,18,30,臺中市,西屯區,0,0,0,7,,,50,,,,,,,,,,,,,,14,,,,,B03,,,1,,9,,,49,49,1,12,4,120.644251,24.194815,3
6599,66000,387130000C,(04)23274275,(04)23288582,2025,03,17,18,32,臺中市,南區,0,1,0,7,1,6,50,13,9,1,5,4,6,6,4,4,10,5,5,2,17,3,10,3,1,B03,7,5,1,8,2,2,,84,84,1,12,4,120.682507,24.124507,2
6600,66000,387130000C,(04)23274275,(04)23288582,2025,03,17,18,33,臺中市,大雅區,0,0,0,7,,,50,,,,,,,,,,,,,,,,,,,B03,,,3,,1,,,7,7,1,13,4,120.656856,24.220709,3
6601,66000,387130000C,(04)23274275,(04)23288582,2025,03,17,18,33,臺中市,西屯區,0,0,0,6,,,50,,,,,,,,,,,,,,,,,,,B03,,,1,,2,,,47,47,1,13,4,120.648988,24.17321,3
6602,66000,387130000C,(04)23274275,(04)23288582,2025,03,17,18,36,臺中市,潭子區,0,0,0,7,,,50,,,,,,,,,,,,,,,,,,,B03,,,1,,2,,,84,84,1,12,4,120.719551,24.209767,3
6603,66000,387130000C,(04)23274275,(04)23288582,2025,03,17,18,37,臺中市,東區,0,0,0,7,,,50,,,,,,,,,,,,,,,,,,,C03,,,1,,1,,,85,85,1,6,4,120.696308,24.133148,3