﻿序號,縣市別代碼,機關代碼,市話,傳真,年,月,日,時,分,縣市,區,死亡數量,受傷數量,2-30,天候,道路照明設備,道路類別,道路速限,道路型態,事故位置,路面鋪裝,路面狀態,路面缺陷,障礙物,視距,號誌種類,號誌動作,分向設施,快車道或一般車道間,快慢車道間,路面邊線,事故類型及型態,受傷程度,主要傷處,保護裝備,行動電話或功能裝置,當事者區分_類別,車輛用途,當事者行動狀態,駕照狀態,駕照種類,飲酒情形,車輛撞擊部位最初,車輛撞擊部位其他,肇事因素個別,肇事因素主要,肇事逃逸,職業,共享經濟或外送平台,GPS座標X,GPS座標Y,事故類別
6604,66000,387130000C,(04)23274275,(04)23288582,2025,03,17,18,37,臺中市,西屯區,0,0,0,7,,,50,,,,,,,,,,,,,,17,,,,,C03,,,1,,2,,,87,87,1,13,4,120.657439,24.167464,3
6605,66000,387130000C,(04)23274275,(04)23288582,2025,03,17,18,37,臺中市,西屯區,0,1,0,7,1,6,50,4,1,1,5,4,6,6,1,1,10,5,5,2,17,2,9,1,4,C03,7,6,1,10,2,12,,23,23,1,13,4,120.615762,24.176285,2
6606,66000,387130000C,(04)23274275,(04)23288582,2025,03,17,18,37,臺中市,太平區,0,1,0,7,1,6,30,4,1,1,5,4,6,6,4,4,5,5,5,2,15,3,10,2,1,C03,7,9,1,10,2,11,,12,12,1,12,4,120.720138,24.149593,2
6607,66000,387130000C,(04)23274275,(04)23288582,2025,03,17,18,39,臺中市,西屯區,0,0,0,7,,,80,,,,,,,,,,,,,,13,,,,,B03,,,1,,1,,,7,7,1,12,4,120.634948,24.179291,3
6608,66000,387130000C,(04)23274275,(04)23288582,2025,03,17,18,40,臺中市,大雅區,0,1,0,7,1,6,0,4,2,1,5,4,6,6,1,1,4,3,4,1,17,3,10,1,1,C03,7,9,1,10,2,11,,59,59,1,13,4,120.644329,24.209355,2
6609,66000,387130000C,(04)23274275,(04)23288582,2025,03,17,18,40,臺中市,烏日區,0,1,0,7,1,6,50,13,7,1,5,4,6,5,4,4,5,4,4,2,11,2,1,4,1,F01,7,11,7,21,2,12,,39,39,1,6,4,120.618074,24.105907,2
6610,66000,387130000C,(04)23274275,(04)23288582,2025,03,17,18,40,臺中市,大肚區,0,0,0,7,,,30,,,,,,,,,,,,,,17,,,,,C03,,,1,,2,,,49,49,1,6,4,120.581105,24.174114,4
6611,66000,387130000C,(04)23274275,(04)23288582,2025,03,17,18,42,臺中市,大里區,0,1,0,6,1,6,50,13,9,1,5,4,6,6,4,4,1,4,5,1,18,2,9,1,1,C02,7,12,1,9,2,11,,84,84,1,12,4,120.679297,24.112643,2
6612,66000,387130000C,(04)23274275,(04)23288582,2025,03,17,18,43,臺中市,大里區,0,1,0,6,1,6,30,13,9,1,5,4,6,6,4,4,10,5,5,2,3,3,10,1,1,C03,7,9,1,10,2,11,,84,84,1,13,4,120.68834,24.10939,2
6613,66000,387130000C,(04)23274275,(04)23288582,2025,03,17,18,49,臺中市,北屯區,0,0,0,7,,,50,,,,,,,,,,,,,,12,,,,,C03,,,1,,1,,,8,8,1,12,4,120.701077,24.178029,4
6614,66000,387130000C,(04)23274275,(04)23288582,2025,03,17,18,50,臺中市,西區,0,2,0,7,1,6,50,4,2,1,5,4,6,6,2,1,1,4,5,1,13,2,9,2,1,C03,7,12,1,10,2,11,,7,7,1,13,4,120.657257,24.150851,2
6615,66000,387130000C,(04)23274275,(04)23288582,2025,03,17,18,50,臺中市,南屯區,0,0,0,7,,,50,,,,,,,,,,,,,,13,,,,,B03,,,5,,1,,,7,7,1,12,4,120.638391,24.151464,3
6616,66000,387130000C,(04)23274275,(04)23288582,2025,03,17,18,50,臺中市,北屯區,0,1,0,7,1,6,0,18,23,1,5,4,6,6,4,4,10,5,5,2,9,3,10,1,1,C03,7,9,1,10,2,11,,39,39,1,6,4,120.700814,24.178768,2
6617,66000,387130000C,(04)23274275,(04)23288582,2025,03,17,18,52,臺中市,大里區,0,1,0,7,1,6,50,3,2,1,5,4,6,6,4,4,4,3,5,1,17,3,10,3,1,B03,7,6,1,8,2,4,,14,14,1,6,4,120.695937,24.090888,2
6618,66000,387130000C,(04)23274275,(04)23288582,2025,03,17,18,53,臺中市,梧棲區,0,0,0,7,,,60,,,,,,,,,,,,,,13,,,,,B03,,,1,,1,,,59,59,1,6,4,120.534473,24.246519,3
6619,66000,387130000C,(04)23274275,(04)23288582,2025,03,17,18,54,臺中市,西區,0,1,0,6,1,6,50,4,1,1,5,4,6,6,2,1,10,5,5,2,13,2,9,2,1,C03,7,9,1,10,2,11,,84,84,1,12,4,120.655133,24.146684,2
6620,66000,387130000C,(04)23274275,(04)23288582,2025,03,17,18,55,臺中市,北屯區,0,2,0,7,1,6,50,4,1,1,5,4,6,6,2,1,10,5,5,2,16,2,8,5,4,C03,7,6,1,10,2,11,,48,48,1,12,4,120.704463,24.164874,2
6621,66000,387130000C,(04)23274275,(04)23288582,2025,03,17,18,56,臺中市,大里區,0,1,0,6,1,6,50,3,1,1,5,4,6,6,1,1,10,5,5,1,17,3,10,3,1,B03,7,6,1,8,11,1,,84,84,2,13,4,120.729837,24.091594,2
6622,66000,387130000C,(04)23274275,(04)23288582,2025,03,17,18,57,臺中市,西屯區,0,2,0,6,1,6,50,4,2,1,5,4,6,6,4,4,10,5,5,2,9,2,9,1,1,C03,7,5,1,10,2,11,,84,84,1,13,4,120.647384,24.159428,2
6623,66000,387130000C,(04)23274275,(04)23288582,2025,03,17,18,58,臺中市,龍井區,0,1,0,7,1,6,30,3,1,1,5,4,6,6,4,4,10,5,5,2,16,3,10,3,1,B03,7,6,1,3,2,1,,14,14,1,6,4,120.579985,24.183809,2
6624,66000,387130000C,(04)23274275,(04)23288582,2025,03,17,18,59,臺中市,梧棲區,0,0,0,7,,,50,,,,,,,,,,,,,,17,,,,,B03,,,1,,2,,,59,59,1,6,4,120.533491,24.244788,3
6625,66000,387130000C,(04)23274275,(04)23288582,2025,03,17,19,3,臺中市,北屯區,0,0,0,7,,,50,,,,,,,,,,,,,,13,,,,,C03,,,1,,1,,,7,7,1,6,4,120.685019,24.16896,4
6626,66000,387130000C,(04)23274275,(04)23288582,2025,03,17,19,5,臺中市,清水區,0,0,0,6,1,6,30,13,9,1,5,4,6,6,4,4,10,5,5,2,14,3,10,3,1,B03,7,2,3,19,11,6,,49,49,1,12,4,120.545351,24.274157,3
6627,66000,387130000C,(04)23274275,(04)23288582,2025,03,17,19,8,臺中市,大里區,0,1,0,6,1,6,50,3,2,1,5,4,6,6,2,1,5,5,4,2,13,2,9,1,1,C03,7,9,3,19,2,11,,58,58,1,13,4,120.676987,24.099253,2
6628,66000,387130000C,(04)23274275,(04)23288582,2025,03,17,19,20,臺中市,南屯區,0,0,0,7,,,40,,,,,,,,,,,,,,17,,,,,C03,,,1,,1,,,59,59,1,12,4,120.640652,24.140793,3
6629,66000,387130000C,(04)23274275,(04)23288582,2025,03,17,19,31,臺中市,大里區,0,2,0,6,3,6,30,13,14,1,5,4,6,6,4,4,10,5,5,2,18,2,9,1,1,C03,7,9,1,10,2,11,,84,84,1,12,4,120.688275,24.113571,2
6630,66000,387130000C,(04)23274275,(04)23288582,2025,03,17,19,37,臺中市,西屯區,0,1,0,6,1,6,50,13,9,1,5,4,6,6,4,4,5,4,5,2,17,,,,,,,21,,,,,,86,86,2,,,120.614258,24.17804,2
6631,66000,387130000C,(04)23274275,(04)23288582,2025,03,17,19,42,臺中市,沙鹿區,0,2,0,7,2,6,50,3,1,1,5,4,6,6,4,4,10,5,5,2,16,2,8,2,1,C03,7,1,1,10,2,13,,51,51,1,6,4,120.564172,24.244692,2
6632,66000,387130000C,(04)23274275,(04)23288582,2025,03,17,19,42,臺中市,東勢區,0,0,0,7,,,50,,,,,,,,,,,,,,,,,,,B03,,,1,,2,,,14,14,1,12,4,120.828783,24.259368,3
6633,66000,387130000C,(04)23274275,(04)23288582,2025,03,17,19,42,臺中市,神岡區,0,1,0,6,1,6,50,4,1,1,5,4,6,6,1,1,10,5,5,2,15,2,9,1,1,C03,7,9,1,10,2,12,,84,84,1,12,4,120.659056,24.25691,2
6634,66000,387130000C,(04)23274275,(04)23288582,2025,03,17,19,43,臺中市,潭子區,0,1,0,6,3,6,50,4,1,1,5,4,6,6,4,4,5,5,5,1,17,3,10,3,1,B03,7,5,1,8,2,16,,14,14,1,13,4,120.698017,24.195637,2
6635,66000,387130000C,(04)23274275,(04)23288582,2025,03,17,19,44,臺中市,西屯區,0,0,0,7,,,50,,,,,,,,,,,,,,13,,,,,C03,,,1,,1,,,7,7,1,13,4,120.649575,24.162301,3
6636,66000,387130000C,(04)23274275,(04)23288582,2025,03,17,19,45,臺中市,西屯區,0,1,0,7,1,6,40,13,8,1,5,4,6,6,4,4,1,3,1,2,13,2,8,5,4,C03,7,9,1,10,2,11,,7,7,1,13,4,120.651503,24.162009,2
6637,66000,387130000C,(04)23274275,(04)23288582,2025,03,17,19,45,臺中市,豐原區,0,1,0,7,1,6,50,4,1,1,5,4,6,6,1,1,1,4,5,1,17,3,10,3,1,B03,7,9,1,8,2,5,,84,84,1,6,4,120.720227,24.236722,2
6638,66000,387130000C,(04)23274275,(04)23288582,2025,03,17,19,49,臺中市,北屯區,0,0,0,7,,,50,,,,,,,,,,,,,,,,,,,A04,,,1,,9,,,76,76,1,12,4,120.719977,24.175789,3
6639,66000,387130000C,(04)23274275,(04)23288582,2025,03,17,19,56,臺中市,北屯區,0,2,0,7,1,6,50,3,1,1,5,4,6,6,4,4,10,5,5,2,17,2,9,2,1,C03,7,15,1,10,2,14,,42,42,1,6,4,120.690469,24.177583,2
6640,66000,387130000C,(04)23274275,(04)23288582,2025,03,17,19,59,臺中市,南屯區,0,0,0,7,,,50,,,,,,,,,,,,,,13,,,,,B01,,,1,,2,,,59,59,1,12,4,120.64637,24.134826,3
6641,66000,387130000C,(04)23274275,(04)23288582,2025,03,17,19,59,臺中市,清水區,0,0,0,6,,,50,,,,,,,,,,,,,,,,,,,B03,,,1,,1,,,7,7,1,12,4,120.543023,24.266335,3
6642,66000,387130000C,(04)23274275,(04)23288582,2025,03,17,20,11,臺中市,烏日區,0,1,0,7,1,6,50,4,1,1,5,4,6,6,1,1,5,5,5,2,16,3,10,3,1,B03,7,5,1,8,2,2,,11,11,1,6,4,120.604354,24.106656,2
6643,66000,387130000C,(04)23274275,(04)23288582,2025,03,17,20,14,臺中市,西區,0,0,0,7,,,50,,,,,,,,,,,,,,,,,,,C03,,,1,9,1,,,84,84,1,13,4,120.666333,24.152625,3
6644,66000,387130000C,(04)23274275,(04)23288582,2025,03,17,20,14,臺中市,北區,0,0,0,7,,,50,,,,,,,,,,,,,,17,,,,,B03,,,1,,2,,,7,7,1,13,4,120.686188,24.14672,3
6645,66000,387130000C,(04)23274275,(04)23288582,2025,03,17,20,15,臺中市,中區,0,0,0,7,,,30,,,,,,,,,,,,,,,,,,,C03,,,1,,9,,,85,85,1,12,4,120.677395,24.140925,3
6646,66000,387130000C,(04)23274275,(04)23288582,2025,03,17,20,15,臺中市,北區,0,1,0,7,2,6,30,4,1,1,5,4,6,6,4,4,10,5,5,2,15,2,8,1,1,C03,7,9,1,10,2,11,,15,15,1,12,4,120.694877,24.154102,2
6647,66000,387130000C,(04)23274275,(04)23288582,2025,03,17,20,15,臺中市,神岡區,0,1,0,7,1,6,1,3,1,1,5,4,6,6,4,4,5,4,5,1,17,3,10,5,4,B03,7,1,1,8,2,8,,51,51,1,12,4,120.664876,24.258187,2
6648,66000,387130000C,(04)23274275,(04)23288582,2025,03,17,20,19,臺中市,豐原區,0,1,0,7,1,6,50,4,1,1,5,4,6,6,1,1,5,4,4,1,12,2,7,5,4,B03,7,5,1,8,2,8,,20,20,1,13,4,120.71563,24.251408,2
6649,66000,387130000C,(04)23274275,(04)23288582,2025,03,17,20,22,臺中市,大甲區,0,1,0,7,3,6,50,11,9,1,5,4,6,6,4,4,9,5,5,1,17,3,10,1,1,C03,7,11,1,10,2,14,,45,45,1,6,4,120.625264,24.343241,2
6650,66000,387130000C,(04)23274275,(04)23288582,2025,03,17,20,27,臺中市,豐原區,0,0,0,7,,,50,,,,,,,,,,,,,,13,,,,,B03,,,1,,2,,,84,84,1,12,4,120.713866,24.24492,3
6651,66000,387130000C,(04)23274275,(04)23288582,2025,03,17,20,28,臺中市,太平區,0,2,0,7,1,6,50,13,9,1,5,4,6,6,4,4,5,4,5,1,16,2,8,2,1,C03,7,9,1,10,2,11,,7,7,1,13,4,120.716863,24.124368,2
6652,66000,387130000C,(04)23274275,(04)23288582,2025,03,17,20,30,臺中市,南屯區,0,1,0,7,1,6,50,3,1,1,5,4,6,6,1,1,10,5,5,2,17,3,10,3,1,B03,7,5,1,8,1,16,,11,11,1,6,4,120.619759,24.130763,2
6653,66000,387130000C,(04)23274275,(04)23288582,2025,03,17,20,38,臺中市,太平區,0,2,0,7,1,6,30,4,1,1,5,4,6,6,4,4,10,5,5,2,15,2,9,1,1,C02,7,9,3,19,2,11,,12,12,1,5,4,120.723932,24.142379,2
6654,66000,387130000C,(04)23274275,(04)23288582,2025,03,17,20,42,臺中市,南區,0,0,0,7,,,50,,,,,,,,,,,,,,17,,,,,C03,,,1,,2,,,42,42,1,12,4,120.657822,24.116171,3
6655,66000,387130000C,(04)23274275,(04)23288582,2025,03,17,20,49,臺中市,東區,0,2,0,7,1,6,50,4,1,1,5,4,6,6,1,1,10,5,5,2,17,2,8,1,1,C03,7,6,1,8,2,12,,11,11,1,12,4,120.707451,24.138946,2
6656,66000,387130000C,(04)23274275,(04)23288582,2025,03,17,20,55,臺中市,太平區,0,1,0,7,1,6,50,13,9,1,5,4,6,6,4,4,5,4,5,2,16,3,10,3,1,B03,7,11,1,8,2,7,,44,44,1,6,4,120.702544,24.152334,2
6657,66000,387130000C,(04)23274275,(04)23288582,2025,03,17,20,58,臺中市,東區,0,1,0,6,1,6,50,4,1,1,5,4,6,6,2,1,5,5,5,2,16,3,10,3,1,B03,7,6,5,19,7,1,,11,11,1,6,4,120.699913,24.142778,2
6658,66000,387130000C,(04)23274275,(04)23288582,2025,03,17,21,0,臺中市,清水區,0,1,0,7,1,6,50,4,1,1,5,4,6,6,2,1,1,2,5,1,16,3,10,3,1,B03,7,6,1,8,2,1,,11,11,1,13,4,120.548965,24.281444,2
6659,66000,387130000C,(04)23274275,(04)23288582,2025,03,17,21,7,臺中市,北屯區,0,1,0,7,1,6,50,4,1,1,5,4,6,6,2,1,10,5,5,2,16,3,10,5,4,B12,7,6,1,8,2,2,,11,11,1,12,4,120.681738,24.177925,2
6660,66000,387130000C,(04)23274275,(04)23288582,2025,03,17,21,12,臺中市,南屯區,0,1,0,7,1,6,50,4,1,1,5,4,6,6,4,4,10,5,5,2,3,3,10,3,1,B03,7,9,1,8,2,5,,10,10,1,6,4,120.639724,24.138853,2
6661,66000,387130000C,(04)23274275,(04)23288582,2025,03,17,21,22,臺中市,北區,0,1,0,6,3,6,50,4,2,1,5,4,6,6,4,4,5,4,5,2,15,2,9,5,4,F01,7,9,7,21,2,12,,20,20,1,13,4,120.68667,24.162727,2
6662,66000,387130000C,(04)23274275,(04)23288582,2025,03,17,21,23,臺中市,北屯區,0,1,0,7,1,6,50,4,1,1,5,4,6,6,1,1,10,5,5,2,15,3,10,3,1,B03,7,9,1,8,2,1,,21,21,1,12,4,120.728665,24.16911,2
6663,66000,387130000C,(04)23274275,(04)23288582,2025,03,17,21,24,臺中市,霧峰區,0,2,0,7,1,6,50,3,1,1,5,4,6,6,3,1,10,5,5,2,16,2,9,1,1,C03,7,6,1,10,2,14,,11,11,1,13,4,120.706004,24.072989,2
6664,66000,387130000C,(04)23274275,(04)23288582,2025,03,17,21,26,臺中市,南區,0,1,0,7,1,6,50,4,1,1,5,4,6,6,1,1,9,4,5,2,11,3,10,3,1,B03,7,6,1,8,2,1,,11,11,1,12,4,120.652502,24.117636,2
6665,66000,387130000C,(04)23274275,(04)23288582,2025,03,17,21,28,臺中市,烏日區,0,0,0,6,,,50,,,,,,,,,,,,,,16,,,,,B03,,,1,,1,,,51,51,1,12,4,120.6156,24.113871,3
6666,66000,387130000C,(04)23274275,(04)23288582,2025,03,17,21,30,臺中市,大里區,0,0,0,6,,,50,,,,,,,,,,,,,,12,,,,,F01,,,7,,2,,,8,8,1,13,4,120.678859,24.109501,3
6667,66000,387130000C,(04)23274275,(04)23288582,2025,03,17,21,37,臺中市,西區,0,2,0,7,1,6,50,3,1,1,5,4,6,6,1,1,10,5,5,2,13,2,7,1,1,C03,7,9,1,10,2,11,,7,7,1,6,4,120.673574,24.143174,2
6668,66000,387130000C,(04)23274275,(04)23288582,2025,03,17,21,43,臺中市,潭子區,0,0,0,7,,,50,,,,,,,,,,,,,,,,,,,B03,,,1,,2,,,8,8,1,12,4,120.709422,24.200329,3
6669,66000,387130000C,(04)23274275,(04)23288582,2025,03,17,21,44,臺中市,大里區,0,3,0,6,1,6,30,4,1,1,5,4,6,6,4,4,10,5,5,2,16,2,9,1,1,C03,7,6,1,10,2,11,,48,48,1,12,4,120.699789,24.106292,2
6670,66000,387130000C,(04)23274275,(04)23288582,2025,03,17,21,51,臺中市,南區,0,2,0,7,1,6,30,4,1,1,5,4,6,6,3,1,10,5,5,2,15,2,9,1,1,C03,7,9,1,10,2,11,,24,24,1,12,4,120.656419,24.120699,2
6671,66000,387130000C,(04)23274275,(04)23288582,2025,03,17,21,51,臺中市,南屯區,0,0,0,7,,,50,,,,,,,,,,,,,,,,,,,C03,,,1,,1,,,8,8,1,13,4,120.634977,24.152593,3
6672,66000,387130000C,(04)23274275,(04)23288582,2025,03,17,21,54,臺中市,北區,0,1,0,6,1,6,50,13,9,1,5,4,6,6,4,4,2,4,5,2,13,3,10,1,1,C03,7,9,1,10,2,11,,7,7,1,12,4,120.685165,24.152666,2
6673,66000,387130000C,(04)23274275,(04)23288582,2025,03,17,21,55,臺中市,霧峰區,0,1,0,7,1,6,50,4,1,1,5,4,6,6,1,1,10,5,5,2,18,2,9,2,1,C03,7,5,1,10,2,12,,84,84,1,13,4,120.699011,24.067828,2
6674,66000,387130000C,(04)23274275,(04)23288582,2025,03,17,21,57,臺中市,大甲區,0,1,0,7,1,6,50,4,1,1,5,4,6,6,4,4,10,5,5,2,17,2,9,1,1,C03,7,9,1,10,2,12,,15,15,1,6,4,120.620376,24.354433,2
6675,66000,387130000C,(04)23274275,(04)23288582,2025,03,17,22,0,臺中市,北屯區,0,0,0,7,,,50,,,,,,,,,,,,,,,,,,,,,,,,,,,119,119,1,,,120.686579,24.182892,3
6676,66000,387130000C,(04)23274275,(04)23288582,2025,03,17,22,2,臺中市,沙鹿區,0,1,0,6,2,6,50,4,2,1,5,4,6,6,4,4,5,5,5,2,17,3,10,4,1,B03,7,13,1,8,2,4,,76,76,1,6,4,120.559102,24.238914,2
6677,66000,387130000C,(04)23274275,(04)23288582,2025,03,17,22,7,臺中市,北屯區,0,1,0,7,1,6,30,3,1,1,5,4,6,6,4,4,10,5,5,2,17,3,10,3,1,B03,7,6,1,8,2,1,,14,14,1,12,4,120.698789,24.163438,2
6678,66000,387130000C,(04)23274275,(04)23288582,2025,03,17,22,7,臺中市,沙鹿區,0,1,0,7,2,6,50,13,9,1,5,4,6,6,4,4,9,5,5,2,13,2,8,2,1,C03,7,9,1,10,2,11,,7,7,1,6,4,120.580059,24.212874,2
6679,66000,387130000C,(04)23274275,(04)23288582,2025,03,17,22,15,臺中市,大雅區,0,0,0,6,,,,,,,,,,,,,,,,,,,,,,C03,,,,,,,,84,84,2,,,120.627538,24.239556,3
6680,66000,387130000C,(04)23274275,(04)23288582,2025,03,17,22,15,臺中市,南區,0,1,0,7,1,6,50,3,1,1,5,4,6,6,4,4,10,5,5,2,17,3,10,1,1,C03,7,5,1,10,2,14,,87,87,1,12,4,120.655154,24.112466,2
6681,66000,387130000C,(04)23274275,(04)23288582,2025,03,17,22,21,臺中市,烏日區,0,0,0,7,,,50,,,,,,,,,,,,,,13,,,,,B03,,,1,,1,,,7,7,1,6,4,120.602327,24.107199,3
6682,66000,387130000C,(04)23274275,(04)23288582,2025,03,17,22,22,臺中市,大里區,0,0,0,7,,,30,,,,,,,,,,,,,,17,,,,,B03,,,1,,9,,,84,84,2,6,4,120.708443,24.083596,3
6683,66000,387130000C,(04)23274275,(04)23288582,2025,03,17,22,24,臺中市,大雅區,0,1,0,7,1,6,50,3,1,1,5,4,6,6,4,4,10,5,5,2,17,2,1,2,1,C02,7,9,1,9,2,11,,7,7,1,12,4,120.642042,24.219676,2
6684,66000,387130000C,(04)23274275,(04)23288582,2025,03,17,22,31,臺中市,西屯區,0,1,0,5,1,6,50,3,1,1,4,4,6,6,4,4,5,5,5,2,18,2,9,2,1,C03,7,9,1,10,2,12,,84,84,1,5,4,120.644794,24.173523,2
6685,66000,387130000C,(04)23274275,(04)23288582,2025,03,17,22,35,臺中市,豐原區,0,2,0,5,1,6,50,5,1,1,4,4,6,6,1,1,5,4,4,1,17,2,9,1,1,F03,7,6,7,21,2,11,,11,11,1,4,4,120.721732,24.248888,2
6686,66000,387130000C,(04)23274275,(04)23288582,2025,03,17,22,38,臺中市,沙鹿區,0,0,0,7,,,40,,,,,,,,,,,,,,,,,,,C03,,,1,,2,,,59,59,1,6,4,120.574824,24.228506,3
6687,66000,387130000C,(04)23274275,(04)23288582,2025,03,17,22,41,臺中市,龍井區,0,0,0,7,1,6,50,4,1,1,5,4,6,6,4,4,10,5,5,2,15,3,10,2,1,C03,7,9,1,8,1,11,,12,12,1,6,2,120.595027,24.188103,3
6688,66000,387130000C,(04)23274275,(04)23288582,2025,03,17,22,54,臺中市,南區,0,0,0,6,,,50,,,,,,,,,,,,,,,,,,,B03,,,1,,2,,,7,7,1,6,4,120.664816,24.12605,4
6689,66000,387130000C,(04)23274275,(04)23288582,2025,03,17,22,59,臺中市,北區,0,2,0,7,1,6,50,4,9,1,5,4,6,6,1,1,10,4,5,2,17,3,10,5,4,B03,7,1,1,8,2,8,,51,51,1,13,4,120.668018,24.154529,2
6690,66000,387130000C,(04)23274275,(04)23288582,2025,03,17,23,12,臺中市,東區,0,1,0,5,1,6,30,13,9,1,4,4,6,6,4,4,10,5,5,2,17,2,8,2,1,C03,7,9,1,10,9,12,,59,59,1,13,4,120.701458,24.145585,2
6691,66000,387130000C,(04)23274275,(04)23288582,2025,03,17,23,22,臺中市,北屯區,0,2,0,5,1,6,50,4,2,1,4,4,6,6,1,1,5,4,5,2,11,2,9,1,1,C03,7,6,1,10,2,11,,11,11,1,13,4,120.718838,24.172649,2
6692,66000,387130000C,(04)23274275,(04)23288582,2025,03,17,23,31,臺中市,大雅區,0,0,0,7,,,50,,,,,,,,,,,,,,,,,,,B03,,,1,,2,,,50,50,1,13,4,120.646655,24.226234,3
6693,66000,387130000C,(04)23274275,(04)23288582,2025,03,17,23,38,臺中市,西屯區,0,1,0,7,1,6,50,4,2,1,5,4,6,6,1,1,5,4,5,1,12,3,10,3,1,B03,7,8,1,8,2,4,,40,40,1,12,4,120.645283,24.177365,2
6694,66000,387130000C,(04)23274275,(04)23288582,2025,03,17,23,41,臺中市,北屯區,0,1,0,5,1,6,50,13,8,1,4,4,6,6,4,4,1,4,4,2,12,2,9,1,1,C03,7,9,1,8,2,12,,59,59,1,5,4,120.686343,24.204585,2
6695,66000,387130000C,(04)23274275,(04)23288582,2025,03,17,23,51,臺中市,霧峰區,0,2,0,5,2,6,40,4,1,1,4,4,6,6,3,1,5,5,5,1,17,3,10,2,1,C03,7,9,1,10,1,11,,24,24,2,13,4,120.715552,24.076362,2
6696,66000,387130000C,(04)23274275,(04)23288582,2025,03,18,0,14,臺中市,北屯區,0,0,0,5,,,50,,,,,,,,,,,,,,,,,,,B03,,,1,,2,,,85,85,1,13,4,120.733584,24.159901,3
6697,66000,387130000C,(04)23274275,(04)23288582,2025,03,18,0,20,臺中市,南區,0,1,0,7,1,6,50,13,9,1,5,4,6,6,4,4,9,5,5,2,13,2,9,1,1,C03,7,9,1,10,2,11,,84,84,1,12,4,120.662411,24.120844,2
6698,66000,387130000C,(04)23274275,(04)23288582,2025,03,18,0,54,臺中市,西區,0,1,0,5,1,6,50,3,1,1,4,4,6,6,1,1,10,5,5,2,18,2,8,2,1,C03,7,6,1,10,2,16,,84,84,1,13,4,120.669806,24.146727,2
6699,66000,387130000C,(04)23274275,(04)23288582,2025,03,18,0,56,臺中市,太平區,0,0,0,5,,,50,,,,,,,,,,,,,,,,,,,B03,,,1,,2,,,49,49,1,6,4,120.71835,24.153612,3
6700,66000,387130000C,(04)23274275,(04)23288582,2025,03,18,1,21,臺中市,東區,0,2,0,5,1,6,50,13,7,1,4,4,6,6,2,1,5,5,4,2,13,2,9,2,1,C03,7,9,1,10,2,11,,7,7,1,13,4,120.706013,24.141592,2
6701,66000,387130000C,(04)23274275,(04)23288582,2025,03,18,2,0,臺中市,南區,0,1,0,5,1,6,50,4,1,1,4,4,6,6,1,1,10,5,5,2,3,3,10,3,1,A12,7,5,1,3,2,2,,84,84,1,12,4,120.679399,24.12407,2
6702,66000,387130000C,(04)23274275,(04)23288582,2025,03,18,2,1,臺中市,南區,0,2,0,5,1,6,50,13,9,1,4,4,6,6,4,4,5,4,5,2,3,2,9,6,5,H01,8,16,7,21,10,17,,95,95,1,13,5,120.661735,24.130397,2
6703,66000,387130000C,(04)23274275,(04)23288582,2025,03,18,2,7,臺中市,沙鹿區,0,1,0,7,1,6,40,13,8,1,5,4,6,6,4,4,1,5,4,2,2,2,8,2,1,C03,7,9,1,10,2,11,,59,59,1,6,4,120.577886,24.223601,2
6704,66000,387130000C,(04)23274275,(04)23288582,2025,03,18,2,9,臺中市,西屯區,0,1,0,6,1,6,50,3,9,1,5,4,6,6,4,4,3,4,5,2,23,2,9,5,4,B03,7,9,5,19,9,1,,59,59,2,13,4,120.619325,24.175179,2
6705,66000,387130000C,(04)23274275,(04)23288582,2025,03,18,2,25,臺中市,東區,0,0,0,5,1,,50,13,7,1,4,4,6,6,1,1,5,4,5,2,13,3,10,3,1,B03,7,9,1,8,1,1,,84,84,1,12,4,120.690163,24.131725,3
6706,66000,387130000C,(04)23274275,(04)23288582,2025,03,18,3,3,臺中市,烏日區,0,1,0,5,2,6,60,4,14,1,4,4,6,6,1,1,10,5,5,2,21,2,1,3,1,B03,7,6,1,8,2,8,,84,84,1,6,4,120.624607,24.104165,2
6707,66000,387130000C,(04)23274275,(04)23288582,2025,03,18,3,36,臺中市,西區,0,1,0,5,1,6,50,5,1,1,4,4,6,6,1,1,1,4,1,2,23,2,1,3,1,B03,7,6,1,8,7,1,,84,84,1,6,4,120.669801,24.150724,2
6708,66000,387130000C,(04)23274275,(04)23288582,2025,03,18,3,58,臺中市,中區,0,2,0,7,1,6,50,4,1,1,3,4,6,6,1,1,10,5,5,2,11,2,9,2,1,C03,7,6,1,10,2,11,,4,4,1,13,4,120.675048,24.143548,2
6709,66000,387130000C,(04)23274275,(04)23288582,2025,03,18,4,17,臺中市,西區,0,1,0,5,1,6,50,11,9,1,4,4,6,6,4,4,5,5,5,2,19,2,9,5,1,B03,7,9,5,19,6,1,,53,53,1,6,4,120.655185,24.140929,2
6710,66000,387130000C,(04)23274275,(04)23288582,2025,03,18,4,20,臺中市,北屯區,0,1,0,5,1,6,50,13,9,1,4,4,6,6,4,4,1,4,5,2,23,2,9,4,1,B03,7,15,1,8,8,1,,53,53,1,6,4,120.68784,24.200871,2
6711,66000,387130000C,(04)23274275,(04)23288582,2025,03,18,5,48,臺中市,豐原區,0,3,0,5,1,6,50,3,9,1,4,4,6,6,4,4,5,4,5,1,3,2,8,6,5,H01,8,16,7,21,10,17,,95,95,1,13,5,120.720463,24.265928,2