﻿序號,縣市別代碼,機關代碼,市話,傳真,年,月,日,時,分,縣市,區,死亡數量,受傷數量,2-30,天候,道路照明設備,道路類別,道路速限,道路型態,事故位置,路面鋪裝,路面狀態,路面缺陷,障礙物,視距,號誌種類,號誌動作,分向設施,快車道或一般車道間,快慢車道間,路面邊線,事故類型及型態,受傷程度,主要傷處,保護裝備,行動電話或功能裝置,當事者區分_類別,車輛用途,當事者行動狀態,駕照狀態,駕照種類,飲酒情形,車輛撞擊部位最初,車輛撞擊部位其他,肇事因素個別,肇事因素主要,肇事逃逸,職業,共享經濟或外送平台,GPS座標X,GPS座標Y,事故類別
7267,66000,387130000C,(04)23274275,(04)23288582,2025,03,19,11,24,臺中市,大甲區,0,1,0,7,2,6,50,13,9,1,5,4,6,6,4,4,5,5,5,1,12,2,9,2,1,C03,7,6,1,10,2,14,,54,54,1,6,4,120.622528,24.342576,2
7268,66000,387130000C,(04)23274275,(04)23288582,2025,03,19,11,27,臺中市,北屯區,0,1,0,7,2,6,30,11,9,1,5,4,6,6,4,4,10,5,5,2,18,,,,,,,,,,,,,116,116,1,,,120.68462,24.194969,2
7269,66000,387130000C,(04)23274275,(04)23288582,2025,03,19,11,29,臺中市,西區,0,0,0,7,,,50,,,,,,,,,,,,,,,,,,,B03,,,1,,2,,,50,50,1,12,4,120.680815,24.140379,3
7270,66000,387130000C,(04)23274275,(04)23288582,2025,03,19,11,30,臺中市,潭子區,0,0,0,7,,,50,,,,,,,,,,,,,,,,,,,C03,,,1,,2,,,7,7,1,13,2,120.692549,24.216272,3
7271,66000,387130000C,(04)23274275,(04)23288582,2025,03,19,11,30,臺中市,西屯區,0,0,0,7,,,40,,,,,,,,,,,,,,14,,,,,B03,,,1,,1,,,49,49,1,13,4,120.655588,24.176029,3
7272,66000,387130000C,(04)23274275,(04)23288582,2025,03,19,11,35,臺中市,烏日區,0,0,0,7,,,50,,,,,,,,,,,,,,9,,,,,B03,,,1,,2,,,51,51,1,6,4,120.61507,24.113948,3
7273,66000,387130000C,(04)23274275,(04)23288582,2025,03,19,11,37,臺中市,西屯區,0,0,0,7,,,60,,,,,,,,,,,,,,13,,,,,B03,,,1,,1,,,59,59,1,13,4,120.657611,24.158103,3
7274,66000,387130000C,(04)23274275,(04)23288582,2025,03,19,11,37,臺中市,霧峰區,0,0,0,7,,,50,,,,,,,,,,,,,,14,,,,,A12,,,1,,2,,,49,49,1,12,4,120.713474,24.077039,3
7275,66000,387130000C,(04)23274275,(04)23288582,2025,03,19,11,45,臺中市,南屯區,0,0,0,7,3,6,60,13,7,1,5,4,6,6,1,1,3,4,1,2,13,,,,,B03,,,1,,1,,,7,7,1,12,4,120.585375,24.166733,3
7276,66000,387130000C,(04)23274275,(04)23288582,2025,03,19,11,46,臺中市,烏日區,0,0,0,7,,,50,,,,,,,,,,,,,,,,,,,B12,,,1,,1,,,7,7,1,6,4,120.635817,24.097243,3
7277,66000,387130000C,(04)23274275,(04)23288582,2025,03,19,11,52,臺中市,西屯區,0,0,0,7,,,40,,,,,,,,,,,,,,13,,,,,C03,,,1,,2,,,59,59,1,13,4,120.646739,24.157217,4
7278,66000,387130000C,(04)23274275,(04)23288582,2025,03,19,11,53,臺中市,西區,0,1,0,7,2,6,50,4,1,1,5,4,6,6,2,1,10,5,5,2,17,2,9,1,1,C03,7,9,1,10,2,12,,43,43,1,12,4,120.653,24.148822,2
7279,66000,387130000C,(04)23274275,(04)23288582,2025,03,19,11,56,臺中市,北區,0,1,0,7,2,6,50,13,8,1,5,4,6,6,4,4,3,4,4,2,17,2,9,5,4,C03,7,9,3,19,2,11,,84,84,1,12,4,120.694236,24.156576,2
7280,66000,387130000C,(04)23274275,(04)23288582,2025,03,19,11,58,臺中市,東區,0,0,0,7,,,50,,,,,,,,,,,,,,17,,,,,B03,,,1,,1,,,84,84,1,13,4,120.690358,24.134948,3
7281,66000,387130000C,(04)23274275,(04)23288582,2025,03,19,12,0,臺中市,北區,0,2,0,7,3,6,30,13,9,5,5,4,6,6,4,4,10,5,5,2,17,2,8,1,1,C03,7,9,1,10,2,11,,26,26,1,12,4,120.679138,24.153275,2
7282,66000,387130000C,(04)23274275,(04)23288582,2025,03,19,12,0,臺中市,沙鹿區,0,1,0,7,2,6,50,4,1,1,5,4,6,6,2,1,1,4,4,2,17,3,10,3,1,B03,7,6,1,8,2,5,,59,59,1,12,4,120.562351,24.2334,2
7283,66000,387130000C,(04)23274275,(04)23288582,2025,03,19,12,1,臺中市,東區,0,2,0,7,2,6,50,4,1,1,5,4,6,6,1,1,3,2,5,2,13,2,9,2,1,C04,7,9,1,10,2,11,,84,84,1,13,4,120.698239,24.150434,2
7284,66000,387130000C,(04)23274275,(04)23288582,2025,03,19,12,5,臺中市,梧棲區,0,1,0,7,2,6,40,4,1,1,5,4,6,6,1,1,10,5,5,2,12,2,8,1,1,C03,7,15,5,10,2,14,,42,42,1,12,4,120.529122,24.252396,2
7285,66000,387130000C,(04)23274275,(04)23288582,2025,03,19,12,6,臺中市,南區,0,1,0,7,2,6,30,4,1,1,5,4,6,6,4,4,10,5,5,2,15,2,8,1,1,C03,7,9,1,10,2,12,,15,15,1,12,4,120.680606,24.13398,2
7286,66000,387130000C,(04)23274275,(04)23288582,2025,03,19,12,8,臺中市,西屯區,0,0,0,7,,,40,,,,,,,,,,,,,,13,,,,,B03,,,1,,1,,,7,7,1,12,4,120.655938,24.165527,3
7287,66000,387130000C,(04)23274275,(04)23288582,2025,03,19,12,9,臺中市,西屯區,0,1,0,7,2,6,40,3,1,1,5,4,6,6,1,1,10,5,5,2,16,2,9,1,1,C03,7,6,1,10,2,14,,23,23,1,12,4,120.660077,24.174409,2
7288,66000,387130000C,(04)23274275,(04)23288582,2025,03,19,12,9,臺中市,大里區,0,2,0,7,2,6,30,3,1,1,5,4,6,6,4,4,10,5,5,2,16,2,9,1,1,C03,7,6,1,10,2,11,,14,14,1,12,4,120.694507,24.124068,2
7289,66000,387130000C,(04)23274275,(04)23288582,2025,03,19,12,10,臺中市,西屯區,0,1,0,7,2,6,50,13,9,1,5,4,6,6,4,4,1,4,5,2,12,2,9,1,1,C03,7,9,5,10,2,14,,42,42,1,12,4,120.620248,24.184228,2
7290,66000,387130000C,(04)23274275,(04)23288582,2025,03,19,12,10,臺中市,清水區,0,0,0,7,,,50,,,,,,,,,,,,,,17,,,,,B03,,,1,,2,,,8,8,1,12,4,120.576828,24.271238,3
7291,66000,387130000C,(04)23274275,(04)23288582,2025,03,19,12,13,臺中市,北屯區,0,0,0,7,,,,,,,,,,,,,,,,,12,,,,,,,,,,,,,119,119,1,,,120.670928,24.175028,3
7292,66000,387130000C,(04)23274275,(04)23288582,2025,03,19,12,13,臺中市,豐原區,0,1,0,7,1,6,50,13,14,1,5,4,6,6,4,4,5,5,5,1,17,2,9,1,4,F03,7,9,7,21,9,11,,84,84,1,12,4,120.732829,24.251098,2
7293,66000,387130000C,(04)23274275,(04)23288582,2025,03,19,12,19,臺中市,豐原區,0,1,0,7,3,6,50,13,9,1,5,4,6,6,4,4,9,5,5,2,18,2,9,1,4,C03,7,9,1,10,2,12,,90,90,1,12,4,120.717059,24.233686,2
7294,66000,387130000C,(04)23274275,(04)23288582,2025,03,19,12,19,臺中市,神岡區,0,2,0,7,2,6,50,13,7,1,5,4,6,6,4,4,9,4,4,1,13,3,10,3,1,B03,7,9,1,8,2,1,,7,7,1,6,4,120.672844,24.254036,2
7295,66000,387130000C,(04)23274275,(04)23288582,2025,03,19,12,25,臺中市,大肚區,0,1,0,6,2,6,40,13,14,1,5,4,6,6,4,4,1,4,4,1,17,2,9,1,1,C03,7,9,1,10,2,11,,84,84,1,6,4,120.551187,24.137579,2
7296,66000,387130000C,(04)23274275,(04)23288582,2025,03,19,12,26,臺中市,南屯區,0,1,0,7,2,6,50,13,9,1,5,4,6,6,4,4,5,5,5,2,17,2,7,4,1,B03,7,15,1,8,2,4,,76,76,1,13,4,120.634135,24.146088,2
7297,66000,387130000C,(04)23274275,(04)23288582,2025,03,19,12,26,臺中市,大里區,0,0,0,7,,,70,,,,,,,,,,,,,,17,,,,,B03,,,1,,2,,,84,84,1,6,4,120.667394,24.097325,3
7298,66000,387130000C,(04)23274275,(04)23288582,2025,03,19,12,28,臺中市,西區,0,0,0,7,,,50,,,,,,,,,,,,,,13,,,,,C03,,,1,,1,,,7,7,1,12,4,120.674358,24.148319,3
7299,66000,387130000C,(04)23274275,(04)23288582,2025,03,19,12,30,臺中市,太平區,0,1,0,7,2,6,50,4,2,1,5,4,3,3,4,4,5,4,5,1,13,3,10,3,1,B12,7,9,1,8,2,5,,7,7,1,12,4,120.712151,24.133962,2
7300,66000,387130000C,(04)23274275,(04)23288582,2025,03,19,12,32,臺中市,南區,0,0,0,7,,,50,,,,,,,,,,,,,,13,,,,,B03,,,1,,1,,,84,84,1,12,4,120.675558,24.124159,3
7301,66000,387130000C,(04)23274275,(04)23288582,2025,03,19,12,37,臺中市,北區,0,2,0,7,2,6,50,4,1,1,5,4,6,6,1,1,10,5,5,2,16,2,9,1,1,C03,7,9,1,10,2,11,,59,59,1,12,4,120.685033,24.166985,2
7302,66000,387130000C,(04)23274275,(04)23288582,2025,03,19,12,39,臺中市,西屯區,0,1,0,7,2,6,40,13,9,1,5,4,5,6,4,4,1,5,5,2,30,2,9,2,1,C03,7,9,5,19,2,11,,59,59,1,12,4,120.655654,24.194627,2
7303,66000,387130000C,(04)23274275,(04)23288582,2025,03,19,12,49,臺中市,西屯區,0,0,0,7,,,60,,,,,,,,,,,,,,13,,,,,B03,,,1,,1,,,59,59,1,13,4,120.638604,24.159099,3
7304,66000,387130000C,(04)23274275,(04)23288582,2025,03,19,12,50,臺中市,北區,0,1,0,7,3,6,50,13,7,1,5,4,6,6,4,4,7,5,4,2,15,2,9,1,1,C03,7,1,1,10,2,12,,51,51,1,12,4,120.674462,24.155618,2
7305,66000,387130000C,(04)23274275,(04)23288582,2025,03,19,12,51,臺中市,南屯區,0,0,0,7,,,60,,,,,,,,,,,,,,13,,,,,B03,,,1,,1,,,59,59,1,6,4,120.649984,24.132318,3
7306,66000,387130000C,(04)23274275,(04)23288582,2025,03,19,12,55,臺中市,東區,0,1,0,7,2,6,50,13,7,1,5,4,6,6,4,4,5,5,4,2,13,2,9,2,1,C04,7,9,1,12,2,11,,7,7,1,13,4,120.708738,24.149332,2
7307,66000,387130000C,(04)23274275,(04)23288582,2025,03,19,12,56,臺中市,北區,0,0,0,7,,,50,,,,,,,,,,,,,,,,,,,C03,,,1,,1,,,84,84,1,12,4,120.684382,24.153138,3
7308,66000,387130000C,(04)23274275,(04)23288582,2025,03,19,12,57,臺中市,北屯區,0,2,0,7,3,6,50,4,1,1,5,4,6,6,1,1,10,5,5,2,16,2,8,1,1,C03,7,5,1,10,2,13,,84,84,1,12,4,120.726814,24.171759,2
7309,66000,387130000C,(04)23274275,(04)23288582,2025,03,19,13,1,臺中市,大里區,0,2,0,7,2,6,50,4,1,1,5,4,6,6,4,4,4,3,4,1,17,2,9,1,1,C03,7,9,1,10,2,14,,12,12,1,6,4,120.703642,24.092026,2
7310,66000,387130000C,(04)23274275,(04)23288582,2025,03,19,13,2,臺中市,北區,0,0,0,7,,,50,,,,,,,,,,,,,,13,,,,,B03,,,1,,1,,,7,7,1,13,4,120.686714,24.146551,3
7311,66000,387130000C,(04)23274275,(04)23288582,2025,03,19,13,4,臺中市,大里區,0,1,0,7,2,6,30,4,1,1,5,4,6,6,4,4,10,5,5,1,15,3,10,3,1,B03,7,9,1,8,2,5,,84,84,1,12,4,120.694251,24.108693,2
7312,66000,387130000C,(04)23274275,(04)23288582,2025,03,19,13,6,臺中市,西屯區,0,2,0,7,3,6,50,4,2,1,5,4,6,6,2,1,10,5,5,2,13,2,9,1,1,C03,7,9,1,10,2,11,,7,7,1,5,4,120.617498,24.185346,2
7313,66000,387130000C,(04)23274275,(04)23288582,2025,03,19,13,7,臺中市,西屯區,0,1,0,7,2,6,50,4,9,1,5,4,6,6,3,1,3,4,5,2,13,3,10,3,1,B03,7,9,1,8,2,1,,59,59,1,12,4,120.645311,24.192819,2
7314,66000,387130000C,(04)23274275,(04)23288582,2025,03,19,13,8,臺中市,北區,0,0,0,7,,,50,,,,,,,,,,,,,,17,,,,,C03,,,1,,1,,,84,84,1,13,4,120.676514,24.173225,3
7315,66000,387130000C,(04)23274275,(04)23288582,2025,03,19,13,16,臺中市,神岡區,0,0,0,7,,,50,,,,,,,,,,,,,,13,,,,,B03,,,1,,2,,,59,59,1,13,4,120.696098,24.248194,3
7316,66000,387130000C,(04)23274275,(04)23288582,2025,03,19,13,21,臺中市,太平區,0,0,0,7,2,6,40,13,14,1,5,4,6,6,4,4,5,5,4,1,17,3,10,3,1,B12,7,1,1,8,1,5,,84,84,1,6,4,120.726242,24.149561,3
7317,66000,387130000C,(04)23274275,(04)23288582,2025,03,19,13,22,臺中市,北屯區,0,2,0,7,3,6,50,5,1,1,5,4,6,6,1,1,10,5,5,2,15,2,9,2,1,C03,7,9,3,19,2,11,,21,21,1,13,4,120.697717,24.170556,2
7318,66000,387130000C,(04)23274275,(04)23288582,2025,03,19,13,23,臺中市,南屯區,0,0,0,7,,,50,,,,,,,,,,,,,,13,,,,,B03,,,1,,2,,,84,84,1,6,4,120.643838,24.132041,3
7319,66000,387130000C,(04)23274275,(04)23288582,2025,03,19,13,26,臺中市,潭子區,0,1,0,7,3,6,50,13,7,1,5,4,6,6,4,4,5,4,4,2,17,3,10,3,1,B03,7,1,1,8,2,1,,51,51,1,13,4,120.709893,24.204553,2
7320,66000,387130000C,(04)23274275,(04)23288582,2025,03,19,13,30,臺中市,北屯區,0,0,0,7,,,50,,,,,,,,,,,,,,13,,,,,B03,,,1,,1,,,84,84,1,12,4,120.705646,24.164669,3
7321,66000,387130000C,(04)23274275,(04)23288582,2025,03,19,13,33,臺中市,大里區,0,1,0,7,2,6,50,13,7,1,5,4,6,6,4,4,8,5,4,1,16,2,9,1,1,C03,7,11,1,10,2,12,,45,45,1,6,4,120.668605,24.096705,2
7322,66000,387130000C,(04)23274275,(04)23288582,2025,03,19,13,37,臺中市,大雅區,0,0,0,7,,,30,,,,,,,,,,,,,,14,,,,,B12,,,1,,2,,,49,49,1,13,4,120.629853,24.208632,3
7323,66000,387130000C,(04)23274275,(04)23288582,2025,03,19,13,39,臺中市,北屯區,0,0,0,7,,,50,,,,,,,,,,,,,,13,,,,,B03,,,1,,1,,,7,7,1,13,4,120.690847,24.172679,3
7324,66000,387130000C,(04)23274275,(04)23288582,2025,03,19,13,45,臺中市,南屯區,0,0,0,7,,,50,,,,,,,,,,,,,,14,,,,,B12,,,1,,2,,,49,49,1,12,4,120.612032,24.148626,3
7325,66000,387130000C,(04)23274275,(04)23288582,2025,03,19,13,47,臺中市,西屯區,0,2,0,7,3,6,50,13,9,1,5,4,6,6,4,4,1,4,5,1,17,3,10,5,4,B03,7,9,1,8,1,1,,59,59,1,13,4,120.646531,24.157749,2
7326,66000,387130000C,(04)23274275,(04)23288582,2025,03,19,13,53,臺中市,北區,0,0,0,7,,,50,,,,,,,,,,,,,,13,,,,,B03,,,1,,1,,,59,59,1,12,4,120.671862,24.170658,3
7327,66000,387130000C,(04)23274275,(04)23288582,2025,03,19,13,55,臺中市,清水區,0,1,0,7,2,6,50,3,1,1,5,4,6,6,4,4,8,3,4,2,16,3,10,3,1,B12,7,6,1,8,2,5,,14,14,1,12,4,120.558234,24.266642,2
7328,66000,387130000C,(04)23274275,(04)23288582,2025,03,19,13,57,臺中市,大雅區,0,0,0,7,,,0,,,,,,,,,,,,,,16,,,,,B03,,,1,,2,,,11,11,1,12,4,120.650008,24.212099,3
7329,66000,387130000C,(04)23274275,(04)23288582,2025,03,19,13,58,臺中市,外埔區,0,2,0,7,2,6,50,11,9,1,5,4,6,6,4,4,9,4,5,1,17,2,9,1,1,C03,7,9,1,10,2,11,,59,59,1,6,4,120.653691,24.331675,2
7330,66000,387130000C,(04)23274275,(04)23288582,2025,03,19,14,1,臺中市,神岡區,0,0,0,7,,,50,,,,,,,,,,,,,,13,,,,,B12,,,1,,1,,,84,84,1,13,4,120.69678,24.254622,3
7331,66000,387130000C,(04)23274275,(04)23288582,2025,03,19,14,2,臺中市,烏日區,0,0,0,7,,,50,,,,,,,,,,,,,,17,,,,,B11,,,1,,2,,,51,51,1,6,4,120.608822,24.116088,3
7332,66000,387130000C,(04)23274275,(04)23288582,2025,03,19,14,8,臺中市,西區,0,0,0,7,,,,,,,,,,,,,,,,,,,,,,,,,,,,,,119,119,1,,,120.665824,24.141294,3
7333,66000,387130000C,(04)23274275,(04)23288582,2025,03,19,14,8,臺中市,霧峰區,0,2,0,7,3,6,50,3,1,1,5,4,6,6,1,1,10,5,5,1,16,3,10,3,1,B03,7,6,1,8,2,8,,14,14,1,12,4,120.70073,24.066535,2
7334,66000,387130000C,(04)23274275,(04)23288582,2025,03,19,14,15,臺中市,大里區,0,0,0,7,,,50,,,,,,,,,,,,,,,,,,,B03,,,1,,2,,,84,84,1,12,4,120.666556,24.096673,3
7335,66000,387130000C,(04)23274275,(04)23288582,2025,03,19,14,20,臺中市,北區,0,0,0,7,,,50,,,,,,,,,,,,,,17,,,,,A04,,,1,,2,,,49,49,1,13,4,120.686033,24.145896,3
7336,66000,387130000C,(04)23274275,(04)23288582,2025,03,19,14,21,臺中市,西區,0,0,0,7,,,50,,,,,,,,,,,,,,12,,,,,B03,,,1,,1,,,39,39,1,12,4,120.676365,24.139919,3
7337,66000,387130000C,(04)23274275,(04)23288582,2025,03,19,14,21,臺中市,南屯區,0,0,0,7,,,60,,,,,,,,,,,,,,12,,,,,,,,,,,,,86,86,1,,,120.626789,24.151669,3
7338,66000,387130000C,(04)23274275,(04)23288582,2025,03,19,14,24,臺中市,南屯區,0,0,0,7,,,50,,,,,,,,,,,,,,,,,,,B03,,,1,,1,,,84,84,1,13,4,120.647289,24.142604,3
7339,66000,387130000C,(04)23274275,(04)23288582,2025,03,19,14,25,臺中市,南區,0,0,0,7,,,50,,,,,,,,,,,,,,17,,,,,C03,,,1,,1,,,59,59,1,13,4,120.662579,24.128574,3
7340,66000,387130000C,(04)23274275,(04)23288582,2025,03,19,14,28,臺中市,北屯區,0,0,0,7,,,50,,,,,,,,,,,,,,13,,,,,B03,,,1,,1,,,59,59,1,12,4,120.711225,24.175192,3
7341,66000,387130000C,(04)23274275,(04)23288582,2025,03,19,14,30,臺中市,大甲區,0,1,0,7,3,6,50,3,1,1,5,4,6,6,1,1,10,5,5,2,16,2,7,1,1,F03,7,6,7,21,2,14,,87,87,1,12,4,120.612933,24.34849,2
7342,66000,387130000C,(04)23274275,(04)23288582,2025,03,19,14,30,臺中市,神岡區,0,0,0,7,,,50,,,,,,,,,,,,,,12,,,,,B03,,,1,,1,,,7,7,1,13,4,120.666106,24.274785,3
7343,66000,387130000C,(04)23274275,(04)23288582,2025,03,19,14,35,臺中市,大里區,0,1,0,7,2,6,50,13,9,1,5,4,6,6,4,4,8,4,5,1,17,2,1,1,2,C03,7,9,3,19,2,11,,84,84,1,6,4,120.716594,24.097547,2
7344,66000,387130000C,(04)23274275,(04)23288582,2025,03,19,14,35,臺中市,大甲區,0,0,0,7,,,60,,,,,,,,,,,,,,14,,,,,B03,,,1,,2,,,49,49,1,6,4,120.620846,24.35613,3
7345,66000,387130000C,(04)23274275,(04)23288582,2025,03,19,14,42,臺中市,大甲區,0,1,0,7,3,6,50,3,2,1,5,4,6,6,1,1,5,5,5,1,18,2,9,1,1,C03,7,9,1,10,6,11,14,59,59,1,6,4,120.617328,24.34808,2
7346,66000,387130000C,(04)23274275,(04)23288582,2025,03,19,14,43,臺中市,東區,0,0,0,7,,,50,,,,,,,,,,,,,,12,,,,,B03,,,1,,9,,,84,84,1,12,4,120.688719,24.143114,3
7347,66000,387130000C,(04)23274275,(04)23288582,2025,03,19,14,43,臺中市,南屯區,0,0,0,7,,,50,,,,,,,,,,,,,,13,,,,,B03,,,1,,1,,,56,56,1,12,4,120.652991,24.137412,3
7348,66000,387130000C,(04)23274275,(04)23288582,2025,03,19,14,44,臺中市,東區,0,1,0,7,2,6,40,13,8,1,5,4,6,6,4,4,1,4,4,2,17,2,7,1,1,C03,7,9,1,10,2,12,,84,84,1,12,4,120.69004,24.131072,2
7349,66000,387130000C,(04)23274275,(04)23288582,2025,03,19,14,44,臺中市,大里區,0,0,0,7,,,50,,,,,,,,,,,,,,17,,,,,B03,,,1,,2,,,7,7,1,13,4,120.674065,24.116133,3
7350,66000,387130000C,(04)23274275,(04)23288582,2025,03,19,14,47,臺中市,南屯區,0,2,0,7,3,6,50,4,1,1,5,4,6,6,1,1,10,5,5,2,16,3,10,5,4,B03,7,5,1,8,2,5,,84,84,1,6,4,120.653258,24.128767,2
7351,66000,387130000C,(04)23274275,(04)23288582,2025,03,19,14,47,臺中市,沙鹿區,0,1,0,7,2,6,50,13,8,1,5,4,6,6,4,4,3,4,3,2,17,2,9,1,1,C03,7,9,1,10,1,12,,7,7,1,13,4,120.56873,24.2377,2
7352,66000,387130000C,(04)23274275,(04)23288582,2025,03,19,14,56,臺中市,西屯區,0,1,0,7,2,6,50,3,1,1,5,4,6,6,3,1,9,4,5,2,17,3,10,3,1,B03,7,6,1,8,2,8,,11,11,1,12,4,120.635349,24.169426,2
7353,66000,387130000C,(04)23274275,(04)23288582,2025,03,19,14,59,臺中市,北屯區,0,0,0,7,,,50,,,,,,,,,,,,,,14,,,,,B03,,,1,8,2,,,49,49,1,6,4,120.709211,24.180084,3
7354,66000,387130000C,(04)23274275,(04)23288582,2025,03,19,15,0,臺中市,大里區,0,1,0,7,3,6,30,3,2,1,5,4,6,6,4,4,10,5,5,2,17,2,9,1,1,C03,7,11,1,10,2,14,,46,46,1,12,4,120.677309,24.090306,2
7355,66000,387130000C,(04)23274275,(04)23288582,2025,03,19,15,0,臺中市,清水區,0,1,0,7,3,6,60,13,9,1,5,4,6,6,4,4,1,4,5,2,17,3,10,3,1,A31,7,1,1,1,2,8,,51,51,1,12,4,120.551993,24.292757,2
7356,66000,387130000C,(04)23274275,(04)23288582,2025,03,19,15,3,臺中市,太平區,0,0,0,7,,,40,,,,,,,,,,,,,,20,,,,,B03,,,1,,2,,,39,39,1,12,4,120.703004,24.119504,3
7357,66000,387130000C,(04)23274275,(04)23288582,2025,03,19,15,8,臺中市,大安區,0,1,0,7,2,6,50,11,9,1,5,4,6,6,4,4,5,5,5,2,11,2,8,1,1,C03,7,9,1,10,2,14,,39,39,1,6,4,120.591681,24.351471,2
7358,66000,387130000C,(04)23274275,(04)23288582,2025,03,19,15,9,臺中市,豐原區,0,0,0,7,,,50,,,,,,,,,,,,,,14,,,,,B12,,,1,,2,,,50,50,1,12,4,120.724351,24.244916,3
7359,66000,387130000C,(04)23274275,(04)23288582,2025,03,19,15,10,臺中市,北區,0,0,0,7,,,50,,,,,,,,,,,,,,17,,,,,B03,,,1,,1,,,84,84,1,12,4,120.675576,24.153424,3
7360,66000,387130000C,(04)23274275,(04)23288582,2025,03,19,15,10,臺中市,北屯區,0,0,0,7,,,50,,,,,,,,,,,,,,14,,,,,B03,,,1,,1,,,49,49,1,6,4,120.676703,24.180577,3
7361,66000,387130000C,(04)23274275,(04)23288582,2025,03,19,15,11,臺中市,潭子區,0,1,0,7,2,6,60,4,2,1,5,4,6,6,1,1,1,4,4,1,13,2,5,2,1,C03,7,1,1,10,2,11,,84,84,1,12,4,120.706119,24.220546,2
7362,66000,387130000C,(04)23274275,(04)23288582,2025,03,19,15,12,臺中市,大雅區,0,1,0,7,3,6,50,13,8,1,5,4,6,6,4,4,9,4,4,1,13,3,10,3,1,B03,7,5,1,8,2,3,,84,84,1,13,4,120.66329,24.218982,2
7363,66000,387130000C,(04)23274275,(04)23288582,2025,03,19,15,13,臺中市,中區,0,2,0,7,2,6,50,13,7,1,5,4,6,6,4,4,5,4,5,2,17,2,9,1,1,C03,7,15,1,10,2,11,,7,7,1,12,4,120.678162,24.143394,2
7364,66000,387130000C,(04)23274275,(04)23288582,2025,03,19,15,17,臺中市,沙鹿區,0,1,0,7,1,6,40,3,1,1,5,4,6,6,1,1,10,5,5,2,16,3,10,3,1,B13,7,5,1,8,2,6,,47,47,1,6,4,120.580081,24.219697,2
7365,66000,387130000C,(04)23274275,(04)23288582,2025,03,19,15,18,臺中市,潭子區,0,0,0,7,,,50,,,,,,,,,,,,,,,,,,,B03,,,1,,2,,,59,59,1,13,4,120.704439,24.211949,3
7366,66000,387130000C,(04)23274275,(04)23288582,2025,03,19,15,18,臺中市,大里區,0,1,0,7,3,6,80,10,9,1,5,4,6,6,4,4,1,3,5,1,17,2,3,3,1,B12,7,12,1,10,2,7,,84,84,1,6,4,120.69458,24.107541,2
7367,66000,387130000C,(04)23274275,(04)23288582,2025,03,19,15,18,臺中市,豐原區,0,0,0,7,,,40,,,,,,,,,,,,,,35,,,,,C03,,,1,,9,,,84,84,1,12,4,120.726043,24.242634,3
7368,66000,387130000C,(04)23274275,(04)23288582,2025,03,19,15,22,臺中市,潭子區,0,1,0,7,2,6,50,5,1,1,5,4,6,6,1,1,10,5,5,2,16,3,10,3,1,B03,7,5,1,8,2,6,,26,26,1,12,4,120.686839,24.210365,2
7369,66000,387130000C,(04)23274275,(04)23288582,2025,03,19,15,22,臺中市,西屯區,0,0,0,7,,,0,,,,,,,,,,,,,,,,,,,C03,,,1,,1,,,84,84,1,12,4,120.614593,24.183081,3
7370,66000,387130000C,(04)23274275,(04)23288582,2025,03,19,15,24,臺中市,豐原區,0,2,0,7,2,6,50,13,8,1,5,4,6,6,4,4,1,4,4,1,17,3,10,3,1,B03,7,7,1,8,2,16,,85,85,1,12,4,120.703992,24.25402,2
7371,66000,387130000C,(04)23274275,(04)23288582,2025,03,19,15,27,臺中市,北屯區,0,0,0,7,,,50,,,,,,,,,,,,,,13,,,,,C03,,,1,,1,,,7,7,1,12,4,120.704454,24.164862,4
7372,66000,387130000C,(04)23274275,(04)23288582,2025,03,19,15,27,臺中市,大里區,0,0,0,7,,,80,,,,,,,,,,,,,,,,,,,B12,,,1,,2,,,68,68,1,12,4,120.699985,24.115814,3
7373,66000,387130000C,(04)23274275,(04)23288582,2025,03,19,15,29,臺中市,西區,0,1,0,7,3,6,50,4,1,1,5,4,6,6,2,1,10,5,5,2,13,3,10,3,1,B12,7,9,1,8,2,1,,7,7,1,13,4,120.662708,24.161158,2
7374,66000,387130000C,(04)23274275,(04)23288582,2025,03,19,15,30,臺中市,烏日區,0,1,0,7,2,6,30,4,1,1,5,4,6,6,3,1,10,5,5,1,15,2,9,1,1,C03,7,9,1,10,2,14,,24,24,1,6,4,120.640349,24.098318,2
7375,66000,387130000C,(04)23274275,(04)23288582,2025,03,19,15,31,臺中市,東勢區,0,0,0,7,,,60,,,,,,,,,,,,,,,,,,,B03,,,1,,2,,,7,7,1,12,4,120.826502,24.252819,3
7376,66000,387130000C,(04)23274275,(04)23288582,2025,03,19,15,34,臺中市,西屯區,0,2,0,7,2,6,50,4,1,1,5,4,6,6,4,4,10,5,5,2,17,2,9,1,4,C04,7,6,1,11,2,13,,48,48,1,13,4,120.661113,24.167592,2
7377,66000,387130000C,(04)23274275,(04)23288582,2025,03,19,15,34,臺中市,太平區,0,0,0,7,,,50,,,,,,,,,,,,,,12,,,,,B03,,,1,,11,,,8,8,1,12,4,120.714138,24.149243,3
7378,66000,387130000C,(04)23274275,(04)23288582,2025,03,19,15,37,臺中市,西屯區,0,0,0,7,,,50,,,,,,,,,,,,,,12,,,,,C03,,,1,,1,,,40,40,1,13,4,120.649696,24.16292,3