﻿序號,縣市別代碼,機關代碼,市話,傳真,年,月,日,時,分,縣市,區,死亡數量,受傷數量,2-30,天候,道路照明設備,道路類別,道路速限,道路型態,事故位置,路面鋪裝,路面狀態,路面缺陷,障礙物,視距,號誌種類,號誌動作,分向設施,快車道或一般車道間,快慢車道間,路面邊線,事故類型及型態,受傷程度,主要傷處,保護裝備,行動電話或功能裝置,當事者區分_類別,車輛用途,當事者行動狀態,駕照狀態,駕照種類,飲酒情形,車輛撞擊部位最初,車輛撞擊部位其他,肇事因素個別,肇事因素主要,肇事逃逸,職業,共享經濟或外送平台,GPS座標X,GPS座標Y,事故類別
7379,66000,387130000C,(04)23274275,(04)23288582,2025,03,19,15,38,臺中市,西屯區,0,1,0,7,2,6,0,13,9,1,5,4,6,6,4,4,5,5,5,1,17,3,10,3,1,B12,7,1,1,7,2,8,,51,51,1,12,4,120.587884,24.185837,2
7380,66000,387130000C,(04)23274275,(04)23288582,2025,03,19,15,39,臺中市,沙鹿區,0,0,0,7,,,60,,,,,,,,,,,,,,12,,,,,B03,,,1,,2,,,84,84,1,6,4,120.577008,24.225683,3
7381,66000,387130000C,(04)23274275,(04)23288582,2025,03,19,15,39,臺中市,后里區,0,1,0,7,2,6,50,5,2,1,5,4,6,6,1,1,1,4,4,1,17,3,10,3,1,B03,7,8,1,8,2,4,,20,20,1,12,4,120.703444,24.312055,2
7382,66000,387130000C,(04)23274275,(04)23288582,2025,03,19,15,47,臺中市,北屯區,0,1,0,7,2,6,50,4,1,1,5,4,6,6,2,1,10,5,5,2,16,3,10,3,1,B03,7,6,1,8,2,1,,11,11,1,12,4,120.683948,24.180297,2
7383,66000,387130000C,(04)23274275,(04)23288582,2025,03,19,15,48,臺中市,豐原區,0,1,0,7,3,6,50,4,1,1,5,4,6,6,1,1,10,5,5,2,16,3,10,1,1,C03,7,6,1,10,2,13,,11,11,1,13,4,120.713047,24.262246,2
7384,66000,387130000C,(04)23274275,(04)23288582,2025,03,19,15,50,臺中市,北區,0,0,0,7,,,50,,,,,,,,,,,,,,17,,,,,C03,,,1,,1,,,8,8,1,13,4,120.680678,24.157695,3
7385,66000,387130000C,(04)23274275,(04)23288582,2025,03,19,15,54,臺中市,南屯區,0,0,0,7,,,60,,,,,,,,,,,,,,13,,,,,B03,,,1,,1,,,84,84,1,12,4,120.631239,24.125836,3
7386,66000,387130000C,(04)23274275,(04)23288582,2025,03,19,15,55,臺中市,南屯區,0,2,0,7,3,6,50,4,4,1,5,4,6,6,2,1,1,5,5,2,13,2,9,2,4,C03,7,9,1,10,2,11,,59,59,1,6,4,120.646707,24.150896,2
7387,66000,387130000C,(04)23274275,(04)23288582,2025,03,19,16,0,臺中市,西屯區,0,2,0,7,2,6,50,3,1,1,5,4,6,6,4,4,5,5,5,2,16,2,9,2,1,C03,7,6,1,10,2,14,,84,84,1,12,4,120.658226,24.158811,2
7388,66000,387130000C,(04)23274275,(04)23288582,2025,03,19,16,5,臺中市,北屯區,0,0,0,7,,,50,,,,,,,,,,,,,,12,,,,,B03,,,1,,2,,,8,8,1,13,4,120.728394,24.167481,4
7389,66000,387130000C,(04)23274275,(04)23288582,2025,03,19,16,6,臺中市,龍井區,0,1,0,7,3,6,50,13,9,1,5,4,6,6,1,1,5,4,4,2,13,2,8,1,1,C03,7,9,1,10,2,11,,59,59,1,6,2,120.530189,24.182444,2
7390,66000,387130000C,(04)23274275,(04)23288582,2025,03,19,16,9,臺中市,北區,0,0,0,7,,,50,,,,,,,,,,,,,,17,,,,,B03,,,1,,1,,,8,8,1,13,4,120.667902,24.154689,3
7391,66000,387130000C,(04)23274275,(04)23288582,2025,03,19,16,9,臺中市,南屯區,0,2,0,7,2,6,30,12,8,1,5,4,1,6,4,4,1,4,4,2,18,2,9,2,1,C03,7,9,1,10,2,14,,59,59,1,12,4,120.595831,24.156523,2
7392,66000,387130000C,(04)23274275,(04)23288582,2025,03,19,16,14,臺中市,北區,0,2,0,7,2,6,50,4,1,1,5,4,6,6,2,1,5,5,5,2,17,2,9,1,1,C03,7,6,1,10,2,11,,7,7,1,13,4,120.682701,24.152981,2
7393,66000,387130000C,(04)23274275,(04)23288582,2025,03,19,16,15,臺中市,西屯區,0,2,0,7,2,6,50,4,1,1,5,4,6,6,1,1,10,5,5,2,12,2,8,1,4,C03,7,9,1,10,2,11,,39,39,1,13,4,120.593048,24.183068,2
7394,66000,387130000C,(04)23274275,(04)23288582,2025,03,19,16,17,臺中市,西屯區,0,1,0,7,2,6,50,5,1,1,5,4,6,6,2,1,1,3,5,2,16,3,10,5,4,B03,7,6,5,8,2,1,,38,38,1,13,4,120.656476,24.200246,2
7395,66000,387130000C,(04)23274275,(04)23288582,2025,03,19,16,18,臺中市,西屯區,0,0,0,7,,,50,,,,,,,,,,,,,,13,,,,,B03,,,1,,1,,,59,59,1,12,4,120.622212,24.174224,3
7396,66000,387130000C,(04)23274275,(04)23288582,2025,03,19,16,21,臺中市,沙鹿區,0,0,0,7,,,50,,,,,,,,,,,,,,,,,,,B03,,,1,,1,,,8,8,1,13,4,120.573865,24.228619,3
7397,66000,387130000C,(04)23274275,(04)23288582,2025,03,19,16,22,臺中市,沙鹿區,0,1,0,7,2,6,40,4,1,1,5,4,5,6,1,1,10,5,5,2,13,3,10,3,1,B03,7,5,1,8,2,3,7,87,87,1,6,4,120.562342,24.240695,2
7398,66000,387130000C,(04)23274275,(04)23288582,2025,03,19,16,25,臺中市,南區,0,5,0,7,3,6,50,4,2,1,5,4,6,6,1,1,3,2,5,2,13,2,9,1,1,C03,7,9,1,10,2,11,,7,7,1,4,4,120.679286,24.119037,2
7399,66000,387130000C,(04)23274275,(04)23288582,2025,03,19,16,26,臺中市,大里區,0,2,0,7,3,6,50,3,1,1,5,4,6,6,4,4,10,5,5,2,16,2,8,2,1,C03,7,6,3,19,2,11,,14,14,1,13,4,120.688064,24.108142,2
7400,66000,387130000C,(04)23274275,(04)23288582,2025,03,19,16,27,臺中市,潭子區,0,1,0,7,3,6,40,13,9,1,5,4,6,6,4,4,1,4,5,1,20,2,9,2,1,C03,7,9,1,10,2,12,,59,59,1,13,4,120.712186,24.199091,2
7401,66000,387130000C,(04)23274275,(04)23288582,2025,03,19,16,27,臺中市,北區,0,0,0,7,,,50,,,,,,,,,,,,,,17,,,,,B03,,,1,,1,,,47,47,1,12,4,120.683676,24.163021,3
7402,66000,387130000C,(04)23274275,(04)23288582,2025,03,19,16,28,臺中市,太平區,0,1,0,7,2,6,50,4,2,1,5,4,6,6,2,1,5,2,5,2,17,3,10,3,1,B03,7,11,1,8,2,5,,45,45,1,6,4,120.71544,24.148809,2
7403,66000,387130000C,(04)23274275,(04)23288582,2025,03,19,16,30,臺中市,神岡區,0,0,0,7,,,30,,,,,,,,,,,,,,14,,,,,B12,,,1,,2,,,49,49,1,13,4,120.684438,24.243487,3
7404,66000,387130000C,(04)23274275,(04)23288582,2025,03,19,16,30,臺中市,神岡區,0,1,0,7,3,6,50,4,1,1,5,4,6,6,1,1,5,4,4,1,16,3,10,3,1,B03,7,6,1,8,2,1,,11,11,1,13,4,120.655619,24.255462,2
7405,66000,387130000C,(04)23274275,(04)23288582,2025,03,19,16,31,臺中市,南屯區,0,0,0,7,,,60,,,,,,,,,,,,,,17,,,,,B03,,,1,,1,,,44,44,1,12,4,120.614825,24.145848,3
7406,66000,387130000C,(04)23274275,(04)23288582,2025,03,19,16,32,臺中市,北區,0,0,0,7,,,50,,,,,,,,,,,,,,17,,,,,B03,,,1,,1,,,49,49,1,13,4,120.682418,24.165305,3
7407,66000,387130000C,(04)23274275,(04)23288582,2025,03,19,16,34,臺中市,西區,0,0,0,7,,,50,,,,,,,,,,,,,,,,,,,C03,,,1,,1,,,84,84,1,12,4,120.660201,24.15084,3
7408,66000,387130000C,(04)23274275,(04)23288582,2025,03,19,16,35,臺中市,北區,0,1,0,7,2,6,50,4,2,1,5,4,6,6,1,1,5,4,4,2,17,3,10,5,1,B03,7,9,1,8,2,1,,84,84,1,13,4,120.674082,24.164681,2
7409,66000,387130000C,(04)23274275,(04)23288582,2025,03,19,16,36,臺中市,烏日區,0,0,0,7,,,30,,,,,,,,,,,,,,,,,,,B03,,,1,,1,,,20,20,1,6,4,120.638378,24.085122,3
7410,66000,387130000C,(04)23274275,(04)23288582,2025,03,19,16,42,臺中市,南屯區,0,0,0,7,,,40,,,,,,,,,,,,,,17,,,,,C03,,,1,,2,,,84,84,1,6,4,120.615231,24.147953,3
7411,66000,387130000C,(04)23274275,(04)23288582,2025,03,19,16,45,臺中市,東區,0,0,0,7,,,50,,,,,,,,,,,,,,,,,,,B03,,,1,,1,,,49,49,1,6,4,120.706027,24.142738,3
7412,66000,387130000C,(04)23274275,(04)23288582,2025,03,19,16,47,臺中市,北區,0,1,0,7,2,6,50,4,1,1,5,4,6,6,4,4,10,5,5,2,17,2,9,1,1,C03,7,5,1,10,2,14,,12,12,1,13,4,120.684417,24.152984,2
7413,66000,387130000C,(04)23274275,(04)23288582,2025,03,19,16,47,臺中市,西屯區,0,0,0,7,,,50,,,,,,,,,,,,,,,,,,,A11,,,1,,1,,,40,40,1,12,4,120.585617,24.173545,3
7414,66000,387130000C,(04)23274275,(04)23288582,2025,03,19,16,48,臺中市,北區,0,1,0,7,2,6,50,4,1,1,5,4,6,6,2,1,1,4,5,2,17,2,8,1,1,C03,7,9,1,10,2,11,,59,59,1,12,4,120.668167,24.173221,2
7415,66000,387130000C,(04)23274275,(04)23288582,2025,03,19,16,53,臺中市,霧峰區,0,1,0,7,2,6,50,3,9,1,5,4,6,6,3,1,4,4,5,1,17,3,10,3,1,B03,7,6,1,8,2,8,,11,11,1,6,4,120.710681,24.07699,2
7416,66000,387130000C,(04)23274275,(04)23288582,2025,03,19,16,53,臺中市,太平區,0,2,0,7,2,6,50,4,1,1,5,4,6,6,4,4,10,5,5,2,15,3,10,3,1,B03,7,9,1,8,2,1,,15,15,1,12,4,120.71816,24.150629,2
7417,66000,387130000C,(04)23274275,(04)23288582,2025,03,19,16,53,臺中市,龍井區,0,0,0,7,,,40,,,,,,,,,,,,,,17,,,,,B03,,,1,,2,,,59,59,1,6,4,120.533388,24.20086,3
7418,66000,387130000C,(04)23274275,(04)23288582,2025,03,19,16,57,臺中市,大里區,0,0,0,7,,,50,,,,,,,,,,,,,,,,,,,B03,,,1,,2,,,84,84,1,12,4,120.694849,24.111411,3
7419,66000,387130000C,(04)23274275,(04)23288582,2025,03,19,16,58,臺中市,大雅區,0,2,0,7,1,6,50,13,14,1,5,4,6,6,4,4,5,5,5,1,17,2,9,2,1,C03,7,9,1,10,2,11,,4,4,1,12,4,120.653612,24.224237,2
7420,66000,387130000C,(04)23274275,(04)23288582,2025,03,19,16,59,臺中市,南屯區,0,0,0,7,,,60,,,,,,,,,,,,,,13,,,,,B03,,,1,,1,,,7,7,1,12,4,120.623096,24.145717,3
7421,66000,387130000C,(04)23274275,(04)23288582,2025,03,19,17,0,臺中市,東區,0,1,0,7,2,6,50,13,9,1,5,4,6,6,4,4,5,5,5,2,17,2,9,6,1,F01,7,9,7,21,2,11,,84,84,1,12,4,120.708273,24.141554,2
7422,66000,387130000C,(04)23274275,(04)23288582,2025,03,19,17,1,臺中市,西屯區,0,0,0,7,,,50,,,,,,,,,,,,,,13,,,,,C03,,,1,,1,,,7,7,1,12,4,120.645796,24.172829,3
7423,66000,387130000C,(04)23274275,(04)23288582,2025,03,19,17,2,臺中市,北屯區,0,1,0,7,3,6,50,13,8,1,5,4,6,6,4,4,9,5,4,2,12,3,10,3,1,B03,7,9,1,8,2,5,,84,84,1,6,4,120.68503,24.185013,2
7424,66000,387130000C,(04)23274275,(04)23288582,2025,03,19,17,4,臺中市,西屯區,0,0,0,7,,,50,,,,,,,,,,,,,,,,,,,C03,,,1,,9,,,39,39,1,12,4,120.667137,24.176086,3
7425,66000,387130000C,(04)23274275,(04)23288582,2025,03,19,17,5,臺中市,北屯區,0,1,0,7,3,6,50,3,1,1,5,4,6,6,4,4,10,5,5,2,15,3,10,3,1,B03,7,9,1,8,1,7,,12,12,1,6,4,120.714616,24.181174,2
7426,66000,387130000C,(04)23274275,(04)23288582,2025,03,19,17,6,臺中市,西區,0,1,0,7,1,6,50,3,1,1,5,4,6,6,1,1,10,5,5,1,17,3,10,5,4,B03,7,9,1,8,2,1,,84,84,1,12,4,120.658502,24.155427,2
7427,66000,387130000C,(04)23274275,(04)23288582,2025,03,19,17,6,臺中市,南區,0,2,0,7,3,6,0,13,7,1,5,4,6,6,4,4,9,5,4,2,3,2,9,6,5,H01,8,16,7,21,10,17,,95,95,1,5,5,120.67193,24.122247,2
7428,66000,387130000C,(04)23274275,(04)23288582,2025,03,19,17,7,臺中市,神岡區,0,1,0,7,2,6,50,3,2,1,5,4,6,6,4,4,5,5,5,2,16,3,10,5,4,B03,7,5,1,8,2,5,,59,59,1,12,4,120.646881,24.278299,2
7429,66000,387130000C,(04)23274275,(04)23288582,2025,03,19,17,9,臺中市,石岡區,0,0,0,7,,,70,,,,,,,,,,,,,,,,,,,B03,,,1,,2,,,7,7,1,12,4,120.783323,24.274629,3
7430,66000,387130000C,(04)23274275,(04)23288582,2025,03,19,17,10,臺中市,潭子區,0,0,0,7,,,30,,,,,,,,,,,,,,,,,,,B03,,,1,,2,,,84,84,1,13,4,120.69937,24.210947,3
7431,66000,387130000C,(04)23274275,(04)23288582,2025,03,19,17,12,臺中市,沙鹿區,0,0,0,7,,,60,,,,,,,,,,,,,,,,,,,B03,,,1,,2,,,26,26,1,13,4,120.57087,24.235681,3
7432,66000,387130000C,(04)23274275,(04)23288582,2025,03,19,17,15,臺中市,南區,0,1,0,7,3,6,40,3,1,1,5,4,6,6,4,4,5,5,4,2,13,3,10,1,1,C03,7,9,1,9,2,11,,7,7,1,6,4,120.661505,24.11691,2
7433,66000,387130000C,(04)23274275,(04)23288582,2025,03,19,17,15,臺中市,南屯區,0,1,0,7,2,6,60,11,11,1,5,4,6,6,4,4,7,4,5,1,30,2,9,1,1,C03,7,15,1,10,2,16,,59,59,1,6,4,120.6227,24.149827,2
7434,66000,387130000C,(04)23274275,(04)23288582,2025,03,19,17,15,臺中市,龍井區,0,0,0,7,,,30,,,,,,,,,,,,,,17,,,,,A12,,,1,,1,,,8,8,1,6,4,120.546774,24.196617,3
7435,66000,387130000C,(04)23274275,(04)23288582,2025,03,19,17,15,臺中市,烏日區,0,0,0,7,,,30,,,,,,,,,,,,,,1,,,,,A11,,,1,,2,,,8,8,1,6,4,120.643881,24.087853,3
7436,66000,387130000C,(04)23274275,(04)23288582,2025,03,19,17,16,臺中市,豐原區,0,0,0,7,,,50,,,,,,,,,,,,,,14,,,,,B03,,,1,,2,,,39,39,1,12,4,120.725914,24.256849,3
7437,66000,387130000C,(04)23274275,(04)23288582,2025,03,19,17,17,臺中市,豐原區,0,1,0,7,3,6,50,4,1,1,5,4,6,6,1,1,5,5,4,2,16,3,10,5,4,B03,7,6,1,8,2,6,,11,11,1,12,4,120.71563,24.251408,2
7438,66000,387130000C,(04)23274275,(04)23288582,2025,03,19,17,18,臺中市,東區,0,0,0,7,,,50,,,,,,,,,,,,,,,,,,,B03,,,1,,1,,,12,12,1,12,4,120.699162,24.140195,3
7439,66000,387130000C,(04)23274275,(04)23288582,2025,03,19,17,18,臺中市,北屯區,0,1,0,7,2,6,50,4,1,1,5,4,6,6,1,1,10,5,5,2,15,2,9,2,1,C01,7,9,1,9,2,11,,21,21,1,12,4,120.689327,24.201289,2
7440,66000,387130000C,(04)23274275,(04)23288582,2025,03,19,17,19,臺中市,西屯區,0,0,0,7,,,30,,,,,,,,,,,,,,14,,,,,B03,,,1,,11,,,49,49,1,13,4,120.637969,24.174917,3
7441,66000,387130000C,(04)23274275,(04)23288582,2025,03,19,17,19,臺中市,太平區,0,0,0,7,,,50,,,,,,,,,,,,,,13,,,,,C03,,,1,,2,,,7,7,1,12,4,120.713718,24.124963,3
7442,66000,387130000C,(04)23274275,(04)23288582,2025,03,19,17,19,臺中市,神岡區,0,0,0,7,,,50,,,,,,,,,,,,,,17,,,,,C03,,,6,,11,,,46,46,1,13,4,120.679917,24.24866,3
7443,66000,387130000C,(04)23274275,(04)23288582,2025,03,19,17,21,臺中市,龍井區,0,0,0,7,,,50,,,,,,,,,,,,,,14,,,,,B03,,,1,,1,,,49,49,1,6,4,120.575619,24.180636,4
7444,66000,387130000C,(04)23274275,(04)23288582,2025,03,19,17,24,臺中市,北區,0,1,0,7,2,6,50,13,9,1,5,4,6,6,4,4,5,4,5,2,9,3,10,5,1,A04,7,9,1,2,1,16,,84,84,1,13,4,120.681061,24.157727,2
7445,66000,387130000C,(04)23274275,(04)23288582,2025,03,19,17,24,臺中市,東勢區,0,1,0,7,1,6,30,11,24,1,5,4,6,6,4,4,10,5,5,2,11,3,10,5,4,B03,7,9,1,8,2,8,,84,84,1,12,4,120.766007,24.313847,2
7446,66000,387130000C,(04)23274275,(04)23288582,2025,03,19,17,26,臺中市,北屯區,0,2,0,7,2,6,50,5,1,1,5,4,6,6,4,4,10,5,5,2,15,2,9,2,1,C03,7,9,1,10,2,12,,15,15,1,12,4,120.66529,24.178868,2
7447,66000,387130000C,(04)23274275,(04)23288582,2025,03,19,17,29,臺中市,烏日區,0,1,0,7,3,6,50,8,9,1,5,4,6,6,4,4,9,5,5,2,18,2,9,1,1,C03,7,9,1,10,2,12,,43,43,1,6,4,120.641013,24.101487,2
7448,66000,387130000C,(04)23274275,(04)23288582,2025,03,19,17,29,臺中市,沙鹿區,0,0,0,7,,,30,,,,,,,,,,,,,,30,,,,,B03,,,1,,2,,,59,59,1,6,4,120.571462,24.23899,3
7449,66000,387130000C,(04)23274275,(04)23288582,2025,03,19,17,30,臺中市,大雅區,0,2,0,6,2,6,50,4,1,1,5,4,6,6,2,1,5,5,5,1,16,2,8,2,1,C03,7,6,1,10,2,12,,11,11,1,13,4,120.653567,24.224163,2
7450,66000,387130000C,(04)23274275,(04)23288582,2025,03,19,17,31,臺中市,南屯區,0,2,0,7,3,6,40,13,8,1,5,4,6,6,4,4,1,4,4,2,17,2,1,5,4,B03,7,1,1,8,2,7,,85,85,1,6,4,120.640941,24.149524,2
7451,66000,387130000C,(04)23274275,(04)23288582,2025,03,19,17,32,臺中市,龍井區,0,0,0,7,,,30,,,,,,,,,,,,,,11,,,,,C03,,,1,,1,,,8,8,1,6,4,120.588682,24.182222,3
7452,66000,387130000C,(04)23274275,(04)23288582,2025,03,19,17,33,臺中市,大里區,0,1,0,7,3,6,50,3,1,1,5,4,6,6,4,4,10,5,5,1,13,3,10,1,1,C03,7,9,1,10,2,11,,7,7,1,12,4,120.700991,24.088755,2
7453,66000,387130000C,(04)23274275,(04)23288582,2025,03,19,17,34,臺中市,西屯區,0,1,0,7,2,6,50,13,9,1,5,4,6,6,4,4,9,5,5,2,17,2,9,1,1,C03,7,9,1,10,2,16,,6,6,1,12,4,120.605347,24.16342,2
7454,66000,387130000C,(04)23274275,(04)23288582,2025,03,19,17,35,臺中市,潭子區,0,0,0,7,,,60,,,,,,,,,,,,,,12,,,,,B03,,,1,,2,,,8,8,1,12,4,120.705195,24.211765,3
7455,66000,387130000C,(04)23274275,(04)23288582,2025,03,19,17,35,臺中市,后里區,0,0,0,7,,,40,,,,,,,,,,,,,,13,,,,,C03,,,1,,2,,,7,7,1,6,4,120.72064,24.309084,3
7456,66000,387130000C,(04)23274275,(04)23288582,2025,03,19,17,37,臺中市,西屯區,0,0,0,7,,,60,,,,,,,,,,,,,,16,,,,,B03,,,1,,1,,,87,87,1,12,4,120.61582,24.190194,3
7457,66000,387130000C,(04)23274275,(04)23288582,2025,03,19,17,40,臺中市,豐原區,0,2,0,7,1,6,50,3,2,1,5,4,6,6,4,4,5,5,5,1,16,2,8,1,1,C03,7,6,1,10,2,12,,39,39,1,12,2,120.729074,24.246191,2
7458,66000,387130000C,(04)23274275,(04)23288582,2025,03,19,17,43,臺中市,東區,0,2,0,7,3,6,50,4,9,1,5,4,6,6,2,1,5,5,5,2,16,2,9,5,4,C03,7,6,1,10,2,12,,20,20,1,6,4,120.686141,24.132834,2
7459,66000,387130000C,(04)23274275,(04)23288582,2025,03,19,17,45,臺中市,大里區,0,0,0,7,,,40,,,,,,,,,,,,,,13,,,,,B03,,,1,,2,,,7,7,1,6,4,120.694769,24.097688,3
7460,66000,387130000C,(04)23274275,(04)23288582,2025,03,19,17,46,臺中市,后里區,0,0,0,7,,,50,,,,,,,,,,,,,,14,,,,,B12,,,1,,2,,,49,49,1,6,4,120.723228,24.296175,3
7461,66000,387130000C,(04)23274275,(04)23288582,2025,03,19,17,47,臺中市,南屯區,0,1,0,7,2,6,0,18,23,1,5,4,6,6,4,4,10,5,5,2,17,2,7,2,1,C03,7,3,1,10,2,14,,50,50,1,12,4,120.610738,24.138362,2
7462,66000,387130000C,(04)23274275,(04)23288582,2025,03,19,17,59,臺中市,北區,0,1,0,7,1,6,50,3,1,1,5,4,6,6,4,4,10,4,5,2,12,2,9,1,1,C03,7,8,1,10,2,14,,40,40,1,13,4,120.690028,24.155755,2
7463,66000,387130000C,(04)23274275,(04)23288582,2025,03,19,17,59,臺中市,太平區,0,3,0,7,2,6,50,3,2,1,5,4,6,6,4,4,5,5,5,1,16,2,9,1,1,C03,7,6,3,19,2,14,,48,48,1,6,4,120.715269,24.155718,2
7464,66000,387130000C,(04)23274275,(04)23288582,2025,03,19,18,3,臺中市,豐原區,0,1,0,7,3,6,50,4,1,1,5,4,6,6,1,1,5,4,5,2,17,3,10,5,4,B03,7,6,1,8,2,8,,11,11,1,12,4,120.720037,24.262145,2
7465,66000,387130000C,(04)23274275,(04)23288582,2025,03,19,18,6,臺中市,西屯區,0,0,0,7,,,50,,,,,,,,,,,,,,14,,,,,B03,,,1,,11,,,49,49,1,13,4,120.643302,24.179689,3
7466,66000,387130000C,(04)23274275,(04)23288582,2025,03,19,18,8,臺中市,北屯區,0,0,0,7,,,50,,,,,,,,,,,,,,13,,,,,B03,,,1,7,1,,,84,84,1,6,4,120.704828,24.165562,3
7467,66000,387130000C,(04)23274275,(04)23288582,2025,03,19,18,9,臺中市,北屯區,0,1,0,7,1,6,50,13,8,1,5,4,6,6,4,4,1,5,1,2,14,3,10,3,1,B03,7,2,1,8,2,7,,49,49,1,12,4,120.723382,24.161811,2
7468,66000,387130000C,(04)23274275,(04)23288582,2025,03,19,18,10,臺中市,北屯區,0,0,0,7,,,50,,,,,,,,,,,,,,9,,,,,A11,,,1,,1,,,40,40,1,6,4,120.684686,24.200852,3
7469,66000,387130000C,(04)23274275,(04)23288582,2025,03,19,18,12,臺中市,西屯區,0,1,0,7,2,6,50,4,1,1,5,4,6,6,1,1,10,5,5,2,18,2,9,5,4,C03,7,9,1,10,2,12,,59,59,1,12,4,120.66108,24.171551,2
7470,66000,387130000C,(04)23274275,(04)23288582,2025,03,19,18,12,臺中市,霧峰區,0,2,0,7,1,6,50,13,9,1,5,4,6,6,4,4,5,5,5,1,12,2,9,5,4,C03,7,15,3,19,2,14,,39,39,1,12,4,120.685329,24.065601,2
7471,66000,387130000C,(04)23274275,(04)23288582,2025,03,19,18,13,臺中市,北區,0,1,0,7,2,6,50,4,9,1,5,4,6,6,2,1,5,4,5,2,17,3,10,3,1,B03,7,6,1,8,2,2,,84,84,1,12,4,120.668167,24.173221,2
7472,66000,387130000C,(04)23274275,(04)23288582,2025,03,19,18,14,臺中市,大里區,0,0,0,6,3,6,50,13,,1,5,4,6,6,1,1,5,4,5,2,14,,,,,B03,,,1,,1,,,59,59,1,12,4,120.686983,24.093741,3
7473,66000,387130000C,(04)23274275,(04)23288582,2025,03,19,18,14,臺中市,后里區,0,1,0,7,1,6,30,11,9,1,5,4,6,6,4,4,10,5,5,1,11,3,10,3,1,B03,7,5,5,19,3,5,,41,41,1,6,4,120.709456,24.286352,2
7474,66000,387130000C,(04)23274275,(04)23288582,2025,03,19,18,15,臺中市,龍井區,0,0,0,7,,,50,,,,,,,,,,,,,,17,,,,,B03,,,1,,1,,,50,50,1,6,4,120.546045,24.196648,3
7475,66000,387130000C,(04)23274275,(04)23288582,2025,03,19,18,18,臺中市,西屯區,0,0,0,7,,,50,,,,,,,,,,,,,,,,,,,B03,,,1,,1,,,7,7,1,12,4,120.641103,24.173546,3
7476,66000,387130000C,(04)23274275,(04)23288582,2025,03,19,18,21,臺中市,南區,0,0,0,7,,,50,,,,,,,,,,,,,,17,,,,,,,,,,,,,85,85,1,,,120.683705,24.130371,4
7477,66000,387130000C,(04)23274275,(04)23288582,2025,03,19,18,22,臺中市,北屯區,0,1,0,7,1,6,80,13,7,1,5,4,6,6,4,4,1,4,5,2,12,3,10,3,1,B12,7,8,1,8,2,7,,40,40,1,12,4,120.720755,24.169785,2
7478,66000,387130000C,(04)23274275,(04)23288582,2025,03,19,18,25,臺中市,大肚區,0,2,0,6,1,6,30,13,9,1,5,4,6,6,4,4,10,5,5,2,16,2,9,1,1,C03,7,6,1,10,2,11,,20,20,1,6,4,120.571889,24.165477,2
7479,66000,387130000C,(04)23274275,(04)23288582,2025,03,19,18,26,臺中市,南區,0,0,0,7,,,50,,,,,,,,,,,,,,,,,,,C03,,,1,,1,,,7,7,1,12,4,120.678993,24.12745,3
7480,66000,387130000C,(04)23274275,(04)23288582,2025,03,19,18,27,臺中市,西屯區,0,0,0,7,1,6,40,13,8,1,5,4,6,6,4,4,5,4,4,5,13,,,,,C03,,,1,,1,,,7,7,1,12,4,120.649547,24.175212,3
7481,66000,387130000C,(04)23274275,(04)23288582,2025,03,19,18,27,臺中市,霧峰區,0,0,0,7,,,30,,,,,,,,,,,,,,13,,,,,B03,,,1,,2,,,84,84,1,13,4,120.6629,24.083207,3
7482,66000,387130000C,(04)23274275,(04)23288582,2025,03,19,18,28,臺中市,龍井區,0,0,0,6,,,30,,,,,,,,,,,,,,14,,,,,B03,,,1,,1,,,49,49,1,6,4,120.577078,24.183165,3
7483,66000,387130000C,(04)23274275,(04)23288582,2025,03,19,18,30,臺中市,北屯區,0,0,0,7,,,50,,,,,,,,,,,,,,14,,,,,B03,,,1,,1,,,49,49,1,12,4,120.692013,24.182689,3
7484,66000,387130000C,(04)23274275,(04)23288582,2025,03,19,18,32,臺中市,北區,0,3,0,7,1,6,50,13,9,1,5,4,6,6,4,4,5,5,5,2,17,2,9,5,1,C03,7,11,1,10,2,13,,32,32,1,13,4,120.681255,24.160261,2
7485,66000,387130000C,(04)23274275,(04)23288582,2025,03,19,18,35,臺中市,南屯區,0,0,0,7,,,50,,,,,,,,,,,,,,,,,,,B03,,,1,,9,,,49,49,2,13,4,120.62582,24.113633,3
7486,66000,387130000C,(04)23274275,(04)23288582,2025,03,19,18,37,臺中市,大雅區,0,1,0,7,1,6,0,13,8,1,5,4,6,6,4,4,9,4,4,1,17,3,10,5,4,B03,7,13,1,8,9,7,,77,77,1,13,4,120.645966,24.223912,2
7487,66000,387130000C,(04)23274275,(04)23288582,2025,03,19,18,38,臺中市,北區,0,1,0,7,2,6,50,4,1,1,5,4,6,6,1,1,3,4,5,2,17,3,10,5,1,B03,7,5,1,8,2,5,,84,84,1,13,4,120.671514,24.173618,2
7488,66000,387130000C,(04)23274275,(04)23288582,2025,03,19,18,40,臺中市,大里區,0,0,0,6,,,50,,,,,,,,,,,,,,,,,,,B03,,,1,,2,,,8,8,1,12,4,120.69696,24.111242,3
7489,66000,387130000C,(04)23274275,(04)23288582,2025,03,19,18,45,臺中市,太平區,0,0,0,7,,,50,,,,,,,,,,,,,,16,,,,,B03,,,1,,1,,,48,48,1,12,4,120.715663,24.151859,3