﻿序號,縣市別代碼,機關代碼,市話,傳真,年,月,日,時,分,縣市,區,死亡數量,受傷數量,2-30,天候,道路照明設備,道路類別,道路速限,道路型態,事故位置,路面鋪裝,路面狀態,路面缺陷,障礙物,視距,號誌種類,號誌動作,分向設施,快車道或一般車道間,快慢車道間,路面邊線,事故類型及型態,受傷程度,主要傷處,保護裝備,行動電話或功能裝置,當事者區分_類別,車輛用途,當事者行動狀態,駕照狀態,駕照種類,飲酒情形,車輛撞擊部位最初,車輛撞擊部位其他,肇事因素個別,肇事因素主要,肇事逃逸,職業,共享經濟或外送平台,GPS座標X,GPS座標Y,事故類別
7490,66000,387130000C,(04)23274275,(04)23288582,2025,03,19,18,45,臺中市,梧棲區,0,0,0,7,,,50,,,,,,,,,,,,,,12,,,,,B03,,,1,,2,,,59,59,1,12,4,120.532522,24.262055,3
7491,66000,387130000C,(04)23274275,(04)23288582,2025,03,19,18,47,臺中市,大里區,0,1,0,7,1,6,50,4,1,1,5,4,6,6,2,1,5,4,4,2,11,3,10,3,1,B03,7,5,1,8,2,5,,84,84,1,6,4,120.687894,24.100279,2
7492,66000,387130000C,(04)23274275,(04)23288582,2025,03,19,18,48,臺中市,北區,0,2,0,7,1,6,50,3,1,1,5,4,6,6,2,1,10,5,5,2,17,2,9,1,1,F03,7,6,7,21,2,12,,11,11,1,13,4,120.687399,24.14904,2
7493,66000,387130000C,(04)23274275,(04)23288582,2025,03,19,18,51,臺中市,南區,0,0,0,7,,,50,,,,,,,,,,,,,,13,,,,,B03,,,1,,2,,,59,59,1,13,4,120.661527,24.132135,3
7494,66000,387130000C,(04)23274275,(04)23288582,2025,03,19,18,54,臺中市,南區,0,0,0,7,,,50,,,,,,,,,,,,,,13,,,,,B03,,,1,,1,,,59,59,1,6,4,120.670306,24.111774,3
7495,66000,387130000C,(04)23274275,(04)23288582,2025,03,19,18,54,臺中市,北屯區,0,2,0,6,1,6,40,4,1,1,5,4,6,6,2,1,10,5,5,2,13,2,8,2,1,C03,7,9,1,10,2,11,,7,7,1,6,4,120.699427,24.164706,2
7496,66000,387130000C,(04)23274275,(04)23288582,2025,03,19,18,56,臺中市,中區,0,2,0,7,1,6,50,4,2,1,5,4,6,6,1,1,5,4,4,2,17,2,9,2,1,C03,7,1,1,10,5,13,,85,85,1,13,4,120.679335,24.147382,2
7497,66000,387130000C,(04)23274275,(04)23288582,2025,03,19,19,0,臺中市,北屯區,0,1,0,7,3,6,50,4,1,1,5,4,6,6,1,1,10,5,5,2,12,3,10,3,1,B03,7,5,1,8,2,2,,11,11,1,6,4,120.704454,24.164862,2
7498,66000,387130000C,(04)23274275,(04)23288582,2025,03,19,19,10,臺中市,東區,0,0,0,7,,,50,,,,,,,,,,,,,,16,,,,,C03,,,1,,1,,,20,20,1,6,4,120.689221,24.140973,3
7499,66000,387130000C,(04)23274275,(04)23288582,2025,03,19,19,15,臺中市,大雅區,0,0,0,6,,,30,,,,,,,,,,,,,,14,,,,,B03,,,1,,2,,,49,49,1,13,4,120.655202,24.235071,3
7500,66000,387130000C,(04)23274275,(04)23288582,2025,03,19,19,22,臺中市,北區,0,0,0,7,,,50,,,,,,,,,,,,,,17,,,,,C03,,,1,,1,,,84,84,1,12,4,120.685935,24.154546,3
7501,66000,387130000C,(04)23274275,(04)23288582,2025,03,19,19,23,臺中市,梧棲區,0,1,0,7,1,6,70,4,1,1,5,4,6,6,3,3,10,5,5,2,16,2,7,2,1,C03,7,6,1,10,2,13,,13,13,1,13,4,120.518727,24.240493,2
7502,66000,387130000C,(04)23274275,(04)23288582,2025,03,19,19,25,臺中市,南區,0,0,0,7,,,50,,,,,,,,,,,,,,13,,,,,B03,,,1,,1,,,7,7,1,12,4,120.667689,24.114427,3
7503,66000,387130000C,(04)23274275,(04)23288582,2025,03,19,19,28,臺中市,東區,0,0,0,7,,,50,,,,,,,,,,,,,,,,,,,B03,,,1,,1,,,49,49,1,12,4,120.69273,24.151788,3
7504,66000,387130000C,(04)23274275,(04)23288582,2025,03,19,19,28,臺中市,外埔區,0,0,0,7,,,50,,,,,,,,,,,,,,17,,,,,B03,,,1,,1,,,84,84,1,12,4,120.655634,24.329777,3
7505,66000,387130000C,(04)23274275,(04)23288582,2025,03,19,19,39,臺中市,東區,0,2,0,7,1,6,50,3,1,1,5,4,6,6,4,4,10,5,5,2,16,2,9,1,1,C03,7,6,1,10,2,11,,14,14,1,6,4,120.697374,24.14853,2
7506,66000,387130000C,(04)23274275,(04)23288582,2025,03,19,19,39,臺中市,南屯區,0,0,0,7,,,60,,,,,,,,,,,,,,13,,,,,B03,,,1,,1,,,84,84,1,6,4,120.62342,24.149331,3
7507,66000,387130000C,(04)23274275,(04)23288582,2025,03,19,19,49,臺中市,南區,0,1,0,7,1,6,50,4,9,1,5,4,6,6,2,1,5,5,5,2,16,3,10,5,4,A01,7,5,1,8,2,5,,20,20,1,6,4,120.675176,24.126498,2
7508,66000,387130000C,(04)23274275,(04)23288582,2025,03,19,19,55,臺中市,北屯區,0,0,0,7,,,50,,,,,,,,,,,,,,,,,,,B03,,,1,,1,,,11,11,1,12,4,120.710802,24.174732,3
7509,66000,387130000C,(04)23274275,(04)23288582,2025,03,19,19,59,臺中市,西區,0,2,0,7,1,6,50,3,1,1,5,4,6,6,4,4,5,5,5,2,17,2,9,3,1,B03,7,15,1,8,2,2,,40,40,1,13,4,120.681716,24.136283,2
7510,66000,387130000C,(04)23274275,(04)23288582,2025,03,19,20,2,臺中市,北區,0,1,0,7,1,6,50,4,1,1,5,4,6,6,1,1,10,5,5,2,9,3,10,3,1,B03,7,6,1,8,2,1,,10,10,1,12,4,120.680967,24.160363,2
7511,66000,387130000C,(04)23274275,(04)23288582,2025,03,19,20,12,臺中市,北屯區,0,1,0,7,1,6,50,4,1,1,5,4,6,6,1,1,10,5,5,2,15,3,10,3,1,B03,7,9,1,8,2,8,,21,21,1,12,4,120.682195,24.183634,2
7512,66000,387130000C,(04)23274275,(04)23288582,2025,03,19,20,13,臺中市,大里區,0,2,0,7,2,6,50,4,7,1,5,4,6,6,1,1,4,1,4,1,17,2,9,1,1,C03,7,1,1,10,2,14,,84,84,1,6,4,120.729295,24.093111,2
7513,66000,387130000C,(04)23274275,(04)23288582,2025,03,19,20,15,臺中市,西屯區,0,2,0,7,1,6,40,3,1,1,5,4,6,6,4,4,10,5,5,2,12,2,9,1,4,C03,7,6,1,10,2,14,,48,48,1,13,4,120.613089,24.191092,2
7514,66000,387130000C,(04)23274275,(04)23288582,2025,03,19,20,16,臺中市,西區,0,0,0,7,,,50,,,,,,,,,,,,,,,,,,,C03,,,1,,2,,,7,7,1,12,4,120.661479,24.149405,3
7515,66000,387130000C,(04)23274275,(04)23288582,2025,03,19,20,20,臺中市,北屯區,0,2,0,7,1,6,50,4,1,1,5,4,6,6,1,1,10,5,5,2,17,2,9,2,1,C03,7,9,1,10,2,14,,21,21,1,13,4,120.705978,24.16948,2
7516,66000,387130000C,(04)23274275,(04)23288582,2025,03,19,20,20,臺中市,北屯區,0,1,0,6,1,6,40,13,7,1,5,4,6,6,4,4,9,5,4,2,12,3,10,3,1,B03,7,1,1,8,2,4,,51,51,1,6,4,120.677942,24.174355,2
7517,66000,387130000C,(04)23274275,(04)23288582,2025,03,19,20,24,臺中市,潭子區,0,1,0,7,1,6,50,4,1,1,5,4,6,6,2,1,10,5,5,2,16,3,10,3,1,B12,7,6,1,8,2,2,,11,11,1,12,4,120.723667,24.218003,2
7518,66000,387130000C,(04)23274275,(04)23288582,2025,03,19,20,24,臺中市,南區,0,1,0,7,1,6,50,4,1,1,5,4,6,6,2,1,10,5,5,2,17,3,10,3,1,B03,7,6,1,8,9,16,,23,23,1,12,4,120.67965,24.119037,2
7519,66000,387130000C,(04)23274275,(04)23288582,2025,03,19,20,25,臺中市,西區,0,0,0,7,1,6,50,4,2,1,5,4,6,6,4,4,3,4,5,2,30,,,,,B03,,,1,,2,,,84,84,1,13,4,120.668285,24.130051,3
7520,66000,387130000C,(04)23274275,(04)23288582,2025,03,19,20,30,臺中市,南屯區,0,0,0,7,,,50,,,,,,,,,,,,,,13,,,,,B03,,,1,,1,,,84,84,1,6,4,120.622569,24.149981,3
7521,66000,387130000C,(04)23274275,(04)23288582,2025,03,19,20,30,臺中市,北屯區,0,1,0,7,3,6,50,5,1,1,5,4,6,6,1,1,10,5,5,2,17,3,10,2,1,C03,7,5,1,10,2,13,,84,84,1,6,4,120.68624,24.188258,2
7522,66000,387130000C,(04)23274275,(04)23288582,2025,03,19,20,32,臺中市,烏日區,0,0,0,7,,,30,,,,,,,,,,,,,,14,,,,,B03,,,1,,1,,,7,7,1,6,4,120.607647,24.120939,3
7523,66000,387130000C,(04)23274275,(04)23288582,2025,03,19,20,40,臺中市,大里區,0,0,0,7,,,50,,,,,,,,,,,,,,17,,,,,B12,,,1,,1,,,84,84,1,12,4,120.696065,24.090792,3
7524,66000,387130000C,(04)23274275,(04)23288582,2025,03,19,20,40,臺中市,烏日區,0,0,0,7,,,50,,,,,,,,,,,,,,14,,,,,B03,,,1,,2,,,49,49,1,6,4,120.642416,24.10932,3
7525,66000,387130000C,(04)23274275,(04)23288582,2025,03,19,20,43,臺中市,大里區,0,1,0,7,1,6,50,3,2,1,5,4,6,6,1,2,4,1,4,1,17,3,10,3,1,B03,7,9,1,8,2,1,,7,7,1,6,4,120.729377,24.093287,2
7526,66000,387130000C,(04)23274275,(04)23288582,2025,03,19,20,45,臺中市,沙鹿區,0,1,0,7,1,6,40,13,9,1,5,4,6,6,4,4,5,4,4,2,12,3,10,3,1,B03,7,1,1,8,2,8,,51,51,1,13,4,120.563971,24.237337,2
7527,66000,387130000C,(04)23274275,(04)23288582,2025,03,19,20,56,臺中市,南屯區,0,1,0,7,1,6,50,13,8,1,5,4,6,6,4,4,2,4,4,2,12,2,8,2,1,C03,7,7,1,10,2,13,,42,42,1,12,4,120.646646,24.129498,2
7528,66000,387130000C,(04)23274275,(04)23288582,2025,03,19,20,58,臺中市,西屯區,0,2,0,7,1,6,40,4,1,1,5,4,6,6,1,1,10,5,5,2,16,2,9,1,1,C03,7,9,1,10,2,11,,21,21,1,12,4,120.634613,24.164953,2
7529,66000,387130000C,(04)23274275,(04)23288582,2025,03,19,21,2,臺中市,東區,0,1,0,7,1,6,50,13,7,1,5,4,6,6,4,4,3,4,4,2,13,2,9,1,1,C03,7,9,1,10,2,11,,84,84,1,12,4,120.69197,24.147651,2
7530,66000,387130000C,(04)23274275,(04)23288582,2025,03,19,21,4,臺中市,東區,0,0,0,7,,,50,,,,,,,,,,,,,,13,,,,,B03,,,1,,2,,,7,7,1,6,4,120.697147,24.138874,3
7531,66000,387130000C,(04)23274275,(04)23288582,2025,03,19,21,5,臺中市,烏日區,0,0,0,7,,,40,,,,,,,,,,,,,,2,,,,,B03,,,1,,1,,,8,8,1,6,4,120.618296,24.117106,3
7532,66000,387130000C,(04)23274275,(04)23288582,2025,03,19,21,8,臺中市,大里區,0,1,0,7,3,6,50,4,1,1,5,4,6,6,1,1,10,5,5,2,16,2,9,2,1,F03,7,6,7,21,2,13,,48,48,1,6,4,120.680391,24.099933,2
7533,66000,387130000C,(04)23274275,(04)23288582,2025,03,19,21,15,臺中市,太平區,0,0,0,5,,,50,,,,,,,,,,,,,,15,,,,,C03,,,1,,1,,,4,4,1,9,4,120.716189,24.133468,3
7534,66000,387130000C,(04)23274275,(04)23288582,2025,03,19,21,20,臺中市,大里區,0,0,0,6,,,50,,,,,,,,,,,,,,,,,,,B03,,,1,,1,,,59,59,1,12,4,120.678756,24.115123,3
7535,66000,387130000C,(04)23274275,(04)23288582,2025,03,19,21,25,臺中市,北區,0,1,0,7,1,6,50,4,2,1,5,4,6,6,1,1,5,4,4,2,17,2,9,5,1,C03,7,9,1,10,2,11,,59,59,1,13,4,120.672876,24.155718,2
7536,66000,387130000C,(04)23274275,(04)23288582,2025,03,19,21,30,臺中市,西屯區,0,0,0,7,,,80,,,,,,,,,,,,,,,,,,,A31,,,1,,2,,,40,40,1,12,4,120.62473,24.155217,3
7537,66000,387130000C,(04)23274275,(04)23288582,2025,03,19,21,35,臺中市,西屯區,0,1,0,7,1,6,40,13,9,1,5,4,6,6,4,4,10,5,5,2,12,2,9,2,1,C03,7,6,1,9,2,14,,20,20,1,12,4,120.660537,24.206919,2
7538,66000,387130000C,(04)23274275,(04)23288582,2025,03,19,21,46,臺中市,沙鹿區,0,2,0,7,1,6,30,4,1,1,5,4,6,6,1,1,10,5,5,2,16,2,8,6,1,F01,7,6,7,21,2,12,,48,48,1,2,4,120.576834,24.224518,2
7539,66000,387130000C,(04)23274275,(04)23288582,2025,03,19,21,49,臺中市,豐原區,0,0,0,7,,,50,,,,,,,,,,,,,,16,,,,,B03,,,1,,2,,,51,51,1,12,4,120.729061,24.24638,3
7540,66000,387130000C,(04)23274275,(04)23288582,2025,03,19,21,53,臺中市,北區,0,0,0,7,,,50,,,,,,,,,,,,,,12,,,,,B03,,,1,,1,,,40,40,1,13,4,120.683437,24.15371,3
7541,66000,387130000C,(04)23274275,(04)23288582,2025,03,19,22,13,臺中市,北區,0,0,0,7,3,6,,13,9,1,5,4,6,6,4,4,10,5,5,2,17,,,,,,,,,,,,,119,119,1,,,120.671173,24.164834,3
7542,66000,387130000C,(04)23274275,(04)23288582,2025,03,19,22,15,臺中市,大里區,0,0,0,7,,,50,,,,,,,,,,,,,,,,,,,,,,,,,,,119,119,1,,,120.695501,24.079255,3
7543,66000,387130000C,(04)23274275,(04)23288582,2025,03,19,22,22,臺中市,清水區,0,2,0,7,1,6,30,4,1,1,5,4,6,6,4,4,8,3,5,2,17,2,9,1,1,C03,7,9,1,10,2,11,,15,15,1,12,4,120.560581,24.266851,2
7544,66000,387130000C,(04)23274275,(04)23288582,2025,03,19,22,29,臺中市,南屯區,0,1,0,7,1,6,50,4,2,1,5,4,6,6,2,1,5,4,4,2,17,3,10,3,1,B03,7,5,1,8,2,5,,25,25,1,12,4,120.623497,24.149515,2
7545,66000,387130000C,(04)23274275,(04)23288582,2025,03,19,22,31,臺中市,北屯區,0,0,0,7,,,50,,,,,,,,,,,,,,,,,,,B03,,,1,,2,,,49,49,1,12,4,120.679183,24.181133,3
7546,66000,387130000C,(04)23274275,(04)23288582,2025,03,19,23,1,臺中市,豐原區,0,0,0,7,,,50,,,,,,,,,,,,,,13,,,,,B03,,,1,,2,,,7,7,1,12,4,120.740231,24.272007,3
7547,66000,387130000C,(04)23274275,(04)23288582,2025,03,19,23,8,臺中市,清水區,0,0,0,7,,,50,,,,,,,,,,,,,,,,,,,B03,,,1,,2,,,84,84,1,12,4,120.573527,24.264985,3
7548,66000,387130000C,(04)23274275,(04)23288582,2025,03,19,23,31,臺中市,西屯區,0,2,0,7,1,6,40,4,1,1,5,4,6,6,2,1,1,4,1,2,16,2,8,5,4,C03,7,5,1,10,2,12,,11,11,1,13,4,120.653258,24.160817,2
7549,66000,387130000C,(04)23274275,(04)23288582,2025,03,20,0,8,臺中市,太平區,0,1,0,7,1,6,50,3,2,1,5,4,6,6,4,4,5,2,5,2,13,2,8,1,1,C03,7,9,1,10,1,11,12,84,84,1,12,4,120.716727,24.141864,2
7550,66000,387130000C,(04)23274275,(04)23288582,2025,03,20,1,28,臺中市,南屯區,0,1,0,7,1,6,50,3,1,1,5,4,6,6,1,1,10,5,5,2,3,3,10,3,1,B03,7,6,1,8,2,5,,10,10,1,6,4,120.612735,24.154131,2
7551,66000,387130000C,(04)23274275,(04)23288582,2025,03,20,2,14,臺中市,神岡區,0,0,0,7,,,50,,,,,,,,,,,,,,17,,,,,B03,,,1,,1,,,84,84,1,6,4,120.662286,24.257862,3
7552,66000,387130000C,(04)23274275,(04)23288582,2025,03,20,3,38,臺中市,西屯區,0,1,0,6,1,6,30,4,1,1,5,4,6,6,4,4,10,5,5,2,15,2,9,1,1,C03,7,9,1,10,2,14,,24,24,1,13,4,120.652881,24.163088,2
7553,66000,387130000C,(04)23274275,(04)23288582,2025,03,20,4,21,臺中市,北區,0,0,0,7,,,50,,,,,,,,,,,,,,17,,,,,B03,,,1,,2,,,56,56,1,13,4,120.675746,24.153521,3
7554,66000,387130000C,(04)23274275,(04)23288582,2025,03,20,4,59,臺中市,西屯區,0,0,0,7,,,50,,,,,,,,,,,,,,17,,,,,B03,,,1,,1,,,8,8,1,13,4,120.646454,24.164454,4
7555,66000,387130000C,(04)23274275,(04)23288582,2025,03,20,5,21,臺中市,大里區,0,0,0,7,,,50,,,,,,,,,,,,,,,,,,,B03,,,1,,2,,,24,24,1,12,4,120.691025,24.081308,3
7556,66000,387130000C,(04)23274275,(04)23288582,2025,03,20,5,33,臺中市,霧峰區,0,0,0,7,,,30,,,,,,,,,,,,,,,,,,,B03,,,1,,2,,,49,49,1,12,4,120.679365,24.062758,3
7557,66000,387130000C,(04)23274275,(04)23288582,2025,03,20,5,35,臺中市,西屯區,0,1,0,7,2,6,30,4,1,1,5,4,6,6,4,4,10,5,5,2,15,2,9,1,1,C03,7,9,5,19,2,11,,15,15,1,13,4,120.617462,24.18782,2
7558,66000,387130000C,(04)23274275,(04)23288582,2025,03,20,6,40,臺中市,沙鹿區,0,0,0,7,,,50,,,,,,,,,,,,,,12,,,,,B03,,,1,,2,,,8,8,1,11,4,120.561266,24.243218,3
7559,66000,387130000C,(04)23274275,(04)23288582,2025,03,20,6,47,臺中市,北屯區,0,1,0,7,3,6,50,3,2,1,5,4,6,6,4,4,5,5,5,2,18,2,9,1,1,C03,7,5,1,10,2,14,,84,84,1,12,4,120.692965,24.17652,2
7560,66000,387130000C,(04)23274275,(04)23288582,2025,03,20,6,50,臺中市,龍井區,0,0,0,7,,,50,,,,,,,,,,,,,,21,,,,,B03,,,1,,2,,,6,6,1,6,4,120.571663,24.186749,3
7561,66000,387130000C,(04)23274275,(04)23288582,2025,03,20,6,54,臺中市,沙鹿區,0,1,0,7,2,6,50,4,19,1,5,4,6,6,1,1,10,5,5,2,3,2,8,6,5,H01,8,16,7,21,10,17,,96,96,1,6,5,120.570961,24.216347,2
7562,66000,387130000C,(04)23274275,(04)23288582,2025,03,20,6,56,臺中市,清水區,0,1,0,7,2,6,50,4,2,1,5,4,6,6,1,1,8,3,4,2,17,3,10,3,1,B03,7,14,1,8,2,2,,87,87,1,12,4,120.560938,24.267553,2
7563,66000,387130000C,(04)23274275,(04)23288582,2025,03,20,7,0,臺中市,太平區,0,0,0,7,,,30,,,,,,,,,,,,,,,,,,,B03,,,1,,2,,,49,49,1,12,4,120.717558,24.12084,3
7564,66000,387130000C,(04)23274275,(04)23288582,2025,03,20,7,4,臺中市,南屯區,0,0,0,7,,,50,,,,,,,,,,,,,,12,,,,,C03,,,1,,1,,,51,51,1,12,4,120.631848,24.153806,3
7565,66000,387130000C,(04)23274275,(04)23288582,2025,03,20,7,4,臺中市,沙鹿區,0,0,0,7,,,30,,,,,,,,,,,,,,14,,,,,A12,,,1,,2,,,49,49,1,6,4,120.602122,24.248879,3
7566,66000,387130000C,(04)23274275,(04)23288582,2025,03,20,7,5,臺中市,大雅區,0,1,0,7,3,6,60,13,7,1,5,4,6,6,4,4,5,2,4,1,17,2,9,1,1,C03,7,8,1,10,2,14,,40,40,1,12,4,120.647548,24.22019,2
7567,66000,387130000C,(04)23274275,(04)23288582,2025,03,20,7,5,臺中市,豐原區,0,0,0,7,,,50,,,,,,,,,,,,,,13,,,,,B03,,,1,,2,,,84,84,1,12,4,120.71043,24.237253,3
7568,66000,387130000C,(04)23274275,(04)23288582,2025,03,20,7,6,臺中市,東區,0,1,0,7,2,6,50,13,9,1,5,4,6,6,4,4,5,5,5,2,13,3,10,1,1,C03,7,9,1,10,2,11,,7,7,1,12,4,120.710405,24.149411,2
7569,66000,387130000C,(04)23274275,(04)23288582,2025,03,20,7,7,臺中市,東區,0,0,0,7,,,50,,,,,,,,,,,,,,13,,,,,B03,,,1,,1,,,84,84,1,12,4,120.696685,24.147835,3
7570,66000,387130000C,(04)23274275,(04)23288582,2025,03,20,7,8,臺中市,南屯區,0,1,0,7,3,6,50,13,9,1,5,4,6,6,1,1,5,5,5,2,13,3,10,3,1,B03,7,9,1,8,2,1,,7,7,1,12,4,120.653038,24.134957,2
7571,66000,387130000C,(04)23274275,(04)23288582,2025,03,20,7,10,臺中市,西區,0,0,0,7,,,50,,,,,,,,,,,,,,12,,,,,B03,,,1,,2,,,48,48,1,12,4,120.656208,24.134493,3
7572,66000,387130000C,(04)23274275,(04)23288582,2025,03,20,7,10,臺中市,大里區,0,0,0,7,,,50,,,,,,,,,,,,,,,,,,,C03,,,1,,2,,,84,84,1,6,4,120.708812,24.086731,3
7573,66000,387130000C,(04)23274275,(04)23288582,2025,03,20,7,10,臺中市,清水區,0,0,0,7,2,6,60,13,7,1,5,4,6,6,1,1,8,3,2,2,13,3,10,3,1,B12,7,9,1,8,3,3,,7,7,1,12,4,120.552975,24.294059,3
7574,66000,387130000C,(04)23274275,(04)23288582,2025,03,20,7,11,臺中市,北區,0,1,0,7,2,6,50,3,1,1,5,4,6,6,4,4,1,4,5,2,30,,,,,,,,,,,,,119,119,1,,,120.677778,24.157232,2
7575,66000,387130000C,(04)23274275,(04)23288582,2025,03,20,7,11,臺中市,西屯區,0,2,0,7,2,6,30,3,1,1,5,4,6,6,1,1,8,4,5,1,17,2,9,5,4,C03,7,6,1,10,2,13,,23,23,1,13,4,120.657879,24.167436,2
7576,66000,387130000C,(04)23274275,(04)23288582,2025,03,20,7,12,臺中市,豐原區,0,1,0,7,2,6,50,4,1,1,5,4,6,6,4,4,5,5,5,2,12,3,10,3,1,B03,7,5,1,8,2,2,,84,84,1,12,4,120.733119,24.247379,2
7577,66000,387130000C,(04)23274275,(04)23288582,2025,03,20,7,13,臺中市,梧棲區,0,0,0,7,,,90,,,,,,,,,,,,,,13,,,,,B03,,,1,,1,,,7,7,1,6,4,120.531373,24.238976,3
7578,66000,387130000C,(04)23274275,(04)23288582,2025,03,20,7,13,臺中市,后里區,0,0,0,7,2,6,50,4,2,1,5,4,6,6,1,1,5,5,5,1,13,3,10,3,1,C02,7,9,1,9,2,11,,7,7,1,12,4,120.717605,24.30686,3
7579,66000,387130000C,(04)23274275,(04)23288582,2025,03,20,7,14,臺中市,北屯區,0,0,0,7,,,50,,,,,,,,,,,,,,,,,,,B03,,,1,,1,,,35,35,1,13,4,120.686689,24.20077,3
7580,66000,387130000C,(04)23274275,(04)23288582,2025,03,20,7,16,臺中市,北屯區,0,0,0,7,,,50,,,,,,,,,,,,,,13,,,,,C03,,,1,,2,,,7,7,1,13,4,120.688542,24.181924,3
7581,66000,387130000C,(04)23274275,(04)23288582,2025,03,20,7,16,臺中市,龍井區,0,2,0,7,2,6,50,4,1,1,5,4,6,6,2,1,10,5,5,2,15,2,9,1,1,C03,7,9,3,19,2,11,,20,20,1,6,4,120.581758,24.175784,2
7582,66000,387130000C,(04)23274275,(04)23288582,2025,03,20,7,17,臺中市,北屯區,0,0,0,7,,,30,,,,,,,,,,,,,,13,,,,,C03,,,1,10,1,,,7,7,1,12,4,120.67599,24.180607,3
7583,66000,387130000C,(04)23274275,(04)23288582,2025,03,20,7,18,臺中市,太平區,0,1,0,7,3,6,50,4,1,1,5,4,6,6,1,1,5,5,4,1,18,2,9,2,1,C03,7,6,3,19,2,14,,84,84,1,12,4,120.737879,24.131431,2
7584,66000,387130000C,(04)23274275,(04)23288582,2025,03,20,7,19,臺中市,西屯區,0,2,0,7,2,6,40,13,9,1,5,4,6,6,4,4,1,5,5,2,12,2,8,2,1,C03,7,5,1,10,2,12,,47,47,1,12,4,120.642153,24.16443,2
7585,66000,387130000C,(04)23274275,(04)23288582,2025,03,20,7,20,臺中市,太平區,0,0,0,7,,,50,,,,,,,,,,,,,,,,,,,B03,,,1,,2,,,7,7,1,12,4,120.713351,24.131503,3
7586,66000,387130000C,(04)23274275,(04)23288582,2025,03,20,7,21,臺中市,西區,0,0,0,7,,,50,,,,,,,,,,,,,,,,,,,A11,,,1,,1,,,84,84,1,12,4,120.67304,24.134252,3
7587,66000,387130000C,(04)23274275,(04)23288582,2025,03,20,7,24,臺中市,大里區,0,0,0,7,,,50,,,,,,,,,,,,,,12,,,,,B02,,,1,,2,,,26,26,1,13,4,120.695582,24.099581,3
7588,66000,387130000C,(04)23274275,(04)23288582,2025,03,20,7,24,臺中市,大里區,0,1,0,7,3,6,50,3,1,1,5,4,6,6,4,4,5,5,4,2,15,3,10,3,1,B03,7,11,1,8,2,1,,58,58,1,12,4,120.711245,24.100716,2
7589,66000,387130000C,(04)23274275,(04)23288582,2025,03,20,7,25,臺中市,西屯區,0,0,0,7,2,6,50,13,2,1,5,4,6,6,2,1,4,1,5,1,13,3,10,3,4,B03,7,9,1,8,1,1,,7,7,1,12,4,120.644251,24.194815,3
7590,66000,387130000C,(04)23274275,(04)23288582,2025,03,20,7,28,臺中市,豐原區,0,0,0,7,,,50,,,,,,,,,,,,,,13,,,,,C03,,,1,,2,,,7,7,1,6,4,120.718923,24.248406,3
7591,66000,387130000C,(04)23274275,(04)23288582,2025,03,20,7,29,臺中市,南屯區,0,1,0,7,2,6,40,4,1,1,5,4,6,6,2,1,1,4,5,2,12,2,7,2,1,C03,7,8,1,10,2,14,,84,84,1,13,4,120.595591,24.150421,2
7592,66000,387130000C,(04)23274275,(04)23288582,2025,03,20,7,30,臺中市,西區,0,1,0,7,2,6,50,13,8,1,5,4,6,6,4,4,1,4,4,2,17,3,10,1,1,C03,7,4,1,10,2,11,,7,7,1,12,4,120.663358,24.154771,2
7593,66000,387130000C,(04)23274275,(04)23288582,2025,03,20,7,30,臺中市,西屯區,0,0,0,7,,,50,,,,,,,,,,,,,,13,,,,,B03,,,1,,2,,,59,59,1,12,4,120.636528,24.170784,3
7594,66000,387130000C,(04)23274275,(04)23288582,2025,03,20,7,30,臺中市,沙鹿區,0,2,0,7,2,6,50,13,7,1,5,4,6,6,4,4,5,5,4,2,13,2,9,2,1,C03,7,9,1,10,2,11,,7,7,1,6,4,120.577042,24.238975,2
7595,66000,387130000C,(04)23274275,(04)23288582,2025,03,20,7,30,臺中市,梧棲區,0,0,0,7,,,70,,,,,,,,,,,,,,13,,,,,B03,,,1,,1,,,7,7,1,6,4,120.540367,24.248655,3
7596,66000,387130000C,(04)23274275,(04)23288582,2025,03,20,7,31,臺中市,西屯區,0,0,0,7,,,50,,,,,,,,,,,,,,13,,,,,C04,,,1,,2,,,59,59,1,12,4,120.634832,24.181355,3
7597,66000,387130000C,(04)23274275,(04)23288582,2025,03,20,7,31,臺中市,大里區,0,1,0,7,2,6,30,4,2,1,5,4,6,6,4,4,10,5,5,2,9,3,10,1,1,F03,7,5,7,21,2,11,,47,47,1,4,4,120.687334,24.116145,2
7598,66000,387130000C,(04)23274275,(04)23288582,2025,03,20,7,32,臺中市,北區,0,0,0,7,,,50,,,,,,,,,,,,,,,,,,,B03,,,3,,2,,,84,84,1,12,4,120.678389,24.162295,3
7599,66000,387130000C,(04)23274275,(04)23288582,2025,03,20,7,34,臺中市,太平區,0,0,0,7,,,50,,,,,,,,,,,,,,13,,,,,C03,,,1,,2,,,84,84,1,12,4,120.725138,24.109274,3
7600,66000,387130000C,(04)23274275,(04)23288582,2025,03,20,7,35,臺中市,南屯區,0,1,0,7,2,6,50,4,1,1,5,4,6,6,2,1,9,4,5,2,13,2,9,1,1,C03,7,9,1,10,2,11,,7,7,1,12,4,120.635522,24.136069,2
7601,66000,387130000C,(04)23274275,(04)23288582,2025,03,20,7,35,臺中市,北屯區,0,0,0,7,,,50,,,,,,,,,,,,,,13,,,,,B02,,,1,,1,,,7,7,1,12,4,120.683449,24.199785,3