﻿序號,縣市別代碼,機關代碼,市話,傳真,年,月,日,時,分,縣市,區,死亡數量,受傷數量,2-30,天候,道路照明設備,道路類別,道路速限,道路型態,事故位置,路面鋪裝,路面狀態,路面缺陷,障礙物,視距,號誌種類,號誌動作,分向設施,快車道或一般車道間,快慢車道間,路面邊線,事故類型及型態,受傷程度,主要傷處,保護裝備,行動電話或功能裝置,當事者區分_類別,車輛用途,當事者行動狀態,駕照狀態,駕照種類,飲酒情形,車輛撞擊部位最初,車輛撞擊部位其他,肇事因素個別,肇事因素主要,肇事逃逸,職業,共享經濟或外送平台,GPS座標X,GPS座標Y,事故類別
7602,66000,387130000C,(04)23274275,(04)23288582,2025,03,20,7,35,臺中市,太平區,0,2,0,7,1,6,40,13,9,1,5,4,6,6,4,4,9,4,5,1,17,2,9,2,1,C03,7,9,1,10,2,11,,84,84,1,12,4,120.725108,24.11215,2
7603,66000,387130000C,(04)23274275,(04)23288582,2025,03,20,7,35,臺中市,大肚區,0,0,0,7,,,,,,,,,,,,,,,,,12,,,,,,,,,,,,,8,8,1,,,120.582318,24.168073,3
7604,66000,387130000C,(04)23274275,(04)23288582,2025,03,20,7,36,臺中市,西屯區,0,0,0,7,,,30,,,,,,,,,,,,,,11,,,,,C03,,,1,,1,,,41,41,1,12,4,120.617528,24.189961,3
7605,66000,387130000C,(04)23274275,(04)23288582,2025,03,20,7,39,臺中市,烏日區,0,0,0,7,,,60,,,,,,,,,,,,,,2,,,,,B03,,,1,,1,,,87,87,1,6,4,120.646139,24.068665,4
7606,66000,387130000C,(04)23274275,(04)23288582,2025,03,20,7,40,臺中市,南屯區,0,0,0,7,3,6,50,13,9,1,5,4,6,6,4,4,5,4,5,2,13,,,,,B12,,,1,,1,,,7,7,1,12,4,120.636524,24.135814,3
7607,66000,387130000C,(04)23274275,(04)23288582,2025,03,20,7,41,臺中市,大里區,0,0,0,7,,,30,,,,,,,,,,,,,,11,,,,,B03,,,1,,2,,,8,8,1,13,4,120.677112,24.116405,3
7608,66000,387130000C,(04)23274275,(04)23288582,2025,03,20,7,42,臺中市,東區,0,1,0,7,3,6,40,13,8,1,5,4,6,6,4,4,5,5,4,2,13,2,9,5,4,C03,7,9,1,10,1,11,,7,7,1,12,4,120.699756,24.137153,2
7609,66000,387130000C,(04)23274275,(04)23288582,2025,03,20,7,42,臺中市,神岡區,0,1,0,7,1,6,30,5,1,1,5,4,6,1,4,4,10,5,5,2,11,2,9,1,1,C03,7,5,1,10,2,11,,41,41,1,12,4,120.70351,24.258845,2
7610,66000,387130000C,(04)23274275,(04)23288582,2025,03,20,7,43,臺中市,中區,0,2,0,7,1,6,50,4,1,1,5,4,6,6,1,1,10,5,5,2,17,2,9,5,4,C03,7,6,1,10,2,12,,11,11,1,12,4,120.676016,24.145499,2
7611,66000,387130000C,(04)23274275,(04)23288582,2025,03,20,7,43,臺中市,大里區,0,0,0,7,,,50,,,,,,,,,,,,,,13,,,,,C03,,,1,,2,,,7,7,1,13,4,120.66524,24.096849,3
7612,66000,387130000C,(04)23274275,(04)23288582,2025,03,20,7,44,臺中市,南屯區,0,1,0,7,2,6,50,13,8,1,5,4,6,6,2,1,1,4,1,2,13,2,9,2,1,C03,7,9,1,10,1,11,,7,7,1,13,4,120.622683,24.140617,2
7613,66000,387130000C,(04)23274275,(04)23288582,2025,03,20,7,44,臺中市,北屯區,0,2,0,7,3,6,50,4,1,1,5,4,6,6,2,1,10,5,5,2,12,2,3,1,1,C03,7,9,1,10,2,14,,85,85,1,12,4,120.671445,24.173911,2
7614,66000,387130000C,(04)23274275,(04)23288582,2025,03,20,7,44,臺中市,大里區,0,0,0,7,,,50,,,,,,,,,,,,,,13,,,,,B03,,,1,,2,,,7,7,1,6,4,120.703431,24.091517,3
7615,66000,387130000C,(04)23274275,(04)23288582,2025,03,20,7,45,臺中市,大雅區,0,1,0,7,2,6,40,13,12,1,5,4,6,6,4,4,1,4,4,1,17,2,9,1,1,C03,7,9,1,10,2,11,,7,7,1,12,4,120.641784,24.229406,2
7616,66000,387130000C,(04)23274275,(04)23288582,2025,03,20,7,45,臺中市,豐原區,0,1,0,7,2,6,50,4,1,1,5,4,6,6,1,1,10,5,5,2,12,2,9,1,1,C03,7,9,1,10,2,12,,1,1,1,6,4,120.744535,24.264695,2
7617,66000,387130000C,(04)23274275,(04)23288582,2025,03,20,7,46,臺中市,大里區,0,1,0,7,2,6,50,13,9,1,5,4,6,6,4,4,5,5,5,1,16,3,10,1,1,F03,7,8,7,21,2,14,,40,40,1,6,4,120.689923,24.113867,2
7618,66000,387130000C,(04)23274275,(04)23288582,2025,03,20,7,47,臺中市,龍井區,0,0,0,7,,,50,,,,,,,,,,,,,,12,,,,,B03,,,1,,1,,,8,8,1,6,4,120.585748,24.18628,3
7619,66000,387130000C,(04)23274275,(04)23288582,2025,03,20,7,49,臺中市,豐原區,0,2,0,7,2,6,50,3,2,1,5,4,6,6,2,1,1,2,4,2,13,2,9,1,1,C03,7,9,1,10,2,12,,7,7,1,12,4,120.703333,24.244435,2
7620,66000,387130000C,(04)23274275,(04)23288582,2025,03,20,7,50,臺中市,烏日區,0,2,0,7,2,6,30,3,1,1,5,4,6,6,4,4,10,5,5,2,16,2,7,1,1,C03,7,6,1,10,2,11,,14,14,1,6,4,120.649746,24.067593,2
7621,66000,387130000C,(04)23274275,(04)23288582,2025,03,20,7,55,臺中市,北屯區,0,0,0,7,,,50,,,,,,,,,,,,,,,,,,,B03,,,1,,1,,,56,56,1,12,4,120.71479,24.173873,3
7622,66000,387130000C,(04)23274275,(04)23288582,2025,03,20,7,55,臺中市,后里區,0,0,0,7,2,6,50,4,1,1,5,4,6,6,4,4,5,5,4,2,16,3,10,3,1,B03,7,5,1,8,2,2,,14,14,1,12,4,120.722925,24.296305,4
7623,66000,387130000C,(04)23274275,(04)23288582,2025,03,20,7,57,臺中市,太平區,0,1,0,7,3,6,30,11,9,1,5,4,6,6,4,4,10,5,5,1,13,3,10,3,1,B03,7,9,1,8,2,5,,84,84,1,6,4,120.721967,24.100768,2
7624,66000,387130000C,(04)23274275,(04)23288582,2025,03,20,7,57,臺中市,大甲區,0,1,0,7,3,6,30,13,9,1,5,2,1,6,4,4,5,5,5,2,18,2,9,1,1,C03,7,9,1,10,2,14,,84,84,1,6,4,120.649978,24.394818,2
7625,66000,387130000C,(04)23274275,(04)23288582,2025,03,20,7,58,臺中市,潭子區,0,2,0,7,2,6,50,4,1,1,5,4,6,6,2,1,1,3,4,1,13,2,9,1,1,C03,7,9,1,10,2,11,,84,84,1,13,4,120.692882,24.215925,2
7626,66000,387130000C,(04)23274275,(04)23288582,2025,03,20,7,58,臺中市,南屯區,0,1,0,7,3,6,50,13,9,1,5,4,6,6,4,4,5,5,4,2,17,3,10,3,1,B03,7,1,1,8,2,1,,51,51,1,12,4,120.645869,24.153549,2
7627,66000,387130000C,(04)23274275,(04)23288582,2025,03,20,7,59,臺中市,沙鹿區,0,1,0,7,3,6,30,13,9,1,5,4,6,6,4,4,10,5,5,2,17,4,11,3,1,B03,7,9,1,8,2,5,7,84,84,1,6,4,120.566056,24.246406,2
7628,66000,387130000C,(04)23274275,(04)23288582,2025,03,20,8,0,臺中市,南屯區,0,0,0,7,,,50,,,,,,,,,,,,,,12,,,,,B03,,,1,,1,,,8,8,1,12,4,120.648375,24.13478,3
7629,66000,387130000C,(04)23274275,(04)23288582,2025,03,20,8,2,臺中市,東區,0,0,0,7,,,50,,,,,,,,,,,,,,13,,,,,B03,,,1,,1,,,8,8,1,13,4,120.700116,24.140067,3
7630,66000,387130000C,(04)23274275,(04)23288582,2025,03,20,8,3,臺中市,北區,0,0,0,7,,,30,,,,,,,,,,,,,,17,,,,,B12,,,1,,9,,,8,8,2,13,4,120.695435,24.154196,3
7631,66000,387130000C,(04)23274275,(04)23288582,2025,03,20,8,5,臺中市,西區,0,1,0,7,2,6,50,4,1,1,5,4,6,6,1,1,10,5,5,2,17,3,10,3,1,B03,7,5,1,8,2,1,,20,20,1,12,4,120.658924,24.144229,2
7632,66000,387130000C,(04)23274275,(04)23288582,2025,03,20,8,5,臺中市,霧峰區,0,1,0,7,2,6,50,13,9,1,5,4,6,6,4,4,10,5,5,2,20,2,9,2,1,C03,7,9,1,10,2,14,,84,84,1,6,4,120.663619,24.064215,2
7633,66000,387130000C,(04)23274275,(04)23288582,2025,03,20,8,6,臺中市,北區,0,2,0,7,3,6,50,4,2,1,5,4,6,6,4,4,5,4,5,2,13,2,9,1,1,C03,7,9,1,10,1,11,,7,7,1,12,4,120.670395,24.159476,2
7634,66000,387130000C,(04)23274275,(04)23288582,2025,03,20,8,6,臺中市,東區,0,1,0,7,2,6,50,4,1,1,5,4,6,6,4,4,10,5,5,2,16,3,10,1,1,C03,7,6,1,10,2,11,,14,14,1,12,4,120.707937,24.139984,2
7635,66000,387130000C,(04)23274275,(04)23288582,2025,03,20,8,6,臺中市,南區,0,0,0,7,,,50,,,,,,,,,,,,,,,,,,,C03,,,1,,1,,,7,7,1,13,4,120.652498,24.122127,3
7636,66000,387130000C,(04)23274275,(04)23288582,2025,03,20,8,7,臺中市,龍井區,0,0,0,7,,,40,,,,,,,,,,,,,,13,,,,,B03,,,1,,1,,,56,56,1,6,4,120.591193,24.183519,3
7637,66000,387130000C,(04)23274275,(04)23288582,2025,03,20,8,10,臺中市,東區,0,0,0,7,,,80,,,,,,,,,,,,,,13,,,,,B03,,,1,,1,,,7,7,1,12,4,120.70435,24.126725,3
7638,66000,387130000C,(04)23274275,(04)23288582,2025,03,20,8,12,臺中市,北區,0,1,0,7,2,6,50,4,2,1,5,4,6,6,4,4,10,5,5,2,15,2,9,1,1,C03,7,9,1,10,2,11,,15,15,1,13,4,120.677122,24.162795,2
7639,66000,387130000C,(04)23274275,(04)23288582,2025,03,20,8,12,臺中市,西屯區,0,0,0,7,,,30,,,,,,,,,,,,,,16,,,,,C03,,,1,,1,,,14,14,1,13,4,120.647191,24.174889,3
7640,66000,387130000C,(04)23274275,(04)23288582,2025,03,20,8,13,臺中市,西區,0,0,0,7,,,50,,,,,,,,,,,,,,,,,,,B03,,,1,,1,,,7,7,1,12,4,120.65387,24.150885,3
7641,66000,387130000C,(04)23274275,(04)23288582,2025,03,20,8,13,臺中市,西屯區,0,1,0,7,2,6,30,3,9,1,5,4,6,6,4,4,4,5,4,1,12,2,9,2,1,C03,7,6,1,10,2,12,,14,14,1,12,4,120.645,24.180957,2
7642,66000,387130000C,(04)23274275,(04)23288582,2025,03,20,8,16,臺中市,大里區,0,1,0,7,2,6,50,4,1,1,5,4,6,6,2,1,5,4,4,1,16,3,10,1,1,C03,7,5,1,10,2,12,,47,47,1,6,4,120.687726,24.099478,2
7643,66000,387130000C,(04)23274275,(04)23288582,2025,03,20,8,17,臺中市,北區,0,0,0,7,,,50,,,,,,,,,,,,,,13,,,,,C03,,,3,,1,,,7,7,1,13,4,120.685047,24.142967,3
7644,66000,387130000C,(04)23274275,(04)23288582,2025,03,20,8,17,臺中市,西屯區,0,0,0,7,,,50,,,,,,,,,,,,,,13,,,,,B03,,,1,,1,,,59,59,1,12,4,120.661401,24.201354,3
7645,66000,387130000C,(04)23274275,(04)23288582,2025,03,20,8,19,臺中市,北屯區,0,1,0,7,2,6,50,3,9,1,5,4,6,6,1,1,10,5,5,2,13,2,9,5,4,C03,7,9,1,10,2,11,,7,7,1,12,4,120.733352,24.166701,2
7646,66000,387130000C,(04)23274275,(04)23288582,2025,03,20,8,20,臺中市,南屯區,0,0,0,7,3,6,50,13,9,1,5,4,6,6,4,4,5,5,5,2,12,,,,,B03,,,1,,1,,,20,20,1,12,4,120.636187,24.141311,3
7647,66000,387130000C,(04)23274275,(04)23288582,2025,03,20,8,20,臺中市,西屯區,0,2,0,7,2,6,50,3,1,1,5,4,6,6,4,4,10,5,5,2,13,3,10,2,1,C03,7,9,1,10,2,11,,7,7,1,13,4,120.614966,24.182126,2
7648,66000,387130000C,(04)23274275,(04)23288582,2025,03,20,8,22,臺中市,龍井區,0,0,0,7,,,30,,,,,,,,,,,,,,13,,,,,B03,,,1,,1,,,87,87,1,6,4,120.592917,24.181273,3
7649,66000,387130000C,(04)23274275,(04)23288582,2025,03,20,8,23,臺中市,后里區,0,1,0,7,2,6,40,13,9,1,5,4,6,6,4,4,9,4,4,2,28,2,9,1,1,C03,7,9,1,10,2,11,14,6,6,1,12,4,120.704473,24.307606,2
7650,66000,387130000C,(04)23274275,(04)23288582,2025,03,20,8,26,臺中市,龍井區,0,2,0,7,2,6,60,5,1,1,5,4,6,6,1,1,10,5,5,2,13,2,3,3,1,B03,7,8,1,8,2,6,,40,40,1,6,4,120.573976,24.184311,2
7651,66000,387130000C,(04)23274275,(04)23288582,2025,03,20,8,27,臺中市,梧棲區,0,0,0,7,,,50,,,,,,,,,,,,,,13,,,,,A31,,,1,,1,,,7,7,1,6,4,120.528366,24.22188,3
7652,66000,387130000C,(04)23274275,(04)23288582,2025,03,20,8,30,臺中市,南區,0,1,0,7,3,6,30,4,1,1,5,4,6,6,4,4,10,5,5,2,15,3,10,5,4,B03,7,9,1,8,2,5,,15,15,1,12,4,120.655634,24.116962,2
7653,66000,387130000C,(04)23274275,(04)23288582,2025,03,20,8,30,臺中市,太平區,0,1,0,7,2,6,50,4,1,1,5,4,6,6,1,1,10,5,5,2,17,2,8,2,1,C03,7,6,1,10,2,14,,48,48,1,12,4,120.732718,24.13471,2
7654,66000,387130000C,(04)23274275,(04)23288582,2025,03,20,8,30,臺中市,沙鹿區,0,0,0,7,,,40,,,,,,,,,,,,,,13,,,,,B03,,,1,,2,,,7,7,1,6,4,120.575551,24.227376,3
7655,66000,387130000C,(04)23274275,(04)23288582,2025,03,20,8,36,臺中市,太平區,0,2,0,7,2,6,50,13,9,1,5,4,6,6,4,4,5,4,5,1,16,2,9,2,1,C03,7,6,3,19,2,11,,48,48,1,12,4,120.731368,24.134788,2
7656,66000,387130000C,(04)23274275,(04)23288582,2025,03,20,8,39,臺中市,東勢區,0,2,0,7,3,6,50,4,1,1,5,4,6,6,4,4,10,5,5,2,16,2,9,1,1,C03,7,6,1,10,2,14,,23,23,1,12,4,120.826988,24.255319,2
7657,66000,387130000C,(04)23274275,(04)23288582,2025,03,20,8,40,臺中市,北區,0,1,0,7,3,6,40,18,9,1,5,4,6,6,4,4,1,4,4,2,17,2,8,1,1,C03,7,9,1,10,2,14,,43,43,1,12,4,120.676222,24.157593,2
7658,66000,387130000C,(04)23274275,(04)23288582,2025,03,20,8,40,臺中市,東區,0,0,0,7,,,30,,,,,,,,,,,,,,16,,,,,B11,,,1,,1,,,14,14,1,13,4,120.703721,24.139896,3
7659,66000,387130000C,(04)23274275,(04)23288582,2025,03,20,8,40,臺中市,大里區,0,0,0,7,,,50,,,,,,,,,,,,,,13,,,,,B03,,,1,,2,,,59,59,1,12,4,120.688907,24.093601,3
7660,66000,387130000C,(04)23274275,(04)23288582,2025,03,20,8,44,臺中市,大里區,0,0,0,7,,,50,,,,,,,,,,,,,,17,,,,,B12,,,1,,1,,,84,84,1,6,4,120.711003,24.100633,3
7661,66000,387130000C,(04)23274275,(04)23288582,2025,03,20,8,44,臺中市,大里區,0,0,0,7,,,50,,,,,,,,,,,,,,,,,,,C03,,,1,,2,,,58,58,1,12,4,120.709516,24.111112,3
7662,66000,387130000C,(04)23274275,(04)23288582,2025,03,20,8,45,臺中市,大雅區,0,0,0,7,,,50,,,,,,,,,,,,,,,,,,,B12,,,1,,2,,,49,49,1,12,4,120.664523,24.231687,3
7663,66000,387130000C,(04)23274275,(04)23288582,2025,03,20,8,45,臺中市,大里區,0,1,0,7,2,6,50,13,7,1,5,4,6,6,4,4,3,4,4,1,13,2,9,2,1,C03,7,9,1,10,2,11,,84,84,1,5,4,120.695489,24.087402,2
7664,66000,387130000C,(04)23274275,(04)23288582,2025,03,20,8,47,臺中市,東區,0,0,0,7,,,50,,,,,,,,,,,,,,13,,,,,B03,,,1,,9,,,7,7,1,13,4,120.70891,24.141857,3
7665,66000,387130000C,(04)23274275,(04)23288582,2025,03,20,8,47,臺中市,西屯區,0,1,0,7,2,6,40,3,1,1,5,4,6,6,2,1,10,5,5,2,16,3,10,3,1,B03,7,5,1,8,2,2,,11,11,1,12,4,120.614123,24.183851,2
7666,66000,387130000C,(04)23274275,(04)23288582,2025,03,20,8,50,臺中市,東區,0,1,0,7,2,6,50,13,9,1,5,4,6,6,4,4,9,5,5,2,16,3,10,3,1,B03,7,5,1,8,2,2,,20,20,1,12,4,120.687591,24.141863,2
7667,66000,387130000C,(04)23274275,(04)23288582,2025,03,20,8,50,臺中市,霧峰區,0,1,0,7,3,6,50,13,9,1,5,4,6,6,4,4,9,5,5,1,17,2,7,1,1,C03,7,9,1,10,2,11,,84,84,1,12,4,120.674586,24.047517,2
7668,66000,387130000C,(04)23274275,(04)23288582,2025,03,20,8,53,臺中市,西屯區,0,0,0,7,,,50,,,,,,,,,,,,,,13,,,,,B03,,,1,,1,,,59,59,1,12,4,120.635452,24.182168,3
7669,66000,387130000C,(04)23274275,(04)23288582,2025,03,20,8,55,臺中市,潭子區,0,1,0,7,3,6,50,4,1,1,5,4,6,6,4,4,10,5,5,2,16,3,10,3,1,B12,7,5,1,4,2,2,,14,14,1,6,4,120.674832,24.204088,2
7670,66000,387130000C,(04)23274275,(04)23288582,2025,03,20,8,56,臺中市,北屯區,0,0,0,7,,,50,,,,,,,,,,,,,,17,,,,,C03,,,1,,9,,,84,84,1,12,4,120.69834,24.185091,3
7671,66000,387130000C,(04)23274275,(04)23288582,2025,03,20,8,58,臺中市,西屯區,0,1,0,7,3,6,50,4,1,1,5,4,6,6,1,1,8,4,4,1,17,3,10,5,4,B03,7,6,1,8,2,1,,8,8,1,13,4,120.637263,24.173234,2
7672,66000,387130000C,(04)23274275,(04)23288582,2025,03,20,8,59,臺中市,北區,0,0,0,7,,,50,,,,,,,,,,,,,,13,,,,,B03,,,1,,1,,,59,59,1,12,4,120.681155,24.163132,3
7673,66000,387130000C,(04)23274275,(04)23288582,2025,03,20,8,59,臺中市,西屯區,0,0,0,7,,,50,,,,,,,,,,,,,,12,,,,,A11,,,1,,2,,,8,8,1,12,4,120.608936,24.155606,3
7674,66000,387130000C,(04)23274275,(04)23288582,2025,03,20,9,3,臺中市,北屯區,0,1,0,7,1,6,50,4,1,1,5,4,6,6,2,1,10,5,5,2,17,3,10,5,4,B03,7,5,1,8,2,6,,85,85,1,13,4,120.701831,24.182229,2
7675,66000,387130000C,(04)23274275,(04)23288582,2025,03,20,9,3,臺中市,烏日區,0,1,0,7,2,6,30,4,1,1,5,4,6,6,4,4,10,5,5,2,15,3,10,1,1,C03,7,9,1,10,2,11,,15,15,1,6,4,120.64169,24.102886,2
7676,66000,387130000C,(04)23274275,(04)23288582,2025,03,20,9,5,臺中市,東區,0,1,0,7,2,6,80,13,9,1,5,4,6,6,4,4,10,4,5,2,13,2,8,3,1,B03,7,9,1,8,1,1,,84,84,1,12,4,120.708419,24.134347,2
7677,66000,387130000C,(04)23274275,(04)23288582,2025,03,20,9,10,臺中市,潭子區,0,1,0,7,3,6,50,3,1,1,5,4,6,6,4,4,5,5,5,1,17,3,10,3,1,G03,7,5,1,17,2,17,,84,84,1,13,4,120.686023,24.220475,2
7678,66000,387130000C,(04)23274275,(04)23288582,2025,03,20,9,10,臺中市,南區,0,0,0,7,,,50,,,,,,,,,,,,,,12,,,,,C03,,,1,,1,,,84,84,1,12,4,120.669547,24.118956,3
7679,66000,387130000C,(04)23274275,(04)23288582,2025,03,20,9,11,臺中市,西屯區,0,2,0,7,2,6,50,4,1,1,5,4,6,6,2,1,10,5,5,2,13,2,9,5,4,C03,7,9,1,10,2,11,,59,59,1,12,4,120.635172,24.179435,2
7680,66000,387130000C,(04)23274275,(04)23288582,2025,03,20,9,12,臺中市,東區,0,0,0,7,,,50,,,,,,,,,,,,,,14,,,,,C03,,,1,,1,,,49,49,1,13,4,120.698604,24.140134,3
7681,66000,387130000C,(04)23274275,(04)23288582,2025,03,20,9,12,臺中市,新社區,0,1,0,7,3,6,50,4,1,1,5,4,6,6,4,4,10,5,5,2,15,2,9,1,1,C03,7,9,1,10,2,11,,12,12,1,12,4,120.807036,24.202891,2
7682,66000,387130000C,(04)23274275,(04)23288582,2025,03,20,9,15,臺中市,霧峰區,0,1,0,7,2,6,30,3,1,1,5,4,6,6,4,4,9,5,5,2,16,2,9,2,1,C03,7,5,3,19,2,14,,14,14,1,6,4,120.701494,24.070148,2
7683,66000,387130000C,(04)23274275,(04)23288582,2025,03,20,9,24,臺中市,大里區,0,1,0,7,3,6,50,13,9,1,5,4,6,6,4,4,9,5,5,1,13,2,3,1,1,C03,7,9,3,19,2,11,,7,7,1,13,4,120.681037,24.094182,2
7684,66000,387130000C,(04)23274275,(04)23288582,2025,03,20,9,25,臺中市,北區,0,0,0,7,,,50,,,,,,,,,,,,,,17,,,,,C03,,,1,,1,,,7,7,1,13,4,120.672225,24.16235,3
7685,66000,387130000C,(04)23274275,(04)23288582,2025,03,20,9,26,臺中市,西屯區,0,2,0,7,2,6,50,13,9,1,5,4,6,6,1,1,5,4,5,2,13,2,6,4,1,F02,7,8,7,21,2,16,,40,40,1,12,4,120.657995,24.200981,2
7686,66000,387130000C,(04)23274275,(04)23288582,2025,03,20,9,32,臺中市,大雅區,0,3,0,7,3,6,30,11,9,1,5,4,6,6,4,4,10,5,5,2,17,2,9,1,1,C03,7,9,1,10,2,14,,8,8,1,12,4,120.634318,24.239749,2
7687,66000,387130000C,(04)23274275,(04)23288582,2025,03,20,9,35,臺中市,大里區,0,1,0,7,2,6,50,4,1,1,5,4,6,6,4,4,10,5,5,2,17,3,10,1,1,C04,7,5,1,10,2,14,,20,20,1,13,4,120.698734,24.091304,2
7688,66000,387130000C,(04)23274275,(04)23288582,2025,03,20,9,40,臺中市,北區,0,0,0,7,,,50,,,,,,,,,,,,,,12,,,,,B03,,,1,,2,,,59,59,1,13,4,120.690358,24.161386,3
7689,66000,387130000C,(04)23274275,(04)23288582,2025,03,20,9,41,臺中市,北屯區,0,1,0,7,2,6,50,4,2,1,5,4,6,6,2,1,3,3,4,2,12,2,7,2,1,C03,7,1,1,10,1,14,,51,51,1,13,4,120.685902,24.179108,2
7690,66000,387130000C,(04)23274275,(04)23288582,2025,03,20,9,46,臺中市,大里區,0,0,0,7,,,50,,,,,,,,,,,,,,13,,,,,B12,,,1,,2,,,56,56,1,6,4,120.688994,24.07815,3
7691,66000,387130000C,(04)23274275,(04)23288582,2025,03,20,9,46,臺中市,豐原區,0,2,0,7,2,6,50,4,1,1,5,4,6,6,3,1,10,5,5,2,15,2,7,1,1,C03,7,9,1,10,2,11,,24,24,1,12,4,120.720837,24.250632,2
7692,66000,387130000C,(04)23274275,(04)23288582,2025,03,20,9,48,臺中市,霧峰區,0,0,0,7,,,50,,,,,,,,,,,,,,19,,,,,B12,,,1,,2,,,78,78,1,12,4,120.696933,24.024996,3
7693,66000,387130000C,(04)23274275,(04)23288582,2025,03,20,9,50,臺中市,中區,0,0,0,7,,,50,,,,,,,,,,,,,,13,,,,,C03,,,1,,1,,,7,7,1,12,4,120.683609,24.14294,3
7694,66000,387130000C,(04)23274275,(04)23288582,2025,03,20,9,50,臺中市,清水區,0,1,0,7,2,6,50,4,1,1,5,4,6,6,4,4,8,3,4,2,15,3,10,3,1,B03,7,9,1,8,2,5,,12,12,1,12,4,120.576105,24.267073,2
7695,66000,387130000C,(04)23274275,(04)23288582,2025,03,20,9,51,臺中市,西屯區,0,1,0,7,2,6,30,3,9,1,2,4,6,6,4,4,10,5,5,2,18,2,9,1,1,C03,7,9,1,10,2,14,,87,87,1,12,4,120.61868,24.175234,2
7696,66000,387130000C,(04)23274275,(04)23288582,2025,03,20,9,52,臺中市,西屯區,0,0,0,7,,,50,,,,,,,,,,,,,,13,,,,,C03,,,1,,1,,,7,7,1,13,4,120.602633,24.182917,3
7697,66000,387130000C,(04)23274275,(04)23288582,2025,03,20,9,54,臺中市,大里區,0,2,0,7,2,6,50,4,1,1,5,4,6,6,2,1,5,5,4,1,15,2,9,1,1,C03,7,9,1,10,2,12,11,85,85,1,13,4,120.67514,24.103085,2
7698,66000,387130000C,(04)23274275,(04)23288582,2025,03,20,9,55,臺中市,太平區,0,1,0,7,2,6,50,13,8,1,5,4,6,6,4,4,1,4,4,1,17,2,9,2,1,C03,7,9,1,10,2,12,,59,59,1,12,4,120.713597,24.14118,2
7699,66000,387130000C,(04)23274275,(04)23288582,2025,03,20,9,57,臺中市,南區,0,1,0,7,2,6,50,4,1,1,5,4,6,6,1,1,5,2,5,2,17,3,10,5,4,B03,7,1,1,8,2,15,,51,51,1,13,4,120.664019,24.127533,2
7700,66000,387130000C,(04)23274275,(04)23288582,2025,03,20,10,2,臺中市,大里區,0,1,0,7,2,6,50,3,1,1,5,4,6,6,4,4,10,5,5,2,16,3,10,3,1,B02,7,5,1,8,2,1,,14,14,1,6,4,120.694942,24.091092,2
7701,66000,387130000C,(04)23274275,(04)23288582,2025,03,20,10,4,臺中市,西區,0,2,0,7,1,6,50,4,1,1,5,4,6,6,1,1,5,4,5,1,17,2,9,5,4,B03,7,9,1,8,2,1,,84,84,1,12,4,120.658894,24.150852,2
7702,66000,387130000C,(04)23274275,(04)23288582,2025,03,20,10,4,臺中市,北區,0,0,0,7,,,50,,,,,,,,,,,,,,13,,,,,B03,,,1,,1,,,7,7,1,12,4,120.681944,24.163301,3
7703,66000,387130000C,(04)23274275,(04)23288582,2025,03,20,10,5,臺中市,大肚區,0,2,0,7,2,6,40,3,1,1,5,4,6,6,3,1,10,5,5,2,16,2,9,2,1,C03,7,6,1,10,2,14,,20,20,1,6,4,120.551884,24.136968,2
7704,66000,387130000C,(04)23274275,(04)23288582,2025,03,20,10,7,臺中市,西屯區,0,0,0,7,,,50,,,,,,,,,,,,,,13,,,,,B03,,,1,,2,,,59,59,1,13,4,120.618714,24.187763,3
7705,66000,387130000C,(04)23274275,(04)23288582,2025,03,20,10,12,臺中市,霧峰區,0,1,0,7,2,6,50,13,8,1,5,4,6,6,4,4,3,4,4,2,17,2,9,2,1,C03,7,9,1,10,2,11,,7,7,1,13,4,120.691999,24.041931,2
7706,66000,387130000C,(04)23274275,(04)23288582,2025,03,20,10,12,臺中市,霧峰區,0,0,0,7,,,50,,,,,,,,,,,,,,13,,,,,C03,,,2,,2,,,59,59,1,12,4,120.695616,24.014568,3
7707,66000,387130000C,(04)23274275,(04)23288582,2025,03,20,10,15,臺中市,中區,0,1,0,7,2,6,50,13,9,1,5,4,6,6,4,4,5,4,5,2,13,2,9,3,1,B13,7,9,1,8,2,1,,84,84,1,12,4,120.682581,24.140283,2
7708,66000,387130000C,(04)23274275,(04)23288582,2025,03,20,10,17,臺中市,神岡區,0,1,0,7,3,6,60,3,1,1,5,4,6,6,4,4,3,4,4,1,12,3,10,3,1,B02,7,5,1,8,2,2,,20,20,1,13,4,120.709216,24.260252,2
7709,66000,387130000C,(04)23274275,(04)23288582,2025,03,20,10,20,臺中市,潭子區,0,0,0,7,,,60,,,,,,,,,,,,,,,,,,,B12,,,1,,2,,,8,8,1,6,4,120.705715,24.216916,3
7710,66000,387130000C,(04)23274275,(04)23288582,2025,03,20,10,21,臺中市,北屯區,0,1,0,7,2,6,50,4,1,1,5,4,6,6,2,1,10,5,5,2,17,2,9,1,1,C03,7,9,1,10,2,11,,7,7,1,12,4,120.669443,24.177252,2
7711,66000,387130000C,(04)23274275,(04)23288582,2025,03,20,10,25,臺中市,太平區,0,0,0,7,2,6,30,,,,,,,,,,,,,,,,,,,B03,,,1,,2,1,,59,59,1,12,4,120.712887,24.124913,3