﻿序號,縣市別代碼,機關代碼,市話,傳真,年,月,日,時,分,縣市,區,死亡數量,受傷數量,2-30,天候,道路照明設備,道路類別,道路速限,道路型態,事故位置,路面鋪裝,路面狀態,路面缺陷,障礙物,視距,號誌種類,號誌動作,分向設施,快車道或一般車道間,快慢車道間,路面邊線,事故類型及型態,受傷程度,主要傷處,保護裝備,行動電話或功能裝置,當事者區分_類別,車輛用途,當事者行動狀態,駕照狀態,駕照種類,飲酒情形,車輛撞擊部位最初,車輛撞擊部位其他,肇事因素個別,肇事因素主要,肇事逃逸,職業,共享經濟或外送平台,GPS座標X,GPS座標Y,事故類別
7934,66000,387130000C,(04)23274275,(04)23288582,2025,03,20,18,25,臺中市,西區,0,1,0,7,1,6,50,13,9,1,5,4,6,6,4,4,1,4,4,2,17,3,10,3,1,B03,7,15,1,8,2,5,,84,84,1,13,4,120.666503,24.140517,2
7935,66000,387130000C,(04)23274275,(04)23288582,2025,03,20,18,25,臺中市,南屯區,0,0,0,7,,,50,,,,,,,,,,,,,,13,,,,,B03,,,1,,1,,,7,7,1,12,4,120.646639,24.133899,3
7936,66000,387130000C,(04)23274275,(04)23288582,2025,03,20,18,26,臺中市,北屯區,0,0,0,7,,,40,,,,,,,,,,,,,,13,,,,,C03,,,1,10,2,,,7,7,1,6,4,120.689497,24.180463,4
7937,66000,387130000C,(04)23274275,(04)23288582,2025,03,20,18,27,臺中市,北屯區,0,0,0,7,,,50,,,,,,,,,,,,,,12,,,,,B03,,,1,,2,,,40,40,1,12,4,120.691963,24.162648,3
7938,66000,387130000C,(04)23274275,(04)23288582,2025,03,20,18,27,臺中市,后里區,0,0,0,7,,,50,,,,,,,,,,,,,,17,,,,,B03,,,1,,2,,,8,8,1,12,4,120.711147,24.304751,3
7939,66000,387130000C,(04)23274275,(04)23288582,2025,03,20,18,28,臺中市,大甲區,0,1,0,7,1,6,50,4,2,1,5,4,6,6,1,1,5,4,5,1,13,2,9,2,1,C03,7,9,1,8,9,11,,7,7,1,7,4,120.632358,24.345729,2
7940,66000,387130000C,(04)23274275,(04)23288582,2025,03,20,18,30,臺中市,西區,0,0,0,7,,,50,,,,,,,,,,,,,,,,,,,B03,,,1,,1,,,40,40,1,12,4,120.667645,24.130194,3
7941,66000,387130000C,(04)23274275,(04)23288582,2025,03,20,18,30,臺中市,北區,0,1,0,7,1,6,50,4,1,1,5,4,6,6,1,1,10,5,5,2,28,2,9,5,4,C03,7,9,1,10,2,12,,84,84,1,13,4,120.678945,24.171098,2
7942,66000,387130000C,(04)23274275,(04)23288582,2025,03,20,18,30,臺中市,北屯區,0,0,0,7,,,50,,,,,,,,,,,,,,13,,,,,B03,,,1,,1,,,7,7,1,6,4,120.690488,24.162814,3
7943,66000,387130000C,(04)23274275,(04)23288582,2025,03,20,18,31,臺中市,西屯區,0,0,0,7,,,60,,,,,,,,,,,,,,13,,,,,B03,,,1,,1,,,59,59,1,12,4,120.633341,24.173678,3
7944,66000,387130000C,(04)23274275,(04)23288582,2025,03,20,18,31,臺中市,西屯區,0,0,0,7,,,60,,,,,,,,,,,,,,,,,,,C03,,,1,,1,,,7,7,1,5,4,120.628611,24.183927,3
7945,66000,387130000C,(04)23274275,(04)23288582,2025,03,20,18,34,臺中市,西屯區,0,0,0,7,,,60,,,,,,,,,,,,,,12,,,,,B03,,,1,,1,,,8,8,1,13,4,120.646692,24.155593,3
7946,66000,387130000C,(04)23274275,(04)23288582,2025,03,20,18,34,臺中市,太平區,0,0,0,7,,,50,,,,,,,,,,,,,,17,,,,,B01,,,1,,2,,,45,45,1,6,4,120.714408,24.137031,3
7947,66000,387130000C,(04)23274275,(04)23288582,2025,03,20,18,36,臺中市,南區,0,1,0,7,1,6,50,3,1,1,5,4,6,6,4,4,10,5,5,2,13,2,9,1,1,C03,7,9,1,10,2,11,,7,7,1,12,4,120.666291,24.128499,2
7948,66000,387130000C,(04)23274275,(04)23288582,2025,03,20,18,37,臺中市,南區,0,0,0,7,,,50,,,,,,,,,,,,,,17,,,,,B12,,,1,,1,,,87,87,1,12,4,120.668855,24.116263,3
7949,66000,387130000C,(04)23274275,(04)23288582,2025,03,20,18,38,臺中市,北屯區,0,1,0,7,1,6,50,3,1,1,5,4,6,6,4,4,10,5,5,2,16,3,10,3,1,B03,7,5,1,8,2,5,,47,47,1,12,4,120.684,24.181634,2
7950,66000,387130000C,(04)23274275,(04)23288582,2025,03,20,18,38,臺中市,西屯區,0,2,0,7,1,6,50,13,9,1,5,4,6,6,4,4,10,5,5,2,12,2,9,5,1,F01,7,1,7,21,2,12,,51,51,1,12,4,120.640985,24.173016,2
7951,66000,387130000C,(04)23274275,(04)23288582,2025,03,20,18,38,臺中市,霧峰區,0,0,0,7,,,50,,,,,,,,,,,,,,17,,,,,C03,,,1,8,2,,,84,84,1,13,4,120.702367,24.068868,3
7952,66000,387130000C,(04)23274275,(04)23288582,2025,03,20,18,39,臺中市,梧棲區,0,1,0,7,1,6,30,4,1,1,5,4,6,6,1,1,10,5,5,2,16,3,10,3,1,B03,7,5,1,8,2,5,,84,84,1,13,4,120.516086,24.22615,2
7953,66000,387130000C,(04)23274275,(04)23288582,2025,03,20,18,41,臺中市,西區,0,0,0,7,,,50,,,,,,,,,,,,,,,,,,,B03,,,1,,1,,,51,51,1,6,4,120.676659,24.140595,3
7954,66000,387130000C,(04)23274275,(04)23288582,2025,03,20,18,43,臺中市,大里區,0,2,0,7,1,6,80,11,7,1,5,4,6,6,4,4,1,4,5,1,13,3,10,3,1,B11,7,9,1,4,2,5,,7,7,1,12,4,120.699088,24.113602,2
7955,66000,387130000C,(04)23274275,(04)23288582,2025,03,20,18,43,臺中市,豐原區,0,1,0,7,2,6,50,13,9,1,5,4,6,6,4,4,5,4,5,1,12,3,10,5,4,B03,7,4,1,8,2,2,,1,1,1,12,4,120.721296,24.270969,2
7956,66000,387130000C,(04)23274275,(04)23288582,2025,03,20,18,45,臺中市,大雅區,0,1,0,7,1,6,30,4,1,1,5,4,6,6,1,1,3,4,4,1,9,3,10,3,1,B03,7,6,1,8,2,5,,84,84,1,13,4,120.631592,24.229915,2
7957,66000,387130000C,(04)23274275,(04)23288582,2025,03,20,18,46,臺中市,西屯區,0,0,0,7,,,50,,,,,,,,,,,,,,13,,,,,B02,,,1,,1,,,7,7,1,11,4,120.651693,24.166016,3
7958,66000,387130000C,(04)23274275,(04)23288582,2025,03,20,18,48,臺中市,西屯區,0,0,0,7,,,50,,,,,,,,,,,,,,13,,,,,B03,,,1,,1,,,56,56,1,12,4,120.654454,24.201227,3
7959,66000,387130000C,(04)23274275,(04)23288582,2025,03,20,18,49,臺中市,西屯區,0,0,0,7,,,0,,,,,,,,,,,,,,17,,,,,B03,,,1,,1,,,51,51,1,13,4,120.64667,24.173056,3
7960,66000,387130000C,(04)23274275,(04)23288582,2025,03,20,18,55,臺中市,大雅區,0,0,0,7,,,60,,,,,,,,,,,,,,,,,,,B03,,,1,,2,,,84,84,1,13,4,120.648036,24.218935,3
7961,66000,387130000C,(04)23274275,(04)23288582,2025,03,20,18,58,臺中市,南區,0,0,0,7,,,50,,,,,,,,,,,,,,,,,,,B03,,,1,,2,,,84,84,1,13,4,120.650409,24.116052,3
7962,66000,387130000C,(04)23274275,(04)23288582,2025,03,20,19,0,臺中市,北區,0,0,0,7,,,50,,,,,,,,,,,,,,13,,,,,B02,,,1,,2,,,84,84,1,13,4,120.681265,24.163293,3
7963,66000,387130000C,(04)23274275,(04)23288582,2025,03,20,19,0,臺中市,大里區,0,1,0,7,1,6,40,11,8,1,5,4,6,6,4,4,1,4,1,1,20,2,9,1,1,C03,7,9,1,10,2,14,,84,84,1,13,4,120.699197,24.113428,2
7964,66000,387130000C,(04)23274275,(04)23288582,2025,03,20,19,4,臺中市,北屯區,0,0,0,7,,,50,,,,,,,,,,,,,,19,,,,,B01,,,1,,1,,,45,45,1,13,4,120.730032,24.171201,3
7965,66000,387130000C,(04)23274275,(04)23288582,2025,03,20,19,5,臺中市,南屯區,0,1,0,7,1,6,60,4,1,1,5,4,6,6,2,1,4,1,3,1,16,3,10,3,1,B03,7,5,1,8,2,2,,47,47,1,6,4,120.63675,24.135747,2
7966,66000,387130000C,(04)23274275,(04)23288582,2025,03,20,19,7,臺中市,梧棲區,0,0,0,7,,,40,,,,,,,,,,,,,,13,,,,,B03,,,1,,2,,,7,7,1,12,4,120.547933,24.245927,3
7967,66000,387130000C,(04)23274275,(04)23288582,2025,03,20,19,9,臺中市,南區,0,2,0,7,1,6,50,4,1,1,5,4,6,6,1,1,10,5,5,2,16,2,3,3,1,B03,7,5,1,8,2,6,,11,11,1,12,4,120.678278,24.133497,2
7968,66000,387130000C,(04)23274275,(04)23288582,2025,03,20,19,10,臺中市,北區,0,0,0,7,,,50,,,,,,,,,,,,,,13,,,,,B03,,,1,,1,,,7,7,1,12,4,120.681955,24.144725,3
7969,66000,387130000C,(04)23274275,(04)23288582,2025,03,20,19,14,臺中市,大甲區,0,1,0,7,3,6,50,4,9,1,5,4,6,6,1,1,5,3,5,1,17,3,10,3,1,B12,7,6,1,8,2,8,,11,11,1,12,4,120.62201,24.348962,2
7970,66000,387130000C,(04)23274275,(04)23288582,2025,03,20,19,16,臺中市,太平區,0,1,0,7,1,6,40,4,1,1,5,4,6,6,4,4,10,5,5,2,15,3,10,3,1,B03,7,9,1,8,2,1,,20,20,1,6,4,120.720402,24.152895,2
7971,66000,387130000C,(04)23274275,(04)23288582,2025,03,20,19,21,臺中市,太平區,0,1,0,7,1,6,40,3,1,1,5,4,6,6,4,4,5,5,5,1,16,3,10,1,1,C03,7,6,1,10,2,14,,14,14,1,6,2,120.701713,24.112688,2
7972,66000,387130000C,(04)23274275,(04)23288582,2025,03,20,19,22,臺中市,東區,0,0,0,7,,,50,,,,,,,,,,,,,,13,,,,,B03,,,5,,2,,,84,84,1,6,4,120.690455,24.131376,3
7973,66000,387130000C,(04)23274275,(04)23288582,2025,03,20,19,25,臺中市,大雅區,0,1,0,7,1,6,70,4,2,1,5,4,6,6,1,1,1,5,4,1,23,2,9,3,1,B03,7,9,4,19,2,8,,84,84,1,13,4,120.634781,24.236814,2
7974,66000,387130000C,(04)23274275,(04)23288582,2025,03,20,19,25,臺中市,西屯區,0,0,0,7,,,40,,,,,,,,,,,,,,17,,,,,C03,,,1,,1,,,50,50,1,12,4,120.651384,24.163592,3
7975,66000,387130000C,(04)23274275,(04)23288582,2025,03,20,19,25,臺中市,西屯區,0,0,0,7,,,30,,,,,,,,,,,,,,12,,,,,B03,,,1,,9,,,59,59,1,12,4,120.621133,24.184409,3
7976,66000,387130000C,(04)23274275,(04)23288582,2025,03,20,19,28,臺中市,后里區,0,0,0,7,1,6,50,5,2,1,5,4,6,6,4,4,5,4,5,1,10,3,10,1,1,C03,7,9,1,10,2,11,,4,4,1,12,4,120.677575,24.313144,3
7977,66000,387130000C,(04)23274275,(04)23288582,2025,03,20,19,32,臺中市,東區,0,0,0,7,,,50,,,,,,,,,,,,,,,,,,,F03,,,7,,9,,,8,8,1,4,4,120.684947,24.13522,3
7978,66000,387130000C,(04)23274275,(04)23288582,2025,03,20,19,33,臺中市,太平區,0,0,0,7,,,40,,,,,,,,,,,,,,13,,,,,B12,,,1,,2,,,49,49,1,6,4,120.73595,24.117206,3
7979,66000,387130000C,(04)23274275,(04)23288582,2025,03,20,19,38,臺中市,豐原區,0,1,0,7,1,6,50,3,1,1,5,4,6,6,3,1,1,4,5,1,17,3,10,5,4,B03,7,6,5,19,2,8,,24,24,1,12,4,120.709439,24.25341,2
7980,66000,387130000C,(04)23274275,(04)23288582,2025,03,20,19,45,臺中市,西區,0,0,0,7,,,50,,,,,,,,,,,,,,,,,,,C03,,,1,,1,,,84,84,1,13,4,120.66125,24.149138,3
7981,66000,387130000C,(04)23274275,(04)23288582,2025,03,20,19,52,臺中市,西屯區,0,3,0,7,1,6,60,13,9,1,5,4,6,6,4,4,5,4,4,2,13,2,3,2,1,C03,7,9,1,10,2,11,,7,7,1,5,4,120.644415,24.184791,2
7982,66000,387130000C,(04)23274275,(04)23288582,2025,03,20,19,53,臺中市,烏日區,0,0,0,7,,,50,,,,,,,,,,,,,,,,,,,F03,,,7,,1,,,48,48,1,6,4,120.643538,24.07772,3
7983,66000,387130000C,(04)23274275,(04)23288582,2025,03,20,19,57,臺中市,烏日區,0,1,0,7,1,6,60,13,8,1,5,4,6,6,4,4,1,4,4,1,17,2,9,1,1,C03,7,12,1,8,2,11,,7,7,1,6,4,120.641199,24.108909,2
7984,66000,387130000C,(04)23274275,(04)23288582,2025,03,20,19,58,臺中市,潭子區,0,0,0,7,,,50,,,,,,,,,,,,,,,,,,,B03,,,1,,2,,,49,49,1,13,4,120.706438,24.20459,3
7985,66000,387130000C,(04)23274275,(04)23288582,2025,03,20,20,1,臺中市,西屯區,0,1,0,7,1,6,50,3,1,1,5,4,6,6,4,4,10,5,5,2,16,3,10,1,1,C03,7,6,1,10,2,14,,48,48,1,13,4,120.593534,24.180452,2
7986,66000,387130000C,(04)23274275,(04)23288582,2025,03,20,20,4,臺中市,太平區,0,2,0,7,1,6,50,4,1,1,5,4,6,6,1,1,10,5,5,2,16,2,8,2,1,C03,7,6,1,10,2,11,,11,11,1,12,4,120.722412,24.157466,2
7987,66000,387130000C,(04)23274275,(04)23288582,2025,03,20,20,5,臺中市,西區,0,0,0,7,,,50,,,,,,,,,,,,,,,,,,,B03,,,1,,1,,,84,84,1,13,4,120.657079,24.134428,3
7988,66000,387130000C,(04)23274275,(04)23288582,2025,03,20,20,8,臺中市,南屯區,0,3,0,7,1,6,50,4,1,1,5,4,6,6,2,1,10,5,5,2,16,2,3,5,4,B03,7,6,1,8,3,8,,11,11,1,6,4,120.637475,24.138079,2
7989,66000,387130000C,(04)23274275,(04)23288582,2025,03,20,20,9,臺中市,梧棲區,0,2,0,7,1,6,70,13,9,1,5,4,6,6,4,4,3,2,3,1,13,2,9,1,1,F03,7,9,7,21,2,12,,59,59,1,12,4,120.537443,24.24928,2
7990,66000,387130000C,(04)23274275,(04)23288582,2025,03,20,20,10,臺中市,南屯區,0,0,0,7,,,50,,,,,,,,,,,,,,,,,,,C03,,,1,,1,,,7,7,1,12,4,120.649927,24.140002,4
7991,66000,387130000C,(04)23274275,(04)23288582,2025,03,20,20,19,臺中市,神岡區,0,0,0,7,,,50,,,,,,,,,,,,,,25,,,,,A11,,,1,,2,,,84,84,1,6,4,120.682816,24.246839,3
7992,66000,387130000C,(04)23274275,(04)23288582,2025,03,20,20,22,臺中市,太平區,0,0,0,7,,,50,,,,,,,,,,,,,,17,,,,,B01,,,1,,9,,,51,51,1,12,4,120.718806,24.133397,3
7993,66000,387130000C,(04)23274275,(04)23288582,2025,03,20,20,26,臺中市,北屯區,0,3,0,6,1,6,50,3,1,1,5,4,6,6,4,4,10,5,5,1,13,2,8,2,1,C03,7,9,1,10,2,11,,7,7,1,6,4,120.692303,24.202489,2
7994,66000,387130000C,(04)23274275,(04)23288582,2025,03,20,20,30,臺中市,北屯區,0,0,0,7,,,50,,,,,,,,,,,,,,14,,,,,B03,,,1,,1,,,49,49,1,6,4,120.717326,24.175588,3
7995,66000,387130000C,(04)23274275,(04)23288582,2025,03,20,20,38,臺中市,南屯區,0,1,0,7,1,6,50,3,1,1,5,4,6,6,4,4,10,5,5,2,17,3,10,3,1,B03,7,5,1,8,2,5,,14,14,1,6,4,120.613725,24.142655,2
7996,66000,387130000C,(04)23274275,(04)23288582,2025,03,20,20,38,臺中市,后里區,0,1,0,7,1,6,50,11,9,1,5,4,6,6,4,4,9,4,5,1,11,3,10,3,1,B02,7,9,1,8,2,7,,41,41,1,6,4,120.722102,24.332955,2
7997,66000,387130000C,(04)23274275,(04)23288582,2025,03,20,20,39,臺中市,北屯區,0,0,0,7,,,50,,,,,,,,,,,,,,,,,,,B03,,,1,,1,,,84,84,1,12,4,120.719444,24.163647,3
7998,66000,387130000C,(04)23274275,(04)23288582,2025,03,20,20,43,臺中市,北區,0,1,0,7,1,6,30,4,1,1,5,4,6,6,4,4,10,5,5,2,17,3,10,3,1,B01,7,9,1,4,2,1,,12,12,1,13,4,120.684417,24.152984,2
7999,66000,387130000C,(04)23274275,(04)23288582,2025,03,20,20,50,臺中市,北屯區,0,0,0,7,,,50,,,,,,,,,,,,,,17,,,,,B12,,,1,,1,,,50,50,1,13,4,120.685167,24.180209,3
8000,66000,387130000C,(04)23274275,(04)23288582,2025,03,20,21,1,臺中市,太平區,0,0,0,7,,,50,,,,,,,,,,,,,,17,,,,,C03,,,1,,1,,,84,84,1,13,4,120.701502,24.147923,3
8001,66000,387130000C,(04)23274275,(04)23288582,2025,03,20,21,9,臺中市,南區,0,3,0,7,1,6,50,13,9,1,5,4,6,6,3,1,5,5,5,2,17,2,9,5,4,C03,7,9,1,10,2,11,,7,7,1,6,4,120.651775,24.114207,2
8002,66000,387130000C,(04)23274275,(04)23288582,2025,03,20,21,11,臺中市,南屯區,0,0,0,7,,,50,,,,,,,,,,,,,,,,,,,C03,,,1,,9,,,50,50,1,13,4,120.612546,24.153038,3
8003,66000,387130000C,(04)23274275,(04)23288582,2025,03,20,21,13,臺中市,東區,0,1,0,7,1,6,50,4,1,1,5,4,6,6,1,1,10,5,5,2,16,3,10,3,1,B03,7,5,1,8,2,2,,11,11,1,12,4,120.700722,24.127289,2
8004,66000,387130000C,(04)23274275,(04)23288582,2025,03,20,21,15,臺中市,西區,0,1,0,7,1,6,50,3,1,1,5,4,6,6,4,4,10,5,5,2,16,3,10,5,1,B03,7,5,1,8,2,2,,47,47,1,6,4,120.663163,24.132676,2
8005,66000,387130000C,(04)23274275,(04)23288582,2025,03,20,21,30,臺中市,霧峰區,0,2,0,7,1,6,50,13,14,1,5,4,6,6,4,4,5,5,5,1,13,2,9,1,1,F03,7,9,7,21,6,11,,53,53,1,12,4,120.665477,24.060105,2
8006,66000,387130000C,(04)23274275,(04)23288582,2025,03,20,21,30,臺中市,沙鹿區,0,1,0,7,1,6,50,13,9,1,5,4,6,6,1,1,10,5,5,2,18,2,9,2,1,C03,7,9,1,10,11,14,,87,87,1,6,4,120.5603,24.2342,2
8007,66000,387130000C,(04)23274275,(04)23288582,2025,03,20,21,33,臺中市,中區,0,2,0,7,1,6,40,13,7,1,5,4,6,6,4,4,5,5,4,2,12,3,10,3,1,B03,7,1,1,8,2,8,,51,51,1,6,4,120.676778,24.145419,2
8008,66000,387130000C,(04)23274275,(04)23288582,2025,03,20,21,36,臺中市,南區,0,3,0,7,1,6,50,4,1,1,5,4,6,6,2,1,1,2,5,2,15,2,8,3,1,B03,7,9,1,8,2,1,,21,21,1,13,4,120.668515,24.129387,2
8009,66000,387130000C,(04)23274275,(04)23288582,2025,03,20,21,37,臺中市,北區,0,0,0,7,,,30,,,,,,,,,,,,,,17,,,,,C03,,,1,,9,,,8,8,1,13,4,120.681464,24.162441,3
8010,66000,387130000C,(04)23274275,(04)23288582,2025,03,20,21,51,臺中市,西屯區,0,1,0,7,1,6,50,3,1,1,5,4,6,6,1,1,10,5,5,2,17,2,9,1,4,C03,7,5,1,10,1,13,,47,47,1,13,4,120.64238,24.169413,2
8011,66000,387130000C,(04)23274275,(04)23288582,2025,03,20,21,57,臺中市,北區,0,0,0,7,,,50,,,,,,,,,,,,,,17,,,,,B03,,,1,,2,,,84,84,1,12,4,120.691038,24.159189,3
8012,66000,387130000C,(04)23274275,(04)23288582,2025,03,20,22,3,臺中市,北屯區,0,3,0,6,1,6,50,3,2,1,5,4,6,6,4,4,5,4,5,2,12,2,9,2,1,C03,7,9,1,10,2,11,,84,84,1,6,4,120.747409,24.193629,2
8013,66000,387130000C,(04)23274275,(04)23288582,2025,03,20,22,15,臺中市,西屯區,0,1,0,7,1,6,50,3,1,1,5,4,6,6,1,1,10,5,5,2,16,3,10,5,1,B03,7,5,1,8,2,2,,11,11,1,12,4,120.637193,24.162098,2
8014,66000,387130000C,(04)23274275,(04)23288582,2025,03,20,22,48,臺中市,西區,0,1,0,7,1,6,40,4,1,1,5,4,6,6,2,1,10,5,5,2,17,3,10,1,1,C03,7,5,1,10,2,12,,84,84,1,13,4,120.662609,24.155678,2
8015,66000,387130000C,(04)23274275,(04)23288582,2025,03,20,22,48,臺中市,東區,0,0,0,7,,,50,,,,,,,,,,,,,,12,,,,,C03,,,1,,2,,,42,42,1,6,4,120.701456,24.138879,3
8016,66000,387130000C,(04)23274275,(04)23288582,2025,03,20,23,1,臺中市,東區,0,0,0,7,,,50,,,,,,,,,,,,,,13,,,,,B03,,,1,,2,,,59,59,1,13,4,120.706843,24.148843,3
8017,66000,387130000C,(04)23274275,(04)23288582,2025,03,20,23,30,臺中市,東區,0,1,0,7,1,6,50,4,1,1,5,4,6,6,3,1,10,5,5,2,15,3,10,3,1,B01,7,9,1,2,2,8,,24,24,1,12,4,120.697186,24.135159,2
8018,66000,387130000C,(04)23274275,(04)23288582,2025,03,21,0,17,臺中市,西屯區,0,1,0,7,1,6,50,4,1,1,5,4,6,6,2,1,10,5,5,2,16,3,10,3,1,B03,7,6,1,8,2,1,,11,11,1,12,4,120.645096,24.178816,2
8019,66000,387130000C,(04)23274275,(04)23288582,2025,03,21,0,36,臺中市,豐原區,0,1,0,7,1,6,50,3,1,1,5,4,6,6,3,1,5,5,4,2,17,3,10,5,4,B12,7,6,1,6,2,4,,84,84,1,12,4,120.717031,24.249404,2
8020,66000,387130000C,(04)23274275,(04)23288582,2025,03,21,0,43,臺中市,北區,0,1,0,7,1,6,50,5,9,1,5,4,6,6,1,1,1,2,5,2,18,2,9,5,4,C03,7,9,1,10,2,12,,84,84,1,13,4,120.676438,24.158044,2
8021,66000,387130000C,(04)23274275,(04)23288582,2025,03,21,0,46,臺中市,東區,0,1,0,7,1,6,50,13,7,1,5,4,6,6,4,4,5,5,4,2,18,2,9,2,1,C03,7,9,1,10,2,14,,82,82,1,13,4,120.705814,24.132773,2
8022,66000,387130000C,(04)23274275,(04)23288582,2025,03,21,0,50,臺中市,北屯區,0,2,0,7,1,6,50,13,9,1,5,4,6,6,4,4,1,4,5,2,13,2,9,1,1,C03,7,9,1,10,2,11,,84,84,1,12,4,120.70081,24.179519,2
8023,66000,387130000C,(04)23274275,(04)23288582,2025,03,21,0,58,臺中市,東區,0,1,0,7,1,6,50,13,9,1,5,4,6,6,4,4,9,5,5,2,17,3,10,3,1,B03,7,11,1,10,2,4,,45,45,1,12,4,120.700416,24.133615,2
8024,66000,387130000C,(04)23274275,(04)23288582,2025,03,21,1,11,臺中市,北屯區,0,0,0,7,,,30,,,,,,,,,,,,,,12,,,,,B03,,,1,,2,,,8,8,1,6,4,120.661596,24.194623,3
8025,66000,387130000C,(04)23274275,(04)23288582,2025,03,21,2,22,臺中市,大甲區,0,0,0,7,,,40,,,,,,,,,,,,,,,,,,,B03,,,1,,2,,,8,8,1,12,4,120.621233,24.343409,3
8026,66000,387130000C,(04)23274275,(04)23288582,2025,03,21,3,16,臺中市,南屯區,0,0,0,7,,,50,,,,,,,,,,,,,,30,,,,,B03,,,1,,9,,,84,84,1,13,4,120.636087,24.140855,4
8027,66000,387130000C,(04)23274275,(04)23288582,2025,03,21,4,0,臺中市,西屯區,0,0,0,7,,,30,,,,,,,,,,,,,,15,,,,,C03,,,1,,1,,,15,15,1,12,4,120.646325,24.181925,3
8028,66000,387130000C,(04)23274275,(04)23288582,2025,03,21,5,0,臺中市,北區,0,2,0,7,1,6,50,4,1,1,5,4,6,6,1,1,5,5,5,2,17,2,9,5,1,C03,7,9,1,10,2,11,,59,59,1,13,4,120.669248,24.158926,2
8029,66000,387130000C,(04)23274275,(04)23288582,2025,03,21,5,28,臺中市,大里區,0,0,0,7,,,60,,,,,,,,,,,,,,12,,,,,B03,,,1,,2,,,56,56,1,13,4,120.668019,24.10488,3
8030,66000,387130000C,(04)23274275,(04)23288582,2025,03,21,6,26,臺中市,大雅區,0,2,0,7,1,6,50,3,1,1,5,4,6,6,3,1,5,5,5,1,17,2,9,1,1,C03,7,6,1,10,2,11,,11,11,1,13,4,120.650324,24.229277,2
8031,66000,387130000C,(04)23274275,(04)23288582,2025,03,21,6,32,臺中市,烏日區,0,1,0,7,2,6,30,11,9,1,5,4,6,6,4,4,10,5,5,1,11,3,10,5,4,A11,7,9,1,3,2,8,,59,59,1,13,4,120.646374,24.070615,2
8032,66000,387130000C,(04)23274275,(04)23288582,2025,03,21,6,38,臺中市,大雅區,0,1,0,7,1,6,50,13,9,1,5,4,6,6,4,4,5,5,5,1,17,3,10,1,1,C03,7,9,3,19,9,12,,8,8,2,13,4,120.669569,24.214149,2
8033,66000,387130000C,(04)23274275,(04)23288582,2025,03,21,6,40,臺中市,南屯區,0,2,0,7,1,6,50,4,1,1,5,4,6,6,2,1,10,5,5,2,13,2,8,1,1,C03,7,9,2,19,2,11,,58,58,1,6,4,120.625818,24.140633,2
8034,66000,387130000C,(04)23274275,(04)23288582,2025,03,21,6,44,臺中市,豐原區,0,0,0,7,2,6,50,13,9,1,5,4,6,6,4,4,5,5,5,2,14,3,10,3,1,B03,7,2,1,8,2,3,,49,49,1,12,4,120.732906,24.241673,3
8035,66000,387130000C,(04)23274275,(04)23288582,2025,03,21,6,52,臺中市,大里區,0,1,0,7,3,6,40,4,2,1,5,4,6,6,2,1,5,4,4,1,3,3,10,5,4,B03,7,5,1,8,2,1,,10,10,2,13,4,120.689973,24.110031,2
8036,66000,387130000C,(04)23274275,(04)23288582,2025,03,21,6,54,臺中市,太平區,0,1,0,7,3,6,50,4,1,1,5,4,6,6,1,1,10,5,5,2,16,2,8,1,1,C03,7,5,1,10,2,11,,11,11,1,6,4,120.713224,24.12448,2
8037,66000,387130000C,(04)23274275,(04)23288582,2025,03,21,6,55,臺中市,西屯區,0,1,0,7,2,6,50,3,1,1,5,4,6,6,3,1,3,2,4,2,16,3,10,3,1,B03,7,9,1,8,2,5,,58,58,1,12,4,120.652953,24.204213,2
8038,66000,387130000C,(04)23274275,(04)23288582,2025,03,21,6,56,臺中市,東區,0,2,0,7,1,6,50,4,1,1,5,4,6,6,4,4,10,5,5,2,15,2,9,2,1,C03,7,9,1,10,4,12,,12,12,1,13,4,120.697179,24.140936,2
8039,66000,387130000C,(04)23274275,(04)23288582,2025,03,21,6,56,臺中市,北屯區,0,2,0,7,2,6,50,3,1,1,5,4,6,6,4,4,10,5,5,2,16,2,9,4,1,F01,7,11,7,21,2,14,,46,46,1,12,1,120.700117,24.182978,2
8040,66000,387130000C,(04)23274275,(04)23288582,2025,03,21,7,3,臺中市,北屯區,0,1,0,7,1,6,50,3,1,1,5,4,6,6,4,4,10,5,5,2,17,3,10,5,4,B03,7,5,1,7,2,6,,14,14,1,13,4,120.718218,24.18924,2
8041,66000,387130000C,(04)23274275,(04)23288582,2025,03,21,7,13,臺中市,新社區,0,1,0,7,2,6,50,4,2,1,5,4,6,6,4,4,5,5,5,1,28,2,9,1,1,C03,7,9,1,10,2,11,,84,84,1,12,4,120.794979,24.213267,2
8042,66000,387130000C,(04)23274275,(04)23288582,2025,03,21,7,13,臺中市,豐原區,0,1,0,7,2,6,30,11,9,1,5,4,6,6,4,4,10,5,5,2,11,3,10,5,4,B12,7,9,1,7,2,8,,41,41,1,13,4,120.764838,24.218722,2
8043,66000,387130000C,(04)23274275,(04)23288582,2025,03,21,7,14,臺中市,大雅區,0,0,0,7,,,30,,,,,,,,,,,,,,,,,,,B12,,,1,,2,,,49,49,1,12,4,120.658571,24.217506,3
8044,66000,387130000C,(04)23274275,(04)23288582,2025,03,21,7,14,臺中市,南屯區,0,1,0,7,2,6,50,13,9,1,5,4,6,6,4,4,5,5,5,2,17,3,10,1,1,C03,7,11,1,10,2,12,,39,39,1,6,4,120.6441,24.136363,2