﻿序號,縣市別代碼,機關代碼,市話,傳真,年,月,日,時,分,縣市,區,死亡數量,受傷數量,2-30,天候,道路照明設備,道路類別,道路速限,道路型態,事故位置,路面鋪裝,路面狀態,路面缺陷,障礙物,視距,號誌種類,號誌動作,分向設施,快車道或一般車道間,快慢車道間,路面邊線,事故類型及型態,受傷程度,主要傷處,保護裝備,行動電話或功能裝置,當事者區分_類別,車輛用途,當事者行動狀態,駕照狀態,駕照種類,飲酒情形,車輛撞擊部位最初,車輛撞擊部位其他,肇事因素個別,肇事因素主要,肇事逃逸,職業,共享經濟或外送平台,GPS座標X,GPS座標Y,事故類別
8045,66000,387130000C,(04)23274275,(04)23288582,2025,03,21,7,14,臺中市,西屯區,0,0,0,7,,,50,,,,,,,,,,,,,,12,,,,,A02,,,1,,2,,,8,8,1,13,4,120.609633,24.155263,3
8046,66000,387130000C,(04)23274275,(04)23288582,2025,03,21,7,15,臺中市,北區,0,2,0,7,2,6,50,4,2,1,5,4,6,6,1,1,5,5,4,2,13,2,9,1,1,C03,7,9,1,10,2,11,,7,7,1,12,4,120.666397,24.15923,2
8047,66000,387130000C,(04)23274275,(04)23288582,2025,03,21,7,19,臺中市,西區,0,0,0,7,,,50,,,,,,,,,,,,,,,,,,,B03,,,1,,2,,,84,84,1,12,4,120.678856,24.135977,3
8048,66000,387130000C,(04)23274275,(04)23288582,2025,03,21,7,19,臺中市,西屯區,0,0,0,7,,,50,,,,,,,,,,,,,,13,,,,,B03,,,1,,2,,,59,59,1,13,4,120.622214,24.178963,3
8049,66000,387130000C,(04)23274275,(04)23288582,2025,03,21,7,20,臺中市,豐原區,0,1,0,7,2,6,50,5,1,1,5,4,6,6,1,1,10,5,5,2,17,2,9,1,1,C03,7,9,1,10,2,11,,4,4,1,6,4,120.725677,24.252728,2
8050,66000,387130000C,(04)23274275,(04)23288582,2025,03,21,7,21,臺中市,西屯區,0,0,0,7,2,3,80,13,9,1,5,4,6,6,4,4,1,4,5,2,13,,,,,B03,,,1,,1,,,7,7,1,13,4,120.629625,24.164124,3
8051,66000,387130000C,(04)23274275,(04)23288582,2025,03,21,7,21,臺中市,豐原區,0,1,0,7,2,6,50,13,8,1,5,4,6,6,4,4,1,4,4,1,13,2,9,1,1,F01,7,9,7,21,2,11,,84,84,1,4,4,120.703342,24.253001,2
8052,66000,387130000C,(04)23274275,(04)23288582,2025,03,21,7,24,臺中市,豐原區,0,1,0,7,2,6,50,4,2,1,5,4,6,6,1,1,1,2,5,1,17,2,9,5,4,C03,7,14,1,10,2,14,,77,77,1,13,4,120.720227,24.236722,2
8053,66000,387130000C,(04)23274275,(04)23288582,2025,03,21,7,25,臺中市,外埔區,0,0,0,7,,,30,,,,,,,,,,,,,,,,,,,F02,,,1,,2,,,14,14,1,12,4,120.654448,24.327282,3
8054,66000,387130000C,(04)23274275,(04)23288582,2025,03,21,7,27,臺中市,南屯區,0,2,0,7,2,6,40,13,8,1,5,4,6,6,4,4,9,4,4,2,13,2,9,1,1,C03,7,9,1,10,2,11,,59,59,1,12,4,120.621234,24.140269,2
8055,66000,387130000C,(04)23274275,(04)23288582,2025,03,21,7,27,臺中市,大里區,0,2,0,7,2,6,50,4,1,1,5,4,6,6,1,1,10,5,5,2,15,2,9,1,1,C03,7,9,1,10,2,11,,21,21,1,12,4,120.679339,24.115,2
8056,66000,387130000C,(04)23274275,(04)23288582,2025,03,21,7,28,臺中市,西區,0,0,0,7,,,50,,,,,,,,,,,,,,13,,,,,B03,,,1,,2,,,59,59,1,13,4,120.657353,24.139723,3
8057,66000,387130000C,(04)23274275,(04)23288582,2025,03,21,7,28,臺中市,南屯區,0,0,0,7,,,50,,,,,,,,,,,,,,13,,,,,C03,,,1,,1,,,84,84,1,12,4,120.646888,24.150724,3
8058,66000,387130000C,(04)23274275,(04)23288582,2025,03,21,7,28,臺中市,北屯區,0,1,0,7,2,8,80,13,7,1,5,4,6,6,4,4,8,3,5,2,13,3,10,3,1,B03,7,9,5,19,1,1,,7,7,1,13,4,120.721682,24.1819,2
8059,66000,387130000C,(04)23274275,(04)23288582,2025,03,21,7,28,臺中市,西屯區,0,0,0,7,,,40,,,,,,,,,,,,,,11,,,,,A12,,,1,,1,,,8,8,1,12,4,120.615018,24.192753,3
8060,66000,387130000C,(04)23274275,(04)23288582,2025,03,21,7,29,臺中市,北屯區,0,0,0,7,,,30,,,,,,,,,,,,,,11,,,,,B03,,,1,8,2,,,41,41,1,12,4,120.661836,24.191638,3
8061,66000,387130000C,(04)23274275,(04)23288582,2025,03,21,7,29,臺中市,西屯區,0,0,0,7,,,50,,,,,,,,,,,,,,13,,,,,B03,,,1,,1,,,59,59,1,12,4,120.646852,24.19639,3
8062,66000,387130000C,(04)23274275,(04)23288582,2025,03,21,7,30,臺中市,西屯區,0,0,0,7,,,80,,,,,,,,,,,,,,13,,,,,B03,,,1,,2,,,7,7,1,12,4,120.625762,24.157095,3
8063,66000,387130000C,(04)23274275,(04)23288582,2025,03,21,7,30,臺中市,大里區,0,1,0,7,3,6,40,13,9,1,5,4,6,6,4,4,1,4,5,1,13,2,9,1,1,C03,7,9,1,10,2,12,,7,7,1,13,4,120.697078,24.111902,2
8064,66000,387130000C,(04)23274275,(04)23288582,2025,03,21,7,32,臺中市,大雅區,0,0,0,7,,,50,,,,,,,,,,,,,,,,,,,B03,,,1,,1,,,42,42,1,12,4,120.653231,24.217595,3
8065,66000,387130000C,(04)23274275,(04)23288582,2025,03,21,7,34,臺中市,潭子區,0,0,0,7,,,60,,,,,,,,,,,,,,12,,,,,C03,,,1,,2,,,7,7,1,13,4,120.705421,24.211334,3
8066,66000,387130000C,(04)23274275,(04)23288582,2025,03,21,7,35,臺中市,大里區,0,2,0,7,2,6,50,13,9,1,5,4,6,6,4,4,3,4,5,2,13,2,8,2,1,C03,7,9,1,10,2,11,,84,84,1,6,4,120.698098,24.080283,2
8067,66000,387130000C,(04)23274275,(04)23288582,2025,03,21,7,35,臺中市,烏日區,0,1,0,7,2,6,30,13,14,4,5,4,6,6,4,4,10,5,5,2,17,2,8,1,1,C03,7,9,1,10,2,14,,84,84,1,6,4,120.640656,24.098698,2
8068,66000,387130000C,(04)23274275,(04)23288582,2025,03,21,7,35,臺中市,大甲區,0,1,0,7,3,6,50,4,1,1,5,4,6,6,3,3,10,5,5,2,13,2,9,1,1,C03,7,9,1,10,2,11,,7,7,1,6,4,120.659026,24.405398,2
8069,66000,387130000C,(04)23274275,(04)23288582,2025,03,21,7,36,臺中市,神岡區,0,0,0,7,,,30,,,,,,,,,,,,,,16,,,,,B03,,,1,,1,,,12,12,1,12,4,120.659582,24.259457,3
8070,66000,387130000C,(04)23274275,(04)23288582,2025,03,21,7,39,臺中市,西屯區,0,1,0,7,2,6,50,3,1,1,5,4,6,6,4,4,10,5,5,2,17,3,10,5,4,C03,7,9,1,10,2,15,,85,85,1,13,4,120.644503,24.174027,2
8071,66000,387130000C,(04)23274275,(04)23288582,2025,03,21,7,40,臺中市,西屯區,0,0,0,7,,,50,,,,,,,,,,,,,,,,,,,C03,,,1,,1,,,7,7,1,12,4,120.658794,24.1761,4
8072,66000,387130000C,(04)23274275,(04)23288582,2025,03,21,7,40,臺中市,烏日區,0,0,0,7,,,30,,,,,,,,,,,,,,1,,,,,B03,,,1,,2,,,8,8,1,6,4,120.64254,24.11156,3
8073,66000,387130000C,(04)23274275,(04)23288582,2025,03,21,7,40,臺中市,新社區,0,0,0,7,,,30,,,,,,,,,,,,,,17,,,,,B12,,,1,,2,,,18,18,1,12,4,120.794363,24.205689,3
8074,66000,387130000C,(04)23274275,(04)23288582,2025,03,21,7,41,臺中市,大雅區,0,1,0,7,3,6,30,13,9,1,5,4,6,6,4,4,10,5,5,2,17,2,8,1,1,C03,7,1,3,19,2,14,,51,51,1,12,4,120.667329,24.238559,2
8075,66000,387130000C,(04)23274275,(04)23288582,2025,03,21,7,41,臺中市,西屯區,0,2,0,7,2,6,30,4,1,1,5,4,6,6,4,4,10,5,5,2,15,2,9,5,4,C03,7,9,1,10,1,11,,6,6,1,13,4,120.638234,24.18181,2
8076,66000,387130000C,(04)23274275,(04)23288582,2025,03,21,7,42,臺中市,南區,0,0,0,7,,,50,,,,,,,,,,,,,,13,,,,,C03,,,1,,2,,,7,7,1,12,4,120.662485,24.120866,3
8077,66000,387130000C,(04)23274275,(04)23288582,2025,03,21,7,44,臺中市,大里區,0,0,0,7,,,30,,,,,,,,,,,,,,17,,,,,B03,,,1,,2,,,84,84,1,6,4,120.697088,24.085583,3
8078,66000,387130000C,(04)23274275,(04)23288582,2025,03,21,7,45,臺中市,大雅區,0,0,0,7,,,30,,,,,,,,,,,,,,,,,,,C03,,,1,,1,,,7,7,1,12,4,120.620006,24.223285,3
8079,66000,387130000C,(04)23274275,(04)23288582,2025,03,21,7,45,臺中市,霧峰區,0,0,0,7,,,50,,,,,,,,,,,,,,,,,,,C03,,,1,,2,,,84,84,1,13,4,120.679959,24.070936,3
8080,66000,387130000C,(04)23274275,(04)23288582,2025,03,21,7,47,臺中市,北屯區,0,1,0,7,2,6,50,13,9,1,5,4,6,6,4,4,1,4,5,2,13,2,9,1,1,C03,7,9,1,10,2,11,,7,7,1,12,4,120.707892,24.185169,2
8081,66000,387130000C,(04)23274275,(04)23288582,2025,03,21,7,48,臺中市,潭子區,0,1,0,7,2,6,30,3,1,1,5,4,6,6,4,4,10,5,5,2,2,3,10,3,1,B03,7,6,1,8,2,8,,84,84,1,13,4,120.703152,24.206597,2
8082,66000,387130000C,(04)23274275,(04)23288582,2025,03,21,7,48,臺中市,大里區,0,0,0,7,,,50,,,,,,,,,,,,,,,,,,,B03,,,1,,2,,,35,35,1,13,4,120.688372,24.080891,3
8083,66000,387130000C,(04)23274275,(04)23288582,2025,03,21,7,49,臺中市,沙鹿區,0,1,0,7,2,6,50,3,2,1,5,4,6,6,4,4,1,4,4,2,17,2,9,2,1,C03,7,9,1,10,2,14,,43,43,1,6,4,120.56228,24.245481,2
8084,66000,387130000C,(04)23274275,(04)23288582,2025,03,21,7,49,臺中市,東勢區,0,2,0,7,3,6,50,5,1,1,5,4,5,5,1,1,10,5,5,2,3,2,8,5,4,C04,7,9,1,10,2,11,,10,10,1,12,4,120.832246,24.246238,2
8085,66000,387130000C,(04)23274275,(04)23288582,2025,03,21,7,50,臺中市,大里區,0,0,0,7,,,50,,,,,,,,,,,,,,14,,,,,B03,,,1,,2,,,49,49,1,12,4,120.69794,24.106756,3
8086,66000,387130000C,(04)23274275,(04)23288582,2025,03,21,7,50,臺中市,大里區,0,2,0,7,2,6,50,3,2,1,5,4,6,6,1,1,5,5,5,1,16,2,9,1,1,C03,7,6,1,10,2,12,,39,39,1,12,4,120.679022,24.100997,2
8087,66000,387130000C,(04)23274275,(04)23288582,2025,03,21,7,50,臺中市,梧棲區,0,0,0,7,,,70,,,,,,,,,,,,,,16,,,,,B03,,,1,,2,,,48,48,1,6,4,120.514283,24.229814,3
8088,66000,387130000C,(04)23274275,(04)23288582,2025,03,21,7,53,臺中市,清水區,0,2,0,7,3,6,50,4,1,1,5,4,6,6,4,4,5,5,5,1,15,2,9,2,1,C03,7,9,1,10,2,12,,12,12,1,12,4,120.589453,24.29709,2
8089,66000,387130000C,(04)23274275,(04)23288582,2025,03,21,7,54,臺中市,后里區,0,1,0,7,2,6,40,3,2,1,5,4,6,6,4,4,9,5,5,1,13,2,9,1,1,C03,7,9,1,10,2,11,,7,7,1,12,4,120.726919,24.30929,2
8090,66000,387130000C,(04)23274275,(04)23288582,2025,03,21,7,56,臺中市,北區,0,3,0,7,2,6,50,3,2,1,5,4,6,6,4,4,10,5,5,2,13,2,9,2,1,C03,7,9,1,10,2,11,,7,7,1,13,4,120.665453,24.159301,2
8091,66000,387130000C,(04)23274275,(04)23288582,2025,03,21,7,56,臺中市,西屯區,0,1,0,7,2,6,50,13,9,1,5,4,6,6,4,4,9,5,5,2,13,2,9,5,4,C03,7,9,1,10,2,11,,85,85,1,12,4,120.633193,24.198139,2
8092,66000,387130000C,(04)23274275,(04)23288582,2025,03,21,7,56,臺中市,西屯區,0,0,0,7,2,6,50,4,1,1,5,4,6,6,2,1,9,4,4,2,13,,,,,C03,,,1,,1,,,7,7,1,13,4,120.645545,24.172416,3
8093,66000,387130000C,(04)23274275,(04)23288582,2025,03,21,7,57,臺中市,大里區,0,2,0,7,2,6,50,13,9,1,5,4,6,6,4,4,9,5,5,1,13,2,9,2,1,F01,7,9,7,21,2,11,,7,7,1,4,4,120.694438,24.091184,2
8094,66000,387130000C,(04)23274275,(04)23288582,2025,03,21,7,58,臺中市,西屯區,0,2,0,7,2,6,50,4,9,1,5,4,6,6,1,1,1,5,5,2,13,2,9,2,1,C03,7,9,1,10,2,11,,7,7,1,12,4,120.647384,24.159428,2
8095,66000,387130000C,(04)23274275,(04)23288582,2025,03,21,7,59,臺中市,西屯區,0,0,0,7,,,50,,,,,,,,,,,,,,13,,,,,B03,,,1,,1,,,7,7,1,12,4,120.628592,24.180882,3
8096,66000,387130000C,(04)23274275,(04)23288582,2025,03,21,8,1,臺中市,東區,0,4,0,7,2,6,50,13,7,1,5,4,6,6,4,4,5,5,4,2,17,2,7,1,1,C03,7,11,3,19,1,12,,39,39,1,12,4,120.685881,24.126192,2
8097,66000,387130000C,(04)23274275,(04)23288582,2025,03,21,8,4,臺中市,北區,0,0,0,7,,,50,,,,,,,,,,,,,,13,,,,,C03,,,1,,1,,,7,7,1,13,4,120.685725,24.155948,3
8098,66000,387130000C,(04)23274275,(04)23288582,2025,03,21,8,4,臺中市,西屯區,0,0,0,7,,,50,,,,,,,,,,,,,,,,,,,B03,,,1,,1,,,50,50,1,12,4,120.654262,24.19704,3
8099,66000,387130000C,(04)23274275,(04)23288582,2025,03,21,8,4,臺中市,豐原區,0,1,0,7,2,6,50,3,1,1,5,4,6,6,4,4,10,5,5,2,16,2,9,1,1,C03,7,14,1,10,2,13,,77,77,1,6,4,120.725699,24.242976,2
8100,66000,387130000C,(04)23274275,(04)23288582,2025,03,21,8,5,臺中市,北屯區,0,0,0,7,,,50,,,,,,,,,,,,,,13,,,,,B03,,,1,,1,,,7,7,1,6,4,120.697914,24.170396,3
8101,66000,387130000C,(04)23274275,(04)23288582,2025,03,21,8,7,臺中市,大雅區,0,0,0,7,,,50,,,,,,,,,,,,,,,,,,,C03,,,1,,2,,,7,7,1,12,4,120.64374,24.220272,3
8102,66000,387130000C,(04)23274275,(04)23288582,2025,03,21,8,7,臺中市,南屯區,0,0,0,7,3,6,50,13,9,1,5,4,6,6,1,1,5,4,5,2,12,,,,,B01,,,1,,2,,,20,20,1,12,4,120.61524,24.147704,3
8103,66000,387130000C,(04)23274275,(04)23288582,2025,03,21,8,8,臺中市,大里區,0,1,0,7,3,6,40,3,1,1,5,4,6,6,1,1,1,4,4,2,17,3,10,1,1,C03,7,9,5,19,2,12,,21,21,1,13,4,120.664187,24.107617,2
8104,66000,387130000C,(04)23274275,(04)23288582,2025,03,21,8,10,臺中市,太平區,0,0,0,7,,,50,,,,,,,,,,,,,,,,,,,B12,,,1,,1,,,8,8,1,12,4,120.712648,24.145287,3
8105,66000,387130000C,(04)23274275,(04)23288582,2025,03,21,8,11,臺中市,西屯區,0,0,0,7,,,50,,,,,,,,,,,,,,16,,,,,B03,,,1,,1,,,4,4,1,13,4,120.661704,24.166124,3
8106,66000,387130000C,(04)23274275,(04)23288582,2025,03,21,8,12,臺中市,南屯區,0,1,0,7,2,6,50,13,9,1,5,4,6,6,4,4,9,5,5,2,18,2,9,1,1,C03,7,9,1,10,1,16,,59,59,1,6,4,120.636792,24.132966,2
8107,66000,387130000C,(04)23274275,(04)23288582,2025,03,21,8,13,臺中市,北區,0,0,0,7,,,50,,,,,,,,,,,,,,13,,,,,C03,,,1,,1,,,58,58,1,13,4,120.688287,24.158426,3
8108,66000,387130000C,(04)23274275,(04)23288582,2025,03,21,8,14,臺中市,霧峰區,0,1,0,7,2,6,50,3,1,1,5,4,6,6,1,1,5,5,5,1,16,3,10,3,1,B03,7,6,1,8,2,6,,11,11,1,13,4,120.700591,24.075587,2
8109,66000,387130000C,(04)23274275,(04)23288582,2025,03,21,8,14,臺中市,大肚區,0,1,0,7,2,6,30,13,9,1,5,4,6,6,4,4,10,5,5,2,12,3,10,2,1,C03,7,9,1,10,2,13,,8,8,1,6,4,120.574238,24.166984,2
8110,66000,387130000C,(04)23274275,(04)23288582,2025,03,21,8,16,臺中市,南屯區,0,1,0,7,2,6,50,4,1,1,5,4,6,6,2,1,5,5,5,2,13,2,9,1,1,C03,7,9,1,10,2,11,,59,59,1,6,4,120.636216,24.134389,2
8111,66000,387130000C,(04)23274275,(04)23288582,2025,03,21,8,18,臺中市,北屯區,0,0,0,7,,,30,,,,,,,,,,,,,,,,,,,B03,,,1,,9,,,84,84,2,13,4,120.698869,24.172786,3
8112,66000,387130000C,(04)23274275,(04)23288582,2025,03,21,8,20,臺中市,霧峰區,0,0,0,7,,,50,,,,,,,,,,,,,,,,,,,C03,,,1,,2,,,20,20,1,5,4,120.707635,24.076537,3
8113,66000,387130000C,(04)23274275,(04)23288582,2025,03,21,8,20,臺中市,烏日區,0,2,0,7,2,6,30,3,1,1,5,4,6,6,4,4,10,5,5,2,17,2,8,5,4,C03,7,6,1,10,2,13,,14,14,1,12,4,120.657153,24.045158,2
8114,66000,387130000C,(04)23274275,(04)23288582,2025,03,21,8,21,臺中市,西屯區,0,0,0,7,,,40,,,,,,,,,,,,,,17,,,,,B12,,,1,,2,,,59,59,1,12,4,120.665479,24.169204,3
8115,66000,387130000C,(04)23274275,(04)23288582,2025,03,21,8,21,臺中市,清水區,0,0,0,7,,,50,,,,,,,,,,,,,,,,,,,C03,,,1,,2,,,7,7,1,12,4,120.577765,24.299873,4
8116,66000,387130000C,(04)23274275,(04)23288582,2025,03,21,8,23,臺中市,豐原區,0,0,0,7,,,50,,,,,,,,,,,,,,17,,,,,B03,,,1,,9,,,59,59,2,12,4,120.724804,24.232942,3
8117,66000,387130000C,(04)23274275,(04)23288582,2025,03,21,8,25,臺中市,西區,0,0,0,7,,,50,,,,,,,,,,,,,,,,,,,C03,,,1,,1,,,7,7,1,12,4,120.672721,24.1359,3
8118,66000,387130000C,(04)23274275,(04)23288582,2025,03,21,8,25,臺中市,沙鹿區,0,1,0,7,2,6,50,4,1,1,5,4,6,6,1,1,10,5,5,2,16,3,10,3,1,B03,7,6,1,8,2,5,,11,11,1,12,4,120.57311,24.222241,2
8119,66000,387130000C,(04)23274275,(04)23288582,2025,03,21,8,27,臺中市,北屯區,0,1,0,7,2,6,50,4,2,1,5,4,6,6,2,1,4,3,5,2,16,3,10,3,1,B02,7,5,1,2,2,2,,84,84,1,13,4,120.728364,24.166684,2
8120,66000,387130000C,(04)23274275,(04)23288582,2025,03,21,8,28,臺中市,南區,0,1,0,7,3,6,40,13,8,1,5,4,6,6,4,4,1,4,4,2,17,2,9,5,4,C03,7,5,1,10,1,11,,84,84,1,12,4,120.664325,24.125691,2
8121,66000,387130000C,(04)23274275,(04)23288582,2025,03,21,8,28,臺中市,西屯區,0,2,0,7,2,6,50,3,1,1,5,4,6,6,4,4,9,3,4,2,15,2,9,1,1,C03,7,9,1,10,2,11,,84,84,1,13,4,120.652593,24.176147,2
8122,66000,387130000C,(04)23274275,(04)23288582,2025,03,21,8,28,臺中市,沙鹿區,0,0,0,7,,,30,,,,,,,,,,,,,,13,,,,,B03,,,1,,2,,,59,59,1,6,4,120.562437,24.255758,3
8123,66000,387130000C,(04)23274275,(04)23288582,2025,03,21,8,30,臺中市,烏日區,0,1,0,7,2,6,50,4,1,1,5,4,6,6,4,4,5,5,5,2,13,3,10,3,1,B03,7,5,1,8,2,5,,7,7,1,6,4,120.624485,24.103682,2
8124,66000,387130000C,(04)23274275,(04)23288582,2025,03,21,8,34,臺中市,太平區,0,2,0,7,3,6,50,4,1,1,5,4,6,6,1,1,10,5,5,2,16,2,9,1,1,C03,7,6,1,10,2,11,,11,11,1,6,4,120.717437,24.123449,2
8125,66000,387130000C,(04)23274275,(04)23288582,2025,03,21,8,36,臺中市,西區,0,0,0,7,,,50,,,,,,,,,,,,,,,,,,,C03,,,1,,1,,,7,7,1,12,4,120.672721,24.1359,3
8126,66000,387130000C,(04)23274275,(04)23288582,2025,03,21,8,36,臺中市,北區,0,0,0,7,,,30,,,,,,,,,,,,,,,,,,,B03,,,1,,1,,,7,7,1,12,4,120.674199,24.163018,3
8127,66000,387130000C,(04)23274275,(04)23288582,2025,03,21,8,39,臺中市,北屯區,0,0,0,7,,,50,,,,,,,,,,,,,,9,,,,,B03,,,1,8,2,,,39,39,1,12,4,120.680518,24.18107,3
8128,66000,387130000C,(04)23274275,(04)23288582,2025,03,21,8,42,臺中市,南區,0,0,0,7,,,30,,,,,,,,,,,,,,12,,,,,A31,,,1,,9,,,49,49,2,12,4,120.658662,24.123265,3
8129,66000,387130000C,(04)23274275,(04)23288582,2025,03,21,8,45,臺中市,南屯區,0,0,0,7,,,50,,,,,,,,,,,,,,12,,,,,B03,,,1,,1,,,40,40,1,12,4,120.623241,24.137107,3
8130,66000,387130000C,(04)23274275,(04)23288582,2025,03,21,8,45,臺中市,西屯區,0,0,0,7,,,50,,,,,,,,,,,,,,11,,,,,C03,,,1,,9,,,39,39,1,12,4,120.657389,24.157743,3
8131,66000,387130000C,(04)23274275,(04)23288582,2025,03,21,8,45,臺中市,豐原區,0,1,1,7,2,6,40,13,9,1,5,4,6,6,4,4,5,5,5,1,9,5,9,6,5,H01,8,16,7,21,10,17,,97,97,1,13,5,120.722944,24.240275,2
8132,66000,387130000C,(04)23274275,(04)23288582,2025,03,21,8,47,臺中市,潭子區,0,1,0,7,2,6,40,11,9,1,5,4,6,6,4,4,10,5,5,2,18,2,9,1,1,C03,7,5,1,10,2,12,,43,43,1,13,4,120.704919,24.190784,2
8133,66000,387130000C,(04)23274275,(04)23288582,2025,03,21,8,47,臺中市,北屯區,0,1,0,7,2,6,50,13,9,1,5,4,6,6,4,4,5,4,5,2,12,2,9,1,1,C03,7,9,1,10,2,14,,84,84,1,12,4,120.704942,24.16897,2
8134,66000,387130000C,(04)23274275,(04)23288582,2025,03,21,8,49,臺中市,大雅區,0,0,0,7,,,50,,,,,,,,,,,,,,,,,,,B12,,,1,,2,,,7,7,1,12,4,120.667996,24.216033,3
8135,66000,387130000C,(04)23274275,(04)23288582,2025,03,21,8,56,臺中市,北區,0,2,0,7,2,6,50,4,2,1,5,4,6,6,4,4,10,5,5,2,17,2,9,1,1,C03,7,9,1,10,2,11,,15,15,1,13,4,120.686056,24.160398,2
8136,66000,387130000C,(04)23274275,(04)23288582,2025,03,21,8,56,臺中市,西屯區,0,1,0,7,2,6,50,3,1,1,5,4,6,6,1,1,5,4,5,2,17,2,9,1,1,C03,7,9,1,10,2,16,,6,6,1,12,4,120.61874,24.187802,2
8137,66000,387130000C,(04)23274275,(04)23288582,2025,03,21,9,0,臺中市,大雅區,0,2,0,7,2,6,50,13,9,1,5,4,6,6,4,4,5,4,5,1,17,2,9,1,1,C03,7,9,1,10,2,11,,84,84,1,12,4,120.656846,24.239816,2
8138,66000,387130000C,(04)23274275,(04)23288582,2025,03,21,9,0,臺中市,南區,0,1,0,7,2,6,30,4,1,1,5,4,6,6,4,4,10,5,5,2,12,3,10,5,4,C03,7,11,1,10,2,14,,45,45,1,13,4,120.680067,24.120808,2
8139,66000,387130000C,(04)23274275,(04)23288582,2025,03,21,9,0,臺中市,西屯區,0,2,0,7,2,6,30,4,1,1,5,4,6,6,4,4,10,5,5,2,15,2,9,5,4,C03,7,9,3,19,2,12,,15,15,1,13,4,120.614189,24.179732,2
8140,66000,387130000C,(04)23274275,(04)23288582,2025,03,21,9,1,臺中市,沙鹿區,0,1,0,7,2,6,30,3,2,1,5,4,6,6,4,4,1,4,4,2,17,2,9,2,1,C03,7,5,1,10,2,14,,20,20,1,6,4,120.57013,24.218184,2
8141,66000,387130000C,(04)23274275,(04)23288582,2025,03,21,9,2,臺中市,北區,0,1,0,7,2,6,50,3,1,1,5,4,6,6,4,4,1,4,5,2,13,2,9,1,1,C03,7,9,1,10,2,11,,7,7,1,12,4,120.675157,24.163245,2
8142,66000,387130000C,(04)23274275,(04)23288582,2025,03,21,9,2,臺中市,西屯區,0,0,0,7,,,50,,,,,,,,,,,,,,16,,,,,A42,,,1,,1,,,40,40,1,13,4,120.642174,24.172557,3
8143,66000,387130000C,(04)23274275,(04)23288582,2025,03,21,9,5,臺中市,太平區,0,0,0,7,,,40,,,,,,,,,,,,,,17,,,,,B03,,,1,,1,,,59,59,1,6,4,120.705801,24.148567,3
8144,66000,387130000C,(04)23274275,(04)23288582,2025,03,21,9,6,臺中市,北屯區,0,0,0,7,,,50,,,,,,,,,,,,,,,,,,,C03,,,1,,1,,,7,7,1,6,4,120.671476,24.173913,3
8145,66000,387130000C,(04)23274275,(04)23288582,2025,03,21,9,9,臺中市,東區,0,2,0,7,1,6,50,4,1,1,5,4,6,6,1,1,9,4,5,2,12,3,10,1,1,C03,7,6,1,10,2,11,12,48,48,1,12,4,120.70671,24.148485,2
8146,66000,387130000C,(04)23274275,(04)23288582,2025,03,21,9,10,臺中市,北屯區,0,1,0,7,2,6,50,3,1,1,5,4,6,6,4,4,10,4,5,2,16,2,9,1,1,C03,7,1,1,10,2,11,,51,51,1,12,4,120.726652,24.17645,2
8147,66000,387130000C,(04)23274275,(04)23288582,2025,03,21,9,10,臺中市,太平區,0,1,0,7,3,6,50,4,1,1,5,4,6,6,4,4,10,5,5,2,13,2,9,1,1,C03,7,9,1,10,2,11,,7,7,1,12,4,120.728433,24.114154,2
8148,66000,387130000C,(04)23274275,(04)23288582,2025,03,21,9,15,臺中市,南屯區,0,0,0,7,3,6,50,13,9,1,5,4,6,6,1,1,3,2,5,2,14,,,,,B12,,,1,,1,,,49,49,1,12,4,120.642608,24.140774,3
8149,66000,387130000C,(04)23274275,(04)23288582,2025,03,21,9,20,臺中市,中區,0,1,0,7,2,6,50,13,9,1,5,4,6,6,4,4,10,4,5,2,17,2,9,2,1,C03,7,1,1,10,2,12,,51,51,1,12,4,120.68257,24.137544,2
8150,66000,387130000C,(04)23274275,(04)23288582,2025,03,21,9,23,臺中市,西屯區,0,0,0,7,2,6,50,4,2,1,5,4,6,6,1,1,1,4,3,2,13,,,,,B12,,,1,,1,,,7,7,1,13,4,120.635172,24.179435,3
8151,66000,387130000C,(04)23274275,(04)23288582,2025,03,21,9,28,臺中市,南區,0,2,0,7,2,6,30,3,1,1,5,4,6,6,4,4,10,5,5,2,16,2,9,1,1,C03,7,6,1,10,2,11,14,14,14,1,12,4,120.668989,24.11594,2
8152,66000,387130000C,(04)23274275,(04)23288582,2025,03,21,9,34,臺中市,西屯區,0,0,0,7,,,50,,,,,,,,,,,,,,13,,,,,B03,,,1,,1,,,59,59,1,12,4,120.636528,24.170784,3
8153,66000,387130000C,(04)23274275,(04)23288582,2025,03,21,9,37,臺中市,南屯區,0,1,0,7,3,6,50,13,8,1,5,4,6,6,4,4,1,4,1,2,12,3,10,3,1,B03,7,5,1,8,2,2,,20,20,1,12,4,120.623171,24.150984,2
8154,66000,387130000C,(04)23274275,(04)23288582,2025,03,21,9,37,臺中市,西屯區,0,1,0,7,2,6,40,4,2,1,5,4,6,6,2,1,1,4,1,2,12,3,10,3,1,B03,7,9,1,8,2,5,,8,8,1,12,4,120.630938,24.162524,2
8155,66000,387130000C,(04)23274275,(04)23288582,2025,03,21,9,37,臺中市,大里區,0,0,0,7,,,50,,,,,,,,,,,,,,17,,,,,B03,,,1,,2,,,51,51,1,12,4,120.673888,24.103876,3
8156,66000,387130000C,(04)23274275,(04)23288582,2025,03,21,9,39,臺中市,東區,0,1,0,7,2,6,50,13,9,1,5,4,6,6,4,4,7,5,5,2,30,,,,,,,,,,,,,118,118,1,,,120.697202,24.149586,2