﻿序號,縣市別代碼,機關代碼,市話,傳真,年,月,日,時,分,縣市,區,死亡數量,受傷數量,2-30,天候,道路照明設備,道路類別,道路速限,道路型態,事故位置,路面鋪裝,路面狀態,路面缺陷,障礙物,視距,號誌種類,號誌動作,分向設施,快車道或一般車道間,快慢車道間,路面邊線,事故類型及型態,受傷程度,主要傷處,保護裝備,行動電話或功能裝置,當事者區分_類別,車輛用途,當事者行動狀態,駕照狀態,駕照種類,飲酒情形,車輛撞擊部位最初,車輛撞擊部位其他,肇事因素個別,肇事因素主要,肇事逃逸,職業,共享經濟或外送平台,GPS座標X,GPS座標Y,事故類別
8157,66000,387130000C,(04)23274275,(04)23288582,2025,03,21,9,43,臺中市,南區,0,1,0,7,3,6,50,13,9,1,5,4,6,6,4,4,9,5,5,2,16,3,10,5,4,C03,7,11,1,10,2,14,,84,84,1,12,4,120.658623,24.114092,2
8158,66000,387130000C,(04)23274275,(04)23288582,2025,03,21,9,45,臺中市,大甲區,0,0,0,7,,,30,,,,,,,,,,,,,,14,,,,,B03,,,1,,1,,,49,49,1,12,4,120.62549,24.344016,3
8159,66000,387130000C,(04)23274275,(04)23288582,2025,03,21,9,48,臺中市,大里區,0,2,0,7,2,6,50,13,9,1,5,4,6,6,4,4,5,5,5,2,12,2,9,4,1,F01,7,6,7,21,2,11,,39,39,1,12,4,120.68473,24.118588,2
8160,66000,387130000C,(04)23274275,(04)23288582,2025,03,21,9,50,臺中市,東區,0,0,0,7,,,50,,,,,,,,,,,,,,12,,,,,B03,,,1,,2,,,8,8,1,13,4,120.688984,24.142207,3
8161,66000,387130000C,(04)23274275,(04)23288582,2025,03,21,9,50,臺中市,石岡區,0,0,0,7,,,50,,,,,,,,,,,,,,,,,,,B03,,,1,,2,,,84,84,1,12,4,120.776921,24.27647,3
8162,66000,387130000C,(04)23274275,(04)23288582,2025,03,21,9,53,臺中市,北區,0,1,0,7,3,6,50,5,19,1,5,4,6,6,2,1,1,4,5,2,3,3,10,1,1,C03,7,6,3,19,9,12,,10,10,1,12,4,120.677182,24.152636,2
8163,66000,387130000C,(04)23274275,(04)23288582,2025,03,21,9,53,臺中市,北區,0,1,0,7,2,6,50,3,1,1,5,4,6,6,2,1,5,4,5,2,3,3,10,6,5,H01,8,16,7,21,10,17,,96,96,1,13,5,120.688894,24.152943,2
8164,66000,387130000C,(04)23274275,(04)23288582,2025,03,21,9,54,臺中市,東勢區,0,1,0,7,1,6,50,4,1,1,5,4,6,6,4,4,5,1,5,1,15,3,10,5,4,B03,7,9,1,15,2,5,,15,15,1,12,4,120.83125,24.251449,2
8165,66000,387130000C,(04)23274275,(04)23288582,2025,03,21,10,10,臺中市,太平區,0,1,0,7,3,6,50,13,7,1,5,4,6,6,4,4,5,5,4,1,13,2,9,1,1,C03,7,9,1,10,2,11,,7,7,1,12,4,120.725436,24.149611,2
8166,66000,387130000C,(04)23274275,(04)23288582,2025,03,21,10,11,臺中市,南區,0,2,0,7,2,6,50,5,1,1,5,4,6,6,1,1,10,5,5,2,16,3,10,2,1,C03,7,9,1,10,2,12,,21,21,1,12,4,120.684047,24.119023,2
8167,66000,387130000C,(04)23274275,(04)23288582,2025,03,21,10,12,臺中市,豐原區,0,0,0,7,2,6,50,13,9,1,5,4,6,6,4,4,1,4,5,1,13,3,10,3,1,A11,7,9,1,3,3,1,,7,7,1,12,4,120.721841,24.274023,3
8168,66000,387130000C,(04)23274275,(04)23288582,2025,03,21,10,18,臺中市,西屯區,0,0,0,7,,,40,,,,,,,,,,,,,,12,,,,,C03,,,1,,1,,,40,40,1,13,4,120.643892,24.165536,3
8169,66000,387130000C,(04)23274275,(04)23288582,2025,03,21,10,19,臺中市,烏日區,0,0,0,7,,,50,,,,,,,,,,,,,,14,,,,,A12,,,1,,2,,,49,49,1,6,4,120.644362,24.086648,3
8170,66000,387130000C,(04)23274275,(04)23288582,2025,03,21,10,20,臺中市,中區,0,0,0,7,,,50,,,,,,,,,,,,,,13,,,,,B03,,,1,,1,,,7,7,1,12,4,120.677285,24.140284,3
8171,66000,387130000C,(04)23274275,(04)23288582,2025,03,21,10,30,臺中市,東區,0,0,0,7,,,50,,,,,,,,,,,,,,,,,,,B03,,,1,,9,,,8,8,1,12,5,120.698304,24.127924,3
8172,66000,387130000C,(04)23274275,(04)23288582,2025,03,21,10,34,臺中市,北屯區,0,1,0,7,2,6,50,13,9,1,5,4,6,6,4,4,10,5,5,2,27,2,9,5,4,C03,7,9,1,10,2,12,,84,84,1,12,4,120.675632,24.201778,2
8173,66000,387130000C,(04)23274275,(04)23288582,2025,03,21,10,38,臺中市,東區,0,1,0,7,2,6,30,5,1,1,5,4,6,6,4,4,10,5,5,2,15,2,9,1,1,C03,7,9,1,10,2,11,,12,12,1,12,4,120.70623,24.131964,2
8174,66000,387130000C,(04)23274275,(04)23288582,2025,03,21,10,39,臺中市,豐原區,0,2,0,7,2,6,50,4,1,1,5,4,6,6,1,1,1,2,5,1,16,2,7,5,4,B03,7,6,1,8,2,2,,38,38,1,13,4,120.747342,24.269151,2
8175,66000,387130000C,(04)23274275,(04)23288582,2025,03,21,10,43,臺中市,東區,0,2,0,7,3,6,50,13,9,1,5,4,6,6,4,4,10,5,5,2,17,2,8,5,4,C03,7,9,1,10,2,13,,75,75,1,12,4,120.705061,24.128276,2
8176,66000,387130000C,(04)23274275,(04)23288582,2025,03,21,10,45,臺中市,霧峰區,0,1,0,7,2,6,50,4,1,1,5,4,6,6,1,1,10,5,5,2,17,2,9,2,1,C03,7,9,1,10,2,11,,84,84,1,6,4,120.692824,24.058428,2
8177,66000,387130000C,(04)23274275,(04)23288582,2025,03,21,10,46,臺中市,西區,0,0,0,7,,,50,,,,,,,,,,,,,,,,,,,B03,,,1,,1,,,49,49,1,12,4,120.676286,24.138556,3
8178,66000,387130000C,(04)23274275,(04)23288582,2025,03,21,10,46,臺中市,西屯區,0,1,0,7,2,6,50,3,1,1,5,4,6,6,1,1,8,4,5,1,17,3,10,5,4,B03,7,6,1,8,2,1,,59,59,1,13,4,120.654345,24.194323,2
8179,66000,387130000C,(04)23274275,(04)23288582,2025,03,21,10,47,臺中市,西屯區,0,0,0,7,,,50,,,,,,,,,,,,,,13,,,,,B03,,,1,,1,,,7,7,1,12,4,120.610803,24.191005,3
8180,66000,387130000C,(04)23274275,(04)23288582,2025,03,21,10,49,臺中市,北屯區,0,1,0,7,2,6,50,13,9,1,5,4,6,6,4,4,1,4,5,2,12,3,10,3,1,B03,7,5,1,8,2,2,,65,65,1,12,4,120.661819,24.189421,2
8181,66000,387130000C,(04)23274275,(04)23288582,2025,03,21,10,50,臺中市,南屯區,0,1,0,7,2,6,50,13,9,1,5,4,6,6,4,4,5,4,5,2,17,2,9,1,1,C03,7,9,1,10,2,16,,59,59,1,12,4,120.608916,24.138675,2
8182,66000,387130000C,(04)23274275,(04)23288582,2025,03,21,10,53,臺中市,大雅區,0,0,0,7,,,30,,,,,,,,,,,,,,,,,,,A11,,,1,,1,,,8,8,1,12,4,120.648388,24.23474,3
8183,66000,387130000C,(04)23274275,(04)23288582,2025,03,21,10,53,臺中市,中區,0,0,0,7,,,50,,,,,,,,,,,,,,,,,,,B03,,,1,,1,,,35,35,1,12,4,120.683607,24.141328,3
8184,66000,387130000C,(04)23274275,(04)23288582,2025,03,21,11,4,臺中市,中區,0,3,0,7,3,6,50,4,2,1,5,4,6,6,2,1,5,4,5,2,17,2,9,1,1,C03,7,9,1,10,2,12,,85,85,1,13,4,120.680971,24.14402,2
8185,66000,387130000C,(04)23274275,(04)23288582,2025,03,21,11,7,臺中市,太平區,0,1,0,7,3,6,30,3,1,1,5,4,6,6,3,1,10,5,5,2,16,2,9,1,1,C03,7,5,1,10,2,14,,24,24,1,12,4,120.721943,24.119521,2
8186,66000,387130000C,(04)23274275,(04)23288582,2025,03,21,11,8,臺中市,南屯區,0,1,0,7,2,6,30,13,9,1,5,4,6,6,4,4,9,5,5,2,17,2,9,1,1,C03,7,1,1,10,2,16,,51,51,1,12,4,120.624157,24.127894,2
8187,66000,387130000C,(04)23274275,(04)23288582,2025,03,21,11,17,臺中市,大里區,0,1,0,6,2,6,50,13,8,1,5,4,6,6,4,4,3,4,4,1,12,3,10,2,1,C03,7,9,1,10,1,16,,1,1,1,13,4,120.697591,24.083393,2
8188,66000,387130000C,(04)23274275,(04)23288582,2025,03,21,11,19,臺中市,潭子區,0,1,0,7,2,6,60,13,9,1,5,4,6,6,2,1,1,4,4,1,13,2,9,2,1,C03,7,9,1,10,2,11,,7,7,1,12,4,120.705022,24.207144,2
8189,66000,387130000C,(04)23274275,(04)23288582,2025,03,21,11,19,臺中市,西屯區,0,0,0,7,2,6,50,4,2,1,5,4,6,6,2,1,1,4,1,2,13,,,,,B03,,,1,,1,,,7,7,1,13,4,120.633715,24.160927,3
8190,66000,387130000C,(04)23274275,(04)23288582,2025,03,21,11,23,臺中市,大里區,0,1,0,7,2,6,50,13,9,1,5,4,6,6,4,4,9,5,5,1,17,2,9,3,1,B03,7,9,1,8,2,5,,84,84,1,6,4,120.713432,24.10044,2
8191,66000,387130000C,(04)23274275,(04)23288582,2025,03,21,11,25,臺中市,南屯區,0,0,0,7,3,6,50,4,1,1,5,4,6,6,1,1,5,5,4,2,16,,,,,B03,,,1,,2,,,11,11,1,12,4,120.638007,24.13215,3
8192,66000,387130000C,(04)23274275,(04)23288582,2025,03,21,11,29,臺中市,烏日區,0,2,0,7,2,6,30,3,2,1,5,4,6,6,4,4,10,5,5,2,14,2,3,5,4,B03,7,2,1,8,2,6,,49,49,1,12,4,120.605428,24.116905,2
8193,66000,387130000C,(04)23274275,(04)23288582,2025,03,21,11,32,臺中市,西區,0,2,0,7,3,6,30,3,1,1,5,4,6,6,4,4,10,5,5,2,17,2,9,1,1,C03,7,5,1,10,2,14,,20,20,1,13,4,120.655874,24.155184,2
8194,66000,387130000C,(04)23274275,(04)23288582,2025,03,21,11,32,臺中市,西區,0,0,0,7,,,50,,,,,,,,,,,,,,,,,,,B03,,,1,,1,,,43,43,1,12,4,120.665637,24.140025,3
8195,66000,387130000C,(04)23274275,(04)23288582,2025,03,21,11,33,臺中市,大雅區,0,0,0,7,,,50,,,,,,,,,,,,,,12,,,,,B12,,,1,,9,,,40,40,1,13,4,120.647065,24.226152,3
8196,66000,387130000C,(04)23274275,(04)23288582,2025,03,21,11,35,臺中市,北屯區,0,1,0,7,1,6,50,3,1,1,5,4,6,6,4,4,10,5,5,2,17,3,10,5,4,B03,7,5,1,8,2,6,,14,14,1,13,4,120.686385,24.189335,2
8197,66000,387130000C,(04)23274275,(04)23288582,2025,03,21,11,40,臺中市,西區,0,2,0,7,2,6,40,3,1,1,5,4,6,6,1,1,10,5,5,2,17,2,9,1,1,C03,7,5,1,10,2,12,,84,84,1,12,4,120.657376,24.149022,2
8198,66000,387130000C,(04)23274275,(04)23288582,2025,03,21,11,42,臺中市,太平區,0,1,0,7,3,6,50,3,9,1,5,4,6,6,2,1,5,2,5,2,12,3,10,3,1,B03,7,9,1,8,2,5,,7,7,1,12,4,120.733183,24.150526,2
8199,66000,387130000C,(04)23274275,(04)23288582,2025,03,21,11,43,臺中市,中區,0,2,0,7,2,6,50,13,9,1,5,4,6,6,4,4,5,4,5,2,13,2,9,2,1,C03,7,9,1,10,2,11,,7,7,1,12,4,120.681533,24.139593,2
8200,66000,387130000C,(04)23274275,(04)23288582,2025,03,21,11,44,臺中市,南屯區,0,2,0,7,3,6,30,13,9,1,5,4,6,6,4,4,10,5,5,2,17,2,9,1,1,C03,7,6,1,10,2,11,,20,20,1,12,4,120.638193,24.140919,2
8201,66000,387130000C,(04)23274275,(04)23288582,2025,03,21,11,44,臺中市,北屯區,0,1,0,7,2,6,50,4,1,1,5,4,6,6,4,4,4,3,4,2,16,2,9,2,1,C03,7,6,1,10,2,12,,13,13,1,13,4,120.693491,24.168518,2
8202,66000,387130000C,(04)23274275,(04)23288582,2025,03,21,11,46,臺中市,大甲區,0,1,0,7,2,6,50,5,1,1,5,4,6,6,1,1,10,5,5,2,16,2,9,2,1,C03,7,9,1,10,2,14,,21,21,1,6,4,120.622469,24.356819,2
8203,66000,387130000C,(04)23274275,(04)23288582,2025,03,21,11,50,臺中市,西屯區,0,0,0,7,,,50,,,,,,,,,,,,,,12,,,,,C03,,,1,,1,,,7,7,1,12,4,120.615468,24.189164,3
8204,66000,387130000C,(04)23274275,(04)23288582,2025,03,21,11,52,臺中市,東區,0,2,0,7,2,6,50,3,1,1,5,4,6,6,4,4,10,5,5,2,17,2,9,5,4,C03,7,5,1,9,2,11,,47,47,1,13,4,120.686947,24.134391,2
8205,66000,387130000C,(04)23274275,(04)23288582,2025,03,21,11,54,臺中市,大里區,0,1,0,7,3,6,50,4,1,1,5,4,6,6,2,1,5,4,5,1,16,3,10,3,1,B03,7,5,1,8,2,6,,11,11,1,13,4,120.674099,24.114795,2
8206,66000,387130000C,(04)23274275,(04)23288582,2025,03,21,11,59,臺中市,北屯區,0,1,0,7,2,6,50,13,9,1,5,4,6,6,1,1,10,5,5,2,13,2,9,5,4,C03,7,12,1,10,2,14,,7,7,1,12,4,120.67867,24.187495,2
8207,66000,387130000C,(04)23274275,(04)23288582,2025,03,21,12,6,臺中市,南屯區,0,1,0,7,2,6,50,3,1,1,5,4,6,6,4,4,10,5,5,2,17,3,10,3,1,B03,7,6,1,8,2,8,,12,12,1,6,4,120.591875,24.139213,2
8208,66000,387130000C,(04)23274275,(04)23288582,2025,03,21,12,7,臺中市,霧峰區,0,1,0,7,2,6,50,4,1,1,5,4,6,6,1,1,10,5,5,2,17,3,10,2,1,C03,7,4,1,10,2,12,,1,1,1,6,4,120.694888,24.06602,2
8209,66000,387130000C,(04)23274275,(04)23288582,2025,03,21,12,7,臺中市,沙鹿區,0,1,0,7,3,6,30,4,1,1,5,4,6,3,4,4,10,5,5,2,15,2,9,2,1,C03,7,9,1,10,2,11,,15,15,1,5,4,120.570068,24.216204,2
8210,66000,387130000C,(04)23274275,(04)23288582,2025,03,21,12,7,臺中市,神岡區,0,0,0,7,,,50,,,,,,,,,,,,,,,,,,,B03,,,1,,2,,,50,50,1,12,4,120.684655,24.251065,3
8211,66000,387130000C,(04)23274275,(04)23288582,2025,03,21,12,9,臺中市,南區,0,2,0,7,1,6,50,4,1,1,5,4,6,6,1,1,9,4,5,2,12,2,9,1,1,C03,7,9,1,10,2,11,,7,7,1,12,4,120.655457,24.115199,2
8212,66000,387130000C,(04)23274275,(04)23288582,2025,03,21,12,12,臺中市,新社區,0,1,0,7,3,6,50,4,1,1,5,4,6,6,4,4,10,5,5,2,15,2,9,1,1,C03,7,9,1,10,2,11,,15,15,1,12,4,120.814578,24.244573,2
8213,66000,387130000C,(04)23274275,(04)23288582,2025,03,21,12,21,臺中市,北區,0,1,0,7,2,6,40,13,8,1,5,4,6,6,4,4,5,5,4,2,30,2,7,1,1,C03,7,9,1,10,2,12,,55,55,1,12,4,120.668312,24.169941,2
8214,66000,387130000C,(04)23274275,(04)23288582,2025,03,21,12,23,臺中市,西屯區,0,1,0,7,2,6,30,3,1,1,5,4,6,6,4,4,10,5,5,2,16,3,10,2,1,C03,7,5,1,9,2,11,,14,14,1,12,4,120.666584,24.176824,2
8215,66000,387130000C,(04)23274275,(04)23288582,2025,03,21,12,24,臺中市,西屯區,0,0,0,7,,,50,,,,,,,,,,,,,,12,,,,,B12,,,1,,1,,,8,8,1,12,4,120.655224,24.200551,3
8216,66000,387130000C,(04)23274275,(04)23288582,2025,03,21,12,25,臺中市,南屯區,0,0,0,7,,,50,,,,,,,,,,,,,,12,,,,,C03,,,1,,1,,,40,40,1,12,4,120.635711,24.143383,3
8217,66000,387130000C,(04)23274275,(04)23288582,2025,03,21,12,26,臺中市,梧棲區,0,0,0,7,,,70,,,,,,,,,,,,,,17,,,,,B03,,,1,,1,,,59,59,1,6,4,120.555843,24.251345,4
8218,66000,387130000C,(04)23274275,(04)23288582,2025,03,21,12,30,臺中市,大里區,0,1,0,7,2,6,50,4,1,1,5,4,6,6,1,1,10,5,5,2,17,3,10,3,1,B03,7,5,1,8,2,7,,26,26,1,12,4,120.680949,24.105836,2
8219,66000,387130000C,(04)23274275,(04)23288582,2025,03,21,12,37,臺中市,南屯區,0,1,0,7,2,6,60,13,9,1,5,4,6,6,4,4,3,1,4,1,17,2,9,1,1,C03,7,9,1,10,2,12,,59,59,1,12,4,120.645075,24.151139,2
8220,66000,387130000C,(04)23274275,(04)23288582,2025,03,21,12,41,臺中市,西屯區,0,1,0,7,2,6,40,13,8,1,5,4,6,6,4,4,1,4,1,2,12,2,9,5,4,C03,7,9,1,10,2,14,,8,8,1,13,4,120.643983,24.165449,2
8221,66000,387130000C,(04)23274275,(04)23288582,2025,03,21,12,47,臺中市,西區,0,0,0,7,,,50,,,,,,,,,,,,,,,,,,,C03,,,1,,1,,,84,84,1,13,4,120.670307,24.137732,3
8222,66000,387130000C,(04)23274275,(04)23288582,2025,03,21,12,47,臺中市,西屯區,0,0,0,7,,,50,,,,,,,,,,,,,,12,,,,,A05,,,1,,1,,,59,59,1,13,4,120.653318,24.160811,3
8223,66000,387130000C,(04)23274275,(04)23288582,2025,03,21,12,52,臺中市,西屯區,0,2,0,7,2,6,40,3,8,1,5,4,6,6,4,4,1,5,1,2,12,2,8,2,1,C03,7,9,1,10,2,11,,84,84,1,12,4,120.626508,24.177656,2
8224,66000,387130000C,(04)23274275,(04)23288582,2025,03,21,12,53,臺中市,南屯區,0,2,0,7,2,6,50,13,9,1,5,4,6,6,4,4,1,4,5,2,17,2,9,1,1,C03,7,1,1,10,2,14,,51,51,1,6,4,120.651582,24.140392,2
8225,66000,387130000C,(04)23274275,(04)23288582,2025,03,21,12,54,臺中市,沙鹿區,0,0,0,7,,,50,,,,,,,,,,,,,,17,,,,,B03,,,1,,1,,,77,77,1,6,4,120.560096,24.232334,4
8226,66000,387130000C,(04)23274275,(04)23288582,2025,03,21,12,57,臺中市,西屯區,0,0,0,7,2,6,50,13,9,1,5,4,6,6,4,4,9,5,5,2,14,,,,,B12,,,1,,1,,,7,7,1,13,4,120.646127,24.18795,3
8227,66000,387130000C,(04)23274275,(04)23288582,2025,03,21,13,12,臺中市,西屯區,0,1,0,7,2,6,50,3,2,1,5,4,6,6,2,1,10,5,5,2,18,2,9,5,4,C03,7,9,1,10,2,12,,59,59,1,12,4,120.598711,24.173515,2
8228,66000,387130000C,(04)23274275,(04)23288582,2025,03,21,13,13,臺中市,北屯區,0,0,0,7,,,60,,,,,,,,,,,,,,13,,,,,B03,,,1,,1,,,7,7,1,6,4,120.723013,24.162045,3
8229,66000,387130000C,(04)23274275,(04)23288582,2025,03,21,13,14,臺中市,北區,0,0,0,7,,,50,,,,,,,,,,,,,,13,,,,,B03,,,1,,1,,,59,59,1,13,4,120.67703,24.151648,3
8230,66000,387130000C,(04)23274275,(04)23288582,2025,03,21,13,15,臺中市,北屯區,0,1,0,7,1,6,50,13,9,1,5,4,6,6,4,4,1,4,5,2,17,3,10,5,4,B03,7,5,1,8,2,6,,84,84,1,13,4,120.699269,24.177008,2
8231,66000,387130000C,(04)23274275,(04)23288582,2025,03,21,13,22,臺中市,南區,0,0,0,7,,,50,,,,,,,,,,,,,,12,,,,,C03,,,1,,2,,,84,84,1,12,4,120.67141,24.124168,3
8232,66000,387130000C,(04)23274275,(04)23288582,2025,03,21,13,25,臺中市,大雅區,0,1,0,7,2,6,60,5,2,1,5,4,6,6,1,1,3,4,4,1,12,3,10,3,1,B03,7,4,1,8,2,2,,1,1,1,10,4,120.650867,24.209737,2
8233,66000,387130000C,(04)23274275,(04)23288582,2025,03,21,13,28,臺中市,南屯區,0,0,0,7,,,50,,,,,,,,,,,,,,13,,,,,B02,,,5,,2,,,59,59,1,12,4,120.638391,24.151464,3
8234,66000,387130000C,(04)23274275,(04)23288582,2025,03,21,13,28,臺中市,西屯區,0,0,0,7,,,50,,,,,,,,,,,,,,13,,,,,B03,,,1,,9,,,59,59,1,12,4,120.652688,24.157779,3
8235,66000,387130000C,(04)23274275,(04)23288582,2025,03,21,13,35,臺中市,外埔區,0,1,0,7,2,6,50,3,1,1,5,4,6,6,4,4,9,4,4,1,16,3,10,3,1,B02,7,6,1,8,2,5,,14,14,1,12,4,120.637705,24.342442,2
8236,66000,387130000C,(04)23274275,(04)23288582,2025,03,21,13,40,臺中市,西屯區,0,0,0,7,,,50,,,,,,,,,,,,,,17,,,,,B03,,,1,,2,,,50,50,1,12,4,120.649385,24.175017,3
8237,66000,387130000C,(04)23274275,(04)23288582,2025,03,21,13,45,臺中市,大雅區,0,1,0,7,1,6,30,13,9,1,5,4,6,6,4,4,10,5,5,2,17,3,10,3,1,B03,7,1,1,8,2,1,,51,51,1,13,4,120.638516,24.224701,2
8238,66000,387130000C,(04)23274275,(04)23288582,2025,03,21,13,49,臺中市,西區,0,2,0,7,3,6,50,4,2,1,5,4,6,6,2,1,10,5,5,2,13,2,9,1,1,C03,7,9,1,10,2,11,,84,84,1,13,4,120.673745,24.135035,2
8239,66000,387130000C,(04)23274275,(04)23288582,2025,03,21,13,50,臺中市,西屯區,0,2,0,7,2,6,30,4,1,1,5,4,6,6,1,1,5,5,5,2,16,2,9,1,1,C03,7,6,1,10,2,13,,84,84,1,12,4,120.655344,24.178096,2
8240,66000,387130000C,(04)23274275,(04)23288582,2025,03,21,13,59,臺中市,北屯區,0,1,0,7,2,6,50,4,4,1,5,4,6,6,2,1,3,3,4,2,13,3,10,3,1,B03,7,9,1,8,2,5,,84,84,1,13,4,120.686424,24.190484,2
8241,66000,387130000C,(04)23274275,(04)23288582,2025,03,21,13,59,臺中市,西屯區,0,1,0,7,2,6,35,11,8,1,5,4,6,6,4,4,10,5,5,2,18,2,9,5,4,C03,7,9,1,9,2,12,,84,84,1,13,4,120.628505,24.175986,2
8242,66000,387130000C,(04)23274275,(04)23288582,2025,03,21,14,1,臺中市,西屯區,0,0,0,7,,,50,,,,,,,,,,,,,,13,,,,,B12,,,1,,1,,,7,7,1,13,4,120.621505,24.183354,3
8243,66000,387130000C,(04)23274275,(04)23288582,2025,03,21,14,2,臺中市,南屯區,0,1,0,7,2,6,60,13,8,1,5,4,6,6,4,4,5,2,3,2,13,2,9,1,1,C03,7,7,1,10,2,12,,7,7,1,6,4,120.641686,24.146869,2
8244,66000,387130000C,(04)23274275,(04)23288582,2025,03,21,14,2,臺中市,沙鹿區,0,1,0,7,2,6,50,13,7,1,5,4,6,6,4,4,3,3,3,1,17,2,9,5,4,C03,7,8,1,10,2,14,,40,40,1,13,4,120.559627,24.237801,2
8245,66000,387130000C,(04)23274275,(04)23288582,2025,03,21,14,5,臺中市,大雅區,0,2,0,7,2,6,60,4,2,1,5,4,6,6,2,1,1,4,5,1,17,2,9,1,1,C03,7,9,1,10,2,14,,39,39,1,12,4,120.646582,24.222703,2
8246,66000,387130000C,(04)23274275,(04)23288582,2025,03,21,14,5,臺中市,北區,0,1,0,7,2,6,50,13,9,1,5,4,6,6,4,4,1,4,5,2,17,3,10,5,4,B03,7,7,1,8,2,5,,40,40,1,13,4,120.684895,24.151043,2
8247,66000,387130000C,(04)23274275,(04)23288582,2025,03,21,14,5,臺中市,大里區,0,0,0,7,,,60,,,,,,,,,,,,,,,,,,,B12,,,1,,2,,,84,84,1,12,4,120.670616,24.102597,3
8248,66000,387130000C,(04)23274275,(04)23288582,2025,03,21,14,6,臺中市,豐原區,0,1,0,7,2,6,30,3,1,1,5,4,6,6,4,4,1,4,5,2,17,3,10,5,4,B03,7,5,1,8,2,16,,14,14,1,12,4,120.708535,24.250346,2
8249,66000,387130000C,(04)23274275,(04)23288582,2025,03,21,14,9,臺中市,南區,0,1,0,7,2,6,40,13,7,1,5,4,6,6,4,4,5,5,4,2,17,3,10,3,1,B03,7,11,1,8,2,8,,45,45,1,12,4,120.656021,24.123564,2
8250,66000,387130000C,(04)23274275,(04)23288582,2025,03,21,14,9,臺中市,西屯區,0,0,0,7,,,50,,,,,,,,,,,,,,30,,,,,B12,,,1,,1,,,71,71,1,12,4,120.638604,24.178545,3
8251,66000,387130000C,(04)23274275,(04)23288582,2025,03,21,14,10,臺中市,西屯區,0,1,0,7,2,6,50,13,9,1,5,4,6,6,4,4,10,5,5,2,14,3,10,3,1,B03,7,2,1,8,2,3,,49,49,1,12,4,120.61242,24.17209,2
8252,66000,387130000C,(04)23274275,(04)23288582,2025,03,21,14,10,臺中市,豐原區,0,0,0,7,,,50,,,,,,,,,,,,,,13,,,,,B03,,,1,,2,,,7,7,1,12,4,120.746219,24.265364,3
8253,66000,387130000C,(04)23274275,(04)23288582,2025,03,21,14,14,臺中市,大雅區,0,1,0,7,2,6,50,5,1,1,5,4,6,6,2,1,2,4,4,1,12,2,7,2,1,C03,7,6,1,10,2,13,,48,48,1,13,4,120.667625,24.215691,2
8254,66000,387130000C,(04)23274275,(04)23288582,2025,03,21,14,17,臺中市,龍井區,0,2,0,7,1,6,50,3,1,1,5,4,6,6,4,4,10,5,5,2,13,2,7,1,1,C03,7,9,1,10,2,11,,84,84,1,5,4,120.591415,24.181214,2
8255,66000,387130000C,(04)23274275,(04)23288582,2025,03,21,14,18,臺中市,南屯區,0,1,0,7,3,6,50,4,3,1,5,4,6,6,2,1,10,5,5,2,16,3,10,5,4,B03,7,5,1,8,2,6,,11,11,1,6,4,120.634245,24.144231,2
8256,66000,387130000C,(04)23274275,(04)23288582,2025,03,21,14,22,臺中市,沙鹿區,0,1,0,7,3,6,50,4,1,1,5,4,6,6,4,4,10,4,4,2,12,3,10,3,1,B03,7,5,1,8,2,2,,47,47,1,13,4,120.57142,24.219779,2
8257,66000,387130000C,(04)23274275,(04)23288582,2025,03,21,14,23,臺中市,烏日區,0,1,0,7,2,6,30,4,9,1,5,4,6,6,4,4,10,5,5,2,16,2,9,1,1,C03,7,6,1,10,2,11,,14,14,1,6,4,120.636729,24.072305,2
8258,66000,387130000C,(04)23274275,(04)23288582,2025,03,21,14,26,臺中市,西屯區,0,1,0,7,2,6,40,13,9,1,5,4,6,6,4,4,10,5,5,2,13,2,8,3,1,B03,7,9,1,8,2,1,,7,7,1,13,4,120.633287,24.171052,2
8259,66000,387130000C,(04)23274275,(04)23288582,2025,03,21,14,27,臺中市,南屯區,0,1,0,7,2,6,50,13,7,1,5,4,6,6,4,4,5,4,4,2,13,3,10,3,1,B03,7,9,1,8,1,1,,7,7,1,6,4,120.634422,24.15591,2
8260,66000,387130000C,(04)23274275,(04)23288582,2025,03,21,14,30,臺中市,西屯區,0,1,0,7,2,6,50,4,4,1,5,4,6,6,2,1,5,4,5,2,13,3,10,5,4,B03,7,5,1,8,2,1,,59,59,1,12,4,120.635879,24.181852,2
8261,66000,387130000C,(04)23274275,(04)23288582,2025,03,21,14,37,臺中市,沙鹿區,0,0,0,7,,,50,,,,,,,,,,,,,,,,,,,B03,,,1,,1,,,40,40,1,6,4,120.558794,24.233128,3
8262,66000,387130000C,(04)23274275,(04)23288582,2025,03,21,14,48,臺中市,沙鹿區,0,1,0,7,2,6,50,4,2,1,5,4,6,6,4,4,8,3,5,2,17,3,10,5,4,B03,7,6,1,8,2,4,,20,20,1,13,4,120.580503,24.210991,2
8263,66000,387130000C,(04)23274275,(04)23288582,2025,03,21,14,50,臺中市,西屯區,0,2,0,7,2,6,50,3,1,1,5,4,6,6,2,1,10,5,5,2,15,2,7,2,1,C03,7,9,1,10,2,11,,21,21,1,12,4,120.64238,24.169413,2
8264,66000,387130000C,(04)23274275,(04)23288582,2025,03,21,14,51,臺中市,南屯區,0,0,0,7,,,50,,,,,,,,,,,,,,17,,,,,B03,,,1,,1,,,47,47,1,12,4,120.646629,24.140096,3