﻿序號,縣市別代碼,機關代碼,市話,傳真,年,月,日,時,分,縣市,區,死亡數量,受傷數量,2-30,天候,道路照明設備,道路類別,道路速限,道路型態,事故位置,路面鋪裝,路面狀態,路面缺陷,障礙物,視距,號誌種類,號誌動作,分向設施,快車道或一般車道間,快慢車道間,路面邊線,事故類型及型態,受傷程度,主要傷處,保護裝備,行動電話或功能裝置,當事者區分_類別,車輛用途,當事者行動狀態,駕照狀態,駕照種類,飲酒情形,車輛撞擊部位最初,車輛撞擊部位其他,肇事因素個別,肇事因素主要,肇事逃逸,職業,共享經濟或外送平台,GPS座標X,GPS座標Y,事故類別
8265,66000,387130000C,(04)23274275,(04)23288582,2025,03,21,14,56,臺中市,東區,0,1,0,7,3,6,50,4,1,1,5,4,6,6,4,4,10,5,5,2,13,2,8,5,4,C03,7,9,1,10,2,11,,7,7,1,12,4,120.689209,24.143254,2
8266,66000,387130000C,(04)23274275,(04)23288582,2025,03,21,14,57,臺中市,大里區,0,0,0,7,,,50,,,,,,,,,,,,,,,,,,,B12,,,1,,2,,,35,35,1,12,4,120.682857,24.095983,3
8267,66000,387130000C,(04)23274275,(04)23288582,2025,03,21,14,58,臺中市,西區,0,0,0,7,,,50,,,,,,,,,,,,,,,,,,,B12,,,1,,1,,,49,49,1,12,4,120.658584,24.153748,3
8268,66000,387130000C,(04)23274275,(04)23288582,2025,03,21,14,58,臺中市,西區,0,0,0,7,,,50,,,,,,,,,,,,,,17,,,,,C03,,,3,,1,,,20,20,1,12,4,120.653036,24.152359,3
8269,66000,387130000C,(04)23274275,(04)23288582,2025,03,21,14,59,臺中市,西區,0,1,0,7,2,6,50,4,1,1,5,4,6,6,1,1,10,5,5,2,3,2,9,6,5,H01,8,16,7,21,10,17,,95,95,1,13,5,120.673597,24.140587,2
8270,66000,387130000C,(04)23274275,(04)23288582,2025,03,21,15,1,臺中市,豐原區,0,1,0,7,2,6,50,13,9,1,5,4,6,6,4,4,5,5,4,2,12,2,9,6,1,F01,7,9,7,21,2,14,,84,84,1,12,4,120.716139,24.251648,2
8271,66000,387130000C,(04)23274275,(04)23288582,2025,03,21,15,5,臺中市,西屯區,0,2,0,7,2,6,50,4,1,1,5,4,6,6,1,1,5,2,5,2,15,2,8,1,1,C03,7,9,1,10,2,12,,21,21,1,12,4,120.617001,24.184058,2
8272,66000,387130000C,(04)23274275,(04)23288582,2025,03,21,15,7,臺中市,后里區,0,0,0,7,2,6,50,13,14,1,5,4,6,6,1,1,5,5,4,1,30,3,10,3,1,B12,7,3,1,8,2,9,,84,84,1,12,4,120.694296,24.313401,3
8273,66000,387130000C,(04)23274275,(04)23288582,2025,03,21,15,8,臺中市,南屯區,0,2,0,7,2,6,50,4,2,1,5,4,6,6,1,1,7,2,5,2,16,2,9,1,1,C03,7,5,1,10,2,12,,84,84,1,5,4,120.60711,24.13624,2
8274,66000,387130000C,(04)23274275,(04)23288582,2025,03,21,15,10,臺中市,西屯區,0,0,0,7,3,6,60,13,7,1,5,4,6,6,4,4,1,4,1,2,13,,,,,B03,,,1,,1,,,7,7,1,12,4,120.648732,24.1635,3
8275,66000,387130000C,(04)23274275,(04)23288582,2025,03,21,15,10,臺中市,霧峰區,0,0,0,7,,,50,,,,,,,,,,,,,,27,,,,,B13,,,1,,2,,,8,8,1,12,4,120.654065,24.072033,3
8276,66000,387130000C,(04)23274275,(04)23288582,2025,03,21,15,10,臺中市,豐原區,0,2,0,7,2,6,60,11,14,1,5,4,6,6,4,4,1,4,4,1,13,2,9,1,1,C03,7,9,1,8,2,11,,7,7,1,12,4,120.732509,24.246411,2
8277,66000,387130000C,(04)23274275,(04)23288582,2025,03,21,15,10,臺中市,豐原區,0,2,0,7,2,6,30,3,2,1,5,4,6,6,4,4,10,5,5,2,16,2,7,5,4,C03,7,6,1,10,2,14,,14,14,1,13,4,120.722798,24.257351,2
8278,66000,387130000C,(04)23274275,(04)23288582,2025,03,21,15,20,臺中市,南區,0,2,0,7,1,6,50,3,1,1,5,4,6,6,1,1,10,5,5,2,17,2,9,1,1,C03,7,6,1,10,2,14,,11,11,1,12,4,120.674543,24.128006,2
8279,66000,387130000C,(04)23274275,(04)23288582,2025,03,21,15,23,臺中市,西屯區,0,0,0,7,,,50,,,,,,,,,,,,,,12,,,,,B13,,,1,,1,,,50,50,1,6,4,120.664773,24.169274,3
8280,66000,387130000C,(04)23274275,(04)23288582,2025,03,21,15,29,臺中市,龍井區,0,1,0,6,3,6,30,4,1,1,5,4,6,6,4,4,10,5,5,2,15,3,10,3,1,B03,7,9,1,8,2,8,,20,20,1,6,4,120.524099,24.193006,2
8281,66000,387130000C,(04)23274275,(04)23288582,2025,03,21,15,32,臺中市,南屯區,0,0,0,7,,,40,,,,,,,,,,,,,,12,,,,,B03,,,1,,1,,,40,40,1,6,4,120.619606,24.152958,3
8282,66000,387130000C,(04)23274275,(04)23288582,2025,03,21,15,35,臺中市,大甲區,0,0,0,7,,,50,,,,,,,,,,,,,,13,,,,,B03,,,1,,2,,,87,87,1,12,4,120.591257,24.377588,3
8283,66000,387130000C,(04)23274275,(04)23288582,2025,03,21,15,36,臺中市,南屯區,0,0,0,7,,,50,,,,,,,,,,,,,,17,,,,,B03,,,1,,1,,,47,47,1,12,4,120.626551,24.151663,3
8284,66000,387130000C,(04)23274275,(04)23288582,2025,03,21,15,41,臺中市,西屯區,0,1,0,7,2,6,0,3,1,1,5,4,6,6,4,4,10,5,5,2,16,3,10,3,1,B03,7,1,1,8,2,1,,51,51,1,12,4,120.656897,24.200921,2
8285,66000,387130000C,(04)23274275,(04)23288582,2025,03,21,15,43,臺中市,豐原區,0,0,0,7,,,30,,,,,,,,,,,,,,25,,,,,B12,,,1,,2,,,59,59,1,12,4,120.718346,24.267042,3
8286,66000,387130000C,(04)23274275,(04)23288582,2025,03,21,15,43,臺中市,神岡區,0,1,0,7,2,6,50,13,8,1,5,4,6,6,4,4,5,4,4,1,12,3,10,3,1,B12,7,4,1,8,2,2,,1,1,1,6,4,120.673673,24.253258,2
8287,66000,387130000C,(04)23274275,(04)23288582,2025,03,21,15,45,臺中市,清水區,0,1,0,7,2,6,30,13,9,1,5,4,6,6,4,4,10,5,5,1,11,3,10,3,1,B03,7,9,1,8,2,8,,84,84,1,13,4,120.588454,24.283882,2
8288,66000,387130000C,(04)23274275,(04)23288582,2025,03,21,15,48,臺中市,中區,0,0,0,7,,,50,,,,,,,,,,,,,,,,,,,B03,,,1,,1,,,50,50,1,13,4,120.682266,24.14117,3
8289,66000,387130000C,(04)23274275,(04)23288582,2025,03,21,15,48,臺中市,東勢區,0,0,0,7,,,50,,,,,,,,,,,,,,,,,,,B03,,,1,,2,,,49,49,1,12,4,120.828388,24.256874,3
8290,66000,387130000C,(04)23274275,(04)23288582,2025,03,21,15,49,臺中市,沙鹿區,0,0,0,7,,,60,,,,,,,,,,,,,,,,,,,B03,,,1,,1,,,59,59,1,13,4,120.601372,24.249602,3
8291,66000,387130000C,(04)23274275,(04)23288582,2025,03,21,15,50,臺中市,霧峰區,0,1,0,7,2,6,40,13,9,1,5,4,6,6,4,4,9,5,5,1,13,2,8,1,1,C03,7,9,1,10,1,11,,7,7,1,5,4,120.699963,24.078307,2
8292,66000,387130000C,(04)23274275,(04)23288582,2025,03,21,15,50,臺中市,豐原區,0,0,0,7,,,50,,,,,,,,,,,,,,12,,,,,B03,,,1,,2,,,8,8,1,13,4,120.719008,24.261123,3
8293,66000,387130000C,(04)23274275,(04)23288582,2025,03,21,15,52,臺中市,梧棲區,0,0,0,7,,,50,,,,,,,,,,,,,,16,,,,,B03,,,1,,1,,,12,12,1,12,4,120.53666,24.252475,3
8294,66000,387130000C,(04)23274275,(04)23288582,2025,03,21,15,54,臺中市,東區,0,1,0,7,3,6,50,3,1,1,5,4,6,6,1,1,1,4,4,2,12,3,10,3,1,B03,7,5,1,8,2,5,,47,47,1,12,4,120.695993,24.134918,2
8295,66000,387130000C,(04)23274275,(04)23288582,2025,03,21,15,55,臺中市,大雅區,0,1,0,7,1,6,30,11,9,1,5,4,6,6,4,4,10,5,5,2,18,2,9,1,1,C03,7,9,1,10,2,14,,84,84,1,13,4,120.612953,24.220801,2
8296,66000,387130000C,(04)23274275,(04)23288582,2025,03,21,15,58,臺中市,西區,0,1,0,7,3,6,50,13,9,1,5,4,6,6,4,4,9,5,5,2,21,2,9,1,1,C03,7,9,1,10,2,12,,84,84,1,13,4,120.667512,24.144379,2
8297,66000,387130000C,(04)23274275,(04)23288582,2025,03,21,16,0,臺中市,南屯區,0,0,0,7,,,50,,,,,,,,,,,,,,12,,,,,B03,,,1,,1,,,84,84,1,12,4,120.635711,24.143383,3
8298,66000,387130000C,(04)23274275,(04)23288582,2025,03,21,16,1,臺中市,東區,0,2,0,7,3,6,50,13,8,1,5,4,6,6,4,4,9,5,4,2,17,2,9,1,1,C03,7,1,1,10,2,11,,51,51,1,6,4,120.683082,24.12652,2
8299,66000,387130000C,(04)23274275,(04)23288582,2025,03,21,16,3,臺中市,大肚區,0,2,0,7,2,6,50,13,7,1,5,4,6,6,4,4,4,5,4,2,3,2,9,6,5,H01,8,18,7,21,10,17,,95,95,1,13,5,120.549909,24.148159,2
8300,66000,387130000C,(04)23274275,(04)23288582,2025,03,21,16,6,臺中市,大里區,0,1,0,7,3,6,30,4,2,1,5,4,6,6,4,4,10,5,5,2,15,2,8,2,1,C03,7,9,1,10,2,11,,84,84,1,12,4,120.699902,24.096879,2
8301,66000,387130000C,(04)23274275,(04)23288582,2025,03,21,16,8,臺中市,沙鹿區,0,0,0,7,,,60,,,,,,,,,,,,,,13,,,,,B03,,,1,,2,,,7,7,1,13,4,120.568149,24.20286,3
8302,66000,387130000C,(04)23274275,(04)23288582,2025,03,21,16,10,臺中市,大肚區,0,1,0,7,2,6,50,3,1,1,5,4,6,6,3,1,10,5,5,2,16,2,8,2,1,C03,7,11,1,10,2,13,,46,46,1,6,4,120.554897,24.129845,2
8303,66000,387130000C,(04)23274275,(04)23288582,2025,03,21,16,10,臺中市,神岡區,0,0,0,7,,,50,,,,,,,,,,,,,,15,,,,,B03,,,1,,2,,,21,21,1,12,4,120.699015,24.272128,3
8304,66000,387130000C,(04)23274275,(04)23288582,2025,03,21,16,16,臺中市,西屯區,0,2,0,7,2,6,50,4,19,1,5,4,6,6,4,4,10,5,5,2,3,2,8,2,1,C03,7,9,1,10,2,15,,10,10,1,12,4,120.617445,24.188211,2
8305,66000,387130000C,(04)23274275,(04)23288582,2025,03,21,16,17,臺中市,沙鹿區,0,1,0,7,2,6,50,3,2,1,5,4,6,6,4,4,5,5,5,2,17,3,10,3,1,B03,7,5,1,8,2,8,,12,12,1,6,4,120.554843,24.231805,2
8306,66000,387130000C,(04)23274275,(04)23288582,2025,03,21,16,19,臺中市,南屯區,0,1,0,7,2,6,60,13,8,1,5,4,6,6,4,4,3,1,3,2,13,2,7,1,1,C03,7,9,1,10,2,11,,7,7,1,6,4,120.622897,24.144849,2
8307,66000,387130000C,(04)23274275,(04)23288582,2025,03,21,16,20,臺中市,西屯區,0,0,0,7,3,6,50,13,9,1,5,4,6,6,4,4,5,5,5,2,17,,,,,C03,,,1,,2,,,78,78,1,12,4,120.639905,24.171474,3
8308,66000,387130000C,(04)23274275,(04)23288582,2025,03,21,16,20,臺中市,霧峰區,0,1,0,7,2,6,50,4,2,1,5,4,6,6,1,1,5,5,4,1,16,2,8,1,1,C03,7,9,1,10,2,14,,84,84,1,5,4,120.699072,24.067596,2
8309,66000,387130000C,(04)23274275,(04)23288582,2025,03,21,16,21,臺中市,大里區,0,0,0,7,,,50,,,,,,,,,,,,,,13,,,,,B03,,,1,,2,,,59,59,1,12,4,120.727513,24.09146,3
8310,66000,387130000C,(04)23274275,(04)23288582,2025,03,21,16,21,臺中市,東勢區,0,2,0,7,3,6,70,5,2,1,5,4,6,6,1,1,10,5,5,2,13,2,9,5,4,C03,7,9,1,10,2,11,,7,7,1,12,4,120.833422,24.242741,2
8311,66000,387130000C,(04)23274275,(04)23288582,2025,03,21,16,22,臺中市,霧峰區,0,0,0,7,2,6,50,13,9,1,5,4,6,6,4,4,5,5,5,1,13,,,,,C03,,,1,,2,,,7,7,1,6,4,120.701049,24.06685,3
8312,66000,387130000C,(04)23274275,(04)23288582,2025,03,21,16,23,臺中市,南屯區,0,3,0,7,3,6,50,13,7,1,5,4,6,6,4,4,5,5,4,2,12,2,8,2,4,C03,7,9,1,10,2,12,14,8,8,1,6,4,120.637003,24.137228,2
8313,66000,387130000C,(04)23274275,(04)23288582,2025,03,21,16,23,臺中市,龍井區,0,1,0,6,1,6,40,13,8,1,5,4,6,6,4,4,3,5,5,2,12,2,9,1,1,C03,7,9,1,10,2,14,,8,8,1,5,4,120.579393,24.1906,2
8314,66000,387130000C,(04)23274275,(04)23288582,2025,03,21,16,26,臺中市,西屯區,0,2,0,7,2,6,30,4,2,1,5,4,6,6,4,4,1,4,5,2,2,2,9,1,1,C03,7,9,1,10,6,11,,53,53,1,12,4,120.666031,24.173895,2
8315,66000,387130000C,(04)23274275,(04)23288582,2025,03,21,16,27,臺中市,北屯區,0,0,0,7,,,50,,,,,,,,,,,,,,13,,,,,B12,,,1,,1,,,7,7,1,12,4,120.730991,24.168926,3
8316,66000,387130000C,(04)23274275,(04)23288582,2025,03,21,16,30,臺中市,西區,0,1,0,7,2,6,40,4,1,1,5,4,6,6,1,1,10,5,5,2,18,2,9,2,1,C03,7,9,1,10,2,12,,84,84,1,12,4,120.657403,24.139266,2
8317,66000,387130000C,(04)23274275,(04)23288582,2025,03,21,16,30,臺中市,東區,0,0,0,7,1,6,50,13,7,1,5,4,6,6,4,4,5,,5,2,13,3,10,3,1,B03,7,9,1,8,1,1,,84,84,1,12,4,120.69451,24.142756,3
8318,66000,387130000C,(04)23274275,(04)23288582,2025,03,21,16,30,臺中市,西屯區,0,1,0,7,2,6,50,13,8,1,5,4,6,6,4,4,3,4,4,1,12,3,10,3,1,B03,7,5,1,8,2,2,,84,84,1,12,4,120.630467,24.180256,2
8319,66000,387130000C,(04)23274275,(04)23288582,2025,03,21,16,30,臺中市,梧棲區,0,0,0,7,,,50,,,,,,,,,,,,,,9,,,,,B03,,,1,,1,,,51,51,1,12,4,120.534861,24.257448,3
8320,66000,387130000C,(04)23274275,(04)23288582,2025,03,21,16,32,臺中市,東區,0,0,0,7,,,50,,,,,,,,,,,,,,,,,,,C03,,,1,,2,,,7,7,1,6,4,120.696518,24.127215,3
8321,66000,387130000C,(04)23274275,(04)23288582,2025,03,21,16,32,臺中市,沙鹿區,0,1,0,7,3,6,50,13,9,1,5,4,6,6,4,4,5,4,4,2,17,3,10,3,1,B03,7,11,1,8,2,8,,45,45,1,13,4,120.575893,24.221963,2
8322,66000,387130000C,(04)23274275,(04)23288582,2025,03,21,16,33,臺中市,北屯區,0,3,0,7,3,6,50,4,1,1,5,4,6,6,2,1,10,5,5,2,16,2,9,2,1,C03,7,11,1,10,2,14,,32,32,1,6,4,120.691004,24.16303,2
8323,66000,387130000C,(04)23274275,(04)23288582,2025,03,21,16,34,臺中市,南區,0,1,0,7,3,6,50,4,1,1,5,4,6,6,2,1,1,5,5,2,13,2,9,2,1,C03,7,9,2,19,2,11,,7,7,1,13,4,120.650148,24.120633,2
8324,66000,387130000C,(04)23274275,(04)23288582,2025,03,21,16,38,臺中市,北區,0,1,0,7,2,6,50,13,7,1,5,4,6,6,4,4,5,5,4,2,12,2,9,1,1,F03,7,8,7,21,2,14,,2,2,1,13,4,120.663672,24.162288,2
8325,66000,387130000C,(04)23274275,(04)23288582,2025,03,21,16,40,臺中市,南區,0,0,0,7,,,50,,,,,,,,,,,,,,12,,,,,B01,,,1,,2,,,57,57,1,6,4,120.66401,24.116305,3
8326,66000,387130000C,(04)23274275,(04)23288582,2025,03,21,16,42,臺中市,西區,0,2,0,7,2,6,50,4,1,1,5,4,6,6,1,1,10,5,5,2,16,2,8,1,1,C03,7,6,1,10,2,13,,11,11,1,13,4,120.663182,24.156542,2
8327,66000,387130000C,(04)23274275,(04)23288582,2025,03,21,16,42,臺中市,梧棲區,0,1,0,7,2,6,50,4,1,1,5,4,1,6,4,4,10,5,5,2,16,3,10,3,1,A12,7,11,1,3,2,7,,45,45,1,13,4,120.548455,24.249601,2
8328,66000,387130000C,(04)23274275,(04)23288582,2025,03,21,16,43,臺中市,大雅區,0,2,0,7,2,6,30,3,1,1,5,4,6,6,4,4,5,4,4,1,16,2,7,2,1,C03,7,6,1,10,2,14,,14,14,1,13,4,120.640278,24.219023,2
8329,66000,387130000C,(04)23274275,(04)23288582,2025,03,21,16,43,臺中市,南屯區,0,1,0,7,2,6,60,13,7,1,5,4,6,6,4,4,4,1,2,2,13,2,9,1,1,C03,7,9,2,19,2,11,,59,59,1,6,4,120.620761,24.145181,2
8330,66000,387130000C,(04)23274275,(04)23288582,2025,03,21,16,45,臺中市,烏日區,0,0,0,7,,,80,,,,,,,,,,,,,,2,,,,,A12,,,1,,1,,,40,40,1,6,4,120.617474,24.108178,3
8331,66000,387130000C,(04)23274275,(04)23288582,2025,03,21,16,46,臺中市,潭子區,0,1,0,7,2,6,60,13,8,1,5,4,6,6,4,4,1,4,4,1,17,3,10,3,1,B01,7,5,1,4,2,5,,84,84,1,13,4,120.705259,24.214651,2
8332,66000,387130000C,(04)23274275,(04)23288582,2025,03,21,16,46,臺中市,沙鹿區,0,2,0,7,2,6,40,13,8,1,5,4,6,6,4,4,1,4,3,2,17,2,9,2,1,C03,7,9,1,10,2,14,11,7,7,1,6,4,120.576701,24.226386,2
8333,66000,387130000C,(04)23274275,(04)23288582,2025,03,21,16,49,臺中市,太平區,0,0,0,7,,,50,,,,,,,,,,,,,,,,,,,C03,,,1,,2,,,7,7,1,12,4,120.716432,24.135984,3
8334,66000,387130000C,(04)23274275,(04)23288582,2025,03,21,16,49,臺中市,太平區,0,0,0,7,,,50,,,,,,,,,,,,,,13,,,,,A12,,,1,,1,,,7,7,1,6,4,120.71289,24.146394,3
8335,66000,387130000C,(04)23274275,(04)23288582,2025,03,21,16,51,臺中市,大里區,0,2,0,7,2,6,50,13,9,1,5,4,6,6,4,4,1,4,5,1,13,2,9,1,1,C03,7,9,1,10,2,11,,7,7,1,13,4,120.683454,24.098009,2
8336,66000,387130000C,(04)23274275,(04)23288582,2025,03,21,16,52,臺中市,大里區,0,0,0,7,,,30,,,,,,,,,,,,,,,,,,,B12,,,1,,1,,,8,8,1,12,4,120.699588,24.122691,3
8337,66000,387130000C,(04)23274275,(04)23288582,2025,03,21,16,53,臺中市,南區,0,1,0,7,3,6,50,4,9,1,5,4,6,6,4,4,5,5,5,2,16,2,9,5,4,C03,7,6,1,10,2,15,,14,14,1,6,4,120.670853,24.113448,2
8338,66000,387130000C,(04)23274275,(04)23288582,2025,03,21,16,54,臺中市,北區,0,1,0,7,2,6,50,4,19,1,5,4,6,6,4,4,10,5,5,2,3,3,10,1,1,C03,7,9,1,10,2,11,,10,10,1,13,4,120.685141,24.14952,2
8339,66000,387130000C,(04)23274275,(04)23288582,2025,03,21,16,55,臺中市,北區,0,1,0,7,2,6,40,13,8,1,5,4,6,6,4,4,1,4,4,2,17,2,9,5,4,C03,7,9,1,10,2,11,,84,84,1,13,4,120.6901,24.158352,2
8340,66000,387130000C,(04)23274275,(04)23288582,2025,03,21,16,57,臺中市,西區,0,0,0,7,,,50,,,,,,,,,,,,,,,,,,,B03,,,1,,1,,,84,84,1,13,4,120.658846,24.148474,3
8341,66000,387130000C,(04)23274275,(04)23288582,2025,03,21,16,57,臺中市,梧棲區,0,1,0,7,3,6,30,5,1,1,5,4,6,6,4,4,10,5,5,2,15,2,9,1,1,C03,7,9,1,10,2,11,,12,12,1,6,4,120.545209,24.242222,2
8342,66000,387130000C,(04)23274275,(04)23288582,2025,03,21,17,0,臺中市,東區,0,1,0,7,1,6,50,4,1,1,5,4,6,6,1,1,10,5,5,2,13,2,9,1,1,F03,7,9,7,21,2,11,,84,84,1,13,4,120.699404,24.135172,2
8343,66000,387130000C,(04)23274275,(04)23288582,2025,03,21,17,2,臺中市,潭子區,0,1,0,7,2,6,40,4,1,1,5,4,6,6,4,4,10,5,5,2,15,2,9,2,1,C03,7,9,1,10,2,12,,15,15,1,12,4,120.707519,24.228722,2
8344,66000,387130000C,(04)23274275,(04)23288582,2025,03,21,17,2,臺中市,東勢區,0,1,0,7,3,6,50,13,9,1,5,4,6,6,4,4,10,5,5,1,12,3,10,5,4,B03,7,13,1,8,2,4,,76,76,1,12,4,120.850139,24.240374,2
8345,66000,387130000C,(04)23274275,(04)23288582,2025,03,21,17,4,臺中市,北區,0,0,0,7,,,50,,,,,,,,,,,,,,17,,,,,B03,,,1,,2,,,7,7,1,13,4,120.669292,24.162714,3
8346,66000,387130000C,(04)23274275,(04)23288582,2025,03,21,17,5,臺中市,北屯區,0,1,0,7,2,6,80,13,9,1,5,4,6,6,4,4,1,4,5,2,12,3,10,3,1,B03,7,7,1,8,2,4,5,40,40,1,6,4,120.720772,24.170106,2
8347,66000,387130000C,(04)23274275,(04)23288582,2025,03,21,17,5,臺中市,太平區,0,1,0,7,2,6,40,4,1,1,5,4,6,6,1,1,10,5,5,2,16,2,9,1,1,C03,7,1,1,10,2,14,,51,51,1,12,4,120.717715,24.14796,2
8348,66000,387130000C,(04)23274275,(04)23288582,2025,03,21,17,7,臺中市,霧峰區,0,2,0,7,3,6,30,13,9,1,5,4,6,6,4,4,10,5,5,1,16,2,9,1,1,C03,7,1,1,10,2,14,,51,51,1,6,4,120.679792,24.031008,2
8349,66000,387130000C,(04)23274275,(04)23288582,2025,03,21,17,7,臺中市,太平區,0,1,0,7,3,6,30,3,1,1,5,4,6,6,4,4,10,5,5,2,16,3,10,3,1,B03,7,6,1,8,2,4,,14,14,1,12,4,120.728556,24.114068,2
8350,66000,387130000C,(04)23274275,(04)23288582,2025,03,21,17,8,臺中市,北屯區,0,1,0,7,2,6,50,4,1,1,5,4,6,6,1,1,10,5,5,2,12,3,10,3,1,B03,7,5,1,8,2,2,,8,8,1,6,4,120.715149,24.164191,2
8351,66000,387130000C,(04)23274275,(04)23288582,2025,03,21,17,8,臺中市,豐原區,0,1,0,7,2,6,50,13,14,1,5,4,6,6,4,4,9,5,5,1,17,2,8,4,1,F01,7,9,7,21,2,11,,59,59,1,12,1,120.726879,24.254477,2
8352,66000,387130000C,(04)23274275,(04)23288582,2025,03,21,17,11,臺中市,大里區,0,1,0,7,1,6,50,4,2,1,5,4,6,6,4,4,5,5,5,2,15,3,10,3,1,B03,7,11,1,8,2,4,,39,39,1,12,4,120.694371,24.092875,2
8353,66000,387130000C,(04)23274275,(04)23288582,2025,03,21,17,11,臺中市,大肚區,0,0,0,7,,,60,,,,,,,,,,,,,,13,,,,,B03,,,1,,2,,,40,40,1,12,4,120.548176,24.14373,3
8354,66000,387130000C,(04)23274275,(04)23288582,2025,03,21,17,12,臺中市,西屯區,0,0,0,7,,,50,,,,,,,,,,,,,,13,,,,,B03,,,1,,1,,,7,7,1,12,4,120.654232,24.169936,3
8355,66000,387130000C,(04)23274275,(04)23288582,2025,03,21,17,12,臺中市,梧棲區,0,0,0,7,,,50,,,,,,,,,,,,,,13,,,,,B03,,,1,,1,,,58,58,1,13,4,120.530149,24.261063,3
8356,66000,387130000C,(04)23274275,(04)23288582,2025,03,21,17,15,臺中市,北屯區,0,2,0,7,3,6,50,3,1,1,5,4,6,6,1,1,10,5,5,2,3,2,8,2,1,C04,7,9,1,10,2,11,,87,87,1,12,4,120.680938,24.176559,2
8357,66000,387130000C,(04)23274275,(04)23288582,2025,03,21,17,16,臺中市,西屯區,0,0,0,7,,,80,,,,,,,,,,,,,,13,,,,,B03,,,1,,2,,,7,7,1,12,4,120.634399,24.177627,3
8358,66000,387130000C,(04)23274275,(04)23288582,2025,03,21,17,16,臺中市,大甲區,0,0,0,7,,,50,,,,,,,,,,,,,,30,,,,,C03,,,1,,2,,,58,58,1,4,4,120.615019,24.333309,3
8359,66000,387130000C,(04)23274275,(04)23288582,2025,03,21,17,17,臺中市,北屯區,0,0,0,7,,,30,,,,,,,,,,,,,,11,,,,,B03,,,3,19,1,,,84,84,1,6,4,120.693643,24.167641,3
8360,66000,387130000C,(04)23274275,(04)23288582,2025,03,21,17,18,臺中市,南區,0,0,0,7,,,50,,,,,,,,,,,,,,,,,,,B03,,,1,,1,,,84,84,1,6,4,120.670151,24.112492,3
8361,66000,387130000C,(04)23274275,(04)23288582,2025,03,21,17,20,臺中市,南屯區,0,0,0,7,,,50,,,,,,,,,,,,,,17,,,,,C03,,,1,,1,,,7,7,1,12,4,120.620761,24.145181,3
8362,66000,387130000C,(04)23274275,(04)23288582,2025,03,21,17,20,臺中市,豐原區,0,0,0,7,,,50,,,,,,,,,,,,,,17,,,,,C03,,,1,,1,,,8,8,1,12,4,120.704972,24.240467,3
8363,66000,387130000C,(04)23274275,(04)23288582,2025,03,21,17,21,臺中市,南區,0,1,0,7,3,6,50,4,1,1,5,4,6,6,1,1,5,4,5,2,18,2,9,2,1,C03,7,9,1,10,2,16,,84,84,1,13,4,120.67364,24.126494,2
8364,66000,387130000C,(04)23274275,(04)23288582,2025,03,21,17,22,臺中市,西屯區,0,1,0,7,2,6,30,3,2,1,5,4,6,6,4,4,10,5,5,2,16,3,10,3,1,B03,7,5,1,8,2,8,,14,14,1,12,4,120.601991,24.182767,2
8365,66000,387130000C,(04)23274275,(04)23288582,2025,03,21,17,24,臺中市,南區,0,0,0,7,,,50,,,,,,,,,,,,,,12,,,,,A05,,,1,,1,,,40,40,1,6,4,120.666614,24.119869,3
8366,66000,387130000C,(04)23274275,(04)23288582,2025,03,21,17,24,臺中市,豐原區,0,0,0,7,,,50,,,,,,,,,,,,,,13,,,,,C03,,,1,,2,,,84,84,1,13,4,120.720821,24.240105,3
8367,66000,387130000C,(04)23274275,(04)23288582,2025,03,21,17,25,臺中市,南區,0,1,0,7,3,6,50,4,9,1,5,4,6,6,4,4,5,5,5,2,18,2,9,5,4,C03,7,9,1,10,2,14,,84,84,1,6,4,120.672019,24.125668,2
8368,66000,387130000C,(04)23274275,(04)23288582,2025,03,21,17,25,臺中市,清水區,0,0,0,7,,,90,,,,,,,,,,,,,,17,,,,,B12,,,1,,1,,,7,7,1,12,4,120.547155,24.275144,3
8369,66000,387130000C,(04)23274275,(04)23288582,2025,03,21,17,27,臺中市,北屯區,0,0,0,7,,,40,,,,,,,,,,,,,,13,,,,,B03,,,1,,2,,,7,7,1,6,4,120.682023,24.200848,3
8370,66000,387130000C,(04)23274275,(04)23288582,2025,03,21,17,28,臺中市,大里區,0,1,0,7,2,6,50,5,1,1,5,4,6,6,1,1,10,5,5,2,17,3,10,1,1,C03,7,1,1,10,2,13,,51,51,1,6,4,120.695486,24.096744,2
8371,66000,387130000C,(04)23274275,(04)23288582,2025,03,21,17,28,臺中市,大肚區,0,1,0,7,2,6,50,13,9,1,5,4,6,6,4,4,1,3,5,1,12,3,10,3,1,B03,7,8,1,8,2,4,,40,40,1,6,4,120.57545,24.119102,2
8372,66000,387130000C,(04)23274275,(04)23288582,2025,03,21,17,29,臺中市,烏日區,0,0,0,7,,,50,,,,,,,,,,,,,,13,,,,,B03,,,1,,2,,,7,7,1,6,4,120.646857,24.073073,3
8373,66000,387130000C,(04)23274275,(04)23288582,2025,03,21,17,30,臺中市,龍井區,0,0,0,7,,,30,,,,,,,,,,,,,,16,,,,,C03,,,3,,2,,,20,20,1,6,4,120.522079,24.197333,3
8374,66000,387130000C,(04)23274275,(04)23288582,2025,03,21,17,31,臺中市,北區,0,0,0,7,,,50,,,,,,,,,,,,,,17,,,,,C03,,,1,,1,,,51,51,1,12,4,120.681745,24.158267,3