﻿序號,縣市別代碼,機關代碼,市話,傳真,年,月,日,時,分,縣市,區,死亡數量,受傷數量,2-30,天候,道路照明設備,道路類別,道路速限,道路型態,事故位置,路面鋪裝,路面狀態,路面缺陷,障礙物,視距,號誌種類,號誌動作,分向設施,快車道或一般車道間,快慢車道間,路面邊線,事故類型及型態,受傷程度,主要傷處,保護裝備,行動電話或功能裝置,當事者區分_類別,車輛用途,當事者行動狀態,駕照狀態,駕照種類,飲酒情形,車輛撞擊部位最初,車輛撞擊部位其他,肇事因素個別,肇事因素主要,肇事逃逸,職業,共享經濟或外送平台,GPS座標X,GPS座標Y,事故類別
8486,66000,387130000C,(04)23274275,(04)23288582,2025,03,21,21,17,臺中市,太平區,0,0,0,7,,,50,,,,,,,,,,,,,,14,,,,,B12,,,1,,2,,,49,49,1,13,4,120.716152,24.155717,3
8487,66000,387130000C,(04)23274275,(04)23288582,2025,03,21,21,21,臺中市,南屯區,0,0,0,7,,,40,,,,,,,,,,,,,,12,,,,,B03,,,1,,2,,,84,84,1,13,4,120.64524,24.136994,3
8488,66000,387130000C,(04)23274275,(04)23288582,2025,03,21,21,22,臺中市,南屯區,0,0,0,7,,,50,,,,,,,,,,,,,,16,,,,,C03,,,1,,2,,,48,48,1,13,4,120.649792,24.148895,3
8489,66000,387130000C,(04)23274275,(04)23288582,2025,03,21,21,24,臺中市,西屯區,0,1,0,7,2,6,50,13,9,1,5,4,6,6,4,4,10,4,5,1,13,2,9,1,1,C03,7,9,1,10,2,11,,59,59,1,12,4,120.641233,24.168328,2
8490,66000,387130000C,(04)23274275,(04)23288582,2025,03,21,21,30,臺中市,西屯區,0,0,0,7,,,50,,,,,,,,,,,,,,13,,,,,C03,,,3,,1,,,7,7,1,12,4,120.638708,24.169633,3
8491,66000,387130000C,(04)23274275,(04)23288582,2025,03,21,21,32,臺中市,北屯區,0,0,0,7,,,50,,,,,,,,,,,,,,16,,,,,B03,,,1,,2,,,40,40,1,6,4,120.735186,24.177309,3
8492,66000,387130000C,(04)23274275,(04)23288582,2025,03,21,21,33,臺中市,潭子區,0,1,0,7,1,6,50,13,9,1,5,4,6,6,4,4,9,5,4,2,13,2,9,2,1,C03,7,9,1,10,2,11,,7,7,1,13,4,120.702814,24.207121,2
8493,66000,387130000C,(04)23274275,(04)23288582,2025,03,21,21,35,臺中市,大里區,0,0,0,7,,,40,,,,,,,,,,,,,,13,,,,,B03,,,1,,2,,,58,58,1,6,4,120.691167,24.100888,3
8494,66000,387130000C,(04)23274275,(04)23288582,2025,03,21,21,40,臺中市,大里區,0,0,0,7,,,0,,,,,,,,,,,,,,13,,,,,B03,,,1,,1,,,50,50,1,13,4,120.682828,24.104647,3
8495,66000,387130000C,(04)23274275,(04)23288582,2025,03,21,21,40,臺中市,大里區,0,1,0,7,1,6,50,13,7,1,5,4,6,6,4,4,9,5,4,2,16,3,10,3,1,B03,7,11,1,8,2,4,,45,45,1,13,4,120.677282,24.105546,2
8496,66000,387130000C,(04)23274275,(04)23288582,2025,03,21,21,42,臺中市,大甲區,0,1,0,7,1,6,60,4,9,1,5,4,6,6,1,1,3,4,4,1,3,3,10,3,1,B03,7,6,1,8,2,8,,10,10,1,12,4,120.617558,24.351633,2
8497,66000,387130000C,(04)23274275,(04)23288582,2025,03,21,21,48,臺中市,北屯區,0,1,0,7,1,6,50,13,9,1,5,4,6,6,4,4,5,4,5,2,17,2,9,1,1,C03,7,9,1,10,2,11,,84,84,1,6,4,120.718781,24.185227,2
8498,66000,387130000C,(04)23274275,(04)23288582,2025,03,21,21,49,臺中市,東區,0,2,0,7,1,6,50,4,1,1,5,4,6,6,2,1,1,5,5,2,17,2,9,4,1,F01,7,1,7,21,2,14,,28,28,1,6,1,120.696436,24.140022,2
8499,66000,387130000C,(04)23274275,(04)23288582,2025,03,21,21,50,臺中市,沙鹿區,0,0,0,7,1,6,50,3,9,1,5,4,6,6,4,4,4,3,4,2,15,,,,,B03,,,1,,2,,,14,14,1,12,4,120.566403,24.236968,3
8500,66000,387130000C,(04)23274275,(04)23288582,2025,03,21,21,56,臺中市,西屯區,0,0,0,7,1,6,50,13,9,1,5,4,6,6,1,1,5,4,5,2,13,,,,,B03,,,1,,1,,,55,55,1,12,4,120.652607,24.160309,3
8501,66000,387130000C,(04)23274275,(04)23288582,2025,03,21,22,6,臺中市,大里區,0,1,0,7,1,6,50,4,2,1,5,4,6,6,1,1,1,4,5,1,17,3,10,3,1,B03,7,7,1,8,2,6,,40,40,1,6,4,120.681185,24.105103,2
8502,66000,387130000C,(04)23274275,(04)23288582,2025,03,21,22,9,臺中市,西屯區,0,0,0,7,,,50,,,,,,,,,,,,,,13,,,,,C03,,,1,,1,,,7,7,1,12,4,120.635007,24.172039,3
8503,66000,387130000C,(04)23274275,(04)23288582,2025,03,21,22,18,臺中市,西屯區,0,1,0,7,1,6,40,4,1,1,5,4,6,6,1,1,1,4,1,2,18,2,9,2,1,C03,7,12,1,10,2,14,,84,84,1,5,4,120.653258,24.160817,2
8504,66000,387130000C,(04)23274275,(04)23288582,2025,03,21,22,19,臺中市,西屯區,0,0,0,7,,,50,,,,,,,,,,,,,,13,,,,,B03,,,1,,2,,,7,7,1,12,4,120.646483,24.175161,3
8505,66000,387130000C,(04)23274275,(04)23288582,2025,03,21,22,20,臺中市,西屯區,0,1,0,7,1,6,40,13,8,1,5,4,6,6,4,4,1,2,1,2,16,3,10,5,4,C03,7,5,1,10,2,12,,84,84,1,12,4,120.602027,24.181931,2
8506,66000,387130000C,(04)23274275,(04)23288582,2025,03,21,22,23,臺中市,西屯區,0,0,0,7,,,50,,,,,,,,,,,,,,,,,,,B01,,,1,,1,,,51,51,1,12,4,120.635295,24.172867,3
8507,66000,387130000C,(04)23274275,(04)23288582,2025,03,21,22,26,臺中市,大里區,0,1,0,7,1,6,40,3,2,1,5,4,6,6,4,4,1,5,1,1,13,2,8,1,1,C03,7,9,1,10,2,11,,84,84,1,13,4,120.679859,24.087941,2
8508,66000,387130000C,(04)23274275,(04)23288582,2025,03,21,22,28,臺中市,東勢區,0,1,0,7,1,6,50,5,1,1,5,4,6,6,1,1,9,4,5,2,17,3,10,5,4,B03,7,5,1,8,2,6,,84,84,1,13,4,120.823957,24.261697,2
8509,66000,387130000C,(04)23274275,(04)23288582,2025,03,21,22,33,臺中市,西區,0,3,0,7,1,6,50,13,7,1,5,4,6,6,2,1,5,4,4,2,13,2,9,1,1,C03,7,9,1,10,2,11,,7,7,1,6,4,120.669802,24.14732,2
8510,66000,387130000C,(04)23274275,(04)23288582,2025,03,21,22,44,臺中市,龍井區,0,0,0,7,,,50,,,,,,,,,,,,,,,,,,,C03,,,1,,1,,,7,7,1,12,4,120.587446,24.181218,4
8511,66000,387130000C,(04)23274275,(04)23288582,2025,03,21,22,49,臺中市,西屯區,0,1,0,7,2,6,50,4,9,1,5,4,6,6,4,4,1,4,5,1,17,3,10,3,1,B13,7,14,1,8,2,4,,76,76,1,12,4,120.66071,24.171303,2
8512,66000,387130000C,(04)23274275,(04)23288582,2025,03,21,22,50,臺中市,西屯區,0,1,0,7,1,6,50,3,2,1,5,4,6,6,4,4,1,4,5,2,12,2,9,2,1,C03,7,4,1,10,2,14,,8,8,1,12,4,120.637501,24.170733,2
8513,66000,387130000C,(04)23274275,(04)23288582,2025,03,21,23,5,臺中市,西屯區,0,1,0,7,1,6,30,3,1,1,5,4,6,6,4,4,5,5,5,2,16,3,10,5,1,B03,7,6,1,8,2,4,,38,38,1,12,4,120.653275,24.176086,2
8514,66000,387130000C,(04)23274275,(04)23288582,2025,03,21,23,6,臺中市,西屯區,0,1,0,7,1,6,50,3,1,1,5,4,6,6,4,4,10,5,5,2,13,2,8,5,1,C03,7,9,1,10,2,11,,59,59,1,12,4,120.653219,24.176049,2
8515,66000,387130000C,(04)23274275,(04)23288582,2025,03,21,23,29,臺中市,霧峰區,0,0,0,7,,,30,,,,,,,,,,,,,,14,,,,,B03,,,1,,9,,,49,49,1,13,4,120.699485,24.024938,3
8516,66000,387130000C,(04)23274275,(04)23288582,2025,03,21,23,39,臺中市,東區,0,0,0,7,,,30,,,,,,,,,,,,,,17,,,,,B03,,,1,,2,,,8,8,1,12,4,120.701484,24.133978,3
8517,66000,387130000C,(04)23274275,(04)23288582,2025,03,21,23,53,臺中市,北屯區,0,0,0,7,,,40,,,,,,,,,,,,,,19,,,,,B03,,,1,,2,,,59,59,1,13,4,120.675763,24.190415,3
8518,66000,387130000C,(04)23274275,(04)23288582,2025,03,22,0,13,臺中市,大里區,0,1,0,7,2,6,50,4,1,1,5,4,6,6,1,1,10,5,5,2,17,3,10,3,1,B03,7,6,1,8,2,9,,11,11,1,12,4,120.674474,24.097687,2
8519,66000,387130000C,(04)23274275,(04)23288582,2025,03,22,0,16,臺中市,太平區,0,1,0,7,1,6,50,3,2,1,5,4,6,6,3,1,5,2,5,1,16,3,10,3,1,B03,7,11,1,8,2,4,,45,45,1,12,4,120.735865,24.13335,2
8520,66000,387130000C,(04)23274275,(04)23288582,2025,03,22,0,28,臺中市,南屯區,0,0,0,7,,,50,,,,,,,,,,,,,,15,,,,,B03,,,1,,1,,,21,21,1,13,4,120.623188,24.149763,3
8521,66000,387130000C,(04)23274275,(04)23288582,2025,03,22,0,40,臺中市,太平區,0,4,0,7,1,6,40,11,9,1,5,4,6,6,4,4,4,4,5,1,10,2,9,3,1,B03,7,15,3,19,2,1,,34,34,1,13,4,120.808065,24.095749,2
8522,66000,387130000C,(04)23274275,(04)23288582,2025,03,22,0,44,臺中市,豐原區,0,0,0,7,,,60,,,,,,,,,,,,,,13,,,,,B03,,,1,,2,,,84,84,1,13,4,120.730147,24.265341,3
8523,66000,387130000C,(04)23274275,(04)23288582,2025,03,22,0,51,臺中市,豐原區,0,0,0,7,,,50,,,,,,,,,,,,,,13,,,,,C03,,,1,,2,,,58,58,1,13,4,120.702688,24.249242,3
8524,66000,387130000C,(04)23274275,(04)23288582,2025,03,22,1,11,臺中市,豐原區,0,0,0,7,,,50,,,,,,,,,,,,,,17,,,,,B03,,,1,,9,,,84,84,1,13,4,120.718685,24.251529,3
8525,66000,387130000C,(04)23274275,(04)23288582,2025,03,22,1,18,臺中市,北區,0,0,0,7,,,50,,,,,,,,,,,,,,17,,,,,B03,,,1,,1,,,39,39,1,13,4,120.678384,24.151168,3
8526,66000,387130000C,(04)23274275,(04)23288582,2025,03,22,1,30,臺中市,西屯區,0,0,0,7,,,30,,,,,,,,,,,,,,14,,,,,B03,,,1,,9,,,49,49,1,12,4,120.657387,24.159332,3
8527,66000,387130000C,(04)23274275,(04)23288582,2025,03,22,2,8,臺中市,南屯區,0,1,0,7,1,6,50,4,1,1,5,4,6,6,4,4,10,5,5,2,18,2,8,2,4,C03,7,9,1,10,2,14,,84,84,1,13,4,120.641695,24.148817,2
8528,66000,387130000C,(04)23274275,(04)23288582,2025,03,22,2,10,臺中市,西屯區,0,1,0,7,1,6,50,3,1,1,5,4,6,6,3,1,10,5,5,2,16,3,10,3,1,B02,7,6,1,8,2,8,,24,24,1,12,4,120.647056,24.165648,2
8529,66000,387130000C,(04)23274275,(04)23288582,2025,03,22,2,43,臺中市,潭子區,0,1,0,7,1,6,50,4,2,1,5,4,6,6,3,1,5,5,4,2,11,2,9,1,1,C03,7,9,1,10,8,11,,53,53,1,13,4,120.691828,24.21843,2
8530,66000,387130000C,(04)23274275,(04)23288582,2025,03,22,2,59,臺中市,潭子區,0,1,0,7,1,6,50,4,1,1,5,4,6,6,2,1,5,5,4,2,16,3,10,3,1,B03,7,6,1,8,2,2,,11,11,1,13,4,120.705385,24.209873,2
8531,66000,387130000C,(04)23274275,(04)23288582,2025,03,22,3,19,臺中市,西屯區,0,3,0,7,1,6,50,5,1,1,5,4,6,6,2,1,10,5,5,2,15,2,9,5,1,B12,7,9,1,8,2,1,,21,21,1,12,4,120.660102,24.164309,2
8532,66000,387130000C,(04)23274275,(04)23288582,2025,03,22,3,41,臺中市,北區,0,2,0,7,1,6,40,4,1,1,5,4,6,6,1,1,5,5,4,2,13,2,9,1,1,C03,7,9,1,10,2,11,,85,85,1,12,4,120.678687,24.159177,2
8533,66000,387130000C,(04)23274275,(04)23288582,2025,03,22,4,33,臺中市,東區,0,0,0,7,,,50,,,,,,,,,,,,,,13,,,,,C03,,,1,,2,,,59,59,1,13,2,120.706321,24.129592,3
8534,66000,387130000C,(04)23274275,(04)23288582,2025,03,22,4,45,臺中市,西區,0,0,0,7,,,50,,,,,,,,,,,,,,,,,,,B02,,,1,,9,,,78,78,2,13,4,120.654723,24.152939,3
8535,66000,387130000C,(04)23274275,(04)23288582,2025,03,22,4,52,臺中市,大雅區,0,3,0,6,1,6,30,3,7,1,5,4,6,6,4,4,1,3,4,1,30,2,9,1,1,C03,7,9,2,19,2,11,,59,59,1,13,4,120.63762,24.233682,2
8536,66000,387130000C,(04)23274275,(04)23288582,2025,03,22,5,1,臺中市,西屯區,0,1,0,7,1,6,50,4,1,1,5,4,6,6,2,1,10,5,5,2,30,,,,,,,,,,,,,119,119,1,,,120.610145,24.187037,2
8537,66000,387130000C,(04)23274275,(04)23288582,2025,03,22,5,17,臺中市,西屯區,0,2,0,7,1,6,50,4,1,1,5,4,6,6,1,1,10,5,5,2,13,2,9,5,1,C03,7,9,1,10,9,11,,7,7,1,12,4,120.634755,24.169582,2
8538,66000,387130000C,(04)23274275,(04)23288582,2025,03,22,6,31,臺中市,烏日區,0,1,0,7,2,6,70,13,8,1,5,4,6,6,4,4,1,4,4,1,17,3,10,3,1,B12,7,1,1,8,2,8,,51,51,1,6,4,120.606108,24.10912,2
8539,66000,387130000C,(04)23274275,(04)23288582,2025,03,22,6,34,臺中市,北區,0,0,0,7,,,50,,,,,,,,,,,,,,17,,,,,B03,,,1,,1,,,21,21,1,13,4,120.674315,24.163414,3
8540,66000,387130000C,(04)23274275,(04)23288582,2025,03,22,6,45,臺中市,西屯區,0,1,0,7,2,6,40,4,1,1,5,4,6,6,4,4,10,5,5,2,15,3,10,3,1,B03,7,9,1,8,2,2,,12,12,1,12,4,120.652235,24.162054,2
8541,66000,387130000C,(04)23274275,(04)23288582,2025,03,22,6,46,臺中市,西區,0,1,0,7,2,6,50,4,1,1,5,4,6,6,4,4,10,5,5,2,15,3,10,3,1,B01,7,9,1,4,2,1,,15,15,1,12,4,120.671087,24.141452,2
8542,66000,387130000C,(04)23274275,(04)23288582,2025,03,22,6,51,臺中市,太平區,0,2,0,7,2,6,50,4,1,1,5,4,6,6,1,1,10,5,5,2,17,2,9,5,4,C03,7,9,1,10,1,11,,21,21,1,6,4,120.710896,24.151066,2
8543,66000,387130000C,(04)23274275,(04)23288582,2025,03,22,7,3,臺中市,沙鹿區,0,0,0,7,,,50,,,,,,,,,,,,,,,,,,,B02,,,1,,2,,,8,8,1,6,4,120.561124,24.216081,3
8544,66000,387130000C,(04)23274275,(04)23288582,2025,03,22,7,5,臺中市,西屯區,0,1,0,7,2,6,50,3,1,1,5,4,6,6,4,4,3,4,5,2,16,3,10,3,1,B03,7,6,1,8,2,1,,20,20,1,12,4,120.600027,24.210318,2
8545,66000,387130000C,(04)23274275,(04)23288582,2025,03,22,7,10,臺中市,神岡區,0,2,0,7,3,6,30,13,9,1,5,4,6,6,4,4,10,5,5,1,3,2,9,1,4,C03,7,9,1,10,2,11,,6,6,1,12,4,120.703913,24.266774,2
8546,66000,387130000C,(04)23274275,(04)23288582,2025,03,22,7,12,臺中市,北屯區,0,2,0,7,2,6,50,4,1,1,5,4,6,6,2,1,10,5,4,2,1,3,10,3,1,B12,7,5,1,8,2,1,,10,10,1,12,4,120.722543,24.176029,2
8547,66000,387130000C,(04)23274275,(04)23288582,2025,03,22,7,20,臺中市,霧峰區,0,2,0,7,2,6,30,4,1,1,5,4,6,6,4,4,10,5,5,2,15,2,7,2,1,C03,7,9,3,19,2,11,,15,15,1,13,4,120.71313,24.078252,2
8548,66000,387130000C,(04)23274275,(04)23288582,2025,03,22,7,20,臺中市,新社區,0,0,0,7,,,50,,,,,,,,,,,,,,,,,,,A12,,,1,,2,,,84,84,1,12,4,120.807972,24.243265,3
8549,66000,387130000C,(04)23274275,(04)23288582,2025,03,22,7,21,臺中市,烏日區,0,0,0,7,,,30,,,,,,,,,,,,,,,,,,,B03,,,1,,1,,,14,14,1,13,4,120.639455,24.105678,3
8550,66000,387130000C,(04)23274275,(04)23288582,2025,03,22,7,33,臺中市,北屯區,0,1,0,7,2,6,50,13,9,1,5,4,6,6,4,4,5,5,5,2,17,3,10,3,1,B03,7,1,1,8,2,1,,51,51,1,13,4,120.733553,24.176272,2
8551,66000,387130000C,(04)23274275,(04)23288582,2025,03,22,7,39,臺中市,北區,0,1,0,7,3,6,50,3,2,1,5,4,6,6,4,4,10,5,5,2,16,3,10,5,4,B03,7,5,1,8,2,2,,14,14,1,13,4,120.693041,24.155324,2
8552,66000,387130000C,(04)23274275,(04)23288582,2025,03,22,7,43,臺中市,南區,0,1,0,7,3,6,50,3,2,1,5,4,6,6,2,3,5,5,5,2,12,2,9,2,1,C03,7,4,1,10,2,12,,1,1,1,6,4,120.655214,24.123757,2
8553,66000,387130000C,(04)23274275,(04)23288582,2025,03,22,7,48,臺中市,大甲區,0,1,0,7,3,6,50,3,2,1,5,4,6,6,1,1,5,4,4,1,17,3,10,3,1,B03,7,1,1,8,2,8,,51,51,1,12,4,120.633858,24.344606,2
8554,66000,387130000C,(04)23274275,(04)23288582,2025,03,22,7,55,臺中市,大雅區,0,1,0,7,3,6,50,3,2,1,5,4,6,6,4,4,5,2,5,1,17,3,10,1,1,C03,7,9,1,10,2,12,,39,39,1,12,4,120.624049,24.233858,2
8555,66000,387130000C,(04)23274275,(04)23288582,2025,03,22,7,55,臺中市,外埔區,0,1,0,7,3,6,50,3,1,1,5,4,6,6,4,4,10,5,5,2,11,2,9,1,4,F04,7,9,7,21,2,11,,4,4,1,12,4,120.633798,24.327997,2
8556,66000,387130000C,(04)23274275,(04)23288582,2025,03,22,7,58,臺中市,西區,0,1,0,7,2,6,50,5,2,1,5,4,6,6,2,1,1,4,5,1,18,2,9,2,1,C03,7,6,1,10,8,12,,53,53,1,13,4,120.669626,24.151428,2
8557,66000,387130000C,(04)23274275,(04)23288582,2025,03,22,8,11,臺中市,南屯區,0,0,0,7,,,50,,,,,,,,,,,,,,,,,,,B03,,,1,,1,,,8,8,1,6,4,120.623141,24.145201,3
8558,66000,387130000C,(04)23274275,(04)23288582,2025,03,22,8,14,臺中市,北屯區,0,0,0,7,,,30,,,,,,,,,,,,,,,,,,,B03,,,3,,9,,,49,49,1,13,4,120.70033,24.175193,3
8559,66000,387130000C,(04)23274275,(04)23288582,2025,03,22,8,15,臺中市,南區,0,0,0,7,,,50,,,,,,,,,,,,,,,,,,,B03,,,1,,2,,,8,8,1,12,4,120.653261,24.117031,3
8560,66000,387130000C,(04)23274275,(04)23288582,2025,03,22,8,15,臺中市,新社區,0,2,0,7,2,6,50,13,9,1,5,4,6,6,4,4,5,5,5,1,12,2,9,6,4,F01,7,8,7,21,2,14,,85,85,1,12,4,120.805527,24.236808,2
8561,66000,387130000C,(04)23274275,(04)23288582,2025,03,22,8,16,臺中市,梧棲區,0,1,0,7,3,6,30,4,1,1,5,4,6,6,4,4,10,5,5,2,15,2,9,4,1,F01,7,9,7,21,2,14,,20,20,1,6,4,120.545249,24.248532,2
8562,66000,387130000C,(04)23274275,(04)23288582,2025,03,22,8,18,臺中市,梧棲區,0,1,0,7,3,6,60,13,9,1,5,4,1,6,4,4,1,4,5,1,16,3,10,3,1,B03,7,1,1,8,2,6,,51,51,1,6,4,120.540181,24.259919,2
8563,66000,387130000C,(04)23274275,(04)23288582,2025,03,22,8,24,臺中市,烏日區,0,0,0,7,,,50,,,,,,,,,,,,,,16,,,,,B03,,,1,,2,,,23,23,1,6,4,120.646139,24.068665,3
8564,66000,387130000C,(04)23274275,(04)23288582,2025,03,22,8,25,臺中市,西區,0,2,0,7,2,6,50,4,1,1,5,4,6,6,4,4,10,5,5,2,15,2,9,2,1,C03,7,9,1,10,2,11,,15,15,1,12,4,120.671408,24.135509,2
8565,66000,387130000C,(04)23274275,(04)23288582,2025,03,22,8,28,臺中市,潭子區,0,2,0,7,2,6,50,4,1,1,5,4,6,6,2,1,1,1,4,1,13,2,9,1,1,C03,7,9,1,10,2,11,,84,84,1,13,4,120.700458,24.216123,2
8566,66000,387130000C,(04)23274275,(04)23288582,2025,03,22,8,29,臺中市,大雅區,0,0,0,7,,,50,,,,,,,,,,,,,,,,,,,B03,,,1,,2,,,11,11,1,12,4,120.631087,24.211072,3
8567,66000,387130000C,(04)23274275,(04)23288582,2025,03,22,8,37,臺中市,東勢區,0,1,0,7,2,6,50,4,2,1,5,4,6,6,4,4,5,5,5,1,17,3,10,5,4,B03,7,6,1,8,2,5,,4,4,1,12,4,120.76265,24.284764,2
8568,66000,387130000C,(04)23274275,(04)23288582,2025,03,22,8,38,臺中市,后里區,0,0,0,7,,,30,,,,,,,,,,,,,,12,,,,,B03,,,1,,2,,,83,83,1,12,4,120.716865,24.30479,3
8569,66000,387130000C,(04)23274275,(04)23288582,2025,03,22,8,40,臺中市,北區,0,2,0,7,2,6,50,4,1,1,5,4,6,6,1,1,3,4,4,2,13,2,9,1,1,C03,7,9,1,10,2,11,14,7,7,1,13,4,120.679905,24.152361,2
8570,66000,387130000C,(04)23274275,(04)23288582,2025,03,22,8,45,臺中市,大雅區,0,0,0,7,,,0,,,,,,,,,,,,,,,,,,,B03,,,1,,2,,,84,84,1,12,4,120.648221,24.222587,3
8571,66000,387130000C,(04)23274275,(04)23288582,2025,03,22,8,45,臺中市,沙鹿區,0,1,0,7,2,6,50,13,9,1,5,4,6,6,4,4,5,5,5,2,18,2,9,1,1,C03,7,9,1,10,2,12,,54,54,1,13,4,120.563915,24.236482,2
8572,66000,387130000C,(04)23274275,(04)23288582,2025,03,22,8,47,臺中市,豐原區,0,1,0,7,2,6,40,4,1,1,5,4,6,6,1,1,5,5,4,2,12,2,9,5,4,C03,7,6,1,10,2,14,,48,48,1,13,4,120.705954,24.254439,2
8573,66000,387130000C,(04)23274275,(04)23288582,2025,03,22,8,50,臺中市,潭子區,0,0,0,7,,,30,,,,,,,,,,,,,,,,,,,B03,,,1,,2,,,49,49,1,12,4,120.686694,24.233982,3
8574,66000,387130000C,(04)23274275,(04)23288582,2025,03,22,8,51,臺中市,大雅區,0,1,0,7,3,6,50,13,7,1,5,4,6,6,4,4,5,5,4,1,17,2,9,2,1,C03,7,11,1,10,2,11,,32,32,1,12,4,120.643294,24.219955,2
8575,66000,387130000C,(04)23274275,(04)23288582,2025,03,22,8,52,臺中市,南屯區,0,0,0,7,,,50,,,,,,,,,,,,,,13,,,,,C03,,,1,,1,,,7,7,1,12,4,120.624345,24.148883,3
8576,66000,387130000C,(04)23274275,(04)23288582,2025,03,22,8,54,臺中市,大里區,0,0,0,7,,,30,,,,,,,,,,,,,,13,,,,,C03,,,1,,2,,,7,7,1,6,4,120.700284,24.11846,3
8577,66000,387130000C,(04)23274275,(04)23288582,2025,03,22,8,55,臺中市,太平區,0,2,0,7,2,6,50,13,7,1,5,4,6,6,4,4,9,4,4,1,17,3,10,1,1,C03,7,11,5,8,2,14,,39,39,1,12,4,120.723689,24.133889,2
8578,66000,387130000C,(04)23274275,(04)23288582,2025,03,22,8,58,臺中市,西區,0,0,0,7,,,50,,,,,,,,,,,,,,17,,,,,B03,,,1,,1,,,40,40,1,12,4,120.65748,24.142848,3
8579,66000,387130000C,(04)23274275,(04)23288582,2025,03,22,9,2,臺中市,大里區,0,1,0,7,2,6,50,13,9,1,5,4,6,6,4,4,5,5,5,2,17,3,10,3,1,B03,7,1,1,8,2,8,,51,51,1,13,4,120.699775,24.092082,2
8580,66000,387130000C,(04)23274275,(04)23288582,2025,03,22,9,2,臺中市,外埔區,0,3,0,7,3,6,50,3,2,1,5,4,6,6,4,4,9,5,5,1,16,2,9,5,4,F01,7,5,7,21,2,15,,42,42,1,12,4,120.63076,24.333979,2
8581,66000,387130000C,(04)23274275,(04)23288582,2025,03,22,9,3,臺中市,新社區,0,0,0,7,,,30,,,,,,,,,,,,,,,,,,,B03,,,1,,1,,,84,84,1,12,4,120.797525,24.202849,3
8582,66000,387130000C,(04)23274275,(04)23288582,2025,03,22,9,9,臺中市,西區,0,0,0,7,,,50,,,,,,,,,,,,,,12,,,,,B03,,,1,,2,,,8,8,1,13,4,120.667036,24.148738,3
8583,66000,387130000C,(04)23274275,(04)23288582,2025,03,22,9,16,臺中市,西屯區,0,0,0,7,,,50,,,,,,,,,,,,,,13,,,,,C03,,,1,,2,,,7,7,1,13,4,120.649735,24.16304,3
8584,66000,387130000C,(04)23274275,(04)23288582,2025,03,22,9,19,臺中市,大甲區,0,0,0,7,,,50,,,,,,,,,,,,,,14,,,,,B03,,,1,,2,,,49,49,1,12,4,120.641579,24.403353,3
8585,66000,387130000C,(04)23274275,(04)23288582,2025,03,22,9,20,臺中市,西區,0,0,0,7,,,30,,,,,,,,,,,,,,,,,,,B03,,,1,,1,,,84,84,1,12,4,120.661799,24.15227,3
8586,66000,387130000C,(04)23274275,(04)23288582,2025,03,22,9,24,臺中市,龍井區,0,2,0,7,3,6,50,13,7,1,5,4,6,6,1,1,1,2,4,2,13,2,8,1,1,C03,7,9,1,10,2,11,,7,7,1,6,4,120.546948,24.199033,2
8587,66000,387130000C,(04)23274275,(04)23288582,2025,03,22,9,25,臺中市,沙鹿區,0,0,0,7,,,40,,,,,,,,,,,,,,,,,,,C03,,,1,,2,,,71,71,1,13,4,120.566385,24.234811,3
8588,66000,387130000C,(04)23274275,(04)23288582,2025,03,22,9,27,臺中市,烏日區,0,3,0,7,2,6,50,13,7,1,5,4,6,6,4,4,9,4,4,2,13,2,9,3,1,B03,7,9,1,8,2,1,,7,7,1,6,4,120.64185,24.106854,2
8589,66000,387130000C,(04)23274275,(04)23288582,2025,03,22,9,28,臺中市,西屯區,0,1,0,7,2,6,40,4,2,1,5,4,6,6,2,1,1,4,1,2,13,2,9,1,1,C03,7,9,1,10,2,11,,7,7,1,13,4,120.657673,24.158085,2
8590,66000,387130000C,(04)23274275,(04)23288582,2025,03,22,9,30,臺中市,大雅區,0,0,0,7,,,50,,,,,,,,,,,,,,,,,,,C03,,,1,,1,,,7,7,1,12,4,120.65368,24.221643,3
8591,66000,387130000C,(04)23274275,(04)23288582,2025,03,22,9,35,臺中市,大雅區,0,0,0,7,,,50,,,,,,,,,,,,,,,,,,,B03,,,1,,1,,,40,40,1,12,4,120.661266,24.219256,3
8592,66000,387130000C,(04)23274275,(04)23288582,2025,03,22,9,36,臺中市,神岡區,0,1,0,7,2,6,50,13,9,1,5,4,6,6,4,4,9,5,5,1,16,3,10,3,1,B03,7,6,1,8,2,8,,48,48,1,12,4,120.659855,24.267691,2
8593,66000,387130000C,(04)23274275,(04)23288582,2025,03,22,9,37,臺中市,大雅區,0,0,0,7,,,50,,,,,,,,,,,,,,,,,,,B03,,,1,,1,,,7,7,1,12,4,120.667651,24.215504,4
8594,66000,387130000C,(04)23274275,(04)23288582,2025,03,22,9,37,臺中市,北屯區,0,0,0,7,,,50,,,,,,,,,,,,,,12,,,,,B03,,,1,,1,,,8,8,1,13,4,120.730446,24.176908,3
8595,66000,387130000C,(04)23274275,(04)23288582,2025,03,22,9,39,臺中市,北區,0,2,0,7,3,6,50,13,8,1,5,4,6,6,4,4,3,2,4,2,17,2,9,5,4,C03,7,1,1,10,2,14,,51,51,1,13,4,120.694645,24.154757,2
8596,66000,387130000C,(04)23274275,(04)23288582,2025,03,22,9,39,臺中市,南區,0,0,0,7,,,50,,,,,,,,,,,,,,12,,,,,B12,,,1,,1,,,8,8,1,12,4,120.674485,24.130838,3