﻿序號,縣市別代碼,機關代碼,市話,傳真,年,月,日,時,分,縣市,區,死亡數量,受傷數量,2-30,天候,道路照明設備,道路類別,道路速限,道路型態,事故位置,路面鋪裝,路面狀態,路面缺陷,障礙物,視距,號誌種類,號誌動作,分向設施,快車道或一般車道間,快慢車道間,路面邊線,事故類型及型態,受傷程度,主要傷處,保護裝備,行動電話或功能裝置,當事者區分_類別,車輛用途,當事者行動狀態,駕照狀態,駕照種類,飲酒情形,車輛撞擊部位最初,車輛撞擊部位其他,肇事因素個別,肇事因素主要,肇事逃逸,職業,共享經濟或外送平台,GPS座標X,GPS座標Y,事故類別
8709,66000,387130000C,(04)23274275,(04)23288582,2025,03,22,13,25,臺中市,東區,0,0,0,7,,,50,,,,,,,,,,,,,,,,,,,B03,,,1,,1,,,8,8,1,6,4,120.701029,24.144602,3
8710,66000,387130000C,(04)23274275,(04)23288582,2025,03,22,13,25,臺中市,沙鹿區,0,0,0,7,,,50,,,,,,,,,,,,,,17,,,,,A12,,,1,,2,,,71,71,1,13,4,120.571239,24.216426,3
8711,66000,387130000C,(04)23274275,(04)23288582,2025,03,22,13,30,臺中市,烏日區,0,0,0,7,,,30,,,,,,,,,,,,,,12,,,,,B03,,,1,,1,,,8,8,1,6,4,120.616381,24.112205,3
8712,66000,387130000C,(04)23274275,(04)23288582,2025,03,22,13,37,臺中市,沙鹿區,0,2,0,7,2,6,50,4,1,1,5,4,6,6,1,1,10,5,5,2,16,3,10,3,1,B03,7,6,1,8,2,5,,11,11,1,12,4,120.600333,24.256147,2
8713,66000,387130000C,(04)23274275,(04)23288582,2025,03,22,13,39,臺中市,東區,0,1,0,7,1,6,50,4,1,1,5,4,6,6,1,1,9,4,5,2,12,3,10,3,1,B03,7,11,1,8,2,4,,45,45,1,12,4,120.691203,24.134727,2
8714,66000,387130000C,(04)23274275,(04)23288582,2025,03,22,13,43,臺中市,西屯區,0,1,0,7,2,6,60,3,1,1,5,4,6,6,4,4,5,4,5,2,16,3,10,3,1,B03,7,6,1,8,2,5,,14,14,1,12,4,120.620763,24.186865,2
8715,66000,387130000C,(04)23274275,(04)23288582,2025,03,22,13,45,臺中市,沙鹿區,0,1,0,7,2,6,50,13,7,1,5,4,6,6,4,4,5,4,4,2,17,2,9,1,1,C03,7,8,1,10,2,11,,7,7,1,13,4,120.561513,24.242472,2
8716,66000,387130000C,(04)23274275,(04)23288582,2025,03,22,13,49,臺中市,西屯區,0,2,0,7,2,6,30,4,1,1,5,4,6,6,4,4,5,5,5,1,15,2,9,1,1,C03,7,9,1,10,2,12,,12,12,1,12,4,120.62207,24.201789,2
8717,66000,387130000C,(04)23274275,(04)23288582,2025,03,22,13,50,臺中市,大里區,0,2,0,7,2,6,50,11,9,1,5,4,6,6,4,4,5,5,5,1,18,2,9,2,1,C03,7,9,1,10,2,14,,84,84,1,13,4,120.701897,24.088824,2
8718,66000,387130000C,(04)23274275,(04)23288582,2025,03,22,13,55,臺中市,太平區,0,2,0,7,2,6,30,4,1,1,5,4,6,6,4,4,10,5,5,2,15,2,7,1,1,C03,7,9,1,10,2,11,,15,15,1,12,4,120.721051,24.134094,2
8719,66000,387130000C,(04)23274275,(04)23288582,2025,03,22,14,0,臺中市,南屯區,0,0,0,7,,,50,,,,,,,,,,,,,,,,,,,B03,,,1,,1,,,7,7,1,13,4,120.649983,24.133345,3
8720,66000,387130000C,(04)23274275,(04)23288582,2025,03,22,14,0,臺中市,北屯區,0,0,0,7,,,30,,,,,,,,,,,,,,17,,,,,B03,,,1,,1,,,51,51,1,13,4,120.688727,24.176169,3
8721,66000,387130000C,(04)23274275,(04)23288582,2025,03,22,14,1,臺中市,南屯區,0,0,0,7,,,40,,,,,,,,,,,,,,17,,,,,B03,,,1,,1,,,51,51,1,12,4,120.647904,24.148996,3
8722,66000,387130000C,(04)23274275,(04)23288582,2025,03,22,14,1,臺中市,西屯區,0,1,0,7,2,6,50,13,9,1,5,4,6,6,4,4,8,5,5,1,12,2,9,5,4,C03,7,9,1,10,2,13,,8,8,1,13,4,120.642566,24.177595,2
8723,66000,387130000C,(04)23274275,(04)23288582,2025,03,22,14,10,臺中市,沙鹿區,0,0,0,7,,,50,,,,,,,,,,,,,,12,,,,,B03,,,1,,2,,,40,40,1,13,4,120.56972,24.239776,3
8724,66000,387130000C,(04)23274275,(04)23288582,2025,03,22,14,13,臺中市,西區,0,0,0,7,,,50,,,,,,,,,,,,,,,,,,,B03,,,1,,1,,,40,40,1,12,4,120.666036,24.140326,3
8725,66000,387130000C,(04)23274275,(04)23288582,2025,03,22,14,18,臺中市,中區,0,0,0,7,,,50,,,,,,,,,,,,,,13,,,,,B03,,,1,,1,,,59,59,1,13,4,120.682863,24.143654,3
8726,66000,387130000C,(04)23274275,(04)23288582,2025,03,22,14,20,臺中市,大甲區,0,0,0,7,,,30,,,,,,,,,,,,,,,,,,,B03,,,1,,2,,,84,84,1,6,4,120.637233,24.355959,3
8727,66000,387130000C,(04)23274275,(04)23288582,2025,03,22,14,21,臺中市,清水區,0,1,0,7,3,6,50,13,8,1,5,3,6,6,4,4,5,5,4,2,12,2,8,2,1,C03,7,9,1,10,7,12,,58,58,1,12,4,120.556897,24.281012,2
8728,66000,387130000C,(04)23274275,(04)23288582,2025,03,22,14,25,臺中市,大肚區,0,1,0,7,3,6,50,11,9,1,5,4,6,6,4,4,5,5,5,2,18,2,9,2,1,F01,7,6,7,21,2,14,,82,82,1,3,4,120.557527,24.161075,2
8729,66000,387130000C,(04)23274275,(04)23288582,2025,03,22,14,28,臺中市,南屯區,0,0,0,7,,,50,,,,,,,,,,,,,,13,,,,,B03,,,1,,1,,,7,7,1,12,4,120.634245,24.143113,3
8730,66000,387130000C,(04)23274275,(04)23288582,2025,03,22,14,29,臺中市,霧峰區,0,0,0,7,,,50,,,,,,,,,,,,,,19,,,,,B03,,,5,,2,,,55,55,1,13,4,120.692976,24.038773,3
8731,66000,387130000C,(04)23274275,(04)23288582,2025,03,22,14,29,臺中市,太平區,0,0,0,7,,,50,,,,,,,,,,,,,,,,,,,,,,,,,,,119,119,1,,,120.731133,24.112593,3
8732,66000,387130000C,(04)23274275,(04)23288582,2025,03,22,14,34,臺中市,霧峰區,0,2,0,7,2,6,30,11,9,1,5,4,6,6,4,4,5,5,5,1,11,2,9,2,1,C03,7,9,1,10,2,14,,41,41,1,13,4,120.690645,24.024755,2
8733,66000,387130000C,(04)23274275,(04)23288582,2025,03,22,14,38,臺中市,西屯區,0,0,0,7,2,6,40,3,1,1,5,4,6,6,4,4,10,4,5,2,16,,,,,B03,,,1,,2,,,12,12,1,13,4,120.637493,24.170552,3
8734,66000,387130000C,(04)23274275,(04)23288582,2025,03,22,14,38,臺中市,西屯區,0,1,0,7,2,6,60,11,9,1,5,4,6,6,4,4,3,4,5,1,18,2,9,2,1,C03,7,9,1,10,2,14,,87,87,1,12,4,120.596864,24.191162,2
8735,66000,387130000C,(04)23274275,(04)23288582,2025,03,22,14,38,臺中市,大里區,0,0,0,7,,,60,,,,,,,,,,,,,,17,,,,,B03,,,1,,2,,,8,8,1,6,4,120.677935,24.103767,3
8736,66000,387130000C,(04)23274275,(04)23288582,2025,03,22,14,38,臺中市,太平區,0,0,0,7,,,50,,,,,,,,,,,,,,,,,,,B03,,,1,,2,,,58,58,1,12,4,120.714685,24.14917,3
8737,66000,387130000C,(04)23274275,(04)23288582,2025,03,22,14,40,臺中市,西屯區,0,0,0,7,,,40,,,,,,,,,,,,,,12,,,,,B03,,,1,,2,,,40,40,1,12,4,120.637998,24.170436,3
8738,66000,387130000C,(04)23274275,(04)23288582,2025,03,22,14,44,臺中市,北區,0,0,0,7,,,50,,,,,,,,,,,,,,13,,,,,C03,,,1,,1,,,7,7,1,13,4,120.676409,24.163381,3
8739,66000,387130000C,(04)23274275,(04)23288582,2025,03,22,14,44,臺中市,烏日區,0,1,0,6,2,6,50,13,9,1,5,4,6,6,4,4,1,4,5,2,13,2,1,3,1,B03,7,9,1,8,2,1,,7,7,1,6,4,120.651932,24.099365,2
8740,66000,387130000C,(04)23274275,(04)23288582,2025,03,22,14,45,臺中市,西屯區,0,0,0,7,,,40,,,,,,,,,,,,,,17,,,,,,,,,,,,,119,119,1,,,120.653215,24.168994,3
8741,66000,387130000C,(04)23274275,(04)23288582,2025,03,22,14,51,臺中市,南區,0,0,0,7,,,50,,,,,,,,,,,,,,,,,,,B03,,,1,,9,,,51,51,1,13,4,120.674461,24.124641,3
8742,66000,387130000C,(04)23274275,(04)23288582,2025,03,22,14,53,臺中市,東區,0,0,0,7,,,50,,,,,,,,,,,,,,13,,,,,B03,,,1,,1,,,84,84,1,12,4,120.6946,24.147405,3
8743,66000,387130000C,(04)23274275,(04)23288582,2025,03,22,15,0,臺中市,南區,0,0,0,7,,,50,,,,,,,,,,,,,,,,,,,B01,,,1,,1,,,8,8,1,6,4,120.656402,24.124412,3
8744,66000,387130000C,(04)23274275,(04)23288582,2025,03,22,15,0,臺中市,南屯區,0,0,0,7,,,50,,,,,,,,,,,,,,15,,,,,B03,,,1,,1,,,24,24,1,12,4,120.640335,24.140912,3
8745,66000,387130000C,(04)23274275,(04)23288582,2025,03,22,15,1,臺中市,東區,0,1,0,7,1,6,50,4,1,1,5,4,6,6,1,1,10,5,5,2,17,2,9,1,1,C03,7,9,1,10,1,11,,21,21,1,12,4,120.697165,24.136996,2
8746,66000,387130000C,(04)23274275,(04)23288582,2025,03,22,15,1,臺中市,后里區,0,2,0,7,2,6,50,13,7,1,5,4,6,6,4,4,1,4,5,1,12,2,8,1,1,C03,7,10,1,10,2,14,,40,40,1,12,4,120.722765,24.309725,2
8747,66000,387130000C,(04)23274275,(04)23288582,2025,03,22,15,10,臺中市,霧峰區,0,1,0,7,2,6,50,4,1,1,5,4,6,6,1,1,10,5,5,2,17,3,10,3,1,B03,7,9,1,8,2,5,,84,84,1,13,4,120.695205,24.05961,2
8748,66000,387130000C,(04)23274275,(04)23288582,2025,03,22,15,15,臺中市,大雅區,0,1,0,7,1,6,50,3,1,1,5,4,6,6,1,1,5,5,5,1,17,3,10,3,1,B03,7,9,1,8,2,2,,84,84,1,13,4,120.649425,24.224451,2
8749,66000,387130000C,(04)23274275,(04)23288582,2025,03,22,15,15,臺中市,沙鹿區,0,1,0,7,2,6,50,4,1,1,5,4,6,6,4,4,10,5,5,2,18,2,8,1,1,C03,7,14,1,10,2,14,,82,82,1,12,4,120.564519,24.225261,2
8750,66000,387130000C,(04)23274275,(04)23288582,2025,03,22,15,16,臺中市,太平區,0,0,0,7,,,50,,,,,,,,,,,,,,17,,,,,C03,,,1,,2,,,8,8,1,12,4,120.718447,24.102544,3
8751,66000,387130000C,(04)23274275,(04)23288582,2025,03,22,15,17,臺中市,北屯區,0,0,0,7,,,50,,,,,,,,,,,,,,,,,,,B03,,,1,,1,,,51,51,1,13,4,120.701831,24.182039,3
8752,66000,387130000C,(04)23274275,(04)23288582,2025,03,22,15,19,臺中市,西區,0,0,0,7,,,50,,,,,,,,,,,,,,13,,,,,B03,,,1,8,1,,,84,84,1,13,4,120.65907,24.155745,3
8753,66000,387130000C,(04)23274275,(04)23288582,2025,03,22,15,19,臺中市,北區,0,1,0,7,2,6,50,13,9,1,5,4,6,4,4,4,5,4,5,2,13,3,10,3,1,B03,7,9,1,4,2,5,,59,59,1,6,4,120.682207,24.158824,2
8754,66000,387130000C,(04)23274275,(04)23288582,2025,03,22,15,19,臺中市,西屯區,0,1,0,7,2,6,40,4,1,1,5,4,6,6,2,1,10,5,5,2,16,2,9,1,1,C03,7,6,1,10,2,11,,48,48,1,13,4,120.666745,24.171727,2
8755,66000,387130000C,(04)23274275,(04)23288582,2025,03,22,15,22,臺中市,大里區,0,1,0,7,3,6,50,4,2,1,5,4,6,6,1,1,5,5,5,1,13,2,1,1,1,F02,7,9,7,21,2,11,,59,59,1,12,4,120.701576,24.099518,2
8756,66000,387130000C,(04)23274275,(04)23288582,2025,03,22,15,24,臺中市,沙鹿區,0,1,0,7,2,6,50,13,9,1,5,4,6,6,4,4,5,5,5,2,17,2,9,1,1,C03,7,9,5,19,2,14,,43,43,1,13,4,120.557413,24.234242,2
8757,66000,387130000C,(04)23274275,(04)23288582,2025,03,22,15,30,臺中市,南屯區,0,1,0,7,1,6,50,13,9,1,5,4,6,6,4,4,9,5,5,2,12,3,10,5,4,B03,7,13,1,8,2,8,,76,76,1,13,4,120.647775,24.1426,2
8758,66000,387130000C,(04)23274275,(04)23288582,2025,03,22,15,30,臺中市,北屯區,0,0,0,7,,,50,,,,,,,,,,,,,,13,,,,,B02,,,1,,1,,,59,59,1,6,4,120.728441,24.171506,3
8759,66000,387130000C,(04)23274275,(04)23288582,2025,03,22,15,32,臺中市,太平區,0,1,0,7,2,6,50,4,1,1,5,4,6,6,3,1,10,5,5,2,17,3,10,3,1,B03,7,5,1,8,2,6,,20,20,1,12,4,120.71596,24.134414,2
8760,66000,387130000C,(04)23274275,(04)23288582,2025,03,22,15,35,臺中市,北屯區,0,0,0,7,,,50,,,,,,,,,,,,,,14,,,,,B03,,,1,,1,,,49,49,1,12,4,120.715183,24.174074,3
8761,66000,387130000C,(04)23274275,(04)23288582,2025,03,22,15,36,臺中市,北區,0,0,0,7,,,50,,,,,,,,,,,,,,14,,,,,B03,,,1,,2,,,49,49,1,12,4,120.670665,24.163573,3
8762,66000,387130000C,(04)23274275,(04)23288582,2025,03,22,15,38,臺中市,大雅區,0,1,0,7,1,6,50,13,9,1,5,4,6,6,4,4,5,5,5,1,13,2,8,1,1,C03,7,9,1,10,2,14,,7,7,1,12,4,120.646384,24.212277,2
8763,66000,387130000C,(04)23274275,(04)23288582,2025,03,22,15,43,臺中市,北屯區,0,0,0,7,,,50,,,,,,,,,,,,,,12,,,,,B03,,,1,,1,,,84,84,1,6,4,120.666316,24.190756,3
8764,66000,387130000C,(04)23274275,(04)23288582,2025,03,22,15,45,臺中市,西區,0,3,0,7,2,6,50,4,1,1,5,4,6,6,2,1,5,5,5,1,15,2,9,2,1,C03,7,9,1,10,2,11,,85,85,1,13,4,120.67364,24.152201,2
8765,66000,387130000C,(04)23274275,(04)23288582,2025,03,22,15,45,臺中市,西區,0,0,0,7,,,50,,,,,,,,,,,,,,,,,,,C03,,,1,,1,,,84,84,1,12,4,120.668745,24.148793,4
8766,66000,387130000C,(04)23274275,(04)23288582,2025,03,22,15,50,臺中市,太平區,0,0,0,7,,,40,,,,,,,,,,,,,,17,,,,,B03,,,1,,2,,,50,50,1,5,4,120.720891,24.107287,3
8767,66000,387130000C,(04)23274275,(04)23288582,2025,03,22,15,52,臺中市,北區,0,0,0,7,3,9,50,18,9,1,5,4,6,6,4,4,5,5,5,2,17,,,,,C03,,,1,,1,,,85,85,1,13,4,120.685481,24.152631,3
8768,66000,387130000C,(04)23274275,(04)23288582,2025,03,22,15,53,臺中市,西區,0,2,0,7,2,6,50,4,1,1,5,4,6,6,2,1,1,4,4,2,16,2,9,2,1,C03,7,5,1,10,2,12,,84,84,1,12,4,120.657375,24.146713,2
8769,66000,387130000C,(04)23274275,(04)23288582,2025,03,22,15,53,臺中市,西區,0,0,0,7,,,50,,,,,,,,,,,,,,,,,,,B03,,,1,,1,,,84,84,1,12,4,120.655325,24.135175,3
8770,66000,387130000C,(04)23274275,(04)23288582,2025,03,22,15,55,臺中市,南屯區,0,0,0,7,,,50,,,,,,,,,,,,,,17,,,,,B03,,,1,,2,,,59,59,1,12,4,120.623146,24.150402,3
8771,66000,387130000C,(04)23274275,(04)23288582,2025,03,22,16,2,臺中市,中區,0,1,0,7,2,6,50,4,1,1,5,4,6,6,1,1,10,5,5,2,3,3,10,5,4,B03,7,9,1,8,2,1,,84,84,1,13,4,120.679867,24.139342,2
8772,66000,387130000C,(04)23274275,(04)23288582,2025,03,22,16,10,臺中市,豐原區,0,1,0,7,2,6,50,4,1,1,5,4,6,6,1,1,1,2,4,1,16,3,10,5,4,B03,7,5,1,8,2,2,,47,47,1,13,4,120.713077,24.262224,2
8773,66000,387130000C,(04)23274275,(04)23288582,2025,03,22,16,12,臺中市,太平區,0,0,0,7,,,50,,,,,,,,,,,,,,,,,,,,,,,,,,,86,86,1,,,120.727126,24.156537,3
8774,66000,387130000C,(04)23274275,(04)23288582,2025,03,22,16,12,臺中市,梧棲區,0,1,0,7,3,6,60,13,8,1,5,4,6,6,4,4,1,4,1,1,13,2,8,1,1,C03,7,9,5,10,2,11,,59,59,1,12,4,120.541251,24.262046,2
8775,66000,387130000C,(04)23274275,(04)23288582,2025,03,22,16,20,臺中市,太平區,0,0,0,7,,,50,,,,,,,,,,,,,,,,,,,B03,,,1,,2,,,57,57,1,12,4,120.733937,24.15586,3
8776,66000,387130000C,(04)23274275,(04)23288582,2025,03,22,16,22,臺中市,西屯區,0,1,0,7,2,6,50,13,9,1,5,4,6,6,1,1,5,2,4,2,12,3,10,2,1,C03,7,1,1,10,9,12,,51,51,2,12,4,120.624383,24.178531,2
8777,66000,387130000C,(04)23274275,(04)23288582,2025,03,22,16,30,臺中市,西區,0,0,0,7,,,50,,,,,,,,,,,,,,,,,,,B03,,,1,,9,,,84,84,2,13,4,120.654281,24.14811,3
8778,66000,387130000C,(04)23274275,(04)23288582,2025,03,22,16,30,臺中市,大里區,0,0,0,7,,,50,,,,,,,,,,,,,,13,,,,,C03,,,1,,2,,,59,59,1,13,4,120.689046,24.093439,3
8779,66000,387130000C,(04)23274275,(04)23288582,2025,03,22,16,36,臺中市,西屯區,0,1,0,7,1,6,50,13,9,1,5,4,6,6,4,4,5,4,5,2,18,2,9,1,1,C03,7,9,1,10,2,16,,84,84,1,12,4,120.63727,24.176111,2
8780,66000,387130000C,(04)23274275,(04)23288582,2025,03,22,16,39,臺中市,北屯區,0,0,0,7,2,6,50,13,9,1,5,4,6,6,4,4,10,5,5,2,17,3,10,5,4,B12,7,15,1,8,1,4,,76,76,1,12,4,120.677591,24.174734,3
8781,66000,387130000C,(04)23274275,(04)23288582,2025,03,22,16,40,臺中市,中區,0,1,0,7,2,6,50,4,1,1,5,4,6,6,2,1,5,4,5,1,15,3,10,2,1,C03,7,9,1,10,2,13,,21,21,1,13,4,120.678328,24.144765,2
8782,66000,387130000C,(04)23274275,(04)23288582,2025,03,22,16,43,臺中市,西屯區,0,0,0,7,,,40,,,,,,,,,,,,,,15,,,,,C03,,,1,,1,,,51,51,1,12,4,120.648393,24.168105,3
8783,66000,387130000C,(04)23274275,(04)23288582,2025,03,22,16,43,臺中市,后里區,0,4,0,7,2,6,50,4,1,1,5,4,6,6,1,1,5,5,5,1,15,2,9,2,1,C02,7,9,1,9,2,14,,21,21,1,12,4,120.707923,24.316514,2
8784,66000,387130000C,(04)23274275,(04)23288582,2025,03,22,16,44,臺中市,東勢區,0,2,0,7,2,6,30,13,9,1,5,4,6,6,4,4,10,5,5,2,10,2,9,2,4,C03,7,9,1,10,2,11,,85,85,1,12,4,120.833895,24.232024,2
8785,66000,387130000C,(04)23274275,(04)23288582,2025,03,22,16,49,臺中市,西區,0,0,0,7,,,50,,,,,,,,,,,,,,,,,,,B03,,,1,,1,,,8,8,1,13,4,120.665442,24.155844,3
8786,66000,387130000C,(04)23274275,(04)23288582,2025,03,22,16,49,臺中市,西屯區,0,2,0,7,2,6,40,13,7,1,5,4,6,6,4,4,5,4,4,2,17,2,9,1,1,C03,7,1,1,10,2,11,,51,51,1,12,4,120.652646,24.176464,2
8787,66000,387130000C,(04)23274275,(04)23288582,2025,03,22,16,50,臺中市,神岡區,0,1,0,7,3,6,40,3,1,1,5,4,6,6,1,1,5,4,4,1,16,2,9,1,1,C03,7,6,1,10,2,13,,39,39,1,13,4,120.703497,24.262101,2
8788,66000,387130000C,(04)23274275,(04)23288582,2025,03,22,16,51,臺中市,南區,0,0,0,7,,,50,,,,,,,,,,,,,,16,,,,,B03,,,1,,1,,,11,11,1,6,4,120.657407,24.125094,3
8789,66000,387130000C,(04)23274275,(04)23288582,2025,03,22,16,51,臺中市,南屯區,0,0,0,7,,,60,,,,,,,,,,,,,,17,,,,,B12,,,1,,1,,,59,59,1,6,4,120.629754,24.147569,3
8790,66000,387130000C,(04)23274275,(04)23288582,2025,03,22,16,54,臺中市,大里區,0,2,0,7,3,6,50,4,1,1,5,4,6,6,4,4,1,4,5,2,12,3,10,3,1,B03,7,5,1,8,2,2,,47,47,1,6,4,120.687414,24.095027,2
8791,66000,387130000C,(04)23274275,(04)23288582,2025,03,22,16,55,臺中市,南屯區,0,1,0,7,2,6,50,13,9,1,5,4,6,6,4,4,9,5,5,2,17,3,10,3,1,B03,7,1,1,8,2,4,,51,51,1,13,4,120.627115,24.145365,2
8792,66000,387130000C,(04)23274275,(04)23288582,2025,03,22,16,56,臺中市,西區,0,0,0,7,,,40,,,,,,,,,,,,,,,,,,,B03,,,1,,2,,,11,11,1,12,4,120.672911,24.148433,3
8793,66000,387130000C,(04)23274275,(04)23288582,2025,03,22,16,56,臺中市,西屯區,0,2,0,7,2,6,50,3,1,1,5,4,6,6,4,4,10,5,5,2,16,2,9,2,1,C03,7,6,1,10,2,14,,14,14,1,12,4,120.615182,24.182385,2
8794,66000,387130000C,(04)23274275,(04)23288582,2025,03,22,16,58,臺中市,龍井區,0,0,0,7,,,30,,,,,,,,,,,,,,17,,,,,B03,,,1,,2,,,20,20,1,6,4,120.528721,24.178951,3
8795,66000,387130000C,(04)23274275,(04)23288582,2025,03,22,17,0,臺中市,北屯區,0,4,0,7,1,6,50,13,9,1,5,4,6,6,4,4,3,4,5,2,13,2,9,3,1,B03,7,9,5,19,9,1,,53,53,1,13,4,120.715633,24.164134,2
8796,66000,387130000C,(04)23274275,(04)23288582,2025,03,22,17,2,臺中市,東區,0,0,0,7,,,40,,,,,,,,,,,,,,,,,,,B03,,,1,,1,,,85,85,1,13,4,120.694349,24.1493,3
8797,66000,387130000C,(04)23274275,(04)23288582,2025,03,22,17,4,臺中市,太平區,0,2,0,7,2,6,50,13,9,1,5,4,6,6,1,1,5,5,5,1,13,2,9,2,1,C03,7,9,1,10,2,11,,7,7,1,6,4,120.721502,24.119897,2
8798,66000,387130000C,(04)23274275,(04)23288582,2025,03,22,17,5,臺中市,西區,0,0,0,7,,,50,,,,,,,,,,,,,,13,,,,,B03,,,1,,1,,,7,7,1,12,4,120.661807,24.153036,3
8799,66000,387130000C,(04)23274275,(04)23288582,2025,03,22,17,5,臺中市,東區,0,0,0,7,1,6,50,3,1,1,5,4,6,6,1,1,10,5,5,2,13,3,10,1,1,C03,7,15,1,10,1,11,,84,84,1,12,4,120.687127,24.136224,3
8800,66000,387130000C,(04)23274275,(04)23288582,2025,03,22,17,5,臺中市,霧峰區,0,0,0,7,,,50,,,,,,,,,,,,,,,,,,,B03,,,1,,2,,,87,87,1,6,4,120.701384,24.060327,3
8801,66000,387130000C,(04)23274275,(04)23288582,2025,03,22,17,5,臺中市,豐原區,0,2,0,7,2,6,60,4,1,1,5,4,6,6,4,4,1,4,5,2,13,2,9,2,1,C03,7,9,1,10,6,11,,7,7,1,13,4,120.722498,24.236557,2
8802,66000,387130000C,(04)23274275,(04)23288582,2025,03,22,17,15,臺中市,南屯區,0,1,0,7,1,6,50,4,1,1,5,4,6,6,4,4,5,4,5,2,12,3,10,5,4,B03,7,9,1,8,2,2,,8,8,1,13,4,120.649937,24.135489,2
8803,66000,387130000C,(04)23274275,(04)23288582,2025,03,22,17,16,臺中市,北屯區,0,2,0,7,1,6,50,13,9,1,5,4,6,6,4,4,3,4,5,2,12,2,9,1,1,C03,7,5,1,10,2,12,,65,65,1,13,2,120.691105,24.182233,2
8804,66000,387130000C,(04)23274275,(04)23288582,2025,03,22,17,24,臺中市,豐原區,0,0,0,7,3,7,50,3,1,1,5,4,6,6,1,1,1,4,5,2,13,,,,,B03,,,1,,2,,,59,59,1,12,4,120.700868,24.249244,3
8805,66000,387130000C,(04)23274275,(04)23288582,2025,03,22,17,26,臺中市,潭子區,0,0,0,7,,,40,,,,,,,,,,,,,,,,,,,A12,,,1,,2,,,8,8,1,6,4,120.704254,24.215514,3
8806,66000,387130000C,(04)23274275,(04)23288582,2025,03,22,17,26,臺中市,東區,0,1,0,7,3,9,50,4,1,1,5,4,6,6,4,4,10,5,5,2,17,3,10,3,1,B03,7,1,1,8,2,8,,12,12,1,6,4,120.699215,24.138904,2
8807,66000,387130000C,(04)23274275,(04)23288582,2025,03,22,17,28,臺中市,龍井區,0,0,0,7,,,50,,,,,,,,,,,,,,12,,,,,F01,,,7,,1,,,8,8,1,2,4,120.523793,24.208294,3
8808,66000,387130000C,(04)23274275,(04)23288582,2025,03,22,17,30,臺中市,和平區,0,0,0,7,3,4,30,13,9,1,5,4,6,6,4,4,10,5,5,1,12,3,10,5,4,B13,7,4,1,8,9,6,,1,1,1,12,4,121.262347,24.276382,3
8809,66000,387130000C,(04)23274275,(04)23288582,2025,03,22,17,31,臺中市,西屯區,0,1,0,7,2,6,30,4,1,1,5,4,6,6,1,1,10,5,5,2,13,3,10,5,4,B03,7,9,1,7,2,5,,7,7,1,13,4,120.619549,24.169032,2
8810,66000,387130000C,(04)23274275,(04)23288582,2025,03,22,17,32,臺中市,南屯區,0,2,0,7,1,6,50,3,2,1,5,4,6,6,4,4,8,3,5,1,17,2,9,1,1,C03,7,11,1,10,2,12,,39,39,1,12,2,120.648037,24.146803,2
8811,66000,387130000C,(04)23274275,(04)23288582,2025,03,22,17,33,臺中市,北區,0,1,0,7,3,6,50,4,1,1,5,4,6,6,1,1,1,4,4,2,16,3,10,3,1,B03,7,6,1,8,2,5,,11,11,1,12,4,120.694326,24.155623,2
8812,66000,387130000C,(04)23274275,(04)23288582,2025,03,22,17,34,臺中市,梧棲區,0,1,0,7,3,6,50,13,9,1,5,4,6,6,4,4,5,5,5,1,3,3,10,1,1,C03,7,9,5,19,2,14,,59,59,1,6,4,120.533157,24.250117,2
8813,66000,387130000C,(04)23274275,(04)23288582,2025,03,22,17,39,臺中市,太平區,0,0,0,7,,,50,,,,,,,,,,,,,,,,,,,B03,,,1,,2,,,50,50,1,12,4,120.703872,24.148249,3
8814,66000,387130000C,(04)23274275,(04)23288582,2025,03,22,17,40,臺中市,西屯區,0,0,0,7,,,30,,,,,,,,,,,,,,17,,,,,B03,,,1,,2,,,8,8,1,12,4,120.648818,24.183011,3
8815,66000,387130000C,(04)23274275,(04)23288582,2025,03,22,17,41,臺中市,大里區,0,1,0,7,2,6,40,4,1,1,5,4,6,6,1,1,5,5,4,2,13,2,8,1,1,C03,7,8,1,10,2,13,,40,40,1,13,4,120.684346,24.107556,2
8816,66000,387130000C,(04)23274275,(04)23288582,2025,03,22,17,44,臺中市,梧棲區,0,0,0,7,,,50,,,,,,,,,,,,,,12,,,,,B03,,,1,,1,,,84,84,1,12,4,120.555668,24.240567,3
8817,66000,387130000C,(04)23274275,(04)23288582,2025,03,22,17,46,臺中市,北屯區,0,0,0,7,,,50,,,,,,,,,,,,,,13,,,,,C03,,,1,10,1,,,84,84,1,6,4,120.69226,24.167511,3
8818,66000,387130000C,(04)23274275,(04)23288582,2025,03,22,17,46,臺中市,西屯區,0,1,0,7,2,6,50,13,9,1,5,4,6,6,4,4,5,4,5,1,12,3,10,3,1,B03,7,7,1,8,2,16,,87,87,1,12,4,120.622928,24.18579,2
8819,66000,387130000C,(04)23274275,(04)23288582,2025,03,22,17,48,臺中市,潭子區,0,0,0,7,,,50,,,,,,,,,,,,,,,,,,,B03,,,1,,2,,,50,50,1,13,4,120.700566,24.213057,3
8820,66000,387130000C,(04)23274275,(04)23288582,2025,03,22,17,48,臺中市,豐原區,0,0,0,7,,,50,,,,,,,,,,,,,,14,,,,,B03,,,1,,1,,,49,49,1,12,4,120.744274,24.25449,3