﻿序號,縣市別代碼,機關代碼,市話,傳真,年,月,日,時,分,縣市,區,死亡數量,受傷數量,2-30,天候,道路照明設備,道路類別,道路速限,道路型態,事故位置,路面鋪裝,路面狀態,路面缺陷,障礙物,視距,號誌種類,號誌動作,分向設施,快車道或一般車道間,快慢車道間,路面邊線,事故類型及型態,受傷程度,主要傷處,保護裝備,行動電話或功能裝置,當事者區分_類別,車輛用途,當事者行動狀態,駕照狀態,駕照種類,飲酒情形,車輛撞擊部位最初,車輛撞擊部位其他,肇事因素個別,肇事因素主要,肇事逃逸,職業,共享經濟或外送平台,GPS座標X,GPS座標Y,事故類別
8821,66000,387130000C,(04)23274275,(04)23288582,2025,03,22,17,49,臺中市,潭子區,0,1,0,7,1,6,40,11,9,1,5,4,6,6,4,4,10,5,5,1,12,2,9,2,1,C03,7,9,1,10,6,14,,8,8,1,13,4,120.711768,24.193014,2
8822,66000,387130000C,(04)23274275,(04)23288582,2025,03,22,17,54,臺中市,西屯區,0,2,0,7,1,6,50,13,9,1,5,4,6,6,4,4,5,5,5,2,12,2,7,1,1,C03,7,9,1,10,2,12,,8,8,1,12,4,120.643623,24.176101,2
8823,66000,387130000C,(04)23274275,(04)23288582,2025,03,22,17,57,臺中市,大雅區,0,1,0,7,1,6,50,3,2,1,5,4,6,6,1,1,5,5,5,1,17,3,10,3,1,B03,7,9,1,8,2,15,,84,84,1,12,4,120.648408,24.2264,2
8824,66000,387130000C,(04)23274275,(04)23288582,2025,03,22,17,57,臺中市,西區,0,1,0,7,3,6,50,4,1,1,5,4,6,6,2,2,10,5,5,2,13,3,10,1,1,C03,7,9,1,10,2,11,,84,84,1,13,4,120.66774,24.13095,2
8825,66000,387130000C,(04)23274275,(04)23288582,2025,03,22,17,57,臺中市,西屯區,0,1,0,7,1,6,50,13,9,1,5,4,6,6,1,1,5,5,5,2,13,2,8,2,1,C03,7,9,1,10,2,11,,7,7,1,12,4,120.636023,24.17607,2
8826,66000,387130000C,(04)23274275,(04)23288582,2025,03,22,18,0,臺中市,北區,0,0,0,7,,,40,,,,,,,,,,,,,,17,,,,,B01,,,1,,1,,,11,11,1,12,4,120.685887,24.155351,4
8827,66000,387130000C,(04)23274275,(04)23288582,2025,03,22,18,4,臺中市,烏日區,0,0,0,7,,,50,,,,,,,,,,,,,,,,,,,B03,,,1,,2,,,50,50,1,12,4,120.63474,24.106834,3
8828,66000,387130000C,(04)23274275,(04)23288582,2025,03,22,18,16,臺中市,太平區,0,1,0,7,1,6,50,3,2,1,5,4,6,6,4,4,10,5,5,2,16,2,5,1,1,C03,7,6,1,10,2,14,,39,39,1,12,4,120.704066,24.154136,2
8829,66000,387130000C,(04)23274275,(04)23288582,2025,03,22,18,30,臺中市,沙鹿區,0,0,0,7,1,6,30,13,9,1,5,4,6,6,4,,4,5,5,2,12,,,,,B03,,,1,,2,,,50,50,1,12,4,120.568453,24.197216,3
8830,66000,387130000C,(04)23274275,(04)23288582,2025,03,22,18,33,臺中市,北屯區,0,1,0,7,1,6,50,5,1,1,5,4,6,6,1,1,10,5,5,2,16,3,10,3,1,B03,7,6,1,8,2,6,,11,11,1,6,4,120.73042,24.177167,2
8831,66000,387130000C,(04)23274275,(04)23288582,2025,03,22,18,34,臺中市,南區,0,1,0,7,1,6,50,4,1,1,5,4,6,6,1,1,3,4,4,2,23,2,9,3,1,B03,7,9,1,8,2,8,,59,59,1,6,4,120.653659,24.113755,2
8832,66000,387130000C,(04)23274275,(04)23288582,2025,03,22,18,34,臺中市,東區,0,0,0,7,,,50,,,,,,,,,,,,,,,,,,,B03,,,1,,9,,,85,85,1,13,4,120.695191,24.14788,3
8833,66000,387130000C,(04)23274275,(04)23288582,2025,03,22,18,34,臺中市,豐原區,0,3,0,7,1,6,30,5,1,1,5,4,6,6,4,4,5,5,4,1,15,2,7,1,1,C03,7,9,1,10,2,14,,13,13,1,13,4,120.717842,24.249517,2
8834,66000,387130000C,(04)23274275,(04)23288582,2025,03,22,18,37,臺中市,沙鹿區,0,1,0,7,1,6,70,3,1,1,5,4,6,6,4,4,10,5,5,2,16,3,10,3,1,B03,7,5,1,7,2,2,,47,47,1,12,4,120.617904,24.243045,2
8835,66000,387130000C,(04)23274275,(04)23288582,2025,03,22,18,37,臺中市,大安區,0,0,0,7,,,50,,,,,,,,,,,,,,13,,,,,B03,,,1,,9,,,7,7,1,6,4,120.591864,24.33842,3
8836,66000,387130000C,(04)23274275,(04)23288582,2025,03,22,18,38,臺中市,北區,0,0,0,7,,,50,,,,,,,,,,,,,,,,,,,B03,,,1,,11,,,49,49,1,13,4,120.677078,24.171195,3
8837,66000,387130000C,(04)23274275,(04)23288582,2025,03,22,18,44,臺中市,西屯區,0,0,0,7,,,40,,,,,,,,,,,,,,13,,,,,B03,,,1,,1,,,59,59,1,12,4,120.647847,24.196114,3
8838,66000,387130000C,(04)23274275,(04)23288582,2025,03,22,18,45,臺中市,南區,0,1,0,7,1,6,50,3,1,1,5,4,6,6,4,4,10,5,5,2,17,3,10,1,1,C03,7,6,1,10,2,11,,14,14,1,12,4,120.656316,24.119647,2
8839,66000,387130000C,(04)23274275,(04)23288582,2025,03,22,18,46,臺中市,北區,0,0,0,7,1,6,50,18,2,1,5,4,6,6,4,4,10,5,5,2,17,,,,,B03,,,1,,1,,,7,7,1,13,4,120.685597,24.155922,3
8840,66000,387130000C,(04)23274275,(04)23288582,2025,03,22,18,50,臺中市,南區,0,0,0,7,,,50,,,,,,,,,,,,,,,,,,,C03,,,1,,1,,,43,43,1,13,4,120.675019,24.131117,3
8841,66000,387130000C,(04)23274275,(04)23288582,2025,03,22,18,57,臺中市,北區,0,0,0,7,,,50,,,,,,,,,,,,,,17,,,,,B03,,,1,,2,,,8,8,1,13,4,120.691111,24.157943,3
8842,66000,387130000C,(04)23274275,(04)23288582,2025,03,22,18,57,臺中市,北區,0,1,0,7,1,6,50,4,2,1,5,4,6,6,1,1,1,5,5,2,18,2,9,2,1,C03,7,9,1,10,2,11,,59,59,1,12,4,120.664087,24.16197,2
8843,66000,387130000C,(04)23274275,(04)23288582,2025,03,22,19,0,臺中市,南屯區,0,1,0,7,1,6,50,4,1,1,5,4,6,6,2,1,10,5,5,2,17,2,7,3,1,B03,7,1,1,8,1,8,,51,51,1,6,4,120.64655,24.133376,2
8844,66000,387130000C,(04)23274275,(04)23288582,2025,03,22,19,6,臺中市,梧棲區,0,0,0,7,1,6,30,3,1,1,5,4,6,6,3,1,10,5,5,2,17,3,10,3,1,B12,7,9,1,8,11,8,,59,59,1,6,4,120.547684,24.228074,3
8845,66000,387130000C,(04)23274275,(04)23288582,2025,03,22,19,15,臺中市,烏日區,0,0,0,7,1,6,30,13,9,1,5,4,6,6,4,4,10,5,5,2,12,3,10,3,1,B03,7,9,1,8,9,5,,8,8,1,6,4,120.639973,24.105031,3
8846,66000,387130000C,(04)23274275,(04)23288582,2025,03,22,19,17,臺中市,北區,0,1,0,7,1,6,40,3,8,1,5,4,6,6,4,4,1,4,4,2,17,3,10,5,4,B01,7,15,1,4,2,2,,42,42,1,13,4,120.680659,24.152418,2
8847,66000,387130000C,(04)23274275,(04)23288582,2025,03,22,19,19,臺中市,南屯區,0,1,0,7,1,6,50,4,2,1,5,4,6,6,1,1,9,5,5,2,17,3,10,2,1,C03,7,9,1,10,2,14,,8,8,1,13,2,120.653038,24.135749,2
8848,66000,387130000C,(04)23274275,(04)23288582,2025,03,22,19,19,臺中市,太平區,0,0,0,7,,,50,,,,,,,,,,,,,,,,,,,C03,,,1,,1,,,7,7,1,12,4,120.70744,24.148697,3
8849,66000,387130000C,(04)23274275,(04)23288582,2025,03,22,19,19,臺中市,神岡區,0,0,0,7,1,6,50,3,2,1,5,4,6,6,1,1,5,5,5,1,13,,,,,B03,,,1,,2,,,7,7,1,12,4,120.695648,24.236063,3
8850,66000,387130000C,(04)23274275,(04)23288582,2025,03,22,19,24,臺中市,北屯區,0,0,0,7,,,40,,,,,,,,,,,,,,13,,,,,B03,,,1,,1,,,84,84,1,6,4,120.720974,24.172836,3
8851,66000,387130000C,(04)23274275,(04)23288582,2025,03,22,19,25,臺中市,沙鹿區,0,0,0,7,1,,30,4,9,1,5,4,6,6,4,4,4,4,5,2,15,,,,,B03,,,1,,2,,,15,15,1,12,4,120.568243,24.218718,3
8852,66000,387130000C,(04)23274275,(04)23288582,2025,03,22,19,30,臺中市,北屯區,0,0,0,7,,,50,,,,,,,,,,,,,,,,,,,B03,,,5,,2,,,84,84,1,13,4,120.693363,24.183035,3
8853,66000,387130000C,(04)23274275,(04)23288582,2025,03,22,19,31,臺中市,豐原區,0,0,0,7,,,,,,,,,,,,,,,,,17,,,,,,,,,,,,,86,86,1,,,120.721952,24.248962,3
8854,66000,387130000C,(04)23274275,(04)23288582,2025,03,22,19,32,臺中市,西區,0,1,0,7,1,6,50,4,1,1,5,4,6,6,1,1,10,5,5,2,16,3,10,5,4,B03,7,5,1,8,2,2,,11,11,1,13,4,120.678,24.134074,2
8855,66000,387130000C,(04)23274275,(04)23288582,2025,03,22,19,40,臺中市,北屯區,0,1,0,7,3,6,60,13,8,1,5,4,6,6,4,4,1,4,4,2,13,2,9,1,1,C03,7,9,1,10,2,11,,7,7,1,6,4,120.728316,24.160794,2
8856,66000,387130000C,(04)23274275,(04)23288582,2025,03,22,19,40,臺中市,大里區,0,0,0,7,,,50,,,,,,,,,,,,,,12,,,,,F01,,,7,,1,,,84,84,1,13,4,120.686042,24.105247,3
8857,66000,387130000C,(04)23274275,(04)23288582,2025,03,22,19,44,臺中市,大里區,0,0,0,7,,,50,,,,,,,,,,,,,,12,,,,,B03,,,1,,1,,,40,40,1,12,4,120.697927,24.082312,3
8858,66000,387130000C,(04)23274275,(04)23288582,2025,03,22,19,45,臺中市,中區,0,1,0,7,1,6,50,4,1,1,5,4,6,6,2,1,10,5,5,2,16,2,9,1,1,C03,7,6,1,10,2,14,,48,48,1,6,4,120.682818,24.140914,2
8859,66000,387130000C,(04)23274275,(04)23288582,2025,03,22,19,46,臺中市,東區,0,0,0,7,,,50,,,,,,,,,,,,,,17,,,,,C03,,,1,,1,,,50,50,1,6,4,120.704136,24.137851,3
8860,66000,387130000C,(04)23274275,(04)23288582,2025,03,22,19,49,臺中市,沙鹿區,0,0,0,7,,,50,,,,,,,,,,,,,,,,,,,B03,,,1,,2,,,40,40,1,12,4,120.570669,24.216522,3
8861,66000,387130000C,(04)23274275,(04)23288582,2025,03,22,19,51,臺中市,北區,0,0,0,7,,,50,,,,,,,,,,,,,,13,,,,,C03,,,1,,1,,,7,7,1,13,4,120.691129,24.158177,3
8862,66000,387130000C,(04)23274275,(04)23288582,2025,03,22,19,52,臺中市,北區,0,1,0,7,1,6,50,4,1,1,5,4,6,6,1,1,5,5,4,2,13,3,10,3,1,B03,7,9,1,8,2,1,,7,7,1,12,4,120.678119,24.148951,2
8863,66000,387130000C,(04)23274275,(04)23288582,2025,03,22,19,52,臺中市,沙鹿區,0,0,0,7,,,50,,,,,,,,,,,,,,17,,,,,A05,,,1,,2,,,8,8,1,13,4,120.570969,24.216431,3
8864,66000,387130000C,(04)23274275,(04)23288582,2025,03,22,19,57,臺中市,北區,0,1,0,7,1,6,40,3,1,1,5,4,6,6,1,1,10,5,5,2,13,2,9,5,4,C03,7,9,1,10,2,11,,7,7,1,12,4,120.69429,24.16122,2
8865,66000,387130000C,(04)23274275,(04)23288582,2025,03,22,19,58,臺中市,南屯區,0,0,0,7,,,50,,,,,,,,,,,,,,11,,,,,B03,,,1,,1,,,11,11,1,11,4,120.629286,24.150923,3
8866,66000,387130000C,(04)23274275,(04)23288582,2025,03,22,20,0,臺中市,大雅區,0,0,0,7,,,40,,,,,,,,,,,,,,,,,,,A41,,,1,,2,,,49,49,1,13,4,120.656627,24.220458,3
8867,66000,387130000C,(04)23274275,(04)23288582,2025,03,22,20,0,臺中市,豐原區,0,0,0,7,,,50,,,,,,,,,,,,,,17,,,,,C03,,,1,,2,,,59,59,1,12,4,120.724895,24.24661,3
8868,66000,387130000C,(04)23274275,(04)23288582,2025,03,22,20,1,臺中市,北區,0,0,0,7,3,6,50,4,1,1,5,4,6,6,2,1,10,5,5,2,17,,,,,C03,,,1,,2,,,42,42,1,13,4,120.683414,24.148347,3
8869,66000,387130000C,(04)23274275,(04)23288582,2025,03,22,20,7,臺中市,太平區,0,0,0,7,,,50,,,,,,,,,,,,,,13,,,,,B12,,,1,,2,,,7,7,1,6,4,120.708391,24.128395,3
8870,66000,387130000C,(04)23274275,(04)23288582,2025,03,22,20,24,臺中市,豐原區,0,0,0,7,,,50,,,,,,,,,,,,,,17,,,,,B03,,,1,,2,,,51,51,1,13,4,120.723032,24.251282,3
8871,66000,387130000C,(04)23274275,(04)23288582,2025,03,22,20,38,臺中市,西屯區,0,1,0,7,1,6,50,3,1,1,5,4,6,6,4,4,10,5,5,2,18,2,9,2,1,C03,7,6,1,10,2,14,,6,6,1,12,4,120.643369,24.17642,2
8872,66000,387130000C,(04)23274275,(04)23288582,2025,03,22,20,39,臺中市,西屯區,0,3,0,7,1,6,50,3,2,1,5,4,6,6,4,4,5,4,5,1,16,2,9,1,1,C03,7,6,1,10,2,14,,48,48,1,12,4,120.645034,24.17986,2
8873,66000,387130000C,(04)23274275,(04)23288582,2025,03,22,20,42,臺中市,北屯區,0,4,0,7,1,6,50,13,7,1,5,4,6,6,4,4,3,4,3,2,13,2,9,1,1,C03,7,9,1,10,2,11,,84,84,1,13,4,120.721989,24.185554,2
8874,66000,387130000C,(04)23274275,(04)23288582,2025,03,22,20,44,臺中市,大里區,0,1,0,7,1,6,50,13,9,1,5,4,6,6,3,1,1,4,5,1,12,3,10,3,1,B03,7,4,1,8,2,2,,8,8,1,13,4,120.680526,24.107294,2
8875,66000,387130000C,(04)23274275,(04)23288582,2025,03,22,20,44,臺中市,豐原區,0,0,0,7,,,50,,,,,,,,,,,,,,13,,,,,B03,,,1,,1,,,84,84,1,13,4,120.710417,24.23653,3
8876,66000,387130000C,(04)23274275,(04)23288582,2025,03,22,20,48,臺中市,大甲區,0,0,0,7,,,50,,,,,,,,,,,,,,,,,,,B03,,,1,,1,,,50,50,1,12,4,120.654548,24.381114,3
8877,66000,387130000C,(04)23274275,(04)23288582,2025,03,22,21,2,臺中市,西區,0,1,0,7,1,6,50,5,1,1,5,4,6,6,1,1,10,5,5,2,17,2,9,5,4,C03,7,6,1,10,2,11,,84,84,1,12,4,120.66323,24.163308,2
8878,66000,387130000C,(04)23274275,(04)23288582,2025,03,22,21,10,臺中市,潭子區,0,2,0,7,1,6,0,13,21,1,5,4,6,6,4,4,10,5,5,2,17,2,8,2,1,C03,7,9,3,19,3,13,,39,39,1,13,4,120.706695,24.200216,2
8879,66000,387130000C,(04)23274275,(04)23288582,2025,03,22,21,30,臺中市,龍井區,0,0,0,7,,,30,,,,,,,,,,,,,,,,,,,B03,,,1,,9,,,49,49,1,12,4,120.525538,24.207634,3
8880,66000,387130000C,(04)23274275,(04)23288582,2025,03,22,21,39,臺中市,西屯區,0,0,0,7,,,50,,,,,,,,,,,,,,12,,,,,B12,,,1,,1,,,8,8,1,12,4,120.639387,24.169011,3
8881,66000,387130000C,(04)23274275,(04)23288582,2025,03,22,21,47,臺中市,東區,0,0,0,7,,,50,,,,,,,,,,,,,,,,,,,B03,,,5,,2,,,84,84,1,13,4,120.709672,24.149371,3
8882,66000,387130000C,(04)23274275,(04)23288582,2025,03,22,21,54,臺中市,北屯區,0,1,0,6,1,6,50,4,1,1,5,4,6,6,1,1,10,5,5,2,18,2,8,2,1,C03,7,9,5,19,9,14,,84,84,1,6,4,120.7175,24.175504,2
8883,66000,387130000C,(04)23274275,(04)23288582,2025,03,22,21,54,臺中市,西屯區,0,0,0,7,,,40,,,,,,,,,,,,,,13,,,,,B02,,,1,,1,,,78,78,1,13,4,120.666298,24.169792,3
8884,66000,387130000C,(04)23274275,(04)23288582,2025,03,22,21,59,臺中市,西屯區,0,0,0,7,,,50,,,,,,,,,,,,,,13,,,,,C03,,,2,,1,,,84,84,1,12,4,120.644164,24.201417,3
8885,66000,387130000C,(04)23274275,(04)23288582,2025,03,22,22,0,臺中市,大里區,0,0,0,7,,,50,,,,,,,,,,,,,,13,,,,,C03,,,1,,2,,,84,84,1,13,4,120.699585,24.106015,3
8886,66000,387130000C,(04)23274275,(04)23288582,2025,03,22,22,9,臺中市,北區,0,1,0,7,1,6,50,3,1,1,5,4,6,6,4,4,5,4,5,2,16,2,9,1,1,C03,7,6,1,10,2,13,,48,48,1,12,4,120.689674,24.154878,2
8887,66000,387130000C,(04)23274275,(04)23288582,2025,03,22,22,12,臺中市,潭子區,0,0,0,7,,,50,,,,,,,,,,,,,,,,,,,C03,,,1,,2,,,1,1,1,13,4,120.708765,24.215341,3
8888,66000,387130000C,(04)23274275,(04)23288582,2025,03,22,22,29,臺中市,梧棲區,0,0,0,7,,,60,,,,,,,,,,,,,,23,,,,,B03,,,3,,9,,,59,59,1,6,4,120.524722,24.223374,3
8889,66000,387130000C,(04)23274275,(04)23288582,2025,03,22,22,39,臺中市,北區,0,1,0,7,1,6,40,4,1,1,5,4,6,6,1,1,10,5,5,2,13,3,10,5,4,C03,7,5,1,10,2,11,,7,7,1,12,4,120.689705,24.157641,2
8890,66000,387130000C,(04)23274275,(04)23288582,2025,03,22,22,43,臺中市,西區,0,0,0,7,,,50,,,,,,,,,,,,,,12,,,,,C03,,,1,,1,,,8,8,1,12,4,120.670155,24.150934,3
8891,66000,387130000C,(04)23274275,(04)23288582,2025,03,22,22,56,臺中市,東勢區,0,1,0,7,1,6,60,13,7,1,5,4,6,6,4,4,1,4,4,1,28,2,9,1,1,C03,7,9,1,10,2,11,,84,84,1,12,4,120.836422,24.231728,2
8892,66000,387130000C,(04)23274275,(04)23288582,2025,03,22,23,0,臺中市,沙鹿區,0,0,0,7,1,6,60,3,9,1,5,4,6,6,1,1,10,5,5,2,15,,,,,B12,,,1,,2,,,47,47,1,12,4,120.568207,24.238389,3
8893,66000,387130000C,(04)23274275,(04)23288582,2025,03,22,23,7,臺中市,大里區,0,0,0,7,,,50,,,,,,,,,,,,,,17,,,,,B03,,,1,,2,,,40,40,1,12,4,120.668917,24.098982,3
8894,66000,387130000C,(04)23274275,(04)23288582,2025,03,22,23,10,臺中市,太平區,0,2,0,7,1,6,50,4,1,1,5,4,6,6,3,1,10,5,5,2,17,2,9,1,1,C03,7,1,1,9,2,14,,51,51,1,12,2,120.718231,24.148836,2
8895,66000,387130000C,(04)23274275,(04)23288582,2025,03,22,23,11,臺中市,北區,0,1,0,7,1,6,50,13,7,1,5,4,6,6,4,4,1,4,4,2,13,3,10,3,4,B03,7,9,1,8,5,1,,53,53,1,13,4,120.676517,24.150808,2
8896,66000,387130000C,(04)23274275,(04)23288582,2025,03,22,23,11,臺中市,清水區,0,3,0,7,1,6,50,4,1,1,5,4,6,6,3,1,8,1,3,1,17,4,11,5,4,B03,7,9,3,19,9,2,,24,24,1,12,4,120.55327,24.275316,2
8897,66000,387130000C,(04)23274275,(04)23288582,2025,03,22,23,25,臺中市,太平區,0,2,0,7,1,6,50,13,7,1,5,4,6,6,2,1,5,5,4,1,13,2,8,2,1,C03,7,9,1,10,2,11,,59,59,1,12,4,120.719063,24.148928,2
8898,66000,387130000C,(04)23274275,(04)23288582,2025,03,22,23,25,臺中市,大甲區,0,0,0,7,,,30,,,,,,,,,,,,,,,,,,,B03,,,1,,2,,,49,49,1,6,4,120.629222,24.343461,3
8899,66000,387130000C,(04)23274275,(04)23288582,2025,03,22,23,30,臺中市,西區,0,1,0,7,1,6,50,4,24,1,5,4,6,6,1,1,10,5,5,2,17,3,10,5,4,B01,7,9,1,4,2,5,,84,84,1,12,4,120.670526,24.146036,2
8900,66000,387130000C,(04)23274275,(04)23288582,2025,03,22,23,35,臺中市,大里區,0,0,0,7,,,40,,,,,,,,,,,,,,,,,,,C03,,,1,,1,,,84,84,1,6,4,120.687809,24.086432,3
8901,66000,387130000C,(04)23274275,(04)23288582,2025,03,22,23,43,臺中市,北區,0,0,0,7,,,50,,,,,,,,,,,,,,17,,,,,B03,,,1,,9,,,8,8,1,13,4,120.685076,24.151367,3
8902,66000,387130000C,(04)23274275,(04)23288582,2025,03,22,23,43,臺中市,南區,0,0,0,7,,,50,,,,,,,,,,,,,,17,,,,,B03,,,1,,2,,,51,51,1,12,4,120.660433,24.124468,3
8903,66000,387130000C,(04)23274275,(04)23288582,2025,03,23,0,25,臺中市,南屯區,0,0,0,7,,,50,,,,,,,,,,,,,,,,,,,B03,,,1,,1,,,49,49,1,13,4,120.622879,24.148211,3
8904,66000,387130000C,(04)23274275,(04)23288582,2025,03,23,1,2,臺中市,潭子區,0,1,0,7,1,6,40,13,9,1,5,4,6,6,4,4,10,4,5,1,18,2,9,1,1,C03,7,9,1,10,2,11,,59,59,1,12,4,120.71567,24.211344,2
8905,66000,387130000C,(04)23274275,(04)23288582,2025,03,23,1,26,臺中市,清水區,0,0,0,7,,,30,,,,,,,,,,,,,,,,,,,B03,,,1,,11,,,82,82,1,12,4,120.58437,24.272966,3
8906,66000,387130000C,(04)23274275,(04)23288582,2025,03,23,1,45,臺中市,大肚區,0,1,0,7,2,6,50,3,1,1,5,4,6,6,2,1,10,5,5,2,18,2,9,1,1,C03,7,9,1,10,2,14,,84,84,1,6,4,120.545285,24.151206,2
8907,66000,387130000C,(04)23274275,(04)23288582,2025,03,23,2,44,臺中市,西區,0,0,0,7,,,60,,,,,,,,,,,,,,12,,,,,B11,,,1,,2,,,8,8,1,6,4,120.659687,24.157317,3
8908,66000,387130000C,(04)23274275,(04)23288582,2025,03,23,2,52,臺中市,南屯區,0,0,0,7,,,0,,,,,,,,,,,,,,14,,,,,B02,,,1,,2,,,49,49,1,13,4,120.623035,24.148044,3
8909,66000,387130000C,(04)23274275,(04)23288582,2025,03,23,2,54,臺中市,后里區,0,0,0,7,,,50,,,,,,,,,,,,,,,,,,,B03,,,1,,2,,,49,49,1,12,4,120.724139,24.308836,3
8910,66000,387130000C,(04)23274275,(04)23288582,2025,03,23,3,9,臺中市,北屯區,0,1,0,7,1,6,50,5,1,1,5,4,6,6,1,1,10,5,5,2,18,2,9,2,1,F03,7,5,7,21,2,14,,59,59,1,13,4,120.697583,24.171299,2
8911,66000,387130000C,(04)23274275,(04)23288582,2025,03,23,4,30,臺中市,東勢區,0,1,0,7,1,6,70,13,7,1,5,4,6,6,1,1,8,4,4,1,12,2,9,3,1,B03,7,9,5,8,2,1,,54,54,1,12,4,120.815963,24.260271,2
8912,66000,387130000C,(04)23274275,(04)23288582,2025,03,23,4,36,臺中市,北區,0,2,0,7,1,6,40,13,8,1,5,4,6,6,1,1,1,2,4,2,13,2,7,1,1,C03,7,9,1,10,2,11,,59,59,1,13,4,120.67243,24.168846,2
8913,66000,387130000C,(04)23274275,(04)23288582,2025,03,23,4,46,臺中市,大里區,0,0,0,7,,,50,,,,,,,,,,,,,,17,,,,,C03,,,1,,1,,,54,54,1,6,4,120.681093,24.114395,3
8914,66000,387130000C,(04)23274275,(04)23288582,2025,03,23,5,24,臺中市,北屯區,0,0,0,7,,,50,,,,,,,,,,,,,,,,,,,B03,,,1,,9,,,7,7,1,12,4,120.683686,24.176072,3
8915,66000,387130000C,(04)23274275,(04)23288582,2025,03,23,5,30,臺中市,北屯區,0,1,0,7,3,6,50,13,9,1,5,4,6,6,4,4,10,4,5,2,18,2,9,3,1,B03,7,9,1,8,8,8,,59,59,1,13,4,120.79285,24.205868,2
8916,66000,387130000C,(04)23274275,(04)23288582,2025,03,23,5,50,臺中市,太平區,0,1,0,7,3,6,50,3,1,1,5,4,6,6,4,4,5,5,4,1,16,2,8,2,1,C03,7,6,1,10,2,14,,84,84,1,12,4,120.726535,24.149869,2
8917,66000,387130000C,(04)23274275,(04)23288582,2025,03,23,5,54,臺中市,南屯區,0,0,0,7,,,50,,,,,,,,,,,,,,12,,,,,B03,,,1,,1,,,84,84,1,12,4,120.627439,24.140269,3
8918,66000,387130000C,(04)23274275,(04)23288582,2025,03,23,6,16,臺中市,神岡區,0,0,0,7,,,50,,,,,,,,,,,,,,12,,,,,B03,,,1,,2,,,84,84,1,12,4,120.661237,24.25844,3
8919,66000,387130000C,(04)23274275,(04)23288582,2025,03,23,6,30,臺中市,西屯區,0,2,0,7,2,6,50,4,1,1,5,4,6,6,1,1,5,4,4,2,15,2,9,1,1,C03,7,9,1,10,2,12,,21,21,1,12,4,120.637465,24.179054,2
8920,66000,387130000C,(04)23274275,(04)23288582,2025,03,23,6,30,臺中市,神岡區,0,0,0,7,,,30,,,,,,,,,,,,,,14,,,,,B03,,,5,,2,,,49,49,1,12,4,120.64934,24.258101,3
8921,66000,387130000C,(04)23274275,(04)23288582,2025,03,23,6,40,臺中市,中區,0,0,0,7,,,50,,,,,,,,,,,,,,,,,,,C03,,,3,,2,,,4,4,1,12,4,120.677787,24.142532,3
8922,66000,387130000C,(04)23274275,(04)23288582,2025,03,23,7,21,臺中市,龍井區,0,1,0,7,2,6,50,13,9,1,5,4,6,6,4,4,9,4,5,1,12,2,9,1,1,C03,7,9,5,19,2,11,,7,7,1,6,4,120.582017,24.176285,2
8923,66000,387130000C,(04)23274275,(04)23288582,2025,03,23,7,36,臺中市,北屯區,0,0,0,7,,,50,,,,,,,,,,,,,,14,,,,,B03,,,1,,2,,,49,49,1,12,4,120.688314,24.182843,3
8924,66000,387130000C,(04)23274275,(04)23288582,2025,03,23,7,39,臺中市,西屯區,0,0,0,7,,,50,,,,,,,,,,,,,,13,,,,,C03,,,1,,1,,,83,83,1,12,4,120.597511,24.175559,3
8925,66000,387130000C,(04)23274275,(04)23288582,2025,03,23,7,40,臺中市,沙鹿區,0,1,0,7,2,6,50,13,7,1,5,4,6,6,4,4,5,5,4,2,13,2,8,1,1,C03,7,9,1,10,2,11,,7,7,1,6,4,120.56626,24.235725,2
8926,66000,387130000C,(04)23274275,(04)23288582,2025,03,23,7,47,臺中市,霧峰區,0,2,0,7,2,6,50,13,14,1,5,4,6,6,4,4,1,4,4,1,14,2,8,1,1,C03,7,6,1,10,2,11,,59,59,1,12,4,120.661972,24.069911,2
8927,66000,387130000C,(04)23274275,(04)23288582,2025,03,23,7,53,臺中市,北區,0,1,0,7,2,6,50,13,9,1,5,4,6,6,4,4,1,4,5,1,18,2,9,1,1,C04,7,9,1,8,9,16,14,84,84,1,12,4,120.679835,24.163088,2
8928,66000,387130000C,(04)23274275,(04)23288582,2025,03,23,7,55,臺中市,梧棲區,0,0,0,7,,,0,,,,,,,,,,,,,,17,,,,,C03,,,1,,1,,,84,84,1,12,4,120.527737,24.244994,3
8929,66000,387130000C,(04)23274275,(04)23288582,2025,03,23,7,59,臺中市,潭子區,0,2,0,7,3,6,60,4,1,1,5,4,6,6,1,1,1,4,4,1,17,2,9,2,1,C03,7,8,3,19,2,13,,40,40,1,13,4,120.709041,24.233195,2
8930,66000,387130000C,(04)23274275,(04)23288582,2025,03,23,8,0,臺中市,北屯區,0,1,0,7,2,6,40,13,7,1,5,4,6,6,4,4,5,4,4,2,17,3,10,4,3,B03,7,14,1,8,2,4,,76,76,1,13,4,120.694493,24.166266,2
8931,66000,387130000C,(04)23274275,(04)23288582,2025,03,23,8,6,臺中市,西屯區,0,0,0,7,,,40,,,,,,,,,,,,,,,,,,,B03,,,1,,2,,,43,43,1,12,4,120.647819,24.181963,3