﻿序號,縣市別代碼,機關代碼,市話,傳真,年,月,日,時,分,縣市,區,死亡數量,受傷數量,2-30,天候,道路照明設備,道路類別,道路速限,道路型態,事故位置,路面鋪裝,路面狀態,路面缺陷,障礙物,視距,號誌種類,號誌動作,分向設施,快車道或一般車道間,快慢車道間,路面邊線,事故類型及型態,受傷程度,主要傷處,保護裝備,行動電話或功能裝置,當事者區分_類別,車輛用途,當事者行動狀態,駕照狀態,駕照種類,飲酒情形,車輛撞擊部位最初,車輛撞擊部位其他,肇事因素個別,肇事因素主要,肇事逃逸,職業,共享經濟或外送平台,GPS座標X,GPS座標Y,事故類別
9043,66000,387130000C,(04)23274275,(04)23288582,2025,03,23,14,47,臺中市,烏日區,0,1,0,7,2,6,60,13,8,1,5,4,6,6,4,4,1,4,4,1,11,3,10,1,1,C03,7,9,1,10,2,12,,8,8,1,6,4,120.606698,24.108433,2
9044,66000,387130000C,(04)23274275,(04)23288582,2025,03,23,14,48,臺中市,北區,0,0,0,7,2,6,50,13,9,1,5,4,6,6,,4,1,4,5,1,13,3,10,3,1,B03,7,9,1,8,2,1,,84,84,1,12,4,120.677164,24.163258,3
9045,66000,387130000C,(04)23274275,(04)23288582,2025,03,23,14,49,臺中市,東區,0,0,0,7,,,50,,,,,,,,,,,,,,13,,,,,C03,,,1,,1,,,84,84,1,12,4,120.692435,24.139844,3
9046,66000,387130000C,(04)23274275,(04)23288582,2025,03,23,14,49,臺中市,龍井區,0,4,0,7,3,6,60,13,9,1,5,4,6,6,4,4,2,5,5,1,13,2,8,3,1,B03,7,9,1,8,2,1,,7,7,1,12,4,120.505592,24.192768,2
9047,66000,387130000C,(04)23274275,(04)23288582,2025,03,23,15,4,臺中市,龍井區,0,0,0,7,2,6,30,13,9,1,5,4,6,6,4,4,10,5,5,2,17,3,10,3,1,B03,7,5,1,8,1,7,,8,8,1,6,4,120.591778,24.182568,3
9048,66000,387130000C,(04)23274275,(04)23288582,2025,03,23,15,5,臺中市,大雅區,0,2,0,6,3,6,0,13,8,1,5,4,6,6,4,4,1,3,4,1,17,2,9,1,1,C03,7,1,1,10,2,14,,51,51,1,13,4,120.639266,24.232452,2
9049,66000,387130000C,(04)23274275,(04)23288582,2025,03,23,15,6,臺中市,大里區,0,0,0,7,2,6,50,4,2,1,5,4,6,6,1,1,5,2,5,1,13,,,,,B03,,,1,,2,,,84,84,1,13,4,120.688313,24.102595,3
9050,66000,387130000C,(04)23274275,(04)23288582,2025,03,23,15,8,臺中市,西區,0,0,0,7,,,50,,,,,,,,,,,,,,,,,,,C03,,,1,10,1,,,84,84,1,13,4,120.662785,24.149164,3
9051,66000,387130000C,(04)23274275,(04)23288582,2025,03,23,15,15,臺中市,南屯區,0,0,0,7,3,6,50,13,9,1,5,4,6,6,4,4,5,4,5,2,13,,,,,B03,,,1,,1,,,7,7,1,12,4,120.644606,24.139514,3
9052,66000,387130000C,(04)23274275,(04)23288582,2025,03,23,15,16,臺中市,大雅區,0,1,0,7,1,6,50,4,2,1,5,4,6,6,1,1,5,1,5,1,17,3,10,3,1,B03,7,5,1,8,2,2,,47,47,1,13,4,120.653545,24.221255,2
9053,66000,387130000C,(04)23274275,(04)23288582,2025,03,23,15,17,臺中市,西區,0,2,0,7,1,6,50,4,1,1,5,4,6,6,1,1,10,5,5,1,17,2,9,5,4,F01,7,9,7,21,2,14,,21,21,1,12,1,120.655125,24.152342,2
9054,66000,387130000C,(04)23274275,(04)23288582,2025,03,23,15,18,臺中市,西區,0,0,0,7,,,50,,,,,,,,,,,,,,35,,,,,C03,,,1,,1,,,84,84,1,13,2,120.656333,24.146475,3
9055,66000,387130000C,(04)23274275,(04)23288582,2025,03,23,15,20,臺中市,清水區,0,1,0,7,2,6,50,13,9,1,5,4,6,6,4,4,5,2,5,1,17,3,10,3,1,B03,7,2,1,8,2,15,,87,87,1,13,4,120.579611,24.270774,2
9056,66000,387130000C,(04)23274275,(04)23288582,2025,03,23,15,20,臺中市,大甲區,0,0,0,7,,,50,,,,,,,,,,,,,,13,,,,,C03,,,1,,2,,,84,84,1,12,4,120.63913,24.35827,3
9057,66000,387130000C,(04)23274275,(04)23288582,2025,03,23,15,21,臺中市,北區,0,1,0,7,2,6,50,3,2,1,5,4,6,6,4,4,10,5,5,2,17,2,9,1,1,C03,7,6,1,10,2,13,,14,14,1,13,4,120.683498,24.154794,2
9058,66000,387130000C,(04)23274275,(04)23288582,2025,03,23,15,23,臺中市,東區,0,0,0,7,,,50,,,,,,,,,,,,,,12,,,,,C03,,,1,,1,,,8,8,1,6,4,120.69272,24.137178,3
9059,66000,387130000C,(04)23274275,(04)23288582,2025,03,23,15,29,臺中市,北屯區,0,0,0,7,,,50,,,,,,,,,,,,,,12,,,,,B03,,,1,,1,,,43,43,1,6,4,120.660589,24.192051,3
9060,66000,387130000C,(04)23274275,(04)23288582,2025,03,23,15,30,臺中市,北屯區,0,0,0,7,,,50,,,,,,,,,,,,,,13,,,,,C03,,,1,,1,,,7,7,1,6,4,120.69833,24.174096,4
9061,66000,387130000C,(04)23274275,(04)23288582,2025,03,23,15,30,臺中市,清水區,0,2,0,7,3,6,60,5,1,1,5,4,6,6,2,1,1,4,3,1,16,3,10,3,1,B03,7,5,1,8,2,6,,11,11,1,12,4,120.540499,24.289562,2
9062,66000,387130000C,(04)23274275,(04)23288582,2025,03,23,15,35,臺中市,西屯區,0,0,0,7,,,50,,,,,,,,,,,,,,17,,,,,B03,,,1,,1,,,59,59,1,12,4,120.637707,24.178379,3
9063,66000,387130000C,(04)23274275,(04)23288582,2025,03,23,15,36,臺中市,西區,0,0,0,7,2,6,50,3,9,1,5,4,6,6,4,3,5,4,5,2,17,,,,,B03,,,1,,2,,,50,50,1,13,4,120.661866,24.151751,3
9064,66000,387130000C,(04)23274275,(04)23288582,2025,03,23,15,39,臺中市,南區,0,0,0,7,,,40,,,,,,,,,,,,,,,,,,,B03,,,1,,2,,,49,49,1,13,4,120.652569,24.112133,3
9065,66000,387130000C,(04)23274275,(04)23288582,2025,03,23,15,39,臺中市,大里區,0,0,0,7,2,6,30,3,2,1,5,4,6,6,4,4,10,5,5,2,17,,,,,B03,,,1,,1,,,8,8,1,13,4,120.703142,24.108291,3
9066,66000,387130000C,(04)23274275,(04)23288582,2025,03,23,15,42,臺中市,烏日區,0,0,0,7,,,50,,,,,,,,,,,,,,12,,,,,C03,,,3,,2,,,42,42,1,6,4,120.584316,24.111465,3
9067,66000,387130000C,(04)23274275,(04)23288582,2025,03,23,15,42,臺中市,豐原區,0,0,0,7,,,50,,,,,,,,,,,,,,14,,,,,B03,,,1,,2,,,49,49,1,13,4,120.728694,24.244099,3
9068,66000,387130000C,(04)23274275,(04)23288582,2025,03,23,15,44,臺中市,豐原區,0,0,0,7,,,50,,,,,,,,,,,,,,17,,,,,B03,,,1,,2,,,50,50,1,12,4,120.761082,24.262215,3
9069,66000,387130000C,(04)23274275,(04)23288582,2025,03,23,15,45,臺中市,東區,0,2,0,7,1,6,50,3,1,1,5,4,6,6,4,4,10,5,5,2,17,2,9,1,1,C03,7,6,1,10,2,11,,14,14,1,12,4,120.702664,24.138897,2
9070,66000,387130000C,(04)23274275,(04)23288582,2025,03,23,15,46,臺中市,西區,0,0,0,7,,,50,,,,,,,,,,,,,,,,,,,,,,,,,,,59,59,1,,,120.668825,24.140769,3
9071,66000,387130000C,(04)23274275,(04)23288582,2025,03,23,15,47,臺中市,西屯區,0,0,0,7,,,50,,,,,,,,,,,,,,14,,,,,B03,,,1,,1,,,51,51,1,13,4,120.630011,24.183267,3
9072,66000,387130000C,(04)23274275,(04)23288582,2025,03,23,15,48,臺中市,太平區,0,2,0,7,3,6,50,4,2,1,5,4,6,6,3,1,10,5,5,2,11,3,10,3,1,B03,7,1,1,8,2,8,,51,51,1,6,4,120.734296,24.143958,2
9073,66000,387130000C,(04)23274275,(04)23288582,2025,03,23,15,49,臺中市,南屯區,0,1,0,7,2,6,50,13,9,1,5,4,6,6,4,4,5,4,5,2,13,2,9,1,1,C03,7,9,1,10,2,11,,7,7,1,6,4,120.642163,24.146617,2
9074,66000,387130000C,(04)23274275,(04)23288582,2025,03,23,15,50,臺中市,南區,0,1,0,7,3,6,50,4,1,1,5,4,6,6,2,1,5,4,4,2,12,3,10,3,1,B03,7,6,1,8,2,6,,11,11,1,13,4,120.660139,24.125891,2
9075,66000,387130000C,(04)23274275,(04)23288582,2025,03,23,15,50,臺中市,北屯區,0,1,0,7,1,6,50,4,2,1,5,4,6,6,3,1,5,4,5,2,16,3,10,3,1,B03,7,6,1,8,9,7,,24,24,2,13,4,120.704414,24.168972,2
9076,66000,387130000C,(04)23274275,(04)23288582,2025,03,23,15,51,臺中市,南區,0,2,0,7,2,6,50,3,1,1,5,4,6,6,1,1,10,5,5,2,13,3,10,3,1,B03,7,9,1,8,2,1,,7,7,1,6,4,120.67016,24.111563,2
9077,66000,387130000C,(04)23274275,(04)23288582,2025,03,23,15,52,臺中市,南屯區,0,0,0,7,,,50,,,,,,,,,,,,,,,,,,,F07,,,1,,1,,,84,84,1,13,4,120.647233,24.142373,3
9078,66000,387130000C,(04)23274275,(04)23288582,2025,03,23,15,53,臺中市,梧棲區,0,1,0,7,3,6,60,3,1,1,5,4,6,6,4,4,10,5,5,2,16,2,9,1,1,C03,7,9,1,10,2,11,,59,59,1,6,4,120.526557,24.226823,2
9079,66000,387130000C,(04)23274275,(04)23288582,2025,03,23,15,57,臺中市,大里區,0,0,0,7,,,30,,,,,,,,,,,,,,,,,,,F01,,,1,,2,,,84,84,1,13,4,120.712105,24.084688,3
9080,66000,387130000C,(04)23274275,(04)23288582,2025,03,23,16,9,臺中市,西區,0,0,0,7,,,50,,,,,,,,,,,,,,,,,,,B12,,,1,,1,,,84,84,1,13,4,120.670737,24.149799,3
9081,66000,387130000C,(04)23274275,(04)23288582,2025,03,23,16,10,臺中市,豐原區,0,1,0,7,3,6,50,13,9,1,5,4,6,6,4,4,5,4,5,1,17,2,8,2,1,C03,7,9,1,10,2,16,,58,58,1,13,4,120.733224,24.240886,2
9082,66000,387130000C,(04)23274275,(04)23288582,2025,03,23,16,11,臺中市,北屯區,0,0,0,7,,,50,,,,,,,,,,,,,,2,,,,,B03,,,1,,1,,,8,8,1,12,4,120.685378,24.172216,4
9083,66000,387130000C,(04)23274275,(04)23288582,2025,03,23,16,12,臺中市,南屯區,0,0,0,7,,,50,,,,,,,,,,,,,,13,,,,,C03,,,1,,2,,,7,7,1,12,4,120.61099,24.145261,3
9084,66000,387130000C,(04)23274275,(04)23288582,2025,03,23,16,18,臺中市,大雅區,0,0,0,7,,,30,,,,,,,,,,,,,,,,,,,B02,,,1,,2,,,59,59,1,12,4,120.66447,24.235539,3
9085,66000,387130000C,(04)23274275,(04)23288582,2025,03,23,16,20,臺中市,東區,0,1,0,7,3,6,50,3,1,1,5,4,6,6,4,4,10,5,5,2,13,2,9,2,1,C03,7,9,1,10,2,11,,7,7,1,13,4,120.710408,24.149237,2
9086,66000,387130000C,(04)23274275,(04)23288582,2025,03,23,16,21,臺中市,沙鹿區,0,0,0,7,,,40,,,,,,,,,,,,,,,,,,,B03,,,1,,2,,,50,50,1,12,4,120.561566,24.243841,3
9087,66000,387130000C,(04)23274275,(04)23288582,2025,03,23,16,22,臺中市,龍井區,0,0,0,7,,,40,,,,,,,,,,,,,,,,,,,B03,,,1,,2,,,49,49,1,6,4,120.521488,24.216054,3
9088,66000,387130000C,(04)23274275,(04)23288582,2025,03,23,16,30,臺中市,西屯區,0,0,0,7,,,50,,,,,,,,,,,,,,17,,,,,B03,,,1,,2,,,8,8,1,12,4,120.648631,24.155772,3
9089,66000,387130000C,(04)23274275,(04)23288582,2025,03,23,16,30,臺中市,沙鹿區,0,0,0,7,,,50,,,,,,,,,,,,,,11,,,,,B03,,,1,,2,,,8,8,1,12,4,120.568326,24.239918,3
9090,66000,387130000C,(04)23274275,(04)23288582,2025,03,23,16,32,臺中市,霧峰區,0,1,0,7,2,6,50,4,1,1,5,4,6,6,4,4,10,5,5,2,18,2,9,2,1,C03,7,6,1,10,2,11,,84,84,1,5,4,120.699684,24.072782,2
9091,66000,387130000C,(04)23274275,(04)23288582,2025,03,23,16,32,臺中市,大里區,0,1,0,7,3,6,50,5,2,1,5,4,6,6,1,1,5,4,4,1,16,3,10,5,4,B03,7,6,1,8,2,6,,11,11,1,13,4,120.700984,24.102646,2
9092,66000,387130000C,(04)23274275,(04)23288582,2025,03,23,16,33,臺中市,潭子區,0,2,0,7,2,6,60,13,8,1,5,4,6,6,4,4,1,4,4,1,12,2,9,2,1,C03,7,7,1,10,2,11,,2,2,1,13,4,120.707562,24.226532,2
9093,66000,387130000C,(04)23274275,(04)23288582,2025,03,23,16,35,臺中市,南屯區,0,0,0,7,3,6,50,13,9,1,5,4,6,6,1,1,5,5,4,2,12,,,,,B03,,,1,,1,,,7,7,1,12,4,120.635741,24.133088,3
9094,66000,387130000C,(04)23274275,(04)23288582,2025,03,23,16,42,臺中市,大肚區,0,1,0,7,3,6,50,13,7,1,5,4,6,6,4,4,5,4,4,2,1,3,10,3,1,B03,7,9,1,8,2,2,,8,8,1,6,4,120.544725,24.155063,2
9095,66000,387130000C,(04)23274275,(04)23288582,2025,03,23,16,43,臺中市,西屯區,0,0,0,7,,,0,,,,,,,,,,,,,,24,,,,,B02,,,3,,2,,,39,39,1,12,4,120.636235,24.184961,3
9096,66000,387130000C,(04)23274275,(04)23288582,2025,03,23,16,45,臺中市,沙鹿區,0,0,0,7,,,60,,,,,,,,,,,,,,,,,,,B03,,,1,,1,,,7,7,1,12,4,120.563014,24.240085,3
9097,66000,387130000C,(04)23274275,(04)23288582,2025,03,23,16,49,臺中市,龍井區,0,1,0,7,2,6,30,11,9,1,5,4,6,6,4,4,10,5,5,2,10,3,10,3,1,B03,7,9,1,8,2,8,,84,84,1,6,4,120.586332,24.177402,2
9098,66000,387130000C,(04)23274275,(04)23288582,2025,03,23,16,51,臺中市,北屯區,0,1,0,7,3,6,50,4,1,1,5,4,6,6,1,1,10,5,5,2,13,3,10,3,1,B03,7,9,1,8,2,1,,84,84,1,5,4,120.722582,24.169713,2
9099,66000,387130000C,(04)23274275,(04)23288582,2025,03,23,16,51,臺中市,豐原區,0,0,0,7,,,50,,,,,,,,,,,,,,12,,,,,B03,,,1,,1,,,8,8,1,13,4,120.711748,24.240052,3
9100,66000,387130000C,(04)23274275,(04)23288582,2025,03,23,16,58,臺中市,大里區,0,0,0,7,,,50,,,,,,,,,,,,,,,,,,,B03,,,1,,1,,,84,84,1,13,4,120.693717,24.093788,3
9101,66000,387130000C,(04)23274275,(04)23288582,2025,03,23,16,59,臺中市,北屯區,0,0,0,7,,,50,,,,,,,,,,,,,,17,,,,,B12,,,1,,2,,,73,73,1,6,4,120.694788,24.170993,3
9102,66000,387130000C,(04)23274275,(04)23288582,2025,03,23,17,1,臺中市,西區,0,3,0,7,2,6,50,5,1,1,5,4,6,6,2,1,10,5,5,2,16,2,9,1,1,C03,7,6,1,10,2,12,,11,11,1,6,4,120.669066,24.144582,2
9103,66000,387130000C,(04)23274275,(04)23288582,2025,03,23,17,5,臺中市,東區,0,1,0,7,1,6,50,13,9,1,5,4,6,6,4,4,5,5,5,2,17,2,9,1,1,C03,7,9,1,15,2,14,,84,84,1,12,4,120.709379,24.144976,2
9104,66000,387130000C,(04)23274275,(04)23288582,2025,03,23,17,11,臺中市,梧棲區,0,0,0,7,,,,,,,,,,,,,,,,,16,,,,,,,,,,,,,11,11,1,,,120.550516,24.240793,3
9105,66000,387130000C,(04)23274275,(04)23288582,2025,03,23,17,12,臺中市,大甲區,0,0,0,7,,,50,,,,,,,,,,,,,,14,,,,,B03,,,1,,2,,,49,49,1,6,4,120.633662,24.344959,3
9106,66000,387130000C,(04)23274275,(04)23288582,2025,03,23,17,15,臺中市,大雅區,0,3,0,7,3,6,30,4,1,1,5,4,6,6,4,4,10,5,5,2,17,2,9,1,1,C03,7,9,1,10,2,12,,20,20,1,13,4,120.669643,24.234054,2
9107,66000,387130000C,(04)23274275,(04)23288582,2025,03,23,17,16,臺中市,西屯區,0,0,0,7,,,60,,,,,,,,,,,,,,12,,,,,B03,,,1,,2,,,40,40,1,13,4,120.640819,24.167531,3
9108,66000,387130000C,(04)23274275,(04)23288582,2025,03,23,17,16,臺中市,烏日區,0,2,0,7,3,6,40,11,8,1,5,4,6,6,4,4,1,4,3,1,12,2,9,1,1,C03,7,6,1,10,2,11,12,84,84,1,5,4,120.625164,24.099628,2
9109,66000,387130000C,(04)23274275,(04)23288582,2025,03,23,17,18,臺中市,西區,0,1,0,7,2,6,50,4,1,1,5,4,6,6,1,1,10,5,5,2,12,3,10,3,1,B03,7,9,1,8,2,2,,85,85,1,13,4,120.666736,24.141067,2
9110,66000,387130000C,(04)23274275,(04)23288582,2025,03,23,17,25,臺中市,西區,0,0,0,7,,,50,,,,,,,,,,,,,,13,,,,,C04,,,1,,1,,,59,59,1,12,4,120.669678,24.150839,3
9111,66000,387130000C,(04)23274275,(04)23288582,2025,03,23,17,25,臺中市,南屯區,0,2,0,7,2,6,50,4,1,1,5,4,6,6,2,1,10,5,5,2,16,2,8,1,1,C03,7,6,1,10,2,14,,20,20,1,12,4,120.646656,24.146812,2
9112,66000,387130000C,(04)23274275,(04)23288582,2025,03,23,17,25,臺中市,北屯區,0,0,0,7,,,50,,,,,,,,,,,,,,,,,,,B03,,,1,,9,,,49,49,1,13,4,120.722333,24.175029,3
9113,66000,387130000C,(04)23274275,(04)23288582,2025,03,23,17,27,臺中市,太平區,0,0,0,7,,,50,,,,,,,,,,,,,,,,,,,B03,,,1,,2,,,84,84,1,12,4,120.712193,24.144456,3
9114,66000,387130000C,(04)23274275,(04)23288582,2025,03,23,17,35,臺中市,南區,0,0,0,7,,,50,,,,,,,,,,,,,,,,,,,C03,,,1,,2,,,7,7,1,13,4,120.680255,24.131816,3
9115,66000,387130000C,(04)23274275,(04)23288582,2025,03,23,17,37,臺中市,東區,0,2,0,7,3,6,50,3,1,1,5,4,6,6,2,1,10,5,5,2,3,2,9,2,1,C03,7,6,1,10,2,11,,10,10,1,12,4,120.68783,24.139953,2
9116,66000,387130000C,(04)23274275,(04)23288582,2025,03,23,17,38,臺中市,大里區,0,0,0,7,2,6,30,3,1,1,5,4,3,6,4,4,10,5,5,,17,,,,,B03,,,1,,2,,,49,49,1,13,4,120.690889,24.101385,3
9117,66000,387130000C,(04)23274275,(04)23288582,2025,03,23,17,40,臺中市,大雅區,0,0,0,7,,,30,,,,,,,,,,,,,,,,,,,C03,,,1,,1,,,51,51,1,12,4,120.615748,24.218398,3
9118,66000,387130000C,(04)23274275,(04)23288582,2025,03,23,17,45,臺中市,太平區,0,1,0,7,2,6,50,5,4,1,5,4,6,6,1,1,4,2,5,2,13,2,8,2,1,C03,7,9,1,10,2,11,,7,7,1,12,4,120.703489,24.148218,2
9119,66000,387130000C,(04)23274275,(04)23288582,2025,03,23,17,50,臺中市,北屯區,0,2,0,7,2,6,50,13,9,1,5,4,6,6,4,4,1,4,5,2,13,2,9,1,1,C03,7,9,1,10,2,11,,7,7,1,6,4,120.689558,24.201319,2
9120,66000,387130000C,(04)23274275,(04)23288582,2025,03,23,17,55,臺中市,西屯區,0,0,0,7,,,0,,,,,,,,,,,,,,13,,,,,B03,,,1,,1,,,84,84,1,12,4,120.615957,24.191129,3
9121,66000,387130000C,(04)23274275,(04)23288582,2025,03,23,17,57,臺中市,西區,0,1,0,7,1,6,50,13,9,1,5,4,6,6,4,4,5,4,5,2,17,3,10,5,4,B12,7,11,1,3,2,4,,45,45,1,13,4,120.668963,24.150986,2
9122,66000,387130000C,(04)23274275,(04)23288582,2025,03,23,17,57,臺中市,豐原區,0,1,0,7,1,6,50,13,8,1,5,4,6,6,4,4,9,5,4,2,17,3,10,3,1,B03,7,1,1,8,2,4,,51,51,1,13,4,120.732535,24.250667,2
9123,66000,387130000C,(04)23274275,(04)23288582,2025,03,23,17,58,臺中市,外埔區,0,0,0,7,,,30,,,,,,,,,,,,,,,,,,,B03,,,1,,2,,,14,14,1,12,4,120.643007,24.341141,3
9124,66000,387130000C,(04)23274275,(04)23288582,2025,03,23,17,59,臺中市,清水區,0,0,0,7,,,50,,,,,,,,,,,,,,,,,,,B03,,,1,,2,,,7,7,1,12,4,120.560225,24.277402,3
9125,66000,387130000C,(04)23274275,(04)23288582,2025,03,23,18,3,臺中市,潭子區,0,0,0,7,,,0,,,,,,,,,,,,,,,,,,,B03,,,1,,11,,,51,51,1,13,4,120.719455,24.229227,3
9126,66000,387130000C,(04)23274275,(04)23288582,2025,03,23,18,4,臺中市,西屯區,0,1,0,7,1,6,40,13,8,1,5,4,6,6,4,4,1,4,5,2,13,2,9,5,4,C03,7,9,1,10,2,11,,7,7,1,12,4,120.64882,24.163409,2
9127,66000,387130000C,(04)23274275,(04)23288582,2025,03,23,18,4,臺中市,后里區,0,1,0,7,2,6,40,13,8,1,5,4,6,6,4,4,1,4,4,1,13,2,8,1,1,C03,7,9,1,10,2,11,,7,7,1,12,4,120.723662,24.292981,2
9128,66000,387130000C,(04)23274275,(04)23288582,2025,03,23,18,8,臺中市,大雅區,0,0,0,7,,,0,,,,,,,,,,,,,,,,,,,B03,,,1,,1,,,49,49,1,13,4,120.652745,24.221231,3
9129,66000,387130000C,(04)23274275,(04)23288582,2025,03,23,18,8,臺中市,太平區,0,1,0,7,1,6,40,4,4,1,5,4,6,6,4,4,5,2,4,1,16,2,8,1,1,C03,7,6,1,10,2,14,,26,26,1,6,4,120.736918,24.132301,2
9130,66000,387130000C,(04)23274275,(04)23288582,2025,03,23,18,13,臺中市,大里區,0,0,0,7,,,50,,,,,,,,,,,,,,27,,,,,B03,,,1,,2,,,84,84,1,13,4,120.672114,24.088621,3
9131,66000,387130000C,(04)23274275,(04)23288582,2025,03,23,18,15,臺中市,東區,0,0,0,7,1,6,50,3,1,5,5,4,6,6,4,4,10,4,5,2,17,3,10,3,1,B03,7,5,1,8,1,1,,7,7,1,12,4,120.686524,24.135964,3
9132,66000,387130000C,(04)23274275,(04)23288582,2025,03,23,18,16,臺中市,北屯區,0,0,0,7,,,50,,,,,,,,,,,,,,,,,,,B03,,,1,,1,,,84,84,1,13,4,120.721761,24.18068,3
9133,66000,387130000C,(04)23274275,(04)23288582,2025,03,23,18,20,臺中市,東區,0,2,0,7,1,6,50,13,9,1,5,4,6,6,4,4,5,4,5,2,13,2,7,2,1,C03,7,9,1,10,2,11,,7,7,1,5,4,120.683796,24.134895,2
9134,66000,387130000C,(04)23274275,(04)23288582,2025,03,23,18,35,臺中市,大里區,0,1,0,7,1,6,50,3,1,1,5,4,6,6,4,4,10,5,5,2,16,3,10,3,1,B03,7,11,1,8,2,8,,45,45,1,6,4,120.696574,24.083886,2
9135,66000,387130000C,(04)23274275,(04)23288582,2025,03,23,18,37,臺中市,西區,0,0,0,7,1,9,50,18,21,4,5,4,6,6,4,4,10,5,5,2,17,,,,,C03,,,1,,1,,,50,50,1,13,4,120.665064,24.151407,3
9136,66000,387130000C,(04)23274275,(04)23288582,2025,03,23,18,40,臺中市,烏日區,0,0,0,7,1,6,50,3,1,1,5,4,6,6,1,1,10,5,5,2,27,3,10,3,1,B03,7,9,1,8,2,5,,84,84,1,6,4,120.609218,24.112852,3
9137,66000,387130000C,(04)23274275,(04)23288582,2025,03,23,18,40,臺中市,沙鹿區,0,0,0,7,1,6,60,3,7,1,5,4,6,6,1,1,1,3,4,2,13,,,,,B03,,,1,,2,,,84,84,1,12,4,120.563264,24.247351,3
9138,66000,387130000C,(04)23274275,(04)23288582,2025,03,23,18,43,臺中市,西區,0,0,0,7,,,50,,,,,,,,,,,,,,,,,,,C03,,,1,,2,,,59,59,1,6,4,120.657379,24.137811,3
9139,66000,387130000C,(04)23274275,(04)23288582,2025,03,23,18,45,臺中市,潭子區,0,3,0,7,1,6,60,4,4,1,5,4,6,6,2,1,1,4,5,1,13,2,9,2,1,C03,7,15,1,10,2,11,,84,84,1,13,4,120.703552,24.201003,2
9140,66000,387130000C,(04)23274275,(04)23288582,2025,03,23,18,45,臺中市,西屯區,0,2,0,7,1,6,50,13,9,1,5,4,6,6,2,1,1,4,5,2,24,3,10,5,4,B03,7,9,1,8,2,5,,59,59,1,13,4,120.651695,24.189058,2
9141,66000,387130000C,(04)23274275,(04)23288582,2025,03,23,18,58,臺中市,豐原區,0,0,0,7,,,30,,,,,,,,,,,,,,,,,,,B01,,,1,,2,,,8,8,1,13,4,120.728616,24.252534,4
9142,66000,387130000C,(04)23274275,(04)23288582,2025,03,23,19,10,臺中市,南區,0,2,0,7,1,6,50,4,1,1,5,4,6,6,1,1,5,5,5,2,13,2,9,2,1,C03,7,9,1,10,2,11,,7,7,1,13,4,120.655776,24.120234,2
9143,66000,387130000C,(04)23274275,(04)23288582,2025,03,23,19,10,臺中市,北屯區,0,0,0,7,,,50,,,,,,,,,,,,,,12,,,,,B03,,,1,8,1,,,40,40,1,6,4,120.733708,24.176932,3
9144,66000,387130000C,(04)23274275,(04)23288582,2025,03,23,19,17,臺中市,北屯區,0,0,0,7,,,50,,,,,,,,,,,,,,,,,,,B01,,,1,,9,,,84,84,1,13,4,120.682744,24.172144,3
9145,66000,387130000C,(04)23274275,(04)23288582,2025,03,23,19,19,臺中市,北屯區,0,1,0,7,1,6,50,4,1,1,5,4,6,6,2,1,10,5,5,2,16,2,9,1,1,C03,7,1,1,10,2,14,,51,51,1,12,4,120.690371,24.176874,2
9146,66000,387130000C,(04)23274275,(04)23288582,2025,03,23,19,19,臺中市,豐原區,0,0,0,7,,,30,,,,,,,,,,,,,,17,,,,,B12,,,1,,9,,,49,49,2,13,4,120.736818,24.259728,3
9147,66000,387130000C,(04)23274275,(04)23288582,2025,03,23,19,23,臺中市,大雅區,0,1,0,7,1,6,50,13,7,1,5,4,6,6,4,4,4,3,4,1,17,3,10,3,1,B12,7,1,5,19,5,8,,51,51,1,12,4,120.644075,24.206794,2
9148,66000,387130000C,(04)23274275,(04)23288582,2025,03,23,19,24,臺中市,西屯區,0,2,0,7,2,6,50,3,9,1,5,4,6,6,2,1,1,4,5,1,17,3,10,1,1,C02,7,9,1,9,1,16,,21,21,1,12,4,120.661043,24.171538,2
9149,66000,387130000C,(04)23274275,(04)23288582,2025,03,23,19,30,臺中市,南屯區,0,0,0,7,,,50,,,,,,,,,,,,,,,,,,,B02,,,1,,2,,,59,59,1,13,4,120.613551,24.142833,3
9150,66000,387130000C,(04)23274275,(04)23288582,2025,03,23,19,30,臺中市,沙鹿區,0,1,0,7,1,6,70,3,1,1,5,4,6,6,1,1,10,5,5,2,16,3,10,3,1,B03,7,5,1,8,2,6,,47,47,1,12,4,120.621054,24.242287,2
9151,66000,387130000C,(04)23274275,(04)23288582,2025,03,23,19,33,臺中市,北區,0,2,0,7,3,6,50,4,2,1,5,4,6,6,1,1,10,5,5,2,17,2,9,5,4,C03,7,9,1,10,2,11,,84,84,1,13,4,120.665714,24.16031,2
9152,66000,387130000C,(04)23274275,(04)23288582,2025,03,23,19,35,臺中市,豐原區,0,0,0,7,,,50,,,,,,,,,,,,,,14,,,,,B03,,,1,,1,,,49,49,1,13,4,120.717938,24.252256,3
9153,66000,387130000C,(04)23274275,(04)23288582,2025,03,23,19,41,臺中市,大里區,0,0,0,7,1,6,30,13,24,3,5,4,6,6,4,4,10,5,5,2,14,,,,,B03,,,1,,2,,,49,49,1,13,4,120.687569,24.119804,3
9154,66000,387130000C,(04)23274275,(04)23288582,2025,03,23,19,50,臺中市,北區,0,2,0,7,1,6,50,3,1,1,5,4,6,6,1,1,10,5,5,2,17,3,10,5,4,B03,7,15,1,8,2,16,,42,42,1,13,4,120.689134,24.153572,2