﻿序號,縣市別代碼,機關代碼,市話,傳真,年,月,日,時,分,縣市,區,死亡數量,受傷數量,2-30,天候,道路照明設備,道路類別,道路速限,道路型態,事故位置,路面鋪裝,路面狀態,路面缺陷,障礙物,視距,號誌種類,號誌動作,分向設施,快車道或一般車道間,快慢車道間,路面邊線,事故類型及型態,受傷程度,主要傷處,保護裝備,行動電話或功能裝置,當事者區分_類別,車輛用途,當事者行動狀態,駕照狀態,駕照種類,飲酒情形,車輛撞擊部位最初,車輛撞擊部位其他,肇事因素個別,肇事因素主要,肇事逃逸,職業,共享經濟或外送平台,GPS座標X,GPS座標Y,事故類別
9155,66000,387130000C,(04)23274275,(04)23288582,2025,03,23,20,0,臺中市,太平區,0,0,0,7,,,50,,,,,,,,,,,,,,,,,,,C03,,,1,,2,,,7,7,1,12,4,120.732639,24.137551,3
9156,66000,387130000C,(04)23274275,(04)23288582,2025,03,23,20,1,臺中市,西屯區,0,1,0,7,1,6,50,13,8,1,5,4,6,6,4,4,1,3,4,2,16,3,10,5,4,B03,7,7,1,8,2,5,,40,40,1,13,4,120.613934,24.18457,2
9157,66000,387130000C,(04)23274275,(04)23288582,2025,03,23,20,4,臺中市,石岡區,0,0,0,7,,,50,,,,,,,,,,,,,,13,,,,,B03,,,1,,2,,,59,59,1,13,4,120.76403,24.277198,3
9158,66000,387130000C,(04)23274275,(04)23288582,2025,03,23,20,8,臺中市,大里區,0,2,0,7,3,6,50,13,9,1,5,4,6,6,4,4,5,4,5,1,16,2,7,5,4,C03,7,5,1,10,2,11,,20,20,1,13,4,120.687899,24.115407,2
9159,66000,387130000C,(04)23274275,(04)23288582,2025,03,23,20,9,臺中市,北屯區,0,3,0,7,1,6,40,3,1,1,5,4,6,6,4,4,10,5,5,2,13,2,9,1,1,C03,7,5,1,10,2,11,,5,5,1,6,4,120.676843,24.181099,2
9160,66000,387130000C,(04)23274275,(04)23288582,2025,03,23,20,18,臺中市,大肚區,0,1,0,7,1,6,40,13,8,1,5,4,5,6,4,4,1,4,4,1,30,2,1,2,1,C03,7,9,1,10,8,11,,7,7,1,6,4,120.55754,24.127406,2
9161,66000,387130000C,(04)23274275,(04)23288582,2025,03,23,20,32,臺中市,烏日區,0,0,0,7,,,50,,,,,,,,,,,,,,17,,,,,B01,,,1,,1,,,76,76,1,6,4,120.615688,24.111898,4
9162,66000,387130000C,(04)23274275,(04)23288582,2025,03,23,20,41,臺中市,龍井區,0,0,0,7,2,6,30,13,9,1,5,4,6,6,4,4,10,5,5,2,12,3,10,3,1,B03,7,9,1,8,2,2,,8,8,1,6,4,120.591998,24.180573,3
9163,66000,387130000C,(04)23274275,(04)23288582,2025,03,23,20,47,臺中市,西屯區,0,1,0,7,1,6,50,4,1,1,5,4,6,6,4,4,10,5,5,2,16,3,10,5,4,C03,7,6,1,10,2,11,,48,48,1,12,4,120.63609,24.17669,2
9164,66000,387130000C,(04)23274275,(04)23288582,2025,03,23,20,50,臺中市,北屯區,0,1,0,7,1,6,50,13,9,1,5,4,6,6,4,4,9,4,5,2,16,3,10,3,1,B03,7,5,1,8,2,5,,42,42,1,12,4,120.683624,24.171747,2
9165,66000,387130000C,(04)23274275,(04)23288582,2025,03,23,20,52,臺中市,南區,0,1,0,7,3,6,50,4,1,1,5,4,6,6,4,4,5,5,5,2,13,2,9,2,1,C03,7,9,1,10,2,11,,59,59,1,5,4,120.653418,24.123784,2
9166,66000,387130000C,(04)23274275,(04)23288582,2025,03,23,20,58,臺中市,南區,0,1,0,7,1,6,50,4,1,1,5,4,6,6,1,1,10,5,5,2,17,2,9,1,1,C03,7,6,1,10,2,11,,36,36,1,12,4,120.650576,24.120293,2
9167,66000,387130000C,(04)23274275,(04)23288582,2025,03,23,21,0,臺中市,南區,0,1,0,7,1,6,50,3,1,1,1,4,6,6,1,1,1,4,4,2,17,2,1,3,1,B03,7,9,1,8,2,5,,84,84,1,6,4,120.659293,24.118892,2
9168,66000,387130000C,(04)23274275,(04)23288582,2025,03,23,21,1,臺中市,北區,0,2,0,7,1,6,50,4,1,1,5,4,6,6,1,1,10,5,5,2,17,3,10,5,4,C03,7,6,1,10,2,14,,48,48,1,13,4,120.681476,24.152652,2
9169,66000,387130000C,(04)23274275,(04)23288582,2025,03,23,21,2,臺中市,南屯區,0,0,0,7,,,50,,,,,,,,,,,,,,,,,,,C03,,,1,,2,,,84,84,1,13,4,120.636028,24.147864,3
9170,66000,387130000C,(04)23274275,(04)23288582,2025,03,23,21,3,臺中市,北屯區,0,0,0,7,,,50,,,,,,,,,,,,,,13,,,,,B03,,,1,,2,,,7,7,1,6,4,120.692919,24.162824,3
9171,66000,387130000C,(04)23274275,(04)23288582,2025,03,23,21,25,臺中市,北屯區,0,1,0,7,1,6,50,4,2,1,5,4,6,6,1,1,3,4,5,2,18,2,9,1,1,C03,7,9,1,10,2,12,,21,21,1,13,4,120.697745,24.170349,2
9172,66000,387130000C,(04)23274275,(04)23288582,2025,03,23,21,40,臺中市,北屯區,0,0,0,7,,,30,,,,,,,,,,,,,,12,,,,,B03,,,1,,2,,,8,8,1,6,4,120.66676,24.178457,3
9173,66000,387130000C,(04)23274275,(04)23288582,2025,03,23,21,44,臺中市,大甲區,0,1,0,7,1,6,70,13,11,1,5,4,6,6,4,4,1,4,4,1,17,3,10,5,4,B03,7,5,1,8,2,6,,47,47,1,12,4,120.644279,24.399893,2
9174,66000,387130000C,(04)23274275,(04)23288582,2025,03,23,21,50,臺中市,東區,0,0,0,7,,,50,,,,,,,,,,,,,,,,,,,B03,,,1,,10,,,77,77,1,13,4,120.687816,24.135131,3
9175,66000,387130000C,(04)23274275,(04)23288582,2025,03,23,21,54,臺中市,太平區,0,0,0,7,,,30,,,,,,,,,,,,,,14,,,,,B02,,,1,,2,,,49,49,1,12,4,120.731372,24.139463,3
9176,66000,387130000C,(04)23274275,(04)23288582,2025,03,23,22,3,臺中市,霧峰區,0,1,0,7,1,6,50,4,1,1,5,4,6,6,4,4,10,5,5,2,30,2,9,2,1,C03,7,9,1,10,2,11,,84,84,1,6,4,120.696984,24.062689,2
9177,66000,387130000C,(04)23274275,(04)23288582,2025,03,23,22,10,臺中市,沙鹿區,0,0,0,6,,,50,,,,,,,,,,,,,,12,,,,,C03,,,3,,9,,,8,8,1,12,4,120.572762,24.229629,3
9178,66000,387130000C,(04)23274275,(04)23288582,2025,03,23,22,25,臺中市,東區,0,1,0,7,1,6,50,4,1,1,5,4,6,6,1,1,10,5,5,2,17,2,9,1,1,C03,7,9,1,10,2,12,,84,84,1,12,4,120.706347,24.136694,2
9179,66000,387130000C,(04)23274275,(04)23288582,2025,03,23,22,30,臺中市,大里區,0,0,0,7,,,60,,,,,,,,,,,,,,13,,,,,B03,,,1,,2,,,7,7,1,13,4,120.689869,24.101059,3
9180,66000,387130000C,(04)23274275,(04)23288582,2025,03,23,22,40,臺中市,西區,0,2,0,7,1,6,50,13,9,1,5,4,6,6,2,1,5,4,5,2,13,2,9,1,1,C03,7,9,1,10,2,11,,59,59,1,6,4,120.663905,24.146709,2
9181,66000,387130000C,(04)23274275,(04)23288582,2025,03,23,22,40,臺中市,烏日區,0,0,0,7,,,50,,,,,,,,,,,,,,16,,,,,B01,,,1,,2,,,1,1,1,6,4,120.615612,24.113903,3
9182,66000,387130000C,(04)23274275,(04)23288582,2025,03,23,22,44,臺中市,北屯區,0,0,0,7,,,50,,,,,,,,,,,,,,,,,,,B03,,,1,,2,,,59,59,1,12,4,120.686234,24.177485,3
9183,66000,387130000C,(04)23274275,(04)23288582,2025,03,23,22,47,臺中市,北屯區,0,1,0,7,1,6,30,13,9,1,5,4,6,6,4,4,10,5,5,2,18,2,8,1,1,C03,7,9,1,10,1,11,,43,43,1,12,4,120.72703,24.177444,2
9184,66000,387130000C,(04)23274275,(04)23288582,2025,03,23,22,47,臺中市,西屯區,0,0,0,7,,,40,,,,,,,,,,,,,,14,,,,,B13,,,1,,1,,,78,78,1,13,4,120.640716,24.176188,3
9185,66000,387130000C,(04)23274275,(04)23288582,2025,03,23,22,55,臺中市,清水區,0,0,0,7,1,6,50,3,1,1,5,4,6,6,4,4,8,3,4,2,16,,,,,B03,,,3,,1,,,11,11,1,12,4,120.542573,24.266497,3
9186,66000,387130000C,(04)23274275,(04)23288582,2025,03,23,23,2,臺中市,北區,0,1,0,7,1,6,50,13,9,1,5,4,6,6,4,4,5,4,5,2,30,,,,,,,,,,,,,118,118,1,,,120.678534,24.167084,2
9187,66000,387130000C,(04)23274275,(04)23288582,2025,03,23,23,15,臺中市,東區,0,0,0,7,,,50,,,,,,,,,,,,,,17,,,,,C03,,,1,,10,,,85,85,1,12,4,120.68782,24.139075,3
9188,66000,387130000C,(04)23274275,(04)23288582,2025,03,23,23,17,臺中市,西屯區,0,0,0,7,,,50,,,,,,,,,,,,,,30,,,,,B03,,,1,,2,,,84,84,1,12,4,120.65019,24.158824,3
9189,66000,387130000C,(04)23274275,(04)23288582,2025,03,23,23,21,臺中市,豐原區,0,1,0,7,1,6,40,11,9,1,5,4,6,6,4,4,4,4,5,1,18,2,9,2,1,C03,7,9,1,10,2,12,,58,58,1,13,4,120.755958,24.259594,2
9190,66000,387130000C,(04)23274275,(04)23288582,2025,03,23,23,24,臺中市,北屯區,0,1,0,7,1,6,50,4,1,1,5,4,6,6,1,1,10,5,5,2,16,3,10,3,1,B03,7,5,1,8,2,2,,65,65,1,6,4,120.704418,24.164862,2
9191,66000,387130000C,(04)23274275,(04)23288582,2025,03,23,23,26,臺中市,太平區,0,1,0,7,1,6,50,4,1,1,5,4,6,6,3,1,5,5,5,1,15,2,9,1,1,C03,7,9,1,10,2,12,,24,24,1,6,4,120.716892,24.15122,2
9192,66000,387130000C,(04)23274275,(04)23288582,2025,03,23,23,29,臺中市,北區,0,1,0,7,1,6,50,3,1,1,5,4,6,6,4,4,10,5,5,2,17,3,10,5,4,B03,7,6,1,8,2,1,,12,12,1,12,4,120.686721,24.147858,2
9193,66000,387130000C,(04)23274275,(04)23288582,2025,03,23,23,30,臺中市,大雅區,0,1,0,7,1,6,50,11,9,1,5,4,6,6,4,4,9,5,5,1,17,2,8,3,1,B02,7,9,1,8,2,1,,84,84,2,12,4,120.67281,24.231033,2
9194,66000,387130000C,(04)23274275,(04)23288582,2025,03,23,23,30,臺中市,北區,0,2,0,7,1,6,50,4,2,1,5,4,6,6,1,1,3,5,5,2,13,2,9,1,1,C03,7,9,1,10,2,11,,59,59,1,12,4,120.691038,24.159189,2
9195,66000,387130000C,(04)23274275,(04)23288582,2025,03,23,23,51,臺中市,南屯區,0,1,0,7,1,6,50,4,1,1,5,4,6,6,1,1,10,5,5,2,12,3,10,1,1,C03,7,15,1,10,2,12,,42,42,1,12,4,120.643826,24.146854,2
9196,66000,387130000C,(04)23274275,(04)23288582,2025,03,24,0,18,臺中市,西區,0,0,0,7,,,50,,,,,,,,,,,,,,,,,,,B03,,,1,,1,,,49,49,1,12,4,120.665931,24.139381,3
9197,66000,387130000C,(04)23274275,(04)23288582,2025,03,24,2,11,臺中市,南屯區,0,2,0,7,1,6,50,4,1,1,5,4,6,6,3,1,10,5,5,2,15,3,10,3,1,B03,7,9,1,8,2,7,,24,24,1,12,4,120.638297,24.133821,2
9198,66000,387130000C,(04)23274275,(04)23288582,2025,03,24,2,16,臺中市,東區,0,0,0,7,,,50,,,,,,,,,,,,,,,,,,,B01,,,1,,1,,,84,84,1,12,4,120.697666,24.151265,3
9199,66000,387130000C,(04)23274275,(04)23288582,2025,03,24,3,30,臺中市,大雅區,0,0,0,7,,,,,,,,,,,,,,,,,17,,,,,,,,,,,,,86,86,2,,,120.631211,24.229135,3
9200,66000,387130000C,(04)23274275,(04)23288582,2025,03,24,4,52,臺中市,北屯區,0,0,0,7,,,50,,,,,,,,,,,,,,12,,,,,B03,,,1,,9,,,59,59,2,12,4,120.723544,24.172423,3
9201,66000,387130000C,(04)23274275,(04)23288582,2025,03,24,5,4,臺中市,神岡區,0,0,0,7,,,50,,,,,,,,,,,,,,12,,,,,B12,,,1,,2,,,55,55,1,12,4,120.661566,24.271882,3
9202,66000,387130000C,(04)23274275,(04)23288582,2025,03,24,5,17,臺中市,北區,0,0,0,7,,,50,,,,,,,,,,,,,,15,,,,,B03,,,1,,2,,,24,24,1,13,4,120.677272,24.149341,3
9203,66000,387130000C,(04)23274275,(04)23288582,2025,03,24,5,20,臺中市,西區,0,0,0,7,,,50,,,,,,,,,,,,,,,,,,,B03,,,1,,2,,,59,59,1,6,4,120.656458,24.146715,3
9204,66000,387130000C,(04)23274275,(04)23288582,2025,03,24,5,42,臺中市,豐原區,0,0,0,7,,,60,,,,,,,,,,,,,,17,,,,,B03,,,1,,2,,,7,7,1,6,4,120.703429,24.243285,3
9205,66000,387130000C,(04)23274275,(04)23288582,2025,03,24,6,10,臺中市,大雅區,0,0,0,7,,,50,,,,,,,,,,,,,,,,,,,B03,,,1,,9,,,84,84,1,13,4,120.650795,24.218072,3
9206,66000,387130000C,(04)23274275,(04)23288582,2025,03,24,6,25,臺中市,南區,0,1,0,7,3,6,30,4,1,1,5,4,6,6,4,4,10,5,5,2,15,2,9,2,1,C03,7,9,1,10,2,11,,15,15,1,13,4,120.683099,24.131563,2
9207,66000,387130000C,(04)23274275,(04)23288582,2025,03,24,6,31,臺中市,沙鹿區,0,1,0,7,2,6,50,13,9,1,5,4,6,6,4,4,5,4,5,2,17,3,10,3,1,B03,7,1,1,8,2,8,,51,51,1,6,4,120.564386,24.238717,2
9208,66000,387130000C,(04)23274275,(04)23288582,2025,03,24,6,41,臺中市,西區,0,0,0,7,,,50,,,,,,,,,,,,,,,,,,,B03,,,1,,1,,,49,49,1,12,4,120.663801,24.154632,3
9209,66000,387130000C,(04)23274275,(04)23288582,2025,03,24,6,50,臺中市,大里區,0,2,0,7,2,6,40,13,9,1,5,4,6,6,1,1,10,4,4,1,17,2,9,1,1,C03,7,9,1,10,1,14,,59,59,1,12,4,120.666716,24.096891,2
9210,66000,387130000C,(04)23274275,(04)23288582,2025,03,24,7,8,臺中市,潭子區,0,1,0,7,3,6,40,13,8,1,5,4,6,6,4,4,5,4,4,2,18,2,9,1,1,C03,7,14,1,10,9,12,,84,84,1,13,4,120.703491,24.207349,2
9211,66000,387130000C,(04)23274275,(04)23288582,2025,03,24,7,10,臺中市,大雅區,0,1,0,7,1,6,70,4,2,1,5,4,6,6,1,1,1,4,5,1,17,2,9,1,1,C03,7,9,1,10,2,11,,7,7,1,13,4,120.630549,24.240791,2
9212,66000,387130000C,(04)23274275,(04)23288582,2025,03,24,7,10,臺中市,豐原區,0,0,0,7,,,50,,,,,,,,,,,,,,16,,,,,C03,,,1,,1,,,84,84,1,12,4,120.711829,24.240224,3
9213,66000,387130000C,(04)23274275,(04)23288582,2025,03,24,7,11,臺中市,大肚區,0,0,0,7,,,50,,,,,,,,,,,,,,,,,,,B03,,,1,,2,,,51,51,1,6,4,120.549879,24.148295,3
9214,66000,387130000C,(04)23274275,(04)23288582,2025,03,24,7,12,臺中市,西屯區,0,1,0,7,2,6,50,3,1,1,5,4,6,6,4,4,10,5,5,2,17,2,9,5,4,C03,7,5,3,19,2,11,,20,20,1,13,4,120.667185,24.178179,2
9215,66000,387130000C,(04)23274275,(04)23288582,2025,03,24,7,13,臺中市,西屯區,0,1,0,7,2,6,40,4,1,1,5,4,6,6,2,1,10,5,5,2,13,2,8,1,1,C03,7,9,1,8,2,11,12,7,7,1,12,4,120.633927,24.161693,2
9216,66000,387130000C,(04)23274275,(04)23288582,2025,03,24,7,15,臺中市,大里區,0,1,0,7,2,6,30,13,11,1,5,4,6,6,4,4,1,5,5,1,18,2,9,1,1,C03,7,9,3,19,2,12,,84,84,1,6,4,120.698493,24.113165,2
9217,66000,387130000C,(04)23274275,(04)23288582,2025,03,24,7,18,臺中市,大甲區,0,0,0,7,,,50,,,,,,,,,,,,,,,,,,,B03,,,1,,2,,,49,49,1,6,4,120.629869,24.353846,3
9218,66000,387130000C,(04)23274275,(04)23288582,2025,03,24,7,22,臺中市,北屯區,0,1,0,7,2,6,50,4,1,1,5,4,6,6,1,1,10,5,5,2,15,2,9,4,1,F01,7,9,7,21,2,12,,21,21,1,12,4,120.68858,24.180095,2
9219,66000,387130000C,(04)23274275,(04)23288582,2025,03,24,7,22,臺中市,太平區,0,1,0,7,2,6,40,4,1,1,5,4,6,6,2,1,10,5,5,2,13,2,7,1,1,C03,7,1,1,10,2,11,,51,51,1,12,4,120.71133,24.149738,2
9220,66000,387130000C,(04)23274275,(04)23288582,2025,03,24,7,22,臺中市,大肚區,0,0,0,7,,,30,,,,,,,,,,,,,,,,,,,C03,,,1,,2,,,14,14,1,6,4,120.547207,24.152759,3
9221,66000,387130000C,(04)23274275,(04)23288582,2025,03,24,7,23,臺中市,神岡區,0,0,0,7,,,50,,,,,,,,,,,,,,2,,,,,C03,,,1,,1,,,59,59,1,12,4,120.681088,24.246141,3
9222,66000,387130000C,(04)23274275,(04)23288582,2025,03,24,7,24,臺中市,沙鹿區,0,0,0,7,,,30,,,,,,,,,,,,,,,,,,,C03,,,1,,2,,,7,7,1,13,4,120.580668,24.213232,3
9223,66000,387130000C,(04)23274275,(04)23288582,2025,03,24,7,25,臺中市,外埔區,0,2,0,7,2,6,40,13,7,1,5,4,6,6,4,4,9,4,4,1,12,2,9,1,1,C03,7,1,1,10,2,14,,51,51,1,12,4,120.655603,24.329414,2
9224,66000,387130000C,(04)23274275,(04)23288582,2025,03,24,7,25,臺中市,后里區,0,1,0,7,2,6,40,3,2,1,5,4,6,6,4,4,9,4,5,1,16,3,10,3,1,B03,7,11,1,8,2,16,,59,59,1,5,4,120.734108,24.340364,2
9225,66000,387130000C,(04)23274275,(04)23288582,2025,03,24,7,30,臺中市,清水區,0,1,0,7,3,6,50,4,1,1,5,4,6,6,1,1,1,4,5,1,16,2,9,2,1,C03,7,9,1,10,2,14,,21,21,1,12,4,120.561153,24.267324,2
9226,66000,387130000C,(04)23274275,(04)23288582,2025,03,24,7,34,臺中市,西屯區,0,0,0,7,,,40,,,,,,,,,,,,,,,,,,,B03,,,1,,1,,,11,11,1,9,4,120.593108,24.183173,3
9227,66000,387130000C,(04)23274275,(04)23288582,2025,03,24,7,35,臺中市,潭子區,0,2,0,7,2,6,30,13,9,1,5,4,6,6,4,4,10,5,5,2,11,2,9,6,1,F02,7,9,7,21,2,14,,41,41,1,12,4,120.701691,24.211781,2
9228,66000,387130000C,(04)23274275,(04)23288582,2025,03,24,7,35,臺中市,西區,0,2,0,7,2,6,50,3,1,1,5,4,6,6,1,1,10,5,5,2,16,3,10,3,1,B03,7,6,1,8,2,5,2,11,11,1,12,4,120.672087,24.149149,2
9229,66000,387130000C,(04)23274275,(04)23288582,2025,03,24,7,35,臺中市,北屯區,0,2,0,7,2,6,50,3,1,1,5,4,6,6,4,4,10,4,4,1,16,2,9,1,1,C03,7,1,1,10,2,14,,51,51,1,12,4,120.741352,24.18041,2
9230,66000,387130000C,(04)23274275,(04)23288582,2025,03,24,7,37,臺中市,潭子區,0,2,0,7,3,6,50,3,1,1,5,4,6,6,4,4,5,4,4,2,17,2,9,2,1,C03,7,9,1,10,2,11,,84,84,1,13,4,120.678653,24.204008,2
9231,66000,387130000C,(04)23274275,(04)23288582,2025,03,24,7,37,臺中市,神岡區,0,0,0,7,,,50,,,,,,,,,,,,,,13,,,,,B03,,,1,,2,,,59,59,1,13,4,120.661139,24.257655,3
9232,66000,387130000C,(04)23274275,(04)23288582,2025,03,24,7,38,臺中市,北區,0,0,0,7,,,50,,,,,,,,,,,,,,17,,,,,B03,,,1,,1,,,7,7,1,13,4,120.687012,24.166768,3
9233,66000,387130000C,(04)23274275,(04)23288582,2025,03,24,7,40,臺中市,大雅區,0,0,0,7,,,70,,,,,,,,,,,,,,,,,,,A42,,,1,,1,,,85,85,1,12,4,120.645147,24.227452,3
9234,66000,387130000C,(04)23274275,(04)23288582,2025,03,24,7,40,臺中市,沙鹿區,0,0,0,7,,,50,,,,,,,,,,,,,,,,,,,B03,,,1,,2,,,20,20,1,13,4,120.566108,24.231124,3
9235,66000,387130000C,(04)23274275,(04)23288582,2025,03,24,7,40,臺中市,清水區,0,2,0,7,3,6,40,13,8,1,5,4,6,6,4,4,1,4,1,1,13,3,10,3,1,B03,7,9,1,8,2,1,,59,59,1,12,4,120.554546,24.29455,2
9236,66000,387130000C,(04)23274275,(04)23288582,2025,03,24,7,41,臺中市,北屯區,0,0,0,7,,,50,,,,,,,,,,,,,,17,,,,,B03,,,1,,2,,,51,51,1,13,4,120.699748,24.177515,3
9237,66000,387130000C,(04)23274275,(04)23288582,2025,03,24,7,43,臺中市,大里區,0,1,0,7,3,6,50,3,1,1,5,4,6,6,4,4,10,5,5,2,17,3,10,3,1,B03,7,11,1,8,2,8,,45,45,1,12,4,120.697074,24.103153,2
9238,66000,387130000C,(04)23274275,(04)23288582,2025,03,24,7,53,臺中市,北屯區,0,0,0,7,,,50,,,,,,,,,,,,,,,,,,,B03,,,1,,1,,,26,26,1,12,4,120.719342,24.163092,3
9239,66000,387130000C,(04)23274275,(04)23288582,2025,03,24,7,53,臺中市,北屯區,0,0,0,7,,,80,,,,,,,,,,,,,,13,,,,,B12,,,3,,1,,,7,7,1,6,4,120.721676,24.181645,3
9240,66000,387130000C,(04)23274275,(04)23288582,2025,03,24,7,53,臺中市,神岡區,0,0,0,7,,,30,,,,,,,,,,,,,,2,,,,,C03,,,1,,1,,,87,87,1,12,4,120.689006,24.261257,3
9241,66000,387130000C,(04)23274275,(04)23288582,2025,03,24,7,55,臺中市,烏日區,0,1,0,7,2,6,50,3,1,1,5,4,6,6,2,1,10,5,5,2,16,2,9,5,4,C03,7,5,1,10,2,14,,22,22,1,13,4,120.610918,24.113754,2
9242,66000,387130000C,(04)23274275,(04)23288582,2025,03,24,7,55,臺中市,梧棲區,0,0,0,7,,,50,,,,,,,,,,,,,,15,,,,,B03,,,1,,2,,,15,15,1,6,4,120.541441,24.250902,3
9243,66000,387130000C,(04)23274275,(04)23288582,2025,03,24,7,56,臺中市,西區,0,0,0,7,,,50,,,,,,,,,,,,,,,,,,,B03,,,1,,1,,,7,7,1,12,4,120.667532,24.141802,3
9244,66000,387130000C,(04)23274275,(04)23288582,2025,03,24,7,56,臺中市,北屯區,0,1,0,7,2,6,50,4,9,1,5,4,6,6,4,4,5,4,5,2,12,4,11,5,4,B03,7,5,6,20,11,4,,84,84,1,12,4,120.67481,24.191162,2
9245,66000,387130000C,(04)23274275,(04)23288582,2025,03,24,7,58,臺中市,北屯區,0,0,0,7,,,50,,,,,,,,,,,,,,13,,,,,C03,,,1,,1,,,7,7,1,12,4,120.726165,24.180442,3
9246,66000,387130000C,(04)23274275,(04)23288582,2025,03,24,7,58,臺中市,大里區,0,0,0,7,,,50,,,,,,,,,,,,,,16,,,,,B03,,,1,,2,,,11,11,1,6,4,120.689083,24.104647,3
9247,66000,387130000C,(04)23274275,(04)23288582,2025,03,24,8,0,臺中市,大雅區,0,0,0,7,,,30,,,,,,,,,,,,,,16,,,,,B03,,,1,,1,,,14,14,1,13,4,120.637192,24.21089,3
9248,66000,387130000C,(04)23274275,(04)23288582,2025,03,24,8,0,臺中市,南區,0,1,0,7,2,6,50,4,1,1,5,4,6,6,1,1,10,5,5,2,16,3,10,3,1,B03,7,6,1,8,1,5,,11,11,1,12,4,120.670073,24.117162,2
9249,66000,387130000C,(04)23274275,(04)23288582,2025,03,24,8,1,臺中市,南屯區,0,1,0,7,2,6,50,3,2,1,5,4,6,6,4,4,5,4,5,2,10,3,10,2,1,C03,7,9,1,10,2,11,,4,4,1,12,4,120.614529,24.153436,2
9250,66000,387130000C,(04)23274275,(04)23288582,2025,03,24,8,4,臺中市,北區,0,0,0,7,,,30,,,,,,,,,,,,,,17,,,,,C03,,,1,,1,,,8,8,1,13,4,120.674943,24.165446,3
9251,66000,387130000C,(04)23274275,(04)23288582,2025,03,24,8,5,臺中市,神岡區,0,0,0,7,,,50,,,,,,,,,,,,,,13,,,,,C03,,,1,,1,,,59,59,1,13,4,120.69803,24.248947,3
9252,66000,387130000C,(04)23274275,(04)23288582,2025,03,24,8,8,臺中市,沙鹿區,0,0,0,7,,,50,,,,,,,,,,,,,,17,,,,,B03,,,1,,2,,,51,51,1,6,4,120.57491,24.219754,3
9253,66000,387130000C,(04)23274275,(04)23288582,2025,03,24,8,9,臺中市,南區,0,1,0,7,2,6,50,4,1,1,5,4,6,6,1,1,10,5,5,2,17,2,9,1,1,C03,7,9,1,10,2,11,,34,34,1,12,4,120.681104,24.127704,2
9254,66000,387130000C,(04)23274275,(04)23288582,2025,03,24,8,9,臺中市,南區,0,2,0,7,3,6,50,13,9,1,5,4,6,6,4,4,5,5,5,2,16,2,9,2,1,C03,7,1,1,10,2,11,,51,51,1,6,4,120.655364,24.110955,2
9255,66000,387130000C,(04)23274275,(04)23288582,2025,03,24,8,9,臺中市,北屯區,0,2,0,7,2,6,50,13,9,1,5,4,6,6,4,4,5,4,5,1,13,2,9,1,1,C03,7,9,1,10,2,11,,7,7,1,12,4,120.685566,24.180465,2
9256,66000,387130000C,(04)23274275,(04)23288582,2025,03,24,8,10,臺中市,清水區,0,2,0,7,3,6,70,5,1,1,5,4,6,6,1,1,1,4,4,1,17,2,8,3,1,B03,7,9,1,10,2,8,,21,21,1,12,4,120.575202,24.278148,2
9257,66000,387130000C,(04)23274275,(04)23288582,2025,03,24,8,11,臺中市,大雅區,0,1,0,7,1,6,50,4,1,1,5,4,6,6,1,1,5,5,5,1,17,3,10,3,1,B03,7,11,1,8,2,4,,45,45,1,13,4,120.668961,24.234873,2
9258,66000,387130000C,(04)23274275,(04)23288582,2025,03,24,8,11,臺中市,北區,0,1,0,7,3,6,50,13,8,1,5,4,6,6,4,4,5,5,5,2,17,3,10,5,4,B03,7,15,1,8,2,4,,76,76,1,13,4,120.683007,24.159315,2
9259,66000,387130000C,(04)23274275,(04)23288582,2025,03,24,8,14,臺中市,南區,0,2,0,7,1,6,50,4,9,1,4,4,4,6,1,1,9,4,5,2,12,2,8,1,1,C03,7,9,1,10,2,12,,7,7,1,12,4,120.655888,24.134463,2
9260,66000,387130000C,(04)23274275,(04)23288582,2025,03,24,8,21,臺中市,北屯區,0,0,0,7,,,50,,,,,,,,,,,,,,14,,,,,B03,,,1,,2,,,49,49,1,13,4,120.675632,24.178528,3
9261,66000,387130000C,(04)23274275,(04)23288582,2025,03,24,8,21,臺中市,霧峰區,0,0,0,7,,,50,,,,,,,,,,,,,,,,,,,C03,,,1,,2,,,7,7,1,6,4,120.709402,24.079617,3
9262,66000,387130000C,(04)23274275,(04)23288582,2025,03,24,8,23,臺中市,大雅區,0,1,0,7,2,6,60,5,1,1,5,4,6,6,1,1,10,4,5,1,17,3,10,3,1,B12,7,9,1,8,2,2,,20,20,1,12,4,120.648913,24.218033,2
9263,66000,387130000C,(04)23274275,(04)23288582,2025,03,24,8,27,臺中市,西屯區,0,2,0,7,2,6,40,4,1,1,5,4,6,6,2,1,10,5,5,2,11,2,9,2,1,C03,7,9,1,10,2,16,,21,21,1,12,4,120.661414,24.165008,2
9264,66000,387130000C,(04)23274275,(04)23288582,2025,03,24,8,29,臺中市,梧棲區,0,3,0,7,3,6,50,3,1,1,5,4,6,6,4,4,10,5,5,2,16,3,10,3,1,B03,7,6,1,8,2,5,,12,12,1,6,4,120.53143,24.2647,2
9265,66000,387130000C,(04)23274275,(04)23288582,2025,03,24,8,30,臺中市,太平區,0,3,0,7,3,6,30,4,1,1,5,4,6,6,4,4,10,5,5,2,15,2,8,2,1,C03,7,9,1,10,1,11,,12,12,1,12,4,120.724067,24.142406,2