﻿序號,縣市別代碼,機關代碼,市話,傳真,年,月,日,時,分,縣市,區,死亡數量,受傷數量,2-30,天候,道路照明設備,道路類別,道路速限,道路型態,事故位置,路面鋪裝,路面狀態,路面缺陷,障礙物,視距,號誌種類,號誌動作,分向設施,快車道或一般車道間,快慢車道間,路面邊線,事故類型及型態,受傷程度,主要傷處,保護裝備,行動電話或功能裝置,當事者區分_類別,車輛用途,當事者行動狀態,駕照狀態,駕照種類,飲酒情形,車輛撞擊部位最初,車輛撞擊部位其他,肇事因素個別,肇事因素主要,肇事逃逸,職業,共享經濟或外送平台,GPS座標X,GPS座標Y,事故類別
9266,66000,387130000C,(04)23274275,(04)23288582,2025,03,24,8,30,臺中市,清水區,0,0,0,7,,,70,,,,,,,,,,,,,,17,,,,,B03,,,1,,2,,,1,1,1,12,4,120.540046,24.289138,3
9267,66000,387130000C,(04)23274275,(04)23288582,2025,03,24,8,32,臺中市,西屯區,0,1,0,7,2,6,50,13,9,1,5,4,6,6,4,4,5,4,4,2,16,3,10,5,4,B03,7,11,1,8,2,2,,39,39,1,13,4,120.643098,24.170247,2
9268,66000,387130000C,(04)23274275,(04)23288582,2025,03,24,8,33,臺中市,太平區,0,2,0,7,2,6,50,3,1,1,5,4,6,6,4,4,10,5,5,2,16,2,9,1,1,C03,7,4,1,10,2,11,14,1,1,1,12,4,120.727889,24.155672,2
9269,66000,387130000C,(04)23274275,(04)23288582,2025,03,24,8,36,臺中市,烏日區,0,0,0,7,,,50,,,,,,,,,,,,,,,,,,,B03,,,1,,1,,,51,51,1,12,4,120.60691,24.10513,3
9270,66000,387130000C,(04)23274275,(04)23288582,2025,03,24,8,40,臺中市,南區,0,1,0,7,2,6,30,4,1,1,5,4,6,6,4,4,10,5,5,2,15,2,9,1,1,C03,7,9,1,10,2,12,,15,15,1,12,4,120.661828,24.125727,2
9271,66000,387130000C,(04)23274275,(04)23288582,2025,03,24,8,40,臺中市,烏日區,0,1,0,7,2,6,50,4,1,1,5,4,6,6,1,1,5,4,5,1,12,2,8,1,1,C03,7,9,1,10,9,16,,8,8,1,6,4,120.634511,24.097707,2
9272,66000,387130000C,(04)23274275,(04)23288582,2025,03,24,8,42,臺中市,大甲區,0,2,0,7,3,6,50,13,9,1,5,4,6,6,4,4,9,5,5,1,12,3,10,3,1,B12,7,1,1,8,2,8,,51,51,1,6,4,120.626557,24.34987,2
9273,66000,387130000C,(04)23274275,(04)23288582,2025,03,24,8,43,臺中市,北區,0,0,0,7,,,50,,,,,,,,,,,,,,17,,,,,H01,,,7,,10,,,109,109,1,13,5,120.666135,24.160516,3
9274,66000,387130000C,(04)23274275,(04)23288582,2025,03,24,8,44,臺中市,豐原區,0,0,0,7,,,30,,,,,,,,,,,,,,17,,,,,B03,,,1,,1,,,8,8,1,12,4,120.710423,24.251009,3
9275,66000,387130000C,(04)23274275,(04)23288582,2025,03,24,8,48,臺中市,西屯區,0,1,0,7,2,6,50,3,1,1,5,4,6,6,1,1,10,5,5,2,16,3,10,5,4,B03,7,5,1,8,2,6,,11,11,1,12,4,120.653455,24.198483,2
9276,66000,387130000C,(04)23274275,(04)23288582,2025,03,24,8,51,臺中市,東區,0,1,0,7,3,6,50,5,1,1,5,4,6,6,2,1,1,5,5,2,12,3,10,3,1,B11,7,5,1,4,2,2,,11,11,1,6,4,120.693138,24.12681,2
9277,66000,387130000C,(04)23274275,(04)23288582,2025,03,24,8,54,臺中市,南屯區,0,1,0,7,2,6,50,3,1,1,5,4,6,6,2,1,5,5,5,2,16,3,10,3,1,B03,7,6,1,8,2,2,,11,11,1,12,4,120.609901,24.140495,2
9278,66000,387130000C,(04)23274275,(04)23288582,2025,03,24,8,54,臺中市,北屯區,0,0,0,7,,,50,,,,,,,,,,,,,,,,,,,B02,,,1,,2,,,84,84,1,12,4,120.708963,24.17095,3
9279,66000,387130000C,(04)23274275,(04)23288582,2025,03,24,8,55,臺中市,西區,0,0,0,7,,,50,,,,,,,,,,,,,,13,,,,,A41,,,1,,1,,,84,84,1,13,4,120.680253,24.135174,3
9280,66000,387130000C,(04)23274275,(04)23288582,2025,03,24,8,59,臺中市,東勢區,0,1,0,7,1,6,50,13,9,1,5,4,6,6,1,1,4,3,4,1,13,2,9,5,4,C03,7,9,1,10,2,11,,84,84,1,12,4,120.835185,24.236556,2
9281,66000,387130000C,(04)23274275,(04)23288582,2025,03,24,9,1,臺中市,南區,0,0,0,7,,,50,,,,,,,,,,,,,,,,,,,C03,,,1,,1,,,84,84,1,12,4,120.679289,24.120608,3
9282,66000,387130000C,(04)23274275,(04)23288582,2025,03,24,9,2,臺中市,太平區,0,2,0,7,3,6,50,3,1,1,5,4,6,6,4,4,5,5,5,2,1,2,9,2,1,C03,7,9,1,10,2,12,,84,84,1,12,4,120.723383,24.137028,2
9283,66000,387130000C,(04)23274275,(04)23288582,2025,03,24,9,3,臺中市,北區,0,0,0,7,,,50,,,,,,,,,,,,,,17,,,,,F01,,,7,,2,,,84,84,1,13,1,120.682407,24.163236,3
9284,66000,387130000C,(04)23274275,(04)23288582,2025,03,24,9,5,臺中市,西屯區,0,0,0,7,,,60,,,,,,,,,,,,,,13,,,,,B03,,,1,,1,,,7,7,1,12,4,120.648738,24.163059,3
9285,66000,387130000C,(04)23274275,(04)23288582,2025,03,24,9,5,臺中市,霧峰區,0,1,0,7,2,6,50,13,9,1,5,4,6,6,4,4,10,5,5,2,20,2,9,1,1,C03,7,9,1,10,2,11,,59,59,1,12,4,120.683734,24.039212,2
9286,66000,387130000C,(04)23274275,(04)23288582,2025,03,24,9,8,臺中市,西屯區,0,2,0,7,2,6,50,13,9,1,5,4,6,6,4,4,1,4,5,2,17,2,9,5,4,C03,7,5,1,10,2,12,,85,85,1,13,4,120.65049,24.193315,2
9287,66000,387130000C,(04)23274275,(04)23288582,2025,03,24,9,9,臺中市,北區,0,0,0,7,2,6,30,13,9,1,5,4,6,6,4,4,10,5,5,2,14,3,10,3,1,B03,7,3,1,8,1,8,,50,50,1,12,4,120.669441,24.165783,3
9288,66000,387130000C,(04)23274275,(04)23288582,2025,03,24,9,14,臺中市,后里區,0,1,0,7,2,6,50,13,9,1,5,4,6,6,4,4,9,4,5,1,16,3,10,3,1,B12,7,11,1,8,2,8,,39,39,1,6,4,120.664122,24.312482,2
9289,66000,387130000C,(04)23274275,(04)23288582,2025,03,24,9,21,臺中市,梧棲區,0,1,0,7,2,6,50,4,1,1,5,4,6,6,1,1,10,5,5,2,16,3,10,3,1,B03,7,5,1,8,2,2,,11,11,1,6,4,120.550843,24.252937,2
9290,66000,387130000C,(04)23274275,(04)23288582,2025,03,24,9,25,臺中市,北屯區,0,0,0,7,,,50,,,,,,,,,,,,,,,,,,,A11,,,1,,1,,,40,40,1,12,4,120.665341,24.200762,3
9291,66000,387130000C,(04)23274275,(04)23288582,2025,03,24,9,27,臺中市,南屯區,0,2,0,7,2,6,50,3,7,1,5,4,6,6,4,4,5,4,4,2,17,2,9,1,1,C03,7,11,1,10,2,14,,4,4,1,6,4,120.628343,24.119163,2
9292,66000,387130000C,(04)23274275,(04)23288582,2025,03,24,9,28,臺中市,烏日區,0,0,0,7,,,40,,,,,,,,,,,,,,13,,,,,B03,,,1,,1,,,59,59,1,13,4,120.644347,24.092972,3
9293,66000,387130000C,(04)23274275,(04)23288582,2025,03,24,9,30,臺中市,中區,0,1,0,7,3,6,50,3,1,1,5,4,6,6,4,4,10,5,5,2,17,2,9,1,1,C03,7,6,1,10,9,12,,84,84,1,13,4,120.685146,24.141591,2
9294,66000,387130000C,(04)23274275,(04)23288582,2025,03,24,9,30,臺中市,霧峰區,0,0,0,7,,,50,,,,,,,,,,,,,,17,,,,,B03,,,1,,1,,,84,84,1,6,4,120.692611,24.066017,3
9295,66000,387130000C,(04)23274275,(04)23288582,2025,03,24,9,30,臺中市,豐原區,0,0,0,7,,,50,,,,,,,,,,,,,,14,,,,,B03,,,1,,1,,,49,49,1,12,4,120.723808,24.235348,3
9296,66000,387130000C,(04)23274275,(04)23288582,2025,03,24,9,33,臺中市,清水區,0,2,0,7,3,6,50,4,1,1,5,4,6,6,4,4,5,5,5,2,16,2,8,1,1,C03,7,6,1,10,2,14,,14,14,1,12,4,120.574088,24.274108,2
9297,66000,387130000C,(04)23274275,(04)23288582,2025,03,24,9,34,臺中市,烏日區,0,0,0,7,,,50,,,,,,,,,,,,,,,,,,,B02,,,1,,1,,,51,51,1,12,4,120.595314,24.109417,3
9298,66000,387130000C,(04)23274275,(04)23288582,2025,03,24,9,43,臺中市,西屯區,0,0,0,7,,,60,,,,,,,,,,,,,,,,,,,B03,,,1,,1,,,7,7,1,12,4,120.621288,24.189731,3
9299,66000,387130000C,(04)23274275,(04)23288582,2025,03,24,9,47,臺中市,南區,0,1,0,7,2,6,50,4,1,1,5,4,6,6,2,1,10,5,5,2,16,3,10,3,1,A11,7,6,1,3,2,2,,11,11,1,12,4,120.660534,24.116903,2
9300,66000,387130000C,(04)23274275,(04)23288582,2025,03,24,9,49,臺中市,東勢區,0,2,0,7,1,6,50,13,9,1,5,4,6,6,1,1,4,1,4,1,12,2,8,5,4,C03,7,9,1,10,2,11,,7,7,1,12,4,120.845428,24.234393,2
9301,66000,387130000C,(04)23274275,(04)23288582,2025,03,24,9,53,臺中市,北屯區,0,1,0,7,2,6,50,4,1,1,5,4,6,6,2,1,10,5,5,2,16,3,10,3,1,B12,7,5,1,8,2,6,,11,11,1,12,4,120.6763,24.174398,2
9302,66000,387130000C,(04)23274275,(04)23288582,2025,03,24,9,55,臺中市,沙鹿區,0,0,0,7,,,40,,,,,,,,,,,,,,,,,,,C03,,,1,,2,,,7,7,1,13,4,120.569578,24.236413,3
9303,66000,387130000C,(04)23274275,(04)23288582,2025,03,24,9,58,臺中市,龍井區,0,0,0,7,,,50,,,,,,,,,,,,,,12,,,,,B03,,,1,,1,,,40,40,1,6,4,120.573793,24.183461,3
9304,66000,387130000C,(04)23274275,(04)23288582,2025,03,24,10,0,臺中市,后里區,0,1,0,7,2,6,50,13,9,1,5,4,6,6,4,4,9,4,5,1,17,3,10,5,1,B12,7,14,1,8,2,8,,76,76,1,12,4,120.72726,24.308975,2
9305,66000,387130000C,(04)23274275,(04)23288582,2025,03,24,10,3,臺中市,太平區,0,0,0,7,2,6,50,,,,,,,,,,,,,,,,,,,B03,,,1,,2,2,,84,84,1,12,4,120.703523,24.11385,3
9306,66000,387130000C,(04)23274275,(04)23288582,2025,03,24,10,8,臺中市,西區,0,1,0,7,3,6,50,4,1,1,5,4,6,6,2,1,10,5,5,2,15,3,10,3,1,B03,7,9,1,8,2,2,,21,21,1,13,4,120.677597,24.137128,2
9307,66000,387130000C,(04)23274275,(04)23288582,2025,03,24,10,10,臺中市,西區,0,1,0,7,2,6,50,3,2,1,5,4,6,6,4,4,10,5,5,2,16,2,9,1,1,C03,7,6,1,10,2,12,,14,14,1,12,4,120.678984,24.137072,2
9308,66000,387130000C,(04)23274275,(04)23288582,2025,03,24,10,10,臺中市,豐原區,0,0,0,7,,,30,,,,,,,,,,,,,,17,,,,,B03,,,1,,2,,,49,49,1,6,4,120.700418,24.250129,3
9309,66000,387130000C,(04)23274275,(04)23288582,2025,03,24,10,13,臺中市,西屯區,0,0,0,7,,,50,,,,,,,,,,,,,,,,,,,B03,,,1,,1,,,50,50,1,12,4,120.642374,24.18515,3
9310,66000,387130000C,(04)23274275,(04)23288582,2025,03,24,10,17,臺中市,龍井區,0,1,0,7,2,6,50,13,9,1,5,4,6,6,4,4,9,4,5,1,12,2,9,1,1,C03,7,9,1,10,2,14,,7,7,1,6,4,120.584612,24.183087,2
9311,66000,387130000C,(04)23274275,(04)23288582,2025,03,24,10,19,臺中市,北區,0,1,0,7,3,6,50,4,2,1,5,4,6,5,1,1,5,2,5,2,12,3,10,5,4,C01,7,9,1,9,2,14,,84,84,1,13,4,120.686354,24.152437,2
9312,66000,387130000C,(04)23274275,(04)23288582,2025,03,24,10,19,臺中市,西屯區,0,0,0,7,2,3,80,13,9,1,5,4,6,6,4,4,2,4,5,2,13,3,10,5,4,B03,7,9,1,8,2,8,,7,7,1,12,4,120.628421,24.162208,3
9313,66000,387130000C,(04)23274275,(04)23288582,2025,03,24,10,19,臺中市,西屯區,0,2,0,7,2,8,80,13,7,1,5,4,6,6,4,4,1,3,5,2,17,2,9,2,1,C02,7,9,3,19,2,11,,7,7,1,12,4,120.629593,24.164378,2
9314,66000,387130000C,(04)23274275,(04)23288582,2025,03,24,10,19,臺中市,霧峰區,0,1,0,7,2,6,30,4,1,1,5,4,6,6,4,4,10,4,4,1,17,2,8,1,1,C03,7,5,3,19,2,15,,14,14,1,12,4,120.664076,24.047854,2
9315,66000,387130000C,(04)23274275,(04)23288582,2025,03,24,10,20,臺中市,西屯區,0,0,0,7,,,50,,,,,,,,,,,,,,17,,,,,B03,,,1,,1,,,8,8,1,12,4,120.635062,24.175067,3
9316,66000,387130000C,(04)23274275,(04)23288582,2025,03,24,10,26,臺中市,西區,0,0,0,7,,,40,,,,,,,,,,,,,,,,,,,C03,,,1,,1,,,7,7,1,12,4,120.663775,24.154648,3
9317,66000,387130000C,(04)23274275,(04)23288582,2025,03,24,10,27,臺中市,大雅區,0,0,0,7,,,30,,,,,,,,,,,,,,,,,,,B03,,,1,,2,,,84,84,1,13,4,120.652387,24.226743,3
9318,66000,387130000C,(04)23274275,(04)23288582,2025,03,24,10,31,臺中市,西屯區,0,1,0,7,2,6,50,13,9,1,5,4,6,6,4,4,5,4,5,2,17,3,10,5,4,B03,7,1,1,8,2,4,,51,51,1,13,4,120.643719,24.200673,2
9319,66000,387130000C,(04)23274275,(04)23288582,2025,03,24,10,37,臺中市,中區,0,2,0,7,2,6,50,4,2,1,5,4,6,6,3,1,5,4,5,1,16,2,9,2,1,C03,7,6,1,10,2,14,,48,48,1,13,4,120.675833,24.142835,2
9320,66000,387130000C,(04)23274275,(04)23288582,2025,03,24,10,37,臺中市,太平區,0,0,0,7,,,30,,,,,,,,,,,,,,17,,,,,B03,,,1,,2,,,84,84,1,12,4,120.727319,24.146844,3
9321,66000,387130000C,(04)23274275,(04)23288582,2025,03,24,10,42,臺中市,潭子區,0,1,0,7,3,6,60,4,1,1,5,4,6,6,1,1,1,4,5,1,17,3,10,3,1,B03,7,15,1,8,2,2,,84,84,1,13,4,120.70359,24.201162,2
9322,66000,387130000C,(04)23274275,(04)23288582,2025,03,24,10,44,臺中市,北屯區,0,0,0,7,,,50,,,,,,,,,,,,,,16,,,,,B03,,,1,,1,,,11,11,1,13,4,120.662278,24.189772,3
9323,66000,387130000C,(04)23274275,(04)23288582,2025,03,24,10,50,臺中市,北區,0,0,0,7,,,50,,,,,,,,,,,,,,14,,,,,B03,,,1,,2,,,49,49,1,12,4,120.678291,24.16157,3
9324,66000,387130000C,(04)23274275,(04)23288582,2025,03,24,10,50,臺中市,太平區,0,2,0,7,2,6,50,4,1,1,5,4,6,6,1,1,10,5,5,2,15,2,7,1,1,C03,7,9,1,8,2,12,,21,21,1,12,4,120.716219,24.13343,2
9325,66000,387130000C,(04)23274275,(04)23288582,2025,03,24,10,50,臺中市,豐原區,0,0,0,7,,,50,,,,,,,,,,,,,,13,,,,,B12,,,1,,1,,,84,84,1,12,4,120.71406,24.250907,3
9326,66000,387130000C,(04)23274275,(04)23288582,2025,03,24,10,57,臺中市,豐原區,0,0,0,7,,,50,,,,,,,,,,,,,,13,,,,,A12,,,1,,1,,,56,56,1,12,4,120.704571,24.249653,3
9327,66000,387130000C,(04)23274275,(04)23288582,2025,03,24,10,58,臺中市,南屯區,0,0,0,7,,,50,,,,,,,,,,,,,,12,,,,,C03,,,1,,1,,,51,51,1,12,4,120.642492,24.138431,3
9328,66000,387130000C,(04)23274275,(04)23288582,2025,03,24,10,59,臺中市,東區,0,0,0,7,,,30,,,,,,,,,,,,,,,,,,,B03,,,1,,1,,,49,49,1,12,4,120.704616,24.132842,3
9329,66000,387130000C,(04)23274275,(04)23288582,2025,03,24,11,0,臺中市,沙鹿區,0,0,0,7,2,6,40,13,14,1,5,4,6,6,4,4,4,5,5,2,14,,,,,C03,,,1,,1,,,49,49,1,12,4,120.564557,24.235718,3
9330,66000,387130000C,(04)23274275,(04)23288582,2025,03,24,11,2,臺中市,西屯區,0,1,0,7,2,6,0,18,21,4,5,4,6,6,4,4,10,5,5,2,17,2,9,2,1,C03,7,9,1,10,2,14,,39,39,1,12,4,120.663313,24.172541,2
9331,66000,387130000C,(04)23274275,(04)23288582,2025,03,24,11,3,臺中市,南屯區,0,1,0,7,2,6,50,13,8,1,5,4,6,6,4,4,3,4,3,2,12,2,9,2,1,C03,7,9,1,10,2,11,,84,84,1,12,4,120.587205,24.160899,2
9332,66000,387130000C,(04)23274275,(04)23288582,2025,03,24,11,3,臺中市,北屯區,0,0,0,7,,,50,,,,,,,,,,,,,,,,,,,B03,,,1,,1,,,84,84,1,12,4,120.670393,24.174006,3
9333,66000,387130000C,(04)23274275,(04)23288582,2025,03,24,11,3,臺中市,西屯區,0,1,0,7,2,6,50,3,1,1,5,4,6,6,3,1,10,5,5,2,16,3,10,3,1,B03,7,11,1,8,2,8,,24,24,1,12,4,120.646386,24.179009,2
9334,66000,387130000C,(04)23274275,(04)23288582,2025,03,24,11,9,臺中市,南屯區,0,0,0,7,3,6,50,13,9,1,5,4,6,6,1,1,3,4,4,2,24,,,,,B12,,,1,,2,,,59,59,1,12,4,120.647789,24.150775,3
9335,66000,387130000C,(04)23274275,(04)23288582,2025,03,24,11,9,臺中市,北屯區,0,1,0,7,2,6,50,13,9,1,5,4,6,6,4,4,1,4,5,2,17,3,10,3,1,B03,7,15,1,8,2,4,,76,76,1,12,4,120.660798,24.191186,2
9336,66000,387130000C,(04)23274275,(04)23288582,2025,03,24,11,10,臺中市,南區,0,1,0,7,3,6,50,4,1,1,5,4,6,6,2,1,5,5,5,2,13,2,9,2,1,C03,7,9,1,10,9,11,,7,7,1,12,4,120.650118,24.120638,2
9337,66000,387130000C,(04)23274275,(04)23288582,2025,03,24,11,11,臺中市,北區,0,0,0,7,,,50,,,,,,,,,,,,,,13,,,,,C03,,,1,,1,,,7,7,1,13,4,120.695729,24.158974,3
9338,66000,387130000C,(04)23274275,(04)23288582,2025,03,24,11,12,臺中市,西區,0,0,0,7,,,50,,,,,,,,,,,,,,,,,,,C03,,,1,,9,,,21,21,1,13,4,120.658977,24.155921,3
9339,66000,387130000C,(04)23274275,(04)23288582,2025,03,24,11,13,臺中市,西區,0,0,0,7,2,6,50,4,2,1,5,4,6,6,1,1,5,5,5,2,13,,,,,B03,,,1,,1,,,84,84,1,13,4,120.657261,24.139286,3
9340,66000,387130000C,(04)23274275,(04)23288582,2025,03,24,11,13,臺中市,大里區,0,1,0,7,3,6,50,3,1,1,5,4,6,6,1,1,10,5,5,2,13,2,9,1,1,C03,7,9,1,10,2,11,,59,59,1,12,4,120.689715,24.114126,2
9341,66000,387130000C,(04)23274275,(04)23288582,2025,03,24,11,18,臺中市,北區,0,0,0,7,,,50,,,,,,,,,,,,,,17,,,,,C03,,,1,,1,,,23,23,1,13,4,120.681108,24.158983,3
9342,66000,387130000C,(04)23274275,(04)23288582,2025,03,24,11,20,臺中市,大雅區,0,1,0,7,3,6,50,13,9,1,5,4,6,6,4,4,4,5,5,1,17,2,9,1,1,C03,7,9,1,10,2,11,,84,84,1,13,4,120.648511,24.226261,2
9343,66000,387130000C,(04)23274275,(04)23288582,2025,03,24,11,20,臺中市,豐原區,0,0,0,7,,,50,,,,,,,,,,,,,,17,,,,,C03,,,1,,1,,,7,7,1,6,4,120.70273,24.249321,3
9344,66000,387130000C,(04)23274275,(04)23288582,2025,03,24,11,21,臺中市,大甲區,1,3,0,7,2,6,30,4,1,1,5,4,6,6,4,4,10,5,5,2,15,2,9,5,1,A31,1,9,1,1,2,1,2,15,15,1,6,4,120.632985,24.37659,1
9345,66000,387130000C,(04)23274275,(04)23288582,2025,03,24,11,23,臺中市,潭子區,0,0,0,7,,,60,,,,,,,,,,,,,,,,,,,B12,,,1,,2,,,84,84,1,13,4,120.686799,24.210069,3
9346,66000,387130000C,(04)23274275,(04)23288582,2025,03,24,11,24,臺中市,東勢區,0,2,0,7,2,6,50,13,9,1,5,4,6,6,4,4,5,5,5,1,17,2,8,5,4,C03,7,9,1,10,2,14,,1,1,1,13,2,120.82905,24.255336,2
9347,66000,387130000C,(04)23274275,(04)23288582,2025,03,24,11,29,臺中市,太平區,0,1,0,7,3,6,50,4,1,1,5,4,6,6,1,1,10,5,5,2,12,3,10,3,1,B03,7,7,1,8,2,5,,8,8,1,10,4,120.724779,24.149643,2
9348,66000,387130000C,(04)23274275,(04)23288582,2025,03,24,11,30,臺中市,大肚區,0,0,0,7,,,50,,,,,,,,,,,,,,,,,,,B03,,,1,,1,,,54,54,1,6,4,120.581331,24.117011,3
9349,66000,387130000C,(04)23274275,(04)23288582,2025,03,24,11,32,臺中市,北屯區,0,1,0,7,2,6,50,13,8,1,5,4,6,6,4,4,5,5,4,2,13,2,9,1,1,C03,7,9,1,10,2,11,,84,84,1,12,4,120.680724,24.169694,2
9350,66000,387130000C,(04)23274275,(04)23288582,2025,03,24,11,33,臺中市,西屯區,0,2,0,7,2,6,50,13,7,1,5,4,6,6,4,4,4,5,4,1,12,2,8,2,4,C03,7,8,1,10,2,14,,8,8,1,12,4,120.661965,24.16361,2
9351,66000,387130000C,(04)23274275,(04)23288582,2025,03,24,11,37,臺中市,沙鹿區,0,1,0,7,2,6,30,4,9,1,5,4,6,6,4,4,10,5,5,2,15,3,10,3,1,B03,7,9,1,8,2,1,,12,12,1,6,4,120.56497,24.250409,2
9352,66000,387130000C,(04)23274275,(04)23288582,2025,03,24,11,45,臺中市,太平區,0,1,0,7,2,6,50,3,1,1,5,4,6,6,1,1,10,5,5,2,17,3,10,3,1,B03,7,5,1,8,2,2,,11,11,1,12,4,120.709448,24.15915,2
9353,66000,387130000C,(04)23274275,(04)23288582,2025,03,24,11,49,臺中市,新社區,0,0,0,7,,,30,,,,,,,,,,,,,,20,,,,,B02,,,1,,2,,,82,82,1,12,4,120.787957,24.218704,3
9354,66000,387130000C,(04)23274275,(04)23288582,2025,03,24,11,53,臺中市,神岡區,0,2,0,7,2,6,50,4,1,1,5,4,6,6,1,1,10,5,5,2,15,2,9,5,4,C03,7,9,2,19,2,11,,21,21,1,12,4,120.673964,24.261213,2
9355,66000,387130000C,(04)23274275,(04)23288582,2025,03,24,11,54,臺中市,大里區,0,0,0,7,,,50,,,,,,,,,,,,,,,,,,,B03,,,1,,2,,,7,7,1,12,4,120.679841,24.115802,3
9356,66000,387130000C,(04)23274275,(04)23288582,2025,03,24,11,57,臺中市,南屯區,0,0,0,7,,,50,,,,,,,,,,,,,,,,,,,B03,,,1,,1,,,84,84,1,6,4,120.636729,24.145749,3
9357,66000,387130000C,(04)23274275,(04)23288582,2025,03,24,11,58,臺中市,西屯區,0,1,0,7,3,6,30,13,9,1,5,4,6,6,4,4,10,5,5,2,13,2,8,2,4,C03,7,9,1,8,1,11,,7,7,1,13,4,120.619753,24.196592,2
9358,66000,387130000C,(04)23274275,(04)23288582,2025,03,24,12,0,臺中市,西屯區,0,0,0,7,,,30,,,,,,,,,,,,,,11,,,,,A41,,,1,,9,,,8,8,1,13,4,120.619783,24.196746,3
9359,66000,387130000C,(04)23274275,(04)23288582,2025,03,24,12,3,臺中市,北屯區,0,1,0,7,2,6,50,13,9,1,5,4,6,6,4,4,1,4,5,2,22,2,9,3,1,B03,7,9,1,8,2,8,,54,54,1,13,4,120.669834,24.201267,2
9360,66000,387130000C,(04)23274275,(04)23288582,2025,03,24,12,7,臺中市,大雅區,0,1,0,7,2,6,50,4,2,1,5,4,6,6,1,1,5,5,4,1,13,2,9,1,1,C03,7,9,1,10,2,12,,7,7,1,13,4,120.636059,24.215983,2
9361,66000,387130000C,(04)23274275,(04)23288582,2025,03,24,12,7,臺中市,后里區,0,1,0,7,2,6,30,4,2,1,5,4,6,6,1,1,9,4,5,1,13,2,8,2,1,C03,7,12,1,10,2,11,,7,7,1,12,4,120.717481,24.304767,2
9362,66000,387130000C,(04)23274275,(04)23288582,2025,03,24,12,8,臺中市,西屯區,0,1,0,7,2,6,50,13,9,1,5,4,6,6,4,4,3,4,5,2,16,3,10,3,1,B03,7,5,1,8,2,2,,47,47,1,12,4,120.645779,24.163349,2
9363,66000,387130000C,(04)23274275,(04)23288582,2025,03,24,12,9,臺中市,霧峰區,0,0,0,7,,,30,,,,,,,,,,,,,,,,,,,B03,,,1,,2,,,14,14,1,6,4,120.682117,24.053639,3
9364,66000,387130000C,(04)23274275,(04)23288582,2025,03,24,12,11,臺中市,梧棲區,0,0,0,7,,,70,,,,,,,,,,,,,,13,,,,,B03,,,1,,1,,,59,59,1,6,4,120.556746,24.242533,3
9365,66000,387130000C,(04)23274275,(04)23288582,2025,03,24,12,13,臺中市,太平區,0,2,0,7,2,6,30,3,1,1,5,4,6,6,4,4,10,5,5,2,17,2,9,5,4,C03,7,6,3,19,2,14,,14,14,1,6,4,120.724035,24.154954,2
9366,66000,387130000C,(04)23274275,(04)23288582,2025,03,24,12,15,臺中市,霧峰區,0,1,0,7,2,6,30,4,1,1,5,4,6,6,4,4,10,5,5,2,17,3,10,2,1,C03,7,9,1,10,2,12,,12,12,1,6,4,120.679959,24.063635,2
9367,66000,387130000C,(04)23274275,(04)23288582,2025,03,24,12,15,臺中市,清水區,0,0,0,7,3,6,50,13,14,1,5,4,6,6,4,4,5,5,5,1,17,3,10,3,1,B12,7,1,1,8,6,5,,51,51,1,12,4,120.560658,24.267082,3
9368,66000,387130000C,(04)23274275,(04)23288582,2025,03,24,12,16,臺中市,南區,0,0,0,7,,,50,,,,,,,,,,,,,,17,,,,,C03,,,1,,2,,,85,85,1,12,4,120.67777,24.129335,4
9369,66000,387130000C,(04)23274275,(04)23288582,2025,03,24,12,18,臺中市,西區,0,1,0,7,2,6,50,13,7,1,5,4,6,6,4,4,1,4,4,2,12,3,10,3,1,B02,7,7,1,4,2,2,,40,40,1,12,4,120.657601,24.147318,2
9370,66000,387130000C,(04)23274275,(04)23288582,2025,03,24,12,18,臺中市,南區,0,0,0,7,,,50,,,,,,,,,,,,,,,,,,,B03,,,1,,2,,,49,49,1,12,4,120.651989,24.114801,3
9371,66000,387130000C,(04)23274275,(04)23288582,2025,03,24,12,20,臺中市,西屯區,0,1,0,7,2,6,50,3,1,1,5,4,6,6,4,4,10,5,5,2,13,2,9,5,4,C03,7,9,1,10,2,11,,59,59,1,13,4,120.645365,24.178095,2
9372,66000,387130000C,(04)23274275,(04)23288582,2025,03,24,12,22,臺中市,西屯區,0,3,0,7,2,6,0,13,21,2,5,4,6,6,4,4,10,5,5,2,2,2,8,1,1,C03,7,9,1,10,2,11,12,39,39,1,5,4,120.59697,24.181805,2
9373,66000,387130000C,(04)23274275,(04)23288582,2025,03,24,12,24,臺中市,大里區,0,1,0,7,3,6,50,4,2,1,5,4,6,6,1,1,10,5,5,2,12,3,10,3,1,B12,7,5,1,8,2,5,,11,11,1,12,4,120.711048,24.110584,2
9374,66000,387130000C,(04)23274275,(04)23288582,2025,03,24,12,25,臺中市,后里區,0,0,0,7,,,50,,,,,,,,,,,,,,12,,,,,B03,,,1,,1,,,51,51,1,12,4,120.699961,24.288833,3
9375,66000,387130000C,(04)23274275,(04)23288582,2025,03,24,12,25,臺中市,后里區,0,0,0,7,2,7,40,13,9,1,5,4,6,6,4,4,9,4,5,1,12,3,10,3,1,A11,7,5,1,3,1,2,,35,35,1,6,4,120.664276,24.312096,3
9376,66000,387130000C,(04)23274275,(04)23288582,2025,03,24,12,28,臺中市,太平區,0,2,0,7,3,6,40,4,2,1,5,4,6,6,4,4,10,5,5,2,12,2,9,1,1,C03,7,1,1,10,2,14,,51,51,1,6,4,120.719089,24.154636,2