﻿序號,縣市別代碼,機關代碼,市話,傳真,年,月,日,時,分,縣市,區,死亡數量,受傷數量,2-30,天候,道路照明設備,道路類別,道路速限,道路型態,事故位置,路面鋪裝,路面狀態,路面缺陷,障礙物,視距,號誌種類,號誌動作,分向設施,快車道或一般車道間,快慢車道間,路面邊線,事故類型及型態,受傷程度,主要傷處,保護裝備,行動電話或功能裝置,當事者區分_類別,車輛用途,當事者行動狀態,駕照狀態,駕照種類,飲酒情形,車輛撞擊部位最初,車輛撞擊部位其他,肇事因素個別,肇事因素主要,肇事逃逸,職業,共享經濟或外送平台,GPS座標X,GPS座標Y,事故類別
9377,66000,387130000C,(04)23274275,(04)23288582,2025,03,24,12,29,臺中市,南屯區,0,1,0,7,2,6,50,5,1,1,5,4,6,6,2,1,10,5,5,2,16,3,10,3,1,B03,7,6,1,8,2,2,,11,11,1,12,4,120.612566,24.150953,2
9378,66000,387130000C,(04)23274275,(04)23288582,2025,03,24,12,29,臺中市,西屯區,0,0,0,7,,,50,,,,,,,,,,,,,,,,,,,A12,,,1,,1,,,49,49,1,12,4,120.628963,24.162527,3
9379,66000,387130000C,(04)23274275,(04)23288582,2025,03,24,12,33,臺中市,大里區,0,1,0,7,2,6,50,3,2,1,5,4,6,6,2,1,5,4,4,2,13,3,10,3,1,B02,7,9,1,8,2,1,,7,7,1,6,4,120.699559,24.105943,2
9380,66000,387130000C,(04)23274275,(04)23288582,2025,03,24,12,34,臺中市,北區,0,0,0,7,,,50,,,,,,,,,,,,,,,,,,,B03,,,1,,2,,,35,35,1,13,4,120.685009,24.161559,3
9381,66000,387130000C,(04)23274275,(04)23288582,2025,03,24,12,38,臺中市,西屯區,0,1,0,7,2,6,50,4,1,1,5,4,6,6,1,1,10,5,5,2,16,3,10,5,4,B03,7,5,1,8,2,2,,11,11,1,12,4,120.614483,24.186648,2
9382,66000,387130000C,(04)23274275,(04)23288582,2025,03,24,12,43,臺中市,北屯區,0,1,0,7,2,6,50,4,1,1,5,4,6,6,2,1,10,5,5,2,15,3,10,3,1,B03,7,9,1,8,2,1,,21,21,1,12,4,120.723564,24.174052,2
9383,66000,387130000C,(04)23274275,(04)23288582,2025,03,24,12,53,臺中市,北屯區,0,2,0,7,2,6,50,4,1,1,5,4,6,6,4,4,10,5,5,2,16,2,2,3,1,B03,7,6,1,8,2,4,,65,65,1,6,4,120.719908,24.174948,2
9384,66000,387130000C,(04)23274275,(04)23288582,2025,03,24,13,0,臺中市,大里區,0,0,0,7,,,50,,,,,,,,,,,,,,,,,,,B03,,,1,,2,,,7,7,1,12,4,120.697606,24.110843,3
9385,66000,387130000C,(04)23274275,(04)23288582,2025,03,24,13,2,臺中市,大里區,0,0,0,7,,,50,,,,,,,,,,,,,,17,,,,,B03,,,1,,2,,,84,84,1,6,4,120.691294,24.092192,3
9386,66000,387130000C,(04)23274275,(04)23288582,2025,03,24,13,2,臺中市,豐原區,0,0,0,7,,,50,,,,,,,,,,,,,,14,,,,,E05,,,1,,2,,,49,49,1,12,4,120.734463,24.24176,3
9387,66000,387130000C,(04)23274275,(04)23288582,2025,03,24,13,5,臺中市,沙鹿區,0,2,0,7,2,6,40,13,8,1,5,4,6,6,4,4,1,3,4,1,12,2,8,2,1,C03,7,1,1,10,2,14,,51,51,1,12,4,120.602238,24.249055,2
9388,66000,387130000C,(04)23274275,(04)23288582,2025,03,24,13,11,臺中市,北區,0,1,0,7,2,6,50,13,9,1,5,4,6,6,4,4,5,4,5,2,17,2,9,5,1,C03,7,9,1,10,2,11,,7,7,1,13,4,120.689335,24.152385,2
9389,66000,387130000C,(04)23274275,(04)23288582,2025,03,24,13,15,臺中市,大里區,0,0,0,7,,,50,,,,,,,,,,,,,,13,,,,,C03,,,1,,2,,,7,7,1,6,4,120.68914,24.119365,3
9390,66000,387130000C,(04)23274275,(04)23288582,2025,03,24,13,25,臺中市,北區,0,1,0,7,2,6,30,4,1,1,5,4,6,6,4,4,5,4,5,2,15,3,10,1,1,C03,7,9,1,10,2,14,,12,12,1,12,2,120.684378,24.153138,2
9391,66000,387130000C,(04)23274275,(04)23288582,2025,03,24,13,29,臺中市,霧峰區,0,0,0,7,,,50,,,,,,,,,,,,,,,,,,,B03,,,1,,11,,,8,8,1,6,4,120.698042,24.062084,3
9392,66000,387130000C,(04)23274275,(04)23288582,2025,03,24,13,30,臺中市,西區,0,0,0,7,,,50,,,,,,,,,,,,,,,,,,,B03,,,1,,1,,,84,84,1,12,4,120.65876,24.142292,3
9393,66000,387130000C,(04)23274275,(04)23288582,2025,03,24,13,30,臺中市,西屯區,0,0,0,7,,,30,,,,,,,,,,,,,,17,,,,,B03,,,1,,1,,,51,51,1,13,4,120.643515,24.181733,3
9394,66000,387130000C,(04)23274275,(04)23288582,2025,03,24,13,30,臺中市,梧棲區,0,2,0,7,2,6,30,3,1,1,5,4,6,6,4,4,10,5,5,2,16,2,8,1,1,C03,7,6,1,10,2,11,,14,14,1,12,4,120.547452,24.232285,2
9395,66000,387130000C,(04)23274275,(04)23288582,2025,03,24,13,30,臺中市,外埔區,0,1,0,7,2,6,30,13,9,1,5,4,6,6,4,4,10,5,5,1,14,3,10,3,1,B12,7,2,1,8,2,7,,49,49,1,12,4,120.625214,24.335682,2
9396,66000,387130000C,(04)23274275,(04)23288582,2025,03,24,13,38,臺中市,大雅區,0,1,0,7,3,6,0,13,9,1,5,4,6,6,4,4,5,5,5,1,17,3,10,3,1,B03,7,15,1,8,2,4,,76,76,1,12,4,120.653041,24.226355,2
9397,66000,387130000C,(04)23274275,(04)23288582,2025,03,24,13,38,臺中市,北屯區,0,0,0,7,,,50,,,,,,,,,,,,,,13,,,,,A12,,,1,,1,,,61,61,1,6,4,120.721387,24.18211,3
9398,66000,387130000C,(04)23274275,(04)23288582,2025,03,24,13,38,臺中市,霧峰區,0,0,0,7,,,50,,,,,,,,,,,,,,14,,,,,B01,,,1,,2,,,49,49,1,6,4,120.696356,24.055376,3
9399,66000,387130000C,(04)23274275,(04)23288582,2025,03,24,13,40,臺中市,太平區,0,0,0,7,,,30,,,,,,,,,,,,,,,,,,,B03,,,1,,1,,,50,50,1,12,4,120.713707,24.132491,3
9400,66000,387130000C,(04)23274275,(04)23288582,2025,03,24,13,45,臺中市,大甲區,0,3,0,7,2,6,50,13,9,1,5,4,6,6,4,4,5,5,4,2,3,2,7,2,1,C03,7,9,1,10,2,11,,59,59,1,6,4,120.627711,24.346381,2
9401,66000,387130000C,(04)23274275,(04)23288582,2025,03,24,13,50,臺中市,西屯區,0,2,0,7,2,6,50,3,1,1,5,4,6,6,2,1,10,5,5,2,15,2,9,1,1,C03,7,9,1,10,2,12,,21,21,1,12,4,120.647522,24.196554,2
9402,66000,387130000C,(04)23274275,(04)23288582,2025,03,24,13,50,臺中市,西屯區,0,0,0,7,,,60,,,,,,,,,,,,,,,,,,,A04,,,1,,1,,,49,49,1,12,4,120.640727,24.167528,3
9403,66000,387130000C,(04)23274275,(04)23288582,2025,03,24,13,50,臺中市,龍井區,0,0,0,7,,,50,,,,,,,,,,,,,,9,,,,,B03,,,1,,2,,,84,84,1,6,4,120.58815,24.181087,3
9404,66000,387130000C,(04)23274275,(04)23288582,2025,03,24,13,51,臺中市,大里區,0,0,0,7,,,50,,,,,,,,,,,,,,,,,,,A05,,,1,,2,,,8,8,1,6,4,120.69406,24.083556,3
9405,66000,387130000C,(04)23274275,(04)23288582,2025,03,24,13,51,臺中市,后里區,0,0,0,7,,,40,,,,,,,,,,,,,,9,,,,,A04,,,1,,2,,,84,84,1,6,4,120.729242,24.312776,3
9406,66000,387130000C,(04)23274275,(04)23288582,2025,03,24,13,54,臺中市,西屯區,0,0,0,7,,,30,,,,,,,,,,,,,,,,,,,B03,,,1,,1,,,45,45,1,12,4,120.620822,24.181101,3
9407,66000,387130000C,(04)23274275,(04)23288582,2025,03,24,13,55,臺中市,西區,0,0,0,7,,,50,,,,,,,,,,,,,,,,,,,A11,,,1,,2,,,49,49,1,12,4,120.666356,24.152919,3
9408,66000,387130000C,(04)23274275,(04)23288582,2025,03,24,13,56,臺中市,北屯區,0,1,0,7,2,6,50,3,1,1,5,4,6,6,4,4,10,5,5,2,17,2,8,2,1,C03,7,15,1,9,2,13,,84,84,1,12,4,120.662486,24.184135,2
9409,66000,387130000C,(04)23274275,(04)23288582,2025,03,24,13,58,臺中市,太平區,0,0,0,7,,,30,,,,,,,,,,,,,,,,,,,B03,,,1,,2,,,49,49,1,6,4,120.710104,24.121898,3
9410,66000,387130000C,(04)23274275,(04)23288582,2025,03,24,14,0,臺中市,大里區,0,0,0,7,,,40,,,,,,,,,,,,,,,,,,,,,,,,,,,119,119,1,,,120.690141,24.092767,3
9411,66000,387130000C,(04)23274275,(04)23288582,2025,03,24,14,0,臺中市,后里區,0,0,0,7,,,50,,,,,,,,,,,,,,14,,,,,B12,,,1,,1,,,4,4,1,12,4,120.722918,24.295516,3
9412,66000,387130000C,(04)23274275,(04)23288582,2025,03,24,14,2,臺中市,大甲區,0,0,0,7,,,50,,,,,,,,,,,,,,,,,,,B03,,,1,,1,,,20,20,1,12,4,120.623674,24.352818,3
9413,66000,387130000C,(04)23274275,(04)23288582,2025,03,24,14,3,臺中市,北區,0,0,0,7,,,50,,,,,,,,,,,,,,,,,,,B03,,,1,,1,,,59,59,1,13,4,120.689278,24.153931,3
9414,66000,387130000C,(04)23274275,(04)23288582,2025,03,24,14,5,臺中市,大里區,0,1,0,7,2,6,50,4,1,1,5,4,6,6,1,1,10,5,5,2,16,3,10,3,1,B03,7,5,1,8,2,2,,11,11,1,6,4,120.697738,24.082553,2
9415,66000,387130000C,(04)23274275,(04)23288582,2025,03,24,14,5,臺中市,沙鹿區,0,1,0,7,3,6,50,4,2,1,5,4,6,6,4,4,10,5,5,2,18,2,9,1,1,C03,7,5,1,10,9,14,,84,84,1,13,4,120.570362,24.242183,2
9416,66000,387130000C,(04)23274275,(04)23288582,2025,03,24,14,10,臺中市,烏日區,0,0,0,7,2,6,60,13,8,1,5,4,6,6,4,4,1,4,4,1,13,3,10,1,1,C03,7,9,1,10,1,11,,84,84,1,6,4,120.637364,24.107586,3
9417,66000,387130000C,(04)23274275,(04)23288582,2025,03,24,14,12,臺中市,南區,0,0,0,7,,,50,,,,,,,,,,,,,,,,,,,B03,,,1,,1,,,40,40,1,6,4,120.669758,24.127004,3
9418,66000,387130000C,(04)23274275,(04)23288582,2025,03,24,14,13,臺中市,大里區,0,1,0,7,2,6,30,5,1,1,5,4,6,6,4,4,10,5,5,2,15,3,10,1,1,C03,7,9,1,10,2,14,,12,12,1,6,4,120.680652,24.103925,2
9419,66000,387130000C,(04)23274275,(04)23288582,2025,03,24,14,14,臺中市,大肚區,0,0,0,7,,,50,,,,,,,,,,,,,,12,,,,,B03,,,1,,2,,,51,51,1,6,4,120.544613,24.151134,3
9420,66000,387130000C,(04)23274275,(04)23288582,2025,03,24,14,14,臺中市,沙鹿區,0,1,0,7,2,6,50,3,1,1,5,4,6,6,1,1,3,4,5,2,23,2,9,3,1,B03,7,6,1,8,2,8,,48,48,1,13,4,120.617423,24.247276,2
9421,66000,387130000C,(04)23274275,(04)23288582,2025,03,24,14,17,臺中市,北區,0,1,0,7,2,6,50,13,9,1,5,4,6,6,2,1,8,3,5,1,12,3,10,3,1,B03,7,9,1,8,2,2,,8,8,1,13,4,120.686945,24.14878,2
9422,66000,387130000C,(04)23274275,(04)23288582,2025,03,24,14,19,臺中市,豐原區,0,0,0,7,,,50,,,,,,,,,,,,,,,,,,,B03,,,1,,9,,,58,58,1,13,4,120.724891,24.22178,3
9423,66000,387130000C,(04)23274275,(04)23288582,2025,03,24,14,22,臺中市,北屯區,0,0,0,7,,,50,,,,,,,,,,,,,,,,,,,C03,,,1,,1,,,7,7,1,12,4,120.673819,24.174138,3
9424,66000,387130000C,(04)23274275,(04)23288582,2025,03,24,14,26,臺中市,西屯區,0,0,0,7,2,6,50,13,9,1,5,4,6,6,4,4,4,3,5,1,17,3,10,3,4,B03,7,11,1,8,1,5,,7,7,1,12,4,120.645035,24.181645,3
9425,66000,387130000C,(04)23274275,(04)23288582,2025,03,24,14,29,臺中市,神岡區,0,0,0,7,,,20,,,,,,,,,,,,,,11,,,,,B12,,,1,,1,,,84,84,1,12,4,120.690323,24.246228,3
9426,66000,387130000C,(04)23274275,(04)23288582,2025,03,24,14,30,臺中市,南屯區,0,0,0,7,,,50,,,,,,,,,,,,,,,,,,,B03,,,1,,2,,,59,59,1,12,4,120.650032,24.147518,3
9427,66000,387130000C,(04)23274275,(04)23288582,2025,03,24,14,32,臺中市,大雅區,0,0,0,7,,,50,,,,,,,,,,,,,,,,,,,B03,,,1,,1,,,49,49,1,12,4,120.651317,24.227608,3
9428,66000,387130000C,(04)23274275,(04)23288582,2025,03,24,14,32,臺中市,北屯區,0,0,0,7,,,60,,,,,,,,,,,,,,13,,,,,B03,,,1,,2,,,84,84,1,6,4,120.686741,24.201609,3
9429,66000,387130000C,(04)23274275,(04)23288582,2025,03,24,14,33,臺中市,西屯區,0,0,0,7,,,50,,,,,,,,,,,,,,14,,,,,B02,,,1,,2,,,49,49,1,12,4,120.62904,24.181474,3
9430,66000,387130000C,(04)23274275,(04)23288582,2025,03,24,14,33,臺中市,西屯區,0,0,0,7,,,50,,,,,,,,,,,,,,17,,,,,B03,,,1,,2,,,58,58,1,13,4,120.596029,24.167196,3
9431,66000,387130000C,(04)23274275,(04)23288582,2025,03,24,14,34,臺中市,東勢區,0,1,0,7,2,6,30,3,1,1,5,4,6,6,3,1,10,5,5,2,15,3,10,5,4,B03,7,9,1,8,2,8,,24,24,1,13,4,120.837822,24.227294,2
9432,66000,387130000C,(04)23274275,(04)23288582,2025,03,24,14,35,臺中市,大雅區,0,0,0,7,,,30,,,,,,,,,,,,,,16,,,,,A12,,,1,,1,,,8,8,1,13,4,120.652838,24.227087,3
9433,66000,387130000C,(04)23274275,(04)23288582,2025,03,24,14,40,臺中市,北屯區,0,0,0,7,,,50,,,,,,,,,,,,,,,,,,,B03,,,1,,1,,,51,51,1,12,4,120.686444,24.174375,3
9434,66000,387130000C,(04)23274275,(04)23288582,2025,03,24,14,41,臺中市,龍井區,0,0,0,7,,,50,,,,,,,,,,,,,,,,,,,B03,,,1,,1,,,84,84,1,6,4,120.56155,24.198516,4
9435,66000,387130000C,(04)23274275,(04)23288582,2025,03,24,14,42,臺中市,西屯區,0,0,0,7,,,60,,,,,,,,,,,,,,,,,,,B03,,,1,,2,,,39,39,1,12,4,120.62891,24.162992,3
9436,66000,387130000C,(04)23274275,(04)23288582,2025,03,24,14,44,臺中市,烏日區,0,0,0,7,2,6,30,11,9,1,5,4,6,6,4,4,10,5,5,2,12,3,10,3,1,A12,7,5,1,7,9,2,,84,84,1,6,4,120.64699,24.095361,3
9437,66000,387130000C,(04)23274275,(04)23288582,2025,03,24,14,47,臺中市,北屯區,0,0,0,7,,,50,,,,,,,,,,,,,,13,,,,,C03,,,3,,1,,,7,7,1,13,4,120.67089,24.17743,3
9438,66000,387130000C,(04)23274275,(04)23288582,2025,03,24,14,50,臺中市,南屯區,0,0,0,7,,,50,,,,,,,,,,,,,,14,,,,,B12,,,1,,2,,,50,50,1,12,4,120.643308,24.140436,3
9439,66000,387130000C,(04)23274275,(04)23288582,2025,03,24,14,50,臺中市,沙鹿區,0,0,0,7,2,6,40,13,14,1,5,4,6,6,4,4,1,3,1,2,12,,,,,B03,,,1,,2,,,50,50,1,12,4,120.558515,24.233884,3
9440,66000,387130000C,(04)23274275,(04)23288582,2025,03,24,14,56,臺中市,南區,0,0,0,7,,,50,,,,,,,,,,,,,,13,,,,,B03,,,1,,1,,,84,84,1,12,4,120.670799,24.127401,3
9441,66000,387130000C,(04)23274275,(04)23288582,2025,03,24,14,57,臺中市,后里區,0,0,0,7,,,50,,,,,,,,,,,,,,12,,,,,A11,,,1,,1,,,84,84,1,12,4,120.7219,24.295161,3
9442,66000,387130000C,(04)23274275,(04)23288582,2025,03,24,14,59,臺中市,大甲區,0,0,0,7,,,50,,,,,,,,,,,,,,27,,,,,B12,,,1,,2,,,84,84,1,6,4,120.622139,24.344761,3
9443,66000,387130000C,(04)23274275,(04)23288582,2025,03,24,15,0,臺中市,大里區,0,1,0,7,2,6,50,13,7,1,5,4,6,6,4,4,5,4,5,1,14,3,10,3,1,B03,7,2,1,8,2,7,,49,49,1,13,4,120.694565,24.095254,2
9444,66000,387130000C,(04)23274275,(04)23288582,2025,03,24,15,2,臺中市,西屯區,0,0,0,7,,,50,,,,,,,,,,,,,,17,,,,,A41,,,1,,1,,,49,49,1,12,4,120.595567,24.163695,3
9445,66000,387130000C,(04)23274275,(04)23288582,2025,03,24,15,3,臺中市,西區,0,1,0,6,3,6,30,13,9,1,5,4,6,3,4,4,10,5,5,2,12,3,10,3,1,B03,7,1,1,8,2,1,,51,51,1,6,4,120.65592,24.143634,2
9446,66000,387130000C,(04)23274275,(04)23288582,2025,03,24,15,3,臺中市,西區,0,0,0,7,,,50,,,,,,,,,,,,,,,,,,,C03,,,1,,1,,,84,84,1,6,4,120.660767,24.150638,3
9447,66000,387130000C,(04)23274275,(04)23288582,2025,03,24,15,4,臺中市,西屯區,0,0,0,7,,,50,,,,,,,,,,,,,,13,,,,,B03,,,1,,1,,,7,7,1,13,4,120.643077,24.171991,3
9448,66000,387130000C,(04)23274275,(04)23288582,2025,03,24,15,10,臺中市,豐原區,0,0,0,7,,,50,,,,,,,,,,,,,,17,,,,,A04,,,1,,2,,,7,7,1,6,4,120.712877,24.241794,3
9449,66000,387130000C,(04)23274275,(04)23288582,2025,03,24,15,12,臺中市,大甲區,0,0,0,7,2,4,50,3,1,1,5,4,6,6,4,4,8,4,5,1,15,3,10,3,1,B03,7,5,1,8,1,8,,14,14,1,12,4,120.624608,24.351328,3
9450,66000,387130000C,(04)23274275,(04)23288582,2025,03,24,15,20,臺中市,梧棲區,0,0,0,7,,,30,,,,,,,,,,,,,,11,,,,,B12,,,1,,2,,,8,8,1,12,4,120.558431,24.258332,3
9451,66000,387130000C,(04)23274275,(04)23288582,2025,03,24,15,20,臺中市,神岡區,0,0,0,7,,,30,,,,,,,,,,,,,,27,,,,,B03,,,1,,2,,,84,84,1,12,4,120.680614,24.265423,3
9452,66000,387130000C,(04)23274275,(04)23288582,2025,03,24,15,23,臺中市,烏日區,0,3,0,7,3,6,50,3,1,1,5,4,6,6,2,1,1,2,2,1,12,2,9,1,1,C03,7,12,1,10,2,11,12,7,7,1,6,4,120.618704,24.102754,2
9453,66000,387130000C,(04)23274275,(04)23288582,2025,03,24,15,24,臺中市,大雅區,0,2,0,7,3,6,60,13,9,1,5,4,6,6,4,4,1,4,5,2,17,3,10,2,1,C03,7,15,1,10,2,16,,68,68,1,12,4,120.650296,24.210078,2
9454,66000,387130000C,(04)23274275,(04)23288582,2025,03,24,15,25,臺中市,西屯區,0,1,0,7,2,6,50,4,1,1,5,4,6,6,2,1,10,5,5,2,16,3,10,5,4,B03,7,6,1,8,2,2,,11,11,1,13,4,120.638376,24.177292,2
9455,66000,387130000C,(04)23274275,(04)23288582,2025,03,24,15,25,臺中市,西屯區,0,1,0,7,2,6,40,4,1,1,5,4,6,6,1,1,10,5,5,2,16,3,10,5,4,B02,7,5,1,8,2,5,,47,47,1,12,4,120.633737,24.161174,2
9456,66000,387130000C,(04)23274275,(04)23288582,2025,03,24,15,26,臺中市,豐原區,0,0,0,7,,,30,,,,,,,,,,,,,,17,,,,,B12,,,1,,2,,,50,50,1,12,4,120.737,24.27373,3
9457,66000,387130000C,(04)23274275,(04)23288582,2025,03,24,15,31,臺中市,北屯區,0,0,0,7,,,50,,,,,,,,,,,,,,13,,,,,B03,,,1,,1,,,7,7,1,6,4,120.685417,24.170805,3
9458,66000,387130000C,(04)23274275,(04)23288582,2025,03,24,15,32,臺中市,東區,0,0,0,7,,,50,,,,,,,,,,,,,,13,,,,,B03,,,1,,2,,,84,84,1,12,4,120.700621,24.140119,3
9459,66000,387130000C,(04)23274275,(04)23288582,2025,03,24,15,38,臺中市,大里區,0,0,0,7,,,80,,,,,,,,,,,,,,,,,,,A05,,,1,,2,,,54,54,1,12,4,120.690704,24.098029,3
9460,66000,387130000C,(04)23274275,(04)23288582,2025,03,24,15,38,臺中市,烏日區,0,1,0,7,3,6,30,3,2,1,5,4,6,6,4,4,10,5,5,2,18,2,9,1,1,C03,7,10,1,10,2,12,,84,84,1,12,4,120.654642,24.045811,2
9461,66000,387130000C,(04)23274275,(04)23288582,2025,03,24,15,40,臺中市,北屯區,0,0,0,7,,,50,,,,,,,,,,,,,,12,,,,,C03,,,1,,1,,,8,8,1,6,4,120.67128,24.174958,3
9462,66000,387130000C,(04)23274275,(04)23288582,2025,03,24,15,43,臺中市,西屯區,0,1,0,7,1,6,30,3,1,1,5,4,6,6,4,4,10,5,5,1,14,3,10,1,1,C03,7,2,1,10,2,13,,59,59,1,12,4,120.66452,24.165031,2
9463,66000,387130000C,(04)23274275,(04)23288582,2025,03,24,15,46,臺中市,西屯區,0,0,0,7,2,6,40,13,8,1,5,4,6,6,4,,1,4,1,2,17,3,10,1,4,C03,7,9,1,10,2,11,,7,7,1,13,4,120.64254,24.167045,3
9464,66000,387130000C,(04)23274275,(04)23288582,2025,03,24,15,50,臺中市,西區,0,0,0,7,,,50,,,,,,,,,,,,,,,,,,,B03,,,1,,2,,,38,38,1,12,4,120.672578,24.148208,3
9465,66000,387130000C,(04)23274275,(04)23288582,2025,03,24,15,50,臺中市,石岡區,0,2,0,7,2,6,50,3,1,1,5,4,6,6,4,4,5,5,5,1,13,2,9,5,4,C03,7,9,1,10,2,11,,7,7,1,13,4,120.764971,24.277566,2
9466,66000,387130000C,(04)23274275,(04)23288582,2025,03,24,15,55,臺中市,霧峰區,0,0,0,7,,,50,,,,,,,,,,,,,,,,,,,B12,,,1,,2,,,84,84,1,13,4,120.699493,24.064384,3
9467,66000,387130000C,(04)23274275,(04)23288582,2025,03,24,15,55,臺中市,神岡區,0,2,0,7,2,6,50,3,1,1,5,4,6,6,1,1,10,5,5,2,16,2,9,1,1,C03,7,6,1,10,2,11,,36,36,1,12,4,120.689798,24.2478,2
9468,66000,387130000C,(04)23274275,(04)23288582,2025,03,24,15,57,臺中市,北屯區,0,1,0,7,2,6,50,4,1,1,5,4,6,6,2,1,10,5,5,2,18,2,9,1,1,C03,7,9,1,10,2,14,,84,84,1,12,4,120.685763,24.174521,2
9469,66000,387130000C,(04)23274275,(04)23288582,2025,03,24,15,59,臺中市,西屯區,0,0,0,7,2,6,50,4,1,1,5,4,6,6,1,1,9,5,5,2,12,,,,,B03,,,1,,1,,,8,8,1,13,4,120.637449,24.177602,3
9470,66000,387130000C,(04)23274275,(04)23288582,2025,03,24,16,0,臺中市,北區,0,1,0,7,2,6,50,3,19,1,5,4,6,6,1,1,5,4,5,2,3,3,10,5,1,B03,7,5,3,19,9,5,,10,10,1,13,4,120.689134,24.153572,2
9471,66000,387130000C,(04)23274275,(04)23288582,2025,03,24,16,1,臺中市,北屯區,0,1,0,7,3,6,50,4,2,1,5,4,6,6,2,1,5,5,5,2,18,2,9,1,1,C03,7,9,1,10,2,12,,84,84,1,5,4,120.702415,24.172781,2
9472,66000,387130000C,(04)23274275,(04)23288582,2025,03,24,16,3,臺中市,大里區,0,0,0,7,,,80,,,,,,,,,,,,,,13,,,,,B03,,,1,,1,,,7,7,1,13,4,120.684132,24.075942,3
9473,66000,387130000C,(04)23274275,(04)23288582,2025,03,24,16,3,臺中市,大甲區,0,1,0,7,3,6,50,13,9,1,5,4,6,6,4,4,5,5,5,1,13,2,4,1,1,C03,7,9,1,8,2,11,,84,84,1,6,4,120.628252,24.340544,2
9474,66000,387130000C,(04)23274275,(04)23288582,2025,03,24,16,10,臺中市,神岡區,0,0,0,7,,,50,,,,,,,,,,,,,,16,,,,,B03,,,1,,2,,,1,1,1,12,4,120.701061,24.258481,3
9475,66000,387130000C,(04)23274275,(04)23288582,2025,03,24,16,15,臺中市,烏日區,0,0,0,7,,,40,,,,,,,,,,,,,,12,,,,,B03,,,1,,2,,,59,59,1,13,4,120.639812,24.105215,3
9476,66000,387130000C,(04)23274275,(04)23288582,2025,03,24,16,16,臺中市,西屯區,0,0,0,7,,,30,,,,,,,,,,,,,,13,,,,,C03,,,1,,1,,,7,7,1,12,4,120.646243,24.184308,3
9477,66000,387130000C,(04)23274275,(04)23288582,2025,03,24,16,17,臺中市,北屯區,0,0,0,7,,,30,,,,,,,,,,,,,,17,,,,,,,,,,,,,119,119,1,,,120.697805,24.161081,3
9478,66000,387130000C,(04)23274275,(04)23288582,2025,03,24,16,17,臺中市,烏日區,0,0,0,7,2,6,60,13,7,1,5,4,6,6,4,4,1,4,5,1,12,3,10,3,1,B03,7,6,1,8,2,14,,40,40,1,6,4,120.616232,24.105612,3
9479,66000,387130000C,(04)23274275,(04)23288582,2025,03,24,16,20,臺中市,梧棲區,0,0,0,7,,,50,,,,,,,,,,,,,,16,,,,,B03,,,1,,1,,,45,45,1,6,4,120.547534,24.247623,3
9480,66000,387130000C,(04)23274275,(04)23288582,2025,03,24,16,23,臺中市,西區,0,1,0,7,1,6,50,4,1,1,5,4,6,6,1,1,10,5,5,1,17,2,9,5,4,C03,7,9,1,10,2,14,,7,7,1,12,4,120.663095,24.13797,2
9481,66000,387130000C,(04)23274275,(04)23288582,2025,03,24,16,23,臺中市,南屯區,0,0,0,7,,,50,,,,,,,,,,,,,,,,,,,B02,,,1,,2,,,59,59,1,12,4,120.632443,24.143713,3
9482,66000,387130000C,(04)23274275,(04)23288582,2025,03,24,16,23,臺中市,沙鹿區,0,0,0,7,,,50,,,,,,,,,,,,,,,,,,,B03,,,1,,1,,,84,84,1,13,4,120.571431,24.216198,3
9483,66000,387130000C,(04)23274275,(04)23288582,2025,03,24,16,25,臺中市,后里區,0,1,0,7,3,6,50,13,7,1,5,4,6,6,4,4,9,4,4,2,13,3,10,1,1,C03,7,9,1,10,2,11,14,7,7,1,12,4,120.725276,24.309006,2
9484,66000,387130000C,(04)23274275,(04)23288582,2025,03,24,16,27,臺中市,南區,0,0,0,7,,,50,,,,,,,,,,,,,,14,,,,,B03,,,1,,1,,,49,49,1,6,4,120.673883,24.126326,3
9485,66000,387130000C,(04)23274275,(04)23288582,2025,03,24,16,30,臺中市,大雅區,0,1,0,7,3,6,50,13,9,1,5,4,6,6,4,4,4,3,5,1,17,3,10,1,1,C03,7,9,1,10,2,14,,7,7,1,13,4,120.651957,24.228263,2
9486,66000,387130000C,(04)23274275,(04)23288582,2025,03,24,16,31,臺中市,南區,0,1,0,7,3,6,40,13,8,1,5,4,6,6,4,4,5,4,4,2,13,2,9,2,1,C03,7,9,1,10,2,11,,7,7,1,13,4,120.681693,24.133477,2
9487,66000,387130000C,(04)23274275,(04)23288582,2025,03,24,16,31,臺中市,西屯區,0,0,0,7,,,60,,,,,,,,,,,,,,12,,,,,B03,,,1,,1,,,40,40,1,13,4,120.653258,24.160817,3
9488,66000,387130000C,(04)23274275,(04)23288582,2025,03,24,16,34,臺中市,南屯區,0,1,0,7,1,6,50,4,2,1,5,4,6,6,1,1,5,5,5,2,12,2,8,5,4,C03,7,6,1,10,1,14,,42,42,1,13,4,120.648711,24.147736,2
9489,66000,387130000C,(04)23274275,(04)23288582,2025,03,24,16,37,臺中市,南區,0,0,0,7,1,6,50,3,1,1,5,4,6,6,4,4,10,5,5,2,20,3,10,3,1,B03,7,6,1,8,1,8,,84,84,1,12,4,120.651844,24.107964,3