﻿序號,縣市別代碼,機關代碼,市話,傳真,年,月,日,時,分,縣市,區,死亡數量,受傷數量,2-30,天候,道路照明設備,道路類別,道路速限,道路型態,事故位置,路面鋪裝,路面狀態,路面缺陷,障礙物,視距,號誌種類,號誌動作,分向設施,快車道或一般車道間,快慢車道間,路面邊線,事故類型及型態,受傷程度,主要傷處,保護裝備,行動電話或功能裝置,當事者區分_類別,車輛用途,當事者行動狀態,駕照狀態,駕照種類,飲酒情形,車輛撞擊部位最初,車輛撞擊部位其他,肇事因素個別,肇事因素主要,肇事逃逸,職業,共享經濟或外送平台,GPS座標X,GPS座標Y,事故類別
9490,66000,387130000C,(04)23274275,(04)23288582,2025,03,24,16,38,臺中市,南屯區,0,1,0,7,2,6,50,4,2,1,5,4,6,6,2,1,5,4,4,2,17,3,10,3,1,B12,7,5,1,8,1,5,,47,47,1,12,4,120.653038,24.135749,2
9491,66000,387130000C,(04)23274275,(04)23288582,2025,03,24,16,40,臺中市,潭子區,0,0,0,7,,,30,,,,,,,,,,,,,,,,,,,B03,,,1,,9,,,59,59,1,12,4,120.69882,24.216831,3
9492,66000,387130000C,(04)23274275,(04)23288582,2025,03,24,16,40,臺中市,沙鹿區,0,0,0,7,2,6,50,13,9,1,5,4,6,6,4,4,4,5,5,2,12,,,,,B03,,,1,,2,,,8,8,1,12,4,120.567021,24.224613,4
9493,66000,387130000C,(04)23274275,(04)23288582,2025,03,24,16,41,臺中市,沙鹿區,0,1,0,7,3,6,50,13,7,1,5,4,3,3,4,4,5,4,4,2,17,2,9,2,1,C03,7,1,1,10,2,13,,51,51,1,12,4,120.560012,24.251385,2
9494,66000,387130000C,(04)23274275,(04)23288582,2025,03,24,16,42,臺中市,豐原區,0,1,0,7,2,6,50,3,1,1,5,4,6,6,4,4,5,5,5,1,16,2,9,1,1,C03,7,6,1,10,2,14,,14,14,1,13,4,120.701314,24.224437,2
9495,66000,387130000C,(04)23274275,(04)23288582,2025,03,24,16,43,臺中市,大雅區,0,2,0,7,3,6,30,11,9,1,5,4,6,6,4,4,10,5,5,2,17,2,8,2,1,C03,7,9,1,10,2,11,,41,41,1,12,4,120.634372,24.239267,2
9496,66000,387130000C,(04)23274275,(04)23288582,2025,03,24,16,44,臺中市,西區,0,1,0,7,3,6,40,3,1,1,5,4,1,6,1,1,10,5,5,2,16,2,8,1,1,C03,7,9,1,10,2,11,,85,85,1,6,4,120.672103,24.149097,2
9497,66000,387130000C,(04)23274275,(04)23288582,2025,03,24,16,45,臺中市,西區,0,0,0,7,,,50,,,,,,,,,,,,,,,,,,,B03,,,1,,9,,,51,51,1,12,4,120.666736,24.141067,3
9498,66000,387130000C,(04)23274275,(04)23288582,2025,03,24,16,47,臺中市,霧峰區,0,0,0,7,,,50,,,,,,,,,,,,,,,,,,,B12,,,1,,2,,,49,49,1,13,4,120.711152,24.078045,3
9499,66000,387130000C,(04)23274275,(04)23288582,2025,03,24,16,50,臺中市,太平區,0,0,0,7,,,50,,,,,,,,,,,,,,13,,,,,A12,,,1,,2,,,59,59,1,6,4,120.715986,24.105645,3
9500,66000,387130000C,(04)23274275,(04)23288582,2025,03,24,16,54,臺中市,南屯區,0,1,0,7,2,6,50,4,2,1,5,4,6,6,1,1,5,5,5,2,17,2,7,1,1,C03,7,9,1,10,2,12,,84,84,1,6,4,120.63229,24.14117,2
9501,66000,387130000C,(04)23274275,(04)23288582,2025,03,24,16,56,臺中市,大肚區,0,0,0,7,,,70,,,,,,,,,,,,,,,,,,,B03,,,1,,2,,,82,82,1,6,4,120.551173,24.137875,3
9502,66000,387130000C,(04)23274275,(04)23288582,2025,03,24,16,59,臺中市,西屯區,0,1,0,7,2,6,40,4,1,1,5,4,6,6,1,1,10,5,5,2,13,3,10,5,4,B03,7,9,1,8,2,5,,84,84,1,12,4,120.649726,24.166719,2
9503,66000,387130000C,(04)23274275,(04)23288582,2025,03,24,17,3,臺中市,烏日區,0,0,0,7,,,30,,,,,,,,,,,,,,,,,,,B03,,,1,,2,,,83,83,1,6,4,120.640713,24.111135,3
9504,66000,387130000C,(04)23274275,(04)23288582,2025,03,24,17,3,臺中市,梧棲區,0,2,0,7,2,6,30,4,1,1,5,4,6,6,3,1,10,5,5,2,15,2,7,2,1,C03,7,9,1,10,2,11,,24,24,1,12,4,120.542358,24.226291,2
9505,66000,387130000C,(04)23274275,(04)23288582,2025,03,24,17,5,臺中市,西屯區,0,2,0,7,2,6,40,13,8,1,5,4,6,6,4,4,1,4,1,2,13,2,1,5,4,C03,7,9,1,10,2,11,,7,7,1,13,4,120.649181,24.162586,2
9506,66000,387130000C,(04)23274275,(04)23288582,2025,03,24,17,5,臺中市,太平區,0,0,0,7,,,30,,,,,,,,,,,,,,,,,,,B03,,,1,,2,,,15,15,1,12,4,120.729019,24.154197,3
9507,66000,387130000C,(04)23274275,(04)23288582,2025,03,24,17,8,臺中市,梧棲區,0,0,0,7,3,6,50,4,1,1,5,4,6,6,1,1,10,5,5,2,20,3,10,1,1,C03,7,6,1,10,2,14,,59,59,1,6,4,120.53515,24.263197,3
9508,66000,387130000C,(04)23274275,(04)23288582,2025,03,24,17,10,臺中市,北屯區,0,2,0,7,2,6,50,4,1,1,5,4,6,6,4,4,10,5,5,2,16,2,9,1,1,C03,7,9,1,10,2,11,,13,13,1,6,2,120.7225,24.170341,2
9509,66000,387130000C,(04)23274275,(04)23288582,2025,03,24,17,10,臺中市,梧棲區,0,2,0,7,2,6,30,4,1,1,5,4,6,6,4,4,10,5,5,2,15,2,9,2,1,C03,7,9,1,10,2,11,,15,15,1,12,4,120.535951,24.246827,2
9510,66000,387130000C,(04)23274275,(04)23288582,2025,03,24,17,11,臺中市,南屯區,0,2,0,7,1,6,50,13,9,1,5,4,6,6,4,4,5,5,5,2,9,2,8,5,4,C03,7,9,1,10,2,11,,84,84,1,13,4,120.611357,24.138314,2
9511,66000,387130000C,(04)23274275,(04)23288582,2025,03,24,17,11,臺中市,西屯區,0,0,0,7,,,50,,,,,,,,,,,,,,13,,,,,C03,,,1,,1,,,58,58,1,13,4,120.609671,24.166908,3
9512,66000,387130000C,(04)23274275,(04)23288582,2025,03,24,17,15,臺中市,西屯區,0,1,0,7,3,6,50,3,1,1,5,4,6,6,4,4,10,5,5,2,16,2,8,1,1,C03,7,6,1,10,2,14,,14,14,1,13,4,120.593534,24.180452,2
9513,66000,387130000C,(04)23274275,(04)23288582,2025,03,24,17,15,臺中市,沙鹿區,0,0,0,6,,,50,,,,,,,,,,,,,,12,,,,,C03,,,1,,2,,,84,84,1,12,4,120.570189,24.217937,3
9514,66000,387130000C,(04)23274275,(04)23288582,2025,03,24,17,16,臺中市,西屯區,0,1,0,7,2,6,50,5,1,1,5,4,6,6,1,1,10,5,5,2,12,3,10,3,1,B03,7,5,1,8,2,5,,11,11,1,12,4,120.597839,24.175472,2
9515,66000,387130000C,(04)23274275,(04)23288582,2025,03,24,17,18,臺中市,潭子區,0,1,0,7,3,6,50,3,1,1,5,4,6,6,4,4,5,5,5,1,17,3,10,3,1,B03,7,5,1,8,2,1,,14,14,1,13,4,120.706977,24.212622,2
9516,66000,387130000C,(04)23274275,(04)23288582,2025,03,24,17,18,臺中市,太平區,0,2,0,7,2,6,50,4,1,1,5,4,6,6,1,1,10,5,5,2,17,2,9,5,4,F03,7,6,7,21,2,12,,11,11,1,6,4,120.736091,24.133143,2
9517,66000,387130000C,(04)23274275,(04)23288582,2025,03,24,17,20,臺中市,南屯區,0,1,0,7,2,6,40,13,8,1,5,4,6,6,4,4,5,4,4,1,17,2,9,1,1,C04,7,8,1,10,2,12,,40,40,1,12,4,120.616089,24.139452,2
9518,66000,387130000C,(04)23274275,(04)23288582,2025,03,24,17,20,臺中市,神岡區,0,0,0,7,,,30,,,,,,,,,,,,,,14,,,,,B03,,,1,,2,,,49,49,1,12,4,120.708548,24.273849,3
9519,66000,387130000C,(04)23274275,(04)23288582,2025,03,24,17,21,臺中市,豐原區,0,0,0,7,,,50,,,,,,,,,,,,,,,,,,,C03,,,1,,2,,,7,7,1,13,4,120.718748,24.253417,4
9520,66000,387130000C,(04)23274275,(04)23288582,2025,03,24,17,23,臺中市,清水區,0,0,0,7,,,90,,,,,,,,,,,,,,13,,,,,B12,,,1,,1,,,7,7,1,13,4,120.548466,24.27903,3
9521,66000,387130000C,(04)23274275,(04)23288582,2025,03,24,17,25,臺中市,大里區,0,3,0,7,3,6,80,10,9,1,5,4,6,6,4,4,3,4,5,1,13,3,10,5,4,B03,7,9,1,8,2,1,,7,7,1,13,4,120.684334,24.075756,2
9522,66000,387130000C,(04)23274275,(04)23288582,2025,03,24,17,25,臺中市,龍井區,0,2,0,7,3,6,50,3,1,1,5,4,6,6,4,4,10,5,5,1,16,2,7,1,1,C03,7,6,1,10,2,12,,20,20,1,6,4,120.524068,24.202905,2
9523,66000,387130000C,(04)23274275,(04)23288582,2025,03,24,17,25,臺中市,清水區,0,1,0,7,3,6,50,4,1,1,5,4,6,6,1,1,5,5,5,2,17,2,9,1,1,F03,7,6,7,21,2,11,,23,23,1,12,4,120.5465,24.263704,2
9524,66000,387130000C,(04)23274275,(04)23288582,2025,03,24,17,28,臺中市,龍井區,0,0,0,7,,,70,,,,,,,,,,,,,,,,,,,B12,,,1,,1,,,84,84,1,6,4,120.356478,24.235647,3
9525,66000,387130000C,(04)23274275,(04)23288582,2025,03,24,17,35,臺中市,南屯區,0,0,0,7,1,6,50,13,9,1,5,4,6,6,4,4,3,4,5,2,13,,,,,C03,,,3,,9,,,7,7,2,12,4,120.635,24.144518,3
9526,66000,387130000C,(04)23274275,(04)23288582,2025,03,24,17,38,臺中市,烏日區,0,0,0,7,,,30,,,,,,,,,,,,,,13,,,,,C03,,,1,,1,,,59,59,1,13,4,120.656697,24.098554,3
9527,66000,387130000C,(04)23274275,(04)23288582,2025,03,24,17,39,臺中市,太平區,0,1,0,7,3,6,50,13,7,1,5,4,6,6,4,4,5,2,4,1,12,3,10,1,1,C03,7,9,1,10,2,16,,85,85,1,6,4,120.734183,24.12196,2
9528,66000,387130000C,(04)23274275,(04)23288582,2025,03,24,17,44,臺中市,大雅區,0,0,0,7,,,60,,,,,,,,,,,,,,,,,,,B03,,,1,,1,,,40,40,1,12,4,120.650345,24.212333,3
9529,66000,387130000C,(04)23274275,(04)23288582,2025,03,24,17,44,臺中市,南屯區,0,2,0,7,1,6,50,4,2,1,5,4,6,6,2,1,1,2,4,2,13,2,9,5,4,C03,7,9,1,10,2,11,,7,7,1,13,4,120.625818,24.140633,2
9530,66000,387130000C,(04)23274275,(04)23288582,2025,03,24,17,48,臺中市,大里區,0,2,0,7,2,6,50,4,1,1,5,4,6,6,1,1,10,5,5,2,12,2,9,2,1,C03,7,6,1,10,1,16,,20,20,1,12,4,120.682628,24.100715,2
9531,66000,387130000C,(04)23274275,(04)23288582,2025,03,24,17,48,臺中市,大里區,0,2,0,7,2,6,30,4,1,1,5,4,6,6,4,4,10,5,5,1,15,2,9,1,1,C03,7,9,1,10,2,11,,15,15,1,12,4,120.70083,24.104995,2
9532,66000,387130000C,(04)23274275,(04)23288582,2025,03,24,17,49,臺中市,北屯區,0,1,0,7,2,6,50,3,1,1,5,4,6,6,1,1,10,5,5,2,12,2,9,1,1,C03,7,6,1,10,2,14,,48,48,1,12,4,120.741448,24.18028,2
9533,66000,387130000C,(04)23274275,(04)23288582,2025,03,24,17,49,臺中市,西屯區,0,2,0,7,2,6,30,3,1,1,5,4,6,6,4,4,10,5,5,2,16,2,7,5,4,C03,7,6,1,10,1,16,,14,14,1,13,4,120.65451,24.160794,2
9534,66000,387130000C,(04)23274275,(04)23288582,2025,03,24,17,51,臺中市,龍井區,0,2,0,7,2,6,50,4,1,1,5,4,6,6,4,4,5,5,5,2,16,2,9,2,1,C03,7,9,1,10,2,14,,87,87,1,6,4,120.584695,24.183547,2
9535,66000,387130000C,(04)23274275,(04)23288582,2025,03,24,17,52,臺中市,西屯區,0,0,0,7,,,50,,,,,,,,,,,,,,13,,,,,B12,,,1,,1,,,59,59,1,12,4,120.661401,24.171708,3
9536,66000,387130000C,(04)23274275,(04)23288582,2025,03,24,17,52,臺中市,龍井區,0,0,0,6,,,30,,,,,,,,,,,,,,9,,,,,B03,,,1,,2,,,8,8,1,6,4,120.593683,24.18834,3
9537,66000,387130000C,(04)23274275,(04)23288582,2025,03,24,17,56,臺中市,南屯區,0,1,0,7,2,6,50,3,9,1,5,4,6,6,4,4,5,4,4,2,17,2,9,2,1,C03,7,6,1,10,1,11,,14,14,1,12,4,120.609967,24.14607,2
9538,66000,387130000C,(04)23274275,(04)23288582,2025,03,24,17,56,臺中市,豐原區,0,0,0,7,,,50,,,,,,,,,,,,,,12,,,,,B12,,,1,,2,,,8,8,1,6,4,120.715854,24.254687,3
9539,66000,387130000C,(04)23274275,(04)23288582,2025,03,24,17,58,臺中市,大雅區,0,1,0,7,3,6,50,3,4,1,5,4,6,6,3,1,9,4,5,1,13,2,8,2,1,C03,7,9,1,10,2,11,,84,84,1,13,4,120.648826,24.218643,2
9540,66000,387130000C,(04)23274275,(04)23288582,2025,03,24,17,59,臺中市,潭子區,0,1,0,7,2,6,50,13,7,1,5,4,6,6,4,4,5,4,4,2,13,2,8,2,1,C03,7,9,1,10,2,11,,84,84,1,13,4,120.703997,24.211628,2
9541,66000,387130000C,(04)23274275,(04)23288582,2025,03,24,18,2,臺中市,北屯區,0,0,0,7,,,80,,,,,,,,,,,,,,13,,,,,B03,,,1,,1,,,7,7,1,12,4,120.676351,24.200925,3
9542,66000,387130000C,(04)23274275,(04)23288582,2025,03,24,18,5,臺中市,南區,0,0,0,7,,,50,,,,,,,,,,,,,,17,,,,,B03,,,1,,1,,,51,51,1,6,4,120.6593,24.113642,3
9543,66000,387130000C,(04)23274275,(04)23288582,2025,03,24,18,6,臺中市,潭子區,0,0,0,7,,,60,,,,,,,,,,,,,,,,,,,B03,,,1,,2,,,84,84,1,13,4,120.705311,24.215181,3
9544,66000,387130000C,(04)23274275,(04)23288582,2025,03,24,18,6,臺中市,西區,0,1,0,7,1,6,50,4,1,1,5,4,6,6,4,4,10,4,5,2,17,3,10,1,1,C03,7,9,1,10,2,16,,4,4,1,13,4,120.68271,24.139881,2
9545,66000,387130000C,(04)23274275,(04)23288582,2025,03,24,18,6,臺中市,北屯區,0,0,0,7,,,40,,,,,,,,,,,,,,13,,,,,B12,,,1,,2,,,7,7,1,6,4,120.68847,24.201012,3
9546,66000,387130000C,(04)23274275,(04)23288582,2025,03,24,18,9,臺中市,霧峰區,0,1,0,7,1,6,30,3,1,1,5,4,6,6,4,4,10,5,5,2,17,2,9,6,1,F01,7,9,7,21,2,11,,15,15,1,13,4,120.717085,24.075199,2
9547,66000,387130000C,(04)23274275,(04)23288582,2025,03,24,18,10,臺中市,沙鹿區,0,1,0,7,1,6,30,4,2,1,5,4,6,6,3,1,3,4,4,2,13,3,10,2,1,C03,7,9,1,10,2,11,,7,7,1,5,4,120.569931,24.210876,2
9548,66000,387130000C,(04)23274275,(04)23288582,2025,03,24,18,14,臺中市,太平區,0,2,0,7,2,6,50,4,1,1,5,4,6,6,1,1,10,5,5,2,17,3,10,5,4,B01,7,1,1,4,2,8,,51,51,1,6,4,120.713935,24.144857,2
9549,66000,387130000C,(04)23274275,(04)23288582,2025,03,24,18,17,臺中市,后里區,0,0,0,7,,,50,,,,,,,,,,,,,,,,,,,B03,,,1,,2,,,14,14,1,12,4,120.722936,24.296316,3
9550,66000,387130000C,(04)23274275,(04)23288582,2025,03,24,18,21,臺中市,西區,0,0,0,7,1,6,50,13,9,1,5,4,6,6,4,4,9,5,5,2,12,3,10,1,1,C03,7,15,1,10,1,11,,84,84,1,6,4,120.666537,24.150048,3
9551,66000,387130000C,(04)23274275,(04)23288582,2025,03,24,18,23,臺中市,東區,0,0,0,7,1,6,50,13,9,1,5,4,6,6,4,4,5,5,5,2,14,3,10,3,1,B03,7,2,1,8,1,6,,49,49,1,12,4,120.708662,24.143225,3
9552,66000,387130000C,(04)23274275,(04)23288582,2025,03,24,18,23,臺中市,西屯區,0,1,0,7,1,6,50,3,1,1,5,4,6,6,1,1,10,5,5,1,13,2,9,2,1,C02,7,9,3,19,2,11,,59,59,1,12,4,120.643344,24.170436,2
9553,66000,387130000C,(04)23274275,(04)23288582,2025,03,24,18,24,臺中市,北屯區,0,0,0,7,,,50,,,,,,,,,,,,,,17,,,,,C03,,,1,,2,,,84,84,1,6,4,120.729821,24.158662,3
9554,66000,387130000C,(04)23274275,(04)23288582,2025,03,24,18,28,臺中市,西屯區,0,1,0,7,1,6,40,13,8,1,5,4,6,6,4,4,1,4,1,2,18,2,9,1,1,C03,7,9,3,19,2,12,,82,82,1,12,4,120.644917,24.164926,2
9555,66000,387130000C,(04)23274275,(04)23288582,2025,03,24,18,29,臺中市,南屯區,0,0,0,7,,,50,,,,,,,,,,,,,,13,,,,,C03,,,1,,1,,,7,7,1,6,4,120.633406,24.149745,3
9556,66000,387130000C,(04)23274275,(04)23288582,2025,03,24,18,29,臺中市,西屯區,0,0,0,7,1,6,50,4,2,1,5,4,6,6,2,1,1,4,5,2,12,,,,,B03,,,1,,2,,,40,40,1,13,4,120.65189,24.165742,3
9557,66000,387130000C,(04)23274275,(04)23288582,2025,03,24,18,30,臺中市,西區,0,1,0,7,1,6,50,4,1,1,5,4,6,6,1,1,10,5,5,2,16,3,10,3,1,B03,7,6,1,4,2,8,,11,11,1,13,4,120.672156,24.151222,2
9558,66000,387130000C,(04)23274275,(04)23288582,2025,03,24,18,30,臺中市,太平區,0,1,0,7,1,6,50,13,9,1,5,4,6,6,4,4,5,2,5,1,13,2,8,1,1,C03,7,9,1,10,2,11,,59,59,1,6,4,120.731638,24.140271,2
9559,66000,387130000C,(04)23274275,(04)23288582,2025,03,24,18,32,臺中市,中區,0,1,0,7,1,6,50,4,1,1,5,4,6,6,2,1,5,4,4,2,16,3,10,3,1,B03,7,6,1,8,2,5,,11,11,1,12,4,120.679881,24.146232,2
9560,66000,387130000C,(04)23274275,(04)23288582,2025,03,24,18,32,臺中市,西屯區,0,0,0,7,,,50,,,,,,,,,,,,,,12,,,,,B12,,,1,,1,,,7,7,1,13,4,120.613992,24.174798,3
9561,66000,387130000C,(04)23274275,(04)23288582,2025,03,24,18,33,臺中市,北區,0,1,0,7,1,6,40,4,8,1,5,4,6,6,1,1,5,5,4,2,17,2,7,5,4,C03,7,12,1,10,2,11,,7,7,1,13,4,120.664433,24.161297,2
9562,66000,387130000C,(04)23274275,(04)23288582,2025,03,24,18,34,臺中市,北屯區,0,0,0,7,,,50,,,,,,,,,,,,,,,,,,,B03,,,1,,1,,,84,84,1,13,4,120.720856,24.176561,3
9563,66000,387130000C,(04)23274275,(04)23288582,2025,03,24,18,35,臺中市,沙鹿區,0,1,0,6,1,6,50,13,7,1,5,4,6,6,4,4,4,4,4,2,18,2,9,1,1,C03,7,6,1,10,2,11,,6,6,1,12,4,120.590495,24.244459,2
9564,66000,387130000C,(04)23274275,(04)23288582,2025,03,24,18,38,臺中市,南屯區,0,0,0,7,,,40,,,,,,,,,,,,,,,,,,,B03,,,1,,1,,,49,49,1,13,4,120.627016,24.149969,3
9565,66000,387130000C,(04)23274275,(04)23288582,2025,03,24,18,45,臺中市,烏日區,0,0,0,7,,,60,,,,,,,,,,,,,,,,,,,B12,,,1,,1,,,43,43,1,6,4,120.633589,24.10597,3
9566,66000,387130000C,(04)23274275,(04)23288582,2025,03,24,18,47,臺中市,西區,0,0,0,7,,,50,,,,,,,,,,,,,,14,,,,,A12,,,1,,9,,,49,49,1,12,4,120.671903,24.150963,3
9567,66000,387130000C,(04)23274275,(04)23288582,2025,03,24,18,50,臺中市,太平區,0,0,0,7,,,50,,,,,,,,,,,,,,,,,,,C03,,,1,,2,,,8,8,1,12,4,120.7291,24.155649,3
9568,66000,387130000C,(04)23274275,(04)23288582,2025,03,24,18,51,臺中市,南屯區,0,1,0,7,1,6,50,13,8,1,5,4,6,6,4,4,5,4,4,2,12,2,8,5,4,C03,7,9,1,10,2,11,,84,84,1,13,4,120.634385,24.157275,2
9569,66000,387130000C,(04)23274275,(04)23288582,2025,03,24,19,0,臺中市,北屯區,0,0,0,7,,,50,,,,,,,,,,,,,,14,,,,,B03,,,1,,2,,,49,49,1,12,4,120.710769,24.165981,3
9570,66000,387130000C,(04)23274275,(04)23288582,2025,03,24,19,2,臺中市,南屯區,0,1,0,7,1,6,50,13,9,1,5,4,6,6,1,1,5,5,4,2,16,2,9,1,1,C03,7,9,1,10,2,11,,21,21,1,12,4,120.627553,24.117907,2
9571,66000,387130000C,(04)23274275,(04)23288582,2025,03,24,19,2,臺中市,西屯區,0,0,0,7,,,50,,,,,,,,,,,,,,13,,,,,B12,,,1,,2,,,7,7,1,12,4,120.656322,24.198996,3
9572,66000,387130000C,(04)23274275,(04)23288582,2025,03,24,19,4,臺中市,西區,0,2,0,7,1,6,50,4,1,1,5,4,6,6,1,1,10,5,5,2,17,2,9,2,1,C03,7,11,2,19,2,12,,45,45,1,12,4,120.657376,24.147777,2
9573,66000,387130000C,(04)23274275,(04)23288582,2025,03,24,19,9,臺中市,西屯區,0,1,0,7,1,6,50,4,1,1,5,4,6,6,2,1,10,5,5,2,16,3,10,5,4,B03,7,6,1,8,2,5,,23,23,1,13,4,120.644268,24.171377,2
9574,66000,387130000C,(04)23274275,(04)23288582,2025,03,24,19,11,臺中市,大里區,0,0,0,7,,,50,,,,,,,,,,,,,,11,,,,,B03,,,1,,2,,,8,8,1,13,4,120.692902,24.109696,3
9575,66000,387130000C,(04)23274275,(04)23288582,2025,03,24,19,13,臺中市,南屯區,0,1,0,7,1,6,50,4,2,1,5,4,6,6,2,1,5,4,4,2,17,2,9,2,1,C03,7,9,1,10,2,11,,7,7,1,12,4,120.649849,24.147742,2
9576,66000,387130000C,(04)23274275,(04)23288582,2025,03,24,19,14,臺中市,北屯區,0,0,0,7,,,50,,,,,,,,,,,,,,16,,,,,B03,,,1,,1,,,11,11,1,12,4,120.723459,24.165483,3
9577,66000,387130000C,(04)23274275,(04)23288582,2025,03,24,19,15,臺中市,大里區,0,0,0,7,,,80,,,,,,,,,,,,,,17,,,,,B03,,,1,,2,,,85,85,1,13,4,120.693681,24.105666,3
9578,66000,387130000C,(04)23274275,(04)23288582,2025,03,24,19,18,臺中市,北區,0,0,0,7,,,50,,,,,,,,,,,,,,17,,,,,B03,,,1,,1,,,49,49,1,13,4,120.664518,24.15479,3
9579,66000,387130000C,(04)23274275,(04)23288582,2025,03,24,19,19,臺中市,潭子區,0,1,0,6,1,6,60,3,1,1,5,4,6,6,1,1,1,4,5,1,17,3,10,3,1,B03,7,5,1,8,2,6,,11,11,1,13,4,120.703019,24.202714,2
9580,66000,387130000C,(04)23274275,(04)23288582,2025,03,24,19,24,臺中市,北區,0,1,0,7,1,6,50,13,9,1,5,4,6,6,4,4,9,5,5,2,17,2,9,5,1,C03,7,9,1,10,2,14,,84,84,1,13,4,120.681822,24.160454,2
9581,66000,387130000C,(04)23274275,(04)23288582,2025,03,24,19,25,臺中市,北屯區,0,1,0,7,1,6,50,13,9,1,5,4,6,6,4,4,10,5,5,2,18,2,8,2,1,C03,7,7,1,10,9,11,14,59,59,1,13,4,120.706524,24.184254,2
9582,66000,387130000C,(04)23274275,(04)23288582,2025,03,24,19,30,臺中市,中區,0,2,0,7,1,6,50,4,1,1,5,4,6,6,1,1,10,5,5,2,16,2,9,1,1,C03,7,6,1,10,2,11,,11,11,1,13,4,120.678736,24.147235,2
9583,66000,387130000C,(04)23274275,(04)23288582,2025,03,24,19,30,臺中市,西屯區,0,2,0,7,2,6,50,5,1,1,5,4,6,6,4,4,10,5,5,2,12,2,9,1,1,C03,7,4,1,10,2,14,,8,8,1,12,4,120.638385,24.181398,2
9584,66000,387130000C,(04)23274275,(04)23288582,2025,03,24,19,41,臺中市,南屯區,0,0,0,7,,,50,,,,,,,,,,,,,,13,,,,,B03,,,1,,1,,,59,59,1,6,4,120.646179,24.135605,3
9585,66000,387130000C,(04)23274275,(04)23288582,2025,03,24,19,46,臺中市,烏日區,0,2,0,7,1,6,60,13,8,1,5,4,6,6,4,4,1,4,4,1,12,2,7,1,1,C03,7,7,1,10,2,11,,40,40,1,6,2,120.607836,24.108151,2
9586,66000,387130000C,(04)23274275,(04)23288582,2025,03,24,19,47,臺中市,北屯區,0,2,0,7,2,6,50,4,1,1,5,4,6,6,2,1,10,5,5,2,16,2,9,1,1,C03,7,6,1,10,2,12,,48,48,1,6,4,120.690494,24.192772,2
9587,66000,387130000C,(04)23274275,(04)23288582,2025,03,24,19,47,臺中市,太平區,0,2,0,7,3,6,50,13,9,1,5,4,6,6,4,4,5,4,5,1,16,3,10,3,1,B03,7,11,1,8,2,4,,39,39,1,12,4,120.715794,24.147773,2
9588,66000,387130000C,(04)23274275,(04)23288582,2025,03,24,19,47,臺中市,沙鹿區,0,0,0,7,,,30,,,,,,,,,,,,,,13,,,,,C03,,,3,,2,,,7,7,1,12,4,120.574295,24.229982,3
9589,66000,387130000C,(04)23274275,(04)23288582,2025,03,24,19,49,臺中市,霧峰區,0,0,0,7,,,30,,,,,,,,,,,,,,,,,,,B03,,,1,,2,,,8,8,1,13,4,120.710804,24.078844,3
9590,66000,387130000C,(04)23274275,(04)23288582,2025,03,24,19,56,臺中市,北屯區,0,0,0,7,,,50,,,,,,,,,,,,,,,,,,,A02,,,1,,1,,,8,8,1,13,4,120.662469,24.188557,4
9591,66000,387130000C,(04)23274275,(04)23288582,2025,03,24,20,0,臺中市,北屯區,0,0,0,7,,,50,,,,,,,,,,,,,,12,,,,,B03,,,1,,1,,,50,50,1,6,4,120.684216,24.193472,3
9592,66000,387130000C,(04)23274275,(04)23288582,2025,03,24,20,1,臺中市,北屯區,0,0,0,7,,,50,,,,,,,,,,,,,,,,,,,B03,,,1,,2,,,7,7,1,12,4,120.686263,24.189021,3
9593,66000,387130000C,(04)23274275,(04)23288582,2025,03,24,20,2,臺中市,南區,0,1,0,7,1,6,50,4,1,1,5,4,6,6,2,1,10,5,5,2,16,3,10,3,1,B03,7,6,1,8,2,8,,11,11,1,12,4,120.671969,24.119157,2
9594,66000,387130000C,(04)23274275,(04)23288582,2025,03,24,20,2,臺中市,大肚區,0,0,0,7,1,6,40,4,1,1,5,4,6,6,2,1,1,5,5,2,12,3,10,3,1,B13,7,8,1,8,1,5,,40,40,1,6,4,120.582733,24.172517,3
9595,66000,387130000C,(04)23274275,(04)23288582,2025,03,24,20,8,臺中市,梧棲區,0,0,0,7,,,50,,,,,,,,,,,,,,12,,,,,B03,,,1,,1,,,8,8,1,12,4,120.555957,24.250803,3
9596,66000,387130000C,(04)23274275,(04)23288582,2025,03,24,20,9,臺中市,后里區,0,2,0,7,1,6,50,4,2,1,5,4,6,6,1,1,10,5,5,2,13,2,9,1,1,C03,7,9,1,10,2,11,,7,7,1,12,4,120.72291,24.311266,2
9597,66000,387130000C,(04)23274275,(04)23288582,2025,03,24,20,13,臺中市,北區,0,1,0,7,1,6,50,18,24,1,5,4,6,6,2,1,10,5,5,2,18,2,9,5,1,C03,7,9,1,10,2,12,,59,59,1,13,4,120.680616,24.149186,2
9598,66000,387130000C,(04)23274275,(04)23288582,2025,03,24,20,18,臺中市,北區,0,0,0,7,,,50,,,,,,,,,,,,,,17,,,,,B03,,,1,,1,,,59,59,1,13,4,120.686539,24.146297,3
9599,66000,387130000C,(04)23274275,(04)23288582,2025,03,24,20,30,臺中市,北屯區,0,0,0,7,,,50,,,,,,,,,,,,,,12,,,,,B03,,,1,,1,,,84,84,1,12,4,120.719334,24.178802,3