﻿序號,縣市別代碼,機關代碼,市話,傳真,年,月,日,時,分,縣市,區,死亡數量,受傷數量,2-30,天候,道路照明設備,道路類別,道路速限,道路型態,事故位置,路面鋪裝,路面狀態,路面缺陷,障礙物,視距,號誌種類,號誌動作,分向設施,快車道或一般車道間,快慢車道間,路面邊線,事故類型及型態,受傷程度,主要傷處,保護裝備,行動電話或功能裝置,當事者區分_類別,車輛用途,當事者行動狀態,駕照狀態,駕照種類,飲酒情形,車輛撞擊部位最初,車輛撞擊部位其他,肇事因素個別,肇事因素主要,肇事逃逸,職業,共享經濟或外送平台,GPS座標X,GPS座標Y,事故類別
10048,66000,387130000C,(04)23274275,(04)23288582,2025,03,25,21,9,臺中市,霧峰區,0,0,0,6,,,50,,,,,,,,,,,,,,17,,,,,C03,,,1,,2,,,51,51,1,13,4,120.688111,24.045036,3
10049,66000,387130000C,(04)23274275,(04)23288582,2025,03,25,21,11,臺中市,大里區,0,0,0,7,,,50,,,,,,,,,,,,,,,,,,,C03,,,1,,2,,,7,7,1,12,4,120.699886,24.089017,3
10050,66000,387130000C,(04)23274275,(04)23288582,2025,03,25,21,13,臺中市,北屯區,0,0,0,7,,,50,,,,,,,,,,,,,,20,,,,,B02,,,1,,1,,,84,84,1,12,4,120.690507,24.172094,3
10051,66000,387130000C,(04)23274275,(04)23288582,2025,03,25,21,16,臺中市,南屯區,0,2,0,7,1,6,50,3,2,1,5,4,6,6,4,4,10,5,5,2,17,2,9,6,1,F01,7,6,7,21,2,11,,39,39,1,12,4,120.646932,24.134528,2
10052,66000,387130000C,(04)23274275,(04)23288582,2025,03,25,21,16,臺中市,梧棲區,0,0,0,7,,,50,,,,,,,,,,,,,,14,,,,,B03,,,1,,1,,,49,49,1,6,4,120.532545,24.246409,3
10053,66000,387130000C,(04)23274275,(04)23288582,2025,03,25,21,18,臺中市,北屯區,0,0,0,7,,,50,,,,,,,,,,,,,,12,,,,,B03,,,1,,9,,,42,42,1,6,4,120.740939,24.17832,3
10054,66000,387130000C,(04)23274275,(04)23288582,2025,03,25,21,20,臺中市,西區,0,2,0,7,1,6,50,4,1,1,5,4,6,6,2,1,10,5,5,2,17,2,8,1,1,C03,7,6,1,10,2,12,,11,11,1,12,4,120.672093,24.141924,2
10055,66000,387130000C,(04)23274275,(04)23288582,2025,03,25,21,20,臺中市,北屯區,0,1,0,7,1,6,50,5,2,1,5,4,6,6,1,1,3,4,5,2,12,3,10,3,1,B03,7,5,1,8,2,2,,11,11,1,13,4,120.667513,24.179744,2
10056,66000,387130000C,(04)23274275,(04)23288582,2025,03,25,21,27,臺中市,大里區,0,1,0,7,1,6,50,4,1,1,5,4,6,6,1,1,10,5,5,1,15,3,10,3,1,B03,7,9,1,8,2,8,,21,21,1,12,4,120.671526,24.107902,2
10057,66000,387130000C,(04)23274275,(04)23288582,2025,03,25,21,32,臺中市,西區,0,1,0,7,1,6,50,13,9,1,5,4,6,6,4,4,5,4,5,2,13,2,9,1,1,C03,7,9,3,19,2,11,,7,7,1,12,4,120.658077,24.151029,2
10058,66000,387130000C,(04)23274275,(04)23288582,2025,03,25,21,33,臺中市,豐原區,0,1,0,7,1,6,50,13,7,1,5,4,5,6,2,1,5,5,4,1,17,3,10,3,1,B03,7,15,1,8,9,16,,84,84,1,6,4,120.725988,24.252268,2
10059,66000,387130000C,(04)23274275,(04)23288582,2025,03,25,21,41,臺中市,西屯區,0,1,0,7,2,6,50,4,1,1,5,4,6,6,2,1,10,5,5,2,12,3,10,3,1,B03,7,6,1,8,2,2,,85,85,1,12,4,120.635172,24.179435,2
10060,66000,387130000C,(04)23274275,(04)23288582,2025,03,25,21,48,臺中市,烏日區,0,0,0,7,,,50,,,,,,,,,,,,,,,,,,,B03,,,1,,1,,,51,51,1,13,4,120.603751,24.108018,3
10061,66000,387130000C,(04)23274275,(04)23288582,2025,03,25,21,49,臺中市,西區,0,0,0,7,,,50,,,,,,,,,,,,,,,,,,,A02,,,1,,1,,,84,84,1,12,4,120.672689,24.135807,3
10062,66000,387130000C,(04)23274275,(04)23288582,2025,03,25,22,14,臺中市,太平區,0,2,0,7,1,6,50,4,1,1,5,4,6,6,2,1,10,5,5,2,13,3,10,3,1,B03,7,9,1,8,2,8,,59,59,1,10,4,120.733249,24.142574,2
10063,66000,387130000C,(04)23274275,(04)23288582,2025,03,25,22,15,臺中市,沙鹿區,0,1,0,7,1,6,40,13,7,1,5,4,6,6,4,4,1,2,4,2,14,3,10,3,1,B12,7,2,1,8,2,3,,49,49,1,6,4,120.569018,24.256241,2
10064,66000,387130000C,(04)23274275,(04)23288582,2025,03,25,22,19,臺中市,清水區,0,0,0,7,,,40,,,,,,,,,,,,,,,,,,,B01,,,1,,2,,,84,84,1,12,4,120.564446,24.296968,3
10065,66000,387130000C,(04)23274275,(04)23288582,2025,03,25,22,22,臺中市,北屯區,0,1,0,7,1,6,30,4,1,1,5,4,6,6,4,4,10,5,5,2,15,2,9,5,4,C03,7,9,1,10,2,12,,12,12,1,12,4,120.722539,24.177809,2
10066,66000,387130000C,(04)23274275,(04)23288582,2025,03,25,22,50,臺中市,龍井區,0,0,0,7,,,50,,,,,,,,,,,,,,12,,,,,C03,,,1,,1,,,51,51,1,5,4,120.595278,24.186132,3
10067,66000,387130000C,(04)23274275,(04)23288582,2025,03,25,22,52,臺中市,西屯區,0,0,0,7,,,50,,,,,,,,,,,,,,13,,,,,B03,,,1,,1,,,59,59,1,13,4,120.620623,24.186968,3
10068,66000,387130000C,(04)23274275,(04)23288582,2025,03,25,22,57,臺中市,大甲區,0,1,0,7,1,6,50,7,9,1,5,4,6,6,4,4,5,5,5,2,20,2,9,2,1,C03,7,9,1,10,2,12,,59,59,1,6,4,120.628388,24.346663,2
10069,66000,387130000C,(04)23274275,(04)23288582,2025,03,25,23,10,臺中市,西屯區,0,1,0,7,1,6,60,4,1,1,5,4,6,6,1,1,10,5,5,2,16,3,10,3,4,B03,7,6,1,8,2,2,,25,25,1,13,4,120.637546,24.185697,2
10070,66000,387130000C,(04)23274275,(04)23288582,2025,03,25,23,12,臺中市,后里區,0,0,0,7,,,50,,,,,,,,,,,,,,15,,,,,B03,,,3,,2,,,24,24,1,12,4,120.709839,24.305232,3
10071,66000,387130000C,(04)23274275,(04)23288582,2025,03,25,23,34,臺中市,太平區,0,2,0,7,1,6,50,4,1,1,5,4,6,6,2,1,10,5,5,2,16,2,1,4,1,F01,7,6,7,21,2,12,,23,23,1,12,1,120.716238,24.133428,2
10072,66000,387130000C,(04)23274275,(04)23288582,2025,03,25,23,40,臺中市,南屯區,0,3,0,7,1,6,50,13,9,1,5,4,6,6,1,1,5,2,5,2,12,2,9,1,1,C03,7,7,1,10,2,12,,42,42,1,12,4,120.653038,24.134957,2
10073,66000,387130000C,(04)23274275,(04)23288582,2025,03,25,23,41,臺中市,太平區,0,0,0,7,,,40,,,,,,,,,,,,,,,,,,,C03,,,1,,9,,,55,55,1,12,4,120.704933,24.115911,3
10074,66000,387130000C,(04)23274275,(04)23288582,2025,03,26,0,5,臺中市,神岡區,0,0,0,7,,,50,,,,,,,,,,,,,,27,,,,,A41,,,1,,9,,,49,49,1,13,4,120.661254,24.263479,3
10075,66000,387130000C,(04)23274275,(04)23288582,2025,03,26,0,30,臺中市,南屯區,0,0,0,7,,,50,,,,,,,,,,,,,,,,,,,B03,,,1,,1,,,50,50,1,12,4,120.629286,24.150923,3
10076,66000,387130000C,(04)23274275,(04)23288582,2025,03,26,0,34,臺中市,霧峰區,0,2,0,7,1,6,70,13,7,1,5,4,6,6,4,4,1,4,5,1,17,3,10,3,1,B03,7,14,1,8,2,7,,85,85,1,6,4,120.663877,24.07966,2
10077,66000,387130000C,(04)23274275,(04)23288582,2025,03,26,0,39,臺中市,神岡區,0,1,0,7,2,6,50,3,1,1,5,4,6,6,2,1,10,5,5,2,16,2,9,5,4,C03,7,9,5,19,2,12,,21,21,1,13,4,120.692789,24.248513,2
10078,66000,387130000C,(04)23274275,(04)23288582,2025,03,26,1,17,臺中市,梧棲區,0,0,0,7,,,50,,,,,,,,,,,,,,14,,,,,B03,,,1,,2,,,49,49,1,6,4,120.531581,24.260619,3
10079,66000,387130000C,(04)23274275,(04)23288582,2025,03,26,1,44,臺中市,神岡區,0,0,0,7,,,30,,,,,,,,,,,,,,17,,,,,A41,,,1,,2,,,59,59,1,13,4,120.672844,24.269836,3
10080,66000,387130000C,(04)23274275,(04)23288582,2025,03,26,1,50,臺中市,大里區,0,1,0,7,1,6,50,3,1,1,5,4,6,6,3,1,10,5,5,2,17,2,9,1,1,C03,7,6,1,10,2,12,,24,24,1,12,4,120.729837,24.091594,2
10081,66000,387130000C,(04)23274275,(04)23288582,2025,03,26,2,46,臺中市,大里區,0,0,0,7,,,50,,,,,,,,,,,,,,17,,,,,B02,,,3,,9,,,55,55,2,6,4,120.688646,24.082131,3
10082,66000,387130000C,(04)23274275,(04)23288582,2025,03,26,2,54,臺中市,豐原區,0,1,0,7,1,6,50,11,9,1,5,4,6,6,1,1,5,5,5,2,16,3,10,5,4,B12,7,11,1,8,2,8,,39,39,1,12,4,120.74497,24.255346,2
10083,66000,387130000C,(04)23274275,(04)23288582,2025,03,26,3,6,臺中市,南屯區,0,0,0,7,1,6,80,13,9,1,5,4,6,6,4,4,3,4,5,2,30,,,,,B03,,,1,,2,,,87,87,1,12,4,120.623033,24.140267,3
10084,66000,387130000C,(04)23274275,(04)23288582,2025,03,26,3,42,臺中市,霧峰區,0,0,0,7,,,30,,,,,,,,,,,,,,,,,,,C03,,,1,,11,,,8,8,1,6,4,120.711846,24.076541,3
10085,66000,387130000C,(04)23274275,(04)23288582,2025,03,26,4,5,臺中市,北屯區,0,0,0,7,,,50,,,,,,,,,,,,,,17,,,,,B03,,,5,,9,,,59,59,1,12,4,120.725211,24.164592,3
10086,66000,387130000C,(04)23274275,(04)23288582,2025,03,26,4,36,臺中市,東區,0,0,0,7,,,30,,,,,,,,,,,,,,17,,,,,B03,,,1,,1,,,51,51,1,13,4,120.696609,24.143947,3
10087,66000,387130000C,(04)23274275,(04)23288582,2025,03,26,5,40,臺中市,沙鹿區,0,1,0,7,1,6,50,13,9,1,5,4,6,6,4,4,5,5,5,2,5,3,10,3,1,B03,7,9,1,8,2,5,,59,59,1,13,4,120.578833,24.220814,2
10088,66000,387130000C,(04)23274275,(04)23288582,2025,03,26,5,50,臺中市,北區,0,1,0,7,2,6,50,13,9,1,5,4,6,6,4,4,5,4,4,2,18,2,9,5,1,C03,7,9,1,10,2,12,,84,84,1,13,4,120.668715,24.156131,2
10089,66000,387130000C,(04)23274275,(04)23288582,2025,03,26,5,57,臺中市,北區,0,0,0,7,,,50,,,,,,,,,,,,,,14,,,,,B12,,,1,,2,,,49,49,1,12,4,120.701655,24.15908,3
10090,66000,387130000C,(04)23274275,(04)23288582,2025,03,26,6,20,臺中市,太平區,0,3,0,7,3,6,50,3,1,1,5,4,6,6,4,4,10,5,5,2,12,2,9,2,1,C03,7,11,1,10,2,12,,39,39,1,12,4,120.72677,24.15001,2
10091,66000,387130000C,(04)23274275,(04)23288582,2025,03,26,6,20,臺中市,沙鹿區,0,0,0,7,,,50,,,,,,,,,,,,,,14,,,,,B03,,,1,,2,,,8,8,1,13,4,120.564073,24.207526,3
10092,66000,387130000C,(04)23274275,(04)23288582,2025,03,26,6,22,臺中市,西屯區,0,1,0,7,2,6,50,13,9,1,5,4,6,6,4,4,4,5,5,2,13,2,8,5,4,C03,7,9,1,10,2,11,,7,7,1,13,4,120.641537,24.178571,2
10093,66000,387130000C,(04)23274275,(04)23288582,2025,03,26,6,30,臺中市,南屯區,0,0,0,7,,,50,,,,,,,,,,,,,,,,,,,B03,,,1,,9,,,84,84,1,12,4,120.653213,24.135134,3
10094,66000,387130000C,(04)23274275,(04)23288582,2025,03,26,6,33,臺中市,北屯區,0,2,0,7,3,6,30,4,1,1,5,4,6,6,4,4,10,5,5,2,15,2,9,1,1,C03,7,9,1,10,2,11,,15,15,1,12,4,120.674827,24.178399,2
10095,66000,387130000C,(04)23274275,(04)23288582,2025,03,26,6,38,臺中市,豐原區,0,0,0,7,,,30,,,,,,,,,,,,,,19,,,,,B03,,,1,,2,,,84,84,1,12,4,120.729861,24.235616,3
10096,66000,387130000C,(04)23274275,(04)23288582,2025,03,26,6,48,臺中市,清水區,0,1,0,7,2,6,50,4,1,1,5,4,6,6,4,4,8,3,5,1,15,3,10,3,1,B03,7,9,1,8,2,5,,15,15,1,12,4,120.555986,24.259048,2
10097,66000,387130000C,(04)23274275,(04)23288582,2025,03,26,6,49,臺中市,大里區,0,1,0,7,3,6,50,13,9,1,5,4,6,6,4,4,5,4,5,1,28,2,9,1,1,C03,7,9,1,10,2,11,,87,87,1,13,4,120.674718,24.098872,2
10098,66000,387130000C,(04)23274275,(04)23288582,2025,03,26,6,49,臺中市,太平區,0,1,0,7,3,6,50,3,1,1,5,4,6,6,4,4,9,4,5,2,13,2,9,2,1,C03,7,6,1,8,2,11,,7,7,1,12,4,120.723166,24.149437,2
10099,66000,387130000C,(04)23274275,(04)23288582,2025,03,26,6,56,臺中市,南區,0,1,0,7,2,6,50,4,1,1,5,4,6,6,1,1,1,2,4,2,12,2,9,2,1,C03,7,9,1,10,2,11,,84,84,1,13,4,120.663368,24.121688,2
10100,66000,387130000C,(04)23274275,(04)23288582,2025,03,26,7,4,臺中市,中區,0,1,0,7,3,6,50,4,1,1,5,4,6,6,2,1,10,5,5,2,12,2,9,1,1,C03,7,1,1,10,2,12,,84,84,1,13,4,120.679934,24.138011,2
10101,66000,387130000C,(04)23274275,(04)23288582,2025,03,26,7,5,臺中市,沙鹿區,0,0,0,7,,,50,,,,,,,,,,,,,,,,,,,B03,,,1,,2,,,45,45,1,12,4,120.567418,24.250577,3
10102,66000,387130000C,(04)23274275,(04)23288582,2025,03,26,7,8,臺中市,沙鹿區,0,0,0,7,,,60,,,,,,,,,,,,,,13,,,,,B03,,,1,,2,,,84,84,1,13,4,120.581295,24.209352,3
10103,66000,387130000C,(04)23274275,(04)23288582,2025,03,26,7,10,臺中市,沙鹿區,0,0,0,7,2,6,50,13,17,1,5,4,6,6,4,4,1,3,1,2,12,,,,,B03,,,1,,2,,,20,20,1,12,4,120.594278,24.249979,3
10104,66000,387130000C,(04)23274275,(04)23288582,2025,03,26,7,10,臺中市,大甲區,0,0,0,7,,,30,,,,,,,,,,,,,,,,,,,B03,,,1,,2,,,49,49,1,12,4,120.666168,24.371775,3
10105,66000,387130000C,(04)23274275,(04)23288582,2025,03,26,7,12,臺中市,東勢區,0,0,0,7,2,6,50,13,9,1,5,4,6,6,4,4,5,5,5,2,11,3,10,5,4,C03,7,8,1,10,2,11,,59,59,1,13,4,120.826523,24.254042,3
10106,66000,387130000C,(04)23274275,(04)23288582,2025,03,26,7,14,臺中市,后里區,0,0,0,7,2,6,30,11,9,1,5,4,6,6,4,4,10,5,5,1,11,3,10,3,1,B03,7,9,1,8,2,4,,41,41,1,12,4,120.757076,24.313349,3
10107,66000,387130000C,(04)23274275,(04)23288582,2025,03,26,7,18,臺中市,西屯區,0,0,0,7,,,50,,,,,,,,,,,,,,,,,,,B03,,,1,,2,,,8,8,1,12,4,120.6261,24.184575,3
10108,66000,387130000C,(04)23274275,(04)23288582,2025,03,26,7,21,臺中市,龍井區,0,1,0,7,2,6,30,3,1,1,5,4,6,6,4,4,10,5,5,2,16,3,10,5,4,B03,7,6,1,8,2,5,,12,12,1,6,4,120.582026,24.185765,2
10109,66000,387130000C,(04)23274275,(04)23288582,2025,03,26,7,25,臺中市,北屯區,0,0,0,7,,,50,,,,,,,,,,,,,,,,,,,B03,,,1,,1,,,84,84,1,12,4,120.697662,24.16979,3
10110,66000,387130000C,(04)23274275,(04)23288582,2025,03,26,7,26,臺中市,沙鹿區,0,0,0,7,,,30,,,,,,,,,,,,,,,,,,,B03,,,1,,2,,,58,58,1,12,4,120.563799,24.234819,3
10111,66000,387130000C,(04)23274275,(04)23288582,2025,03,26,7,29,臺中市,大里區,0,0,0,7,,,30,,,,,,,,,,,,,,16,,,,,F01,,,7,,1,,,84,84,1,3,4,120.698422,24.090506,3
10112,66000,387130000C,(04)23274275,(04)23288582,2025,03,26,7,30,臺中市,北屯區,0,0,0,7,,,50,,,,,,,,,,,,,,17,,,,,C03,,,1,,1,,,84,84,1,12,4,120.707744,24.185067,3
10113,66000,387130000C,(04)23274275,(04)23288582,2025,03,26,7,30,臺中市,西屯區,0,1,0,7,2,6,50,3,1,1,5,4,6,6,4,4,10,5,5,2,16,3,10,5,4,B03,7,5,1,5,2,2,,14,14,1,12,4,120.619642,24.18463,2
10114,66000,387130000C,(04)23274275,(04)23288582,2025,03,26,7,30,臺中市,沙鹿區,0,1,0,7,2,6,30,3,9,1,5,4,6,6,4,4,10,5,5,2,14,3,10,2,1,C03,7,2,1,10,2,13,,49,49,1,12,4,120.560517,24.23541,2
10115,66000,387130000C,(04)23274275,(04)23288582,2025,03,26,7,30,臺中市,沙鹿區,0,0,0,7,,,60,,,,,,,,,,,,,,13,,,,,B03,,,1,,2,,,7,7,1,12,4,120.600918,24.249783,4
10116,66000,387130000C,(04)23274275,(04)23288582,2025,03,26,7,30,臺中市,外埔區,0,0,0,7,3,5,40,12,2,1,5,4,6,6,4,4,8,5,5,2,16,3,10,3,1,B03,7,6,1,8,1,5,,14,14,1,13,4,120.686823,24.328398,3
10117,66000,387130000C,(04)23274275,(04)23288582,2025,03,26,7,30,臺中市,東勢區,0,0,0,7,2,6,60,18,1,1,5,4,6,6,4,4,1,4,1,1,12,3,10,5,4,A05,7,9,1,2,2,8,,51,51,1,13,4,120.833613,24.242501,3
10118,66000,387130000C,(04)23274275,(04)23288582,2025,03,26,7,32,臺中市,北屯區,0,0,0,7,,,80,,,,,,,,,,,,,,13,,,,,B03,,,1,,1,,,7,7,1,12,4,120.6647,24.200881,3
10119,66000,387130000C,(04)23274275,(04)23288582,2025,03,26,7,32,臺中市,西屯區,0,1,0,7,2,6,50,4,1,1,5,4,6,6,1,1,10,5,5,2,17,3,10,5,4,B03,7,5,1,8,2,2,,14,14,1,13,4,120.6067,24.169135,2
10120,66000,387130000C,(04)23274275,(04)23288582,2025,03,26,7,32,臺中市,后里區,0,1,0,7,3,6,40,4,2,1,5,4,6,6,2,1,1,4,4,1,16,2,9,1,1,C03,7,9,1,10,2,11,,21,21,1,6,4,120.678843,24.30416,2
10121,66000,387130000C,(04)23274275,(04)23288582,2025,03,26,7,33,臺中市,南屯區,0,1,0,7,2,6,60,4,1,1,5,4,6,6,2,1,4,1,3,1,16,3,10,3,1,B03,7,5,1,8,2,2,,84,84,1,12,4,120.653258,24.128767,2
10122,66000,387130000C,(04)23274275,(04)23288582,2025,03,26,7,33,臺中市,烏日區,0,0,0,7,,,50,,,,,,,,,,,,,,13,,,,,B12,,,1,,1,,,7,7,1,6,4,120.650241,24.106865,3
10123,66000,387130000C,(04)23274275,(04)23288582,2025,03,26,7,35,臺中市,南屯區,0,1,0,6,3,6,40,13,9,1,5,4,6,6,4,4,10,5,5,2,18,2,9,2,4,C03,7,9,1,10,2,14,,87,87,1,6,4,120.606983,24.132724,2
10124,66000,387130000C,(04)23274275,(04)23288582,2025,03,26,7,35,臺中市,沙鹿區,0,1,0,7,3,6,50,13,14,1,5,4,6,6,4,4,1,4,4,1,18,2,8,1,1,C03,7,9,1,10,2,12,,59,59,1,13,4,120.575854,24.251666,2
10125,66000,387130000C,(04)23274275,(04)23288582,2025,03,26,7,38,臺中市,北屯區,0,0,0,7,,,30,,,,,,,,,,,,,,,,,,,B03,,,1,,1,,,51,51,1,12,4,120.683333,24.191123,3
10126,66000,387130000C,(04)23274275,(04)23288582,2025,03,26,7,39,臺中市,大里區,0,2,0,7,2,6,50,3,1,1,5,4,6,6,4,4,10,5,5,2,17,2,9,5,4,C03,7,9,1,10,2,14,,84,84,1,13,4,120.682181,24.07189,2
10127,66000,387130000C,(04)23274275,(04)23288582,2025,03,26,7,39,臺中市,龍井區,0,1,0,7,3,6,40,13,8,1,5,4,6,6,4,4,1,5,3,1,17,2,9,2,1,C03,7,9,1,9,2,14,,6,6,1,13,4,120.505841,24.211115,2
10128,66000,387130000C,(04)23274275,(04)23288582,2025,03,26,7,40,臺中市,北屯區,0,1,0,7,3,6,50,4,1,1,5,4,6,6,1,1,10,5,4,2,13,2,9,2,1,C03,7,9,1,10,2,11,,7,7,1,6,4,120.709636,24.174651,2
10129,66000,387130000C,(04)23274275,(04)23288582,2025,03,26,7,40,臺中市,梧棲區,0,2,0,7,2,6,30,3,1,1,5,4,6,6,4,4,10,5,5,2,16,2,9,1,1,C03,7,4,1,10,2,12,,1,1,1,6,4,120.525803,24.230558,2
10130,66000,387130000C,(04)23274275,(04)23288582,2025,03,26,7,40,臺中市,大甲區,0,0,0,7,,,50,,,,,,,,,,,,,,,,,,,B03,,,1,,2,,,51,51,1,6,4,120.626482,24.347413,3
10131,66000,387130000C,(04)23274275,(04)23288582,2025,03,26,7,42,臺中市,南屯區,0,0,0,7,,,50,,,,,,,,,,,,,,,,,,,B03,,,1,,1,,,59,59,1,12,4,120.638181,24.153665,3
10132,66000,387130000C,(04)23274275,(04)23288582,2025,03,26,7,43,臺中市,北區,0,1,0,7,2,6,50,3,2,1,5,4,6,6,4,4,10,4,5,1,13,3,10,3,1,B01,7,5,1,3,2,8,,58,58,1,13,4,120.684026,24.162903,2
10133,66000,387130000C,(04)23274275,(04)23288582,2025,03,26,7,43,臺中市,西屯區,0,0,0,7,,,50,,,,,,,,,,,,,,12,,,,,C03,,,1,,2,,,40,40,1,12,4,120.62509,24.181365,3
10134,66000,387130000C,(04)23274275,(04)23288582,2025,03,26,7,44,臺中市,南區,0,0,0,7,,,50,,,,,,,,,,,,,,12,,,,,F03,,,7,,2,,,20,20,1,4,4,120.648664,24.122382,3
10135,66000,387130000C,(04)23274275,(04)23288582,2025,03,26,7,44,臺中市,沙鹿區,0,0,0,7,,,50,,,,,,,,,,,,,,,,,,,B03,,,1,,1,,,7,7,1,12,4,120.56459,24.249163,3
10136,66000,387130000C,(04)23274275,(04)23288582,2025,03,26,7,45,臺中市,梧棲區,0,1,0,7,2,6,30,4,1,1,5,4,6,6,4,4,10,5,5,2,15,2,9,1,1,C03,7,9,1,10,2,12,,15,15,1,6,4,120.543311,24.236671,2
10137,66000,387130000C,(04)23274275,(04)23288582,2025,03,26,7,47,臺中市,太平區,0,1,0,7,3,6,50,4,1,1,5,4,6,6,4,4,5,5,5,2,3,3,10,3,1,B03,7,9,5,19,2,5,,21,21,1,12,4,120.717918,24.1288,2
10138,66000,387130000C,(04)23274275,(04)23288582,2025,03,26,7,48,臺中市,大里區,0,1,0,7,2,6,50,4,2,1,5,4,6,6,4,4,5,5,5,1,11,2,9,1,1,C03,7,5,1,10,2,11,,47,47,1,6,4,120.68521,24.108175,2
10139,66000,387130000C,(04)23274275,(04)23288582,2025,03,26,7,51,臺中市,大雅區,0,1,0,7,3,6,60,4,2,1,5,4,6,6,1,1,5,2,5,1,17,2,9,1,1,C03,7,9,1,10,7,11,,53,53,1,12,4,120.649074,24.216233,2
10140,66000,387130000C,(04)23274275,(04)23288582,2025,03,26,7,51,臺中市,東區,0,1,0,7,3,6,50,13,8,1,5,4,6,6,4,4,3,4,4,2,18,2,9,5,4,C03,7,9,1,10,2,14,,84,84,1,6,4,120.690352,24.126401,2
10141,66000,387130000C,(04)23274275,(04)23288582,2025,03,26,7,52,臺中市,潭子區,0,1,0,7,3,6,30,3,1,1,5,4,6,6,4,4,5,5,5,1,17,3,10,3,1,B03,7,1,5,19,2,1,,51,51,1,13,4,120.697449,24.194607,2
10142,66000,387130000C,(04)23274275,(04)23288582,2025,03,26,7,56,臺中市,南屯區,0,1,0,7,2,6,50,3,1,1,5,4,6,6,4,4,5,2,4,2,16,3,10,3,1,B03,7,6,1,8,2,2,,14,14,1,12,4,120.647279,24.134715,2
10143,66000,387130000C,(04)23274275,(04)23288582,2025,03,26,7,58,臺中市,西屯區,0,0,0,7,,,30,,,,,,,,,,,,,,13,,,,,F02,,,7,,1,,,59,59,1,13,4,120.635379,24.187971,3
10144,66000,387130000C,(04)23274275,(04)23288582,2025,03,26,8,0,臺中市,南區,0,0,0,7,,,50,,,,,,,,,,,,,,13,,,,,B03,,,1,,1,,,84,84,1,12,4,120.677922,24.125429,3
10145,66000,387130000C,(04)23274275,(04)23288582,2025,03,26,8,0,臺中市,西屯區,0,1,0,7,2,6,40,4,1,1,5,4,6,6,4,4,10,5,5,2,15,3,10,3,1,B03,7,9,1,8,2,1,,15,15,1,12,4,120.643887,24.181684,2
10146,66000,387130000C,(04)23274275,(04)23288582,2025,03,26,8,0,臺中市,太平區,0,1,0,7,3,6,50,3,1,1,5,4,6,6,4,4,5,5,4,1,16,3,10,2,1,C03,7,5,1,10,2,12,,84,84,1,12,4,120.712294,24.142298,2
10147,66000,387130000C,(04)23274275,(04)23288582,2025,03,26,8,1,臺中市,豐原區,0,1,0,7,2,6,50,3,1,1,5,4,6,6,4,4,1,4,5,2,17,3,10,5,4,B03,7,5,1,8,2,5,,84,84,1,12,4,120.745296,24.265204,2
10148,66000,387130000C,(04)23274275,(04)23288582,2025,03,26,8,2,臺中市,大里區,0,1,0,7,3,6,50,13,9,1,5,4,6,5,4,4,9,5,5,1,16,3,10,3,1,B12,7,6,1,8,2,5,,84,84,1,12,4,120.676799,24.094889,2
10149,66000,387130000C,(04)23274275,(04)23288582,2025,03,26,8,8,臺中市,南區,0,1,0,7,2,6,50,13,9,1,5,4,6,6,4,4,5,5,5,2,17,2,9,1,1,C03,7,9,1,10,2,12,,56,56,1,4,4,120.667371,24.114014,2
10150,66000,387130000C,(04)23274275,(04)23288582,2025,03,26,8,9,臺中市,南區,0,0,0,7,,,50,,,,,,,,,,,,,,17,,,,,B03,,,1,,2,,,8,8,1,13,4,120.654149,24.119138,3
10151,66000,387130000C,(04)23274275,(04)23288582,2025,03,26,8,9,臺中市,豐原區,0,0,0,7,,,50,,,,,,,,,,,,,,17,,,,,C03,,,1,,2,,,45,45,1,12,4,120.734985,24.241895,4
10152,66000,387130000C,(04)23274275,(04)23288582,2025,03,26,8,10,臺中市,北屯區,0,1,0,7,2,6,50,4,1,1,5,4,6,6,2,1,10,5,5,2,12,3,10,3,1,B03,7,9,1,8,2,8,,84,84,1,12,4,120.694655,24.165592,2
10153,66000,387130000C,(04)23274275,(04)23288582,2025,03,26,8,10,臺中市,大里區,0,0,0,7,,,30,,,,,,,,,,,,,,30,,,,,B12,,,1,,2,,,84,84,1,12,4,120.730996,24.089039,3
10154,66000,387130000C,(04)23274275,(04)23288582,2025,03,26,8,12,臺中市,東勢區,0,0,0,7,,,60,,,,,,,,,,,,,,12,,,,,B03,,,1,,9,,,8,8,1,13,4,120.823987,24.258334,3
10155,66000,387130000C,(04)23274275,(04)23288582,2025,03,26,8,15,臺中市,烏日區,0,1,0,7,2,6,50,13,7,1,5,4,6,6,4,4,5,5,4,2,17,3,10,5,4,B01,7,13,1,4,2,4,,76,76,1,12,4,120.634247,24.107233,2
10156,66000,387130000C,(04)23274275,(04)23288582,2025,03,26,8,16,臺中市,東區,0,1,0,7,3,6,50,4,9,1,5,4,6,6,2,1,5,5,5,2,16,3,10,5,4,B03,7,6,1,8,2,8,,20,20,1,6,4,120.699679,24.125352,2
10157,66000,387130000C,(04)23274275,(04)23288582,2025,03,26,8,17,臺中市,北區,0,0,0,7,,,50,,,,,,,,,,,,,,17,,,,,B03,,,1,,1,,,40,40,1,12,4,120.687122,24.146096,3