﻿序號,縣市別代碼,機關代碼,市話,傳真,年,月,日,時,分,縣市,區,死亡數量,受傷數量,2-30,天候,道路照明設備,道路類別,道路速限,道路型態,事故位置,路面鋪裝,路面狀態,路面缺陷,障礙物,視距,號誌種類,號誌動作,分向設施,快車道或一般車道間,快慢車道間,路面邊線,事故類型及型態,受傷程度,主要傷處,保護裝備,行動電話或功能裝置,當事者區分_類別,車輛用途,當事者行動狀態,駕照狀態,駕照種類,飲酒情形,車輛撞擊部位最初,車輛撞擊部位其他,肇事因素個別,肇事因素主要,肇事逃逸,職業,共享經濟或外送平台,GPS座標X,GPS座標Y,事故類別
10380,66000,387130000C,(04)23274275,(04)23288582,2025,03,26,16,55,臺中市,大雅區,0,2,0,7,3,6,50,13,9,1,5,4,6,6,4,4,9,4,5,1,16,2,9,2,1,C03,7,11,5,10,2,14,,20,20,1,13,4,120.640385,24.249085,2
10381,66000,387130000C,(04)23274275,(04)23288582,2025,03,26,16,56,臺中市,西屯區,0,0,0,7,,,50,,,,,,,,,,,,,,14,,,,,B03,,,1,,2,,,49,49,1,12,4,120.61724,24.175711,3
10382,66000,387130000C,(04)23274275,(04)23288582,2025,03,26,16,58,臺中市,南區,0,1,0,7,2,6,50,3,1,1,5,4,6,6,4,4,9,4,4,2,17,3,10,3,1,B12,7,6,1,8,2,2,,14,14,1,12,4,120.676292,24.131071,2
10383,66000,387130000C,(04)23274275,(04)23288582,2025,03,26,16,59,臺中市,沙鹿區,0,0,0,7,,,40,,,,,,,,,,,,,,17,,,,,B03,,,1,,1,,,85,85,1,6,4,120.562301,24.245995,4
10384,66000,387130000C,(04)23274275,(04)23288582,2025,03,26,17,0,臺中市,大雅區,0,0,0,7,,,60,,,,,,,,,,,,,,13,,,,,B12,,,1,,1,,,84,84,1,12,4,120.650134,24.212228,3
10385,66000,387130000C,(04)23274275,(04)23288582,2025,03,26,17,0,臺中市,南區,0,0,0,7,,,50,,,,,,,,,,,,,,,,,,,,,,,,,,,119,119,1,,,120.671062,24.12434,3
10386,66000,387130000C,(04)23274275,(04)23288582,2025,03,26,17,0,臺中市,沙鹿區,0,0,0,7,,,40,,,,,,,,,,,,,,17,,,,,C03,,,1,,1,,,85,85,1,6,4,120.58107,24.201756,4
10387,66000,387130000C,(04)23274275,(04)23288582,2025,03,26,17,1,臺中市,南屯區,0,1,0,7,3,6,50,4,1,1,5,4,6,6,2,1,10,5,5,2,15,3,10,5,4,B03,7,9,1,8,2,8,4,21,21,1,6,4,120.632705,24.137476,2
10388,66000,387130000C,(04)23274275,(04)23288582,2025,03,26,17,2,臺中市,潭子區,0,0,0,7,,,60,,,,,,,,,,,,,,,,,,,B03,,,1,,2,,,59,59,1,12,4,120.68884,24.219569,3
10389,66000,387130000C,(04)23274275,(04)23288582,2025,03,26,17,2,臺中市,龍井區,0,0,0,7,,,40,,,,,,,,,,,,,,,,,,,B12,,,1,,2,,,48,48,1,6,4,120.501707,24.211535,3
10390,66000,387130000C,(04)23274275,(04)23288582,2025,03,26,17,3,臺中市,北區,0,2,0,7,2,6,50,13,9,1,5,4,6,6,4,4,1,4,5,2,17,2,9,1,1,C03,7,1,5,19,2,14,,51,51,1,13,4,120.671548,24.164797,2
10391,66000,387130000C,(04)23274275,(04)23288582,2025,03,26,17,5,臺中市,西屯區,0,0,0,7,,,50,,,,,,,,,,,,,,13,,,,,B03,,,1,,2,,,7,7,1,12,4,120.641255,24.155986,3
10392,66000,387130000C,(04)23274275,(04)23288582,2025,03,26,17,6,臺中市,大里區,0,2,0,7,3,6,60,4,1,1,5,4,6,6,1,1,10,5,5,2,12,3,10,1,1,C03,7,9,3,19,2,14,,39,39,1,6,4,120.691407,24.100474,2
10393,66000,387130000C,(04)23274275,(04)23288582,2025,03,26,17,6,臺中市,霧峰區,0,1,0,7,2,6,50,3,1,1,5,4,6,6,1,1,10,5,5,2,16,3,10,3,1,B03,7,6,1,7,4,2,,11,11,1,6,4,120.695319,24.061132,2
10394,66000,387130000C,(04)23274275,(04)23288582,2025,03,26,17,7,臺中市,南區,0,0,0,7,,,50,,,,,,,,,,,,,,17,,,,,C03,,,1,,2,,,84,84,1,6,4,120.645846,24.11121,4
10395,66000,387130000C,(04)23274275,(04)23288582,2025,03,26,17,7,臺中市,南屯區,0,1,0,7,3,6,50,4,1,1,5,4,6,6,2,1,10,5,5,2,13,3,10,5,4,B03,7,9,1,8,2,5,,59,59,1,13,4,120.64072,24.14674,2
10396,66000,387130000C,(04)23274275,(04)23288582,2025,03,26,17,8,臺中市,大里區,0,0,0,7,,,50,,,,,,,,,,,,,,17,,,,,C03,,,1,,1,,,8,8,1,12,4,120.681096,24.115092,3
10397,66000,387130000C,(04)23274275,(04)23288582,2025,03,26,17,9,臺中市,西區,0,2,0,7,3,6,50,4,1,1,5,4,6,6,4,4,10,5,5,2,15,2,9,1,1,C03,7,9,1,10,2,12,,15,15,1,12,4,120.66829,24.147199,2
10398,66000,387130000C,(04)23274275,(04)23288582,2025,03,26,17,9,臺中市,龍井區,0,0,0,7,,,50,,,,,,,,,,,,,,,,,,,C03,,,1,,9,,,10,10,1,6,4,120.523718,24.206691,3
10399,66000,387130000C,(04)23274275,(04)23288582,2025,03,26,17,10,臺中市,北屯區,0,1,0,7,3,6,50,4,1,1,5,4,6,6,1,1,10,5,5,2,13,3,10,2,1,C03,7,9,1,10,2,11,,7,7,1,13,4,120.693882,24.166707,2
10400,66000,387130000C,(04)23274275,(04)23288582,2025,03,26,17,10,臺中市,清水區,0,1,0,7,3,6,50,3,1,1,5,4,6,6,2,1,1,4,4,1,13,3,10,3,1,B03,7,9,1,8,8,1,,59,59,1,12,4,120.560591,24.264874,2
10401,66000,387130000C,(04)23274275,(04)23288582,2025,03,26,17,10,臺中市,沙鹿區,0,1,0,7,3,6,50,3,19,1,5,4,6,6,1,1,10,5,5,2,3,3,10,3,1,B03,7,6,1,8,2,1,,10,10,1,6,4,120.60148,24.258489,2
10402,66000,387130000C,(04)23274275,(04)23288582,2025,03,26,17,11,臺中市,北屯區,0,0,0,7,,,50,,,,,,,,,,,,,,13,,,,,F01,,,7,,1,,,58,58,1,3,1,120.691894,24.180205,3
10403,66000,387130000C,(04)23274275,(04)23288582,2025,03,26,17,11,臺中市,西屯區,0,0,0,7,,,0,,,,,,,,,,,,,,17,,,,,C03,,,1,,9,,,51,51,1,12,4,120.646114,24.181123,3
10404,66000,387130000C,(04)23274275,(04)23288582,2025,03,26,17,12,臺中市,北區,0,0,0,7,,,50,,,,,,,,,,,,,,14,,,,,B03,,,1,,1,,,49,49,1,12,4,120.675687,24.164978,3
10405,66000,387130000C,(04)23274275,(04)23288582,2025,03,26,17,12,臺中市,霧峰區,0,1,0,7,2,6,50,4,1,1,5,4,6,6,1,1,5,5,5,2,16,3,10,3,1,A02,7,5,1,2,2,2,,8,8,1,6,4,120.684471,24.050971,2
10406,66000,387130000C,(04)23274275,(04)23288582,2025,03,26,17,16,臺中市,沙鹿區,0,1,0,7,2,6,50,4,3,1,5,4,6,6,1,1,10,5,5,2,17,3,10,2,1,C03,7,9,5,19,2,11,,59,59,1,6,4,120.568151,24.254014,2
10407,66000,387130000C,(04)23274275,(04)23288582,2025,03,26,17,16,臺中市,豐原區,0,0,0,7,2,6,50,13,7,1,5,4,6,6,4,4,1,4,4,1,13,3,10,3,1,B03,7,9,1,8,2,1,,51,51,1,12,4,120.751028,24.269998,3
10408,66000,387130000C,(04)23274275,(04)23288582,2025,03,26,17,19,臺中市,北屯區,0,1,0,7,2,6,50,4,1,1,5,4,6,6,2,1,10,5,5,2,12,2,8,1,1,C03,7,9,1,10,1,14,,42,42,1,6,4,120.663435,24.185372,2
10409,66000,387130000C,(04)23274275,(04)23288582,2025,03,26,17,20,臺中市,沙鹿區,0,1,0,7,2,6,30,13,9,1,5,4,6,6,4,4,10,5,5,2,9,3,10,3,1,A11,7,9,1,5,2,8,,8,8,1,12,4,120.604591,24.243536,2
10410,66000,387130000C,(04)23274275,(04)23288582,2025,03,26,17,21,臺中市,大甲區,0,0,0,7,,,50,,,,,,,,,,,,,,,,,,,B03,,,1,,1,,,49,49,1,6,4,120.617362,24.350167,3
10411,66000,387130000C,(04)23274275,(04)23288582,2025,03,26,17,22,臺中市,北屯區,0,0,0,7,,,50,,,,,,,,,,,,,,,,,,,,,,,,,,,86,86,1,,,120.685741,24.190455,3
10412,66000,387130000C,(04)23274275,(04)23288582,2025,03,26,17,23,臺中市,豐原區,0,0,0,7,,,,,,,,,,,,,,,,,12,,,,,,,,,,,,,119,119,1,,,120.747359,24.266205,3
10413,66000,387130000C,(04)23274275,(04)23288582,2025,03,26,17,30,臺中市,北屯區,0,1,0,7,2,6,50,4,1,1,5,4,6,6,1,1,10,5,5,2,13,3,10,5,4,C03,7,9,1,10,2,11,,7,7,1,12,4,120.668158,24.174602,2
10414,66000,387130000C,(04)23274275,(04)23288582,2025,03,26,17,32,臺中市,東區,0,0,0,7,,,50,,,,,,,,,,,,,,17,,,,,A11,,,1,,9,,,84,84,1,12,4,120.701531,24.125234,3
10415,66000,387130000C,(04)23274275,(04)23288582,2025,03,26,17,34,臺中市,大里區,0,0,0,7,,,50,,,,,,,,,,,,,,30,,,,,A04,,,1,,2,,,50,50,1,12,4,120.69781,24.081447,3
10416,66000,387130000C,(04)23274275,(04)23288582,2025,03,26,17,36,臺中市,太平區,0,0,0,7,,,50,,,,,,,,,,,,,,16,,,,,C03,,,1,,2,,,84,84,1,6,4,120.728833,24.097947,3
10417,66000,387130000C,(04)23274275,(04)23288582,2025,03,26,17,36,臺中市,豐原區,0,1,0,7,2,6,50,4,1,1,5,4,6,6,3,1,1,3,4,2,16,3,10,3,1,B03,7,5,3,19,2,2,,20,20,1,6,4,120.735497,24.273056,2
10418,66000,387130000C,(04)23274275,(04)23288582,2025,03,26,17,37,臺中市,北屯區,0,0,0,7,,,50,,,,,,,,,,,,,,,,,,,B03,,,1,,1,,,8,8,1,12,4,120.721986,24.176713,4
10419,66000,387130000C,(04)23274275,(04)23288582,2025,03,26,17,39,臺中市,東區,0,1,0,7,2,6,50,4,1,1,5,4,6,6,2,1,10,5,5,2,16,2,8,1,1,C04,7,6,1,8,2,13,,11,11,1,6,4,120.692565,24.138789,2
10420,66000,387130000C,(04)23274275,(04)23288582,2025,03,26,17,40,臺中市,神岡區,0,1,0,7,3,6,30,4,1,1,5,4,6,6,4,4,10,5,5,2,15,2,9,5,4,C03,7,9,1,10,2,12,,15,15,1,12,4,120.677593,24.247174,2
10421,66000,387130000C,(04)23274275,(04)23288582,2025,03,26,17,43,臺中市,龍井區,0,0,0,7,,,50,,,,,,,,,,,,,,,,,,,B03,,,1,,2,,,59,59,1,6,4,120.520676,24.213783,3
10422,66000,387130000C,(04)23274275,(04)23288582,2025,03,26,17,44,臺中市,北區,0,0,0,7,,,40,,,,,,,,,,,,,,17,,,,,B03,,,1,,2,,,50,50,1,13,4,120.678195,24.155903,3
10423,66000,387130000C,(04)23274275,(04)23288582,2025,03,26,17,45,臺中市,南屯區,0,1,0,7,1,6,50,4,9,1,5,4,6,6,2,1,5,4,4,2,17,2,9,2,1,C03,7,9,1,10,1,11,,7,7,1,12,4,120.647044,24.143771,2
10424,66000,387130000C,(04)23274275,(04)23288582,2025,03,26,17,46,臺中市,北區,0,0,0,7,,,50,,,,,,,,,,,,,,13,,,,,C03,,,1,,1,,,58,58,1,13,4,120.671429,24.162956,3
10425,66000,387130000C,(04)23274275,(04)23288582,2025,03,26,17,47,臺中市,北屯區,0,1,0,7,1,6,50,4,1,1,5,4,6,6,4,4,10,5,5,2,18,2,9,1,1,C03,7,9,1,10,2,12,,85,85,1,12,4,120.681379,24.188874,2
10426,66000,387130000C,(04)23274275,(04)23288582,2025,03,26,17,47,臺中市,大甲區,0,2,0,7,2,6,40,13,9,1,5,4,6,6,4,4,8,3,5,1,11,2,9,1,1,C03,7,11,3,19,2,11,,20,20,1,12,4,120.615248,24.351808,2
10427,66000,387130000C,(04)23274275,(04)23288582,2025,03,26,17,48,臺中市,西屯區,0,1,0,7,1,6,50,4,1,1,5,4,6,6,2,1,10,5,5,2,16,2,8,5,4,C03,7,9,1,10,2,14,,21,21,1,13,4,120.606587,24.192812,2
10428,66000,387130000C,(04)23274275,(04)23288582,2025,03,26,17,49,臺中市,霧峰區,0,1,0,7,2,6,30,4,1,1,5,4,6,6,4,4,10,5,5,2,15,2,9,2,1,C03,7,9,1,10,2,14,,12,12,1,6,4,120.699037,24.072983,2
10429,66000,387130000C,(04)23274275,(04)23288582,2025,03,26,17,50,臺中市,南屯區,0,0,0,7,,,30,,,,,,,,,,,,,,17,,,,,B03,,,1,,2,,,84,84,1,6,4,120.637397,24.142081,3
10430,66000,387130000C,(04)23274275,(04)23288582,2025,03,26,17,50,臺中市,烏日區,0,0,0,7,,,70,,,,,,,,,,,,,,12,,,,,C03,,,1,,2,,,8,8,1,6,4,120.59865,24.11109,3
10431,66000,387130000C,(04)23274275,(04)23288582,2025,03,26,17,52,臺中市,北屯區,0,0,0,7,,,50,,,,,,,,,,,,,,12,,,,,B03,,,1,,1,,,40,40,1,12,4,120.694058,24.164538,3
10432,66000,387130000C,(04)23274275,(04)23288582,2025,03,26,17,53,臺中市,太平區,0,2,0,7,2,6,50,13,24,1,5,4,5,6,4,4,5,4,5,1,16,2,8,2,1,C03,7,1,1,10,2,14,13,51,51,1,12,4,120.717336,24.128522,2
10433,66000,387130000C,(04)23274275,(04)23288582,2025,03,26,17,54,臺中市,潭子區,0,1,0,7,3,6,50,5,1,1,5,4,6,6,1,1,5,4,5,2,17,3,10,3,1,B12,7,5,1,8,2,2,,84,84,1,13,4,120.690245,24.212038,2
10434,66000,387130000C,(04)23274275,(04)23288582,2025,03,26,17,56,臺中市,北屯區,0,2,0,7,1,6,50,4,2,1,5,4,6,6,1,1,5,4,5,2,12,2,9,1,1,C03,7,9,1,9,2,12,,26,26,1,13,4,120.672555,24.178002,2
10435,66000,387130000C,(04)23274275,(04)23288582,2025,03,26,17,56,臺中市,西屯區,0,0,0,7,,,50,,,,,,,,,,,,,,12,,,,,B03,,,1,,1,,,35,35,1,12,4,120.64693,24.168943,3
10436,66000,387130000C,(04)23274275,(04)23288582,2025,03,26,17,57,臺中市,太平區,0,2,0,7,1,6,50,3,1,1,5,4,6,6,1,1,10,5,5,2,16,2,9,1,1,C03,7,6,1,10,2,11,,11,11,1,12,4,120.729606,24.151382,2
10437,66000,387130000C,(04)23274275,(04)23288582,2025,03,26,18,0,臺中市,后里區,0,0,0,7,,,30,,,,,,,,,,,,,,15,,,,,B03,,,1,,2,,,15,15,1,6,4,120.715967,24.308623,3
10438,66000,387130000C,(04)23274275,(04)23288582,2025,03,26,18,3,臺中市,南區,0,0,0,7,,,50,,,,,,,,,,,,,,13,,,,,B03,,,1,,1,,,7,7,1,12,4,120.657348,24.13381,3
10439,66000,387130000C,(04)23274275,(04)23288582,2025,03,26,18,3,臺中市,西屯區,0,0,0,7,,,50,,,,,,,,,,,,,,17,,,,,B03,,,1,,2,,,50,50,1,13,4,120.643911,24.176254,3
10440,66000,387130000C,(04)23274275,(04)23288582,2025,03,26,18,5,臺中市,沙鹿區,0,0,0,7,,,50,,,,,,,,,,,,,,17,,,,,B03,,,3,,2,,,34,34,1,6,4,120.577477,24.216431,3
10441,66000,387130000C,(04)23274275,(04)23288582,2025,03,26,18,10,臺中市,清水區,0,1,0,7,1,6,50,13,9,1,5,4,6,6,4,4,8,3,4,1,17,3,10,1,1,C03,7,6,1,10,2,11,,26,26,1,12,4,120.5671,24.268168,2
10442,66000,387130000C,(04)23274275,(04)23288582,2025,03,26,18,11,臺中市,大甲區,0,1,0,7,3,6,50,3,1,1,5,4,6,6,4,4,10,5,5,2,17,3,10,3,1,B03,7,6,1,8,2,8,,14,14,1,6,4,120.625774,24.346717,2
10443,66000,387130000C,(04)23274275,(04)23288582,2025,03,26,18,12,臺中市,北屯區,0,1,0,7,1,6,50,3,1,1,5,4,6,6,4,4,10,5,5,2,16,3,10,5,4,B03,7,6,1,8,2,3,,48,48,1,12,4,120.690332,24.164969,2
10444,66000,387130000C,(04)23274275,(04)23288582,2025,03,26,18,13,臺中市,南區,0,0,0,7,,,50,,,,,,,,,,,,,,17,,,,,B03,,,1,,2,,,39,39,1,12,4,120.681087,24.12365,3
10445,66000,387130000C,(04)23274275,(04)23288582,2025,03,26,18,15,臺中市,潭子區,0,0,0,7,,,40,,,,,,,,,,,,,,9,,,,,B03,,,1,,2,,,8,8,1,12,4,120.69106,24.220205,4
10446,66000,387130000C,(04)23274275,(04)23288582,2025,03,26,18,16,臺中市,北區,0,0,0,7,,,50,,,,,,,,,,,,,,13,,,,,C03,,,1,,1,,,7,7,1,13,4,120.670603,24.173585,3
10447,66000,387130000C,(04)23274275,(04)23288582,2025,03,26,18,16,臺中市,梧棲區,0,1,0,7,1,6,50,4,1,1,5,4,6,6,1,1,10,5,5,2,16,3,10,3,1,B03,7,6,1,8,2,1,,11,11,1,12,4,120.546919,24.258985,2
10448,66000,387130000C,(04)23274275,(04)23288582,2025,03,26,18,18,臺中市,西區,0,0,0,7,,,50,,,,,,,,,,,,,,,,,,,B02,,,1,,1,,,51,51,1,6,4,120.653951,24.145122,3
10449,66000,387130000C,(04)23274275,(04)23288582,2025,03,26,18,21,臺中市,北屯區,0,0,0,7,,,50,,,,,,,,,,,,,,,,,,,B03,,,1,,1,,,59,59,1,12,4,120.719319,24.183649,4
10450,66000,387130000C,(04)23274275,(04)23288582,2025,03,26,18,21,臺中市,豐原區,0,1,0,6,1,6,50,11,9,1,5,4,6,6,4,4,10,5,5,1,18,2,9,1,1,C03,7,9,1,10,2,14,,84,84,1,12,4,120.754164,24.263878,2
10451,66000,387130000C,(04)23274275,(04)23288582,2025,03,26,18,22,臺中市,北區,0,1,0,7,1,6,50,13,8,1,5,4,6,6,4,4,1,4,4,2,17,3,10,3,1,B03,7,7,1,8,2,2,,40,40,1,12,4,120.683974,24.146231,2
10452,66000,387130000C,(04)23274275,(04)23288582,2025,03,26,18,23,臺中市,北屯區,0,0,0,7,,,50,,,,,,,,,,,,,,13,,,,,B03,,,1,,1,,,59,59,1,13,4,120.731155,24.177276,3
10453,66000,387130000C,(04)23274275,(04)23288582,2025,03,26,18,23,臺中市,外埔區,0,0,0,7,,,50,,,,,,,,,,,,,,13,,,,,C03,,,1,,2,,,7,7,1,5,4,120.653381,24.331716,3
10454,66000,387130000C,(04)23274275,(04)23288582,2025,03,26,18,25,臺中市,沙鹿區,0,0,0,6,,,60,,,,,,,,,,,,,,13,,,,,B03,,,1,,2,,,7,7,1,12,4,120.60879,24.246424,3
10455,66000,387130000C,(04)23274275,(04)23288582,2025,03,26,18,29,臺中市,大里區,0,2,0,7,1,6,50,3,19,1,5,4,6,6,1,1,10,5,5,1,3,2,9,1,1,C03,7,6,3,19,2,11,,10,10,1,12,4,120.678435,24.097361,2
10456,66000,387130000C,(04)23274275,(04)23288582,2025,03,26,18,33,臺中市,北區,0,2,0,7,2,6,50,4,1,1,5,4,6,6,4,4,5,5,5,2,17,2,9,5,1,C03,7,9,1,10,2,12,,12,12,1,13,4,120.673655,24.158459,2
10457,66000,387130000C,(04)23274275,(04)23288582,2025,03,26,18,34,臺中市,大雅區,0,2,0,7,3,6,0,13,9,1,5,4,6,6,4,4,10,5,5,1,3,2,9,6,5,H01,8,16,7,21,10,16,,98,98,1,13,5,120.656197,24.217499,2
10458,66000,387130000C,(04)23274275,(04)23288582,2025,03,26,18,36,臺中市,西屯區,0,0,0,7,,,50,,,,,,,,,,,,,,13,,,,,B03,,,1,,1,,,7,7,1,12,4,120.606706,24.192716,3
10459,66000,387130000C,(04)23274275,(04)23288582,2025,03,26,18,38,臺中市,東區,0,2,0,7,1,6,50,4,3,1,5,4,6,6,2,1,10,5,5,2,13,2,9,2,1,C03,7,9,1,10,2,11,,7,7,1,13,4,120.696638,24.140111,2
10460,66000,387130000C,(04)23274275,(04)23288582,2025,03,26,18,40,臺中市,神岡區,0,2,0,7,1,6,50,4,2,1,5,4,6,6,1,1,10,5,5,2,16,2,9,5,4,C03,7,6,3,19,2,11,,11,11,1,12,4,120.653778,24.271688,2
10461,66000,387130000C,(04)23274275,(04)23288582,2025,03,26,18,41,臺中市,大雅區,0,1,0,7,1,6,50,4,1,1,5,4,6,6,1,1,10,5,5,2,16,3,10,3,1,B03,7,6,1,8,2,8,,65,65,1,12,4,120.650504,24.219019,2
10462,66000,387130000C,(04)23274275,(04)23288582,2025,03,26,18,44,臺中市,梧棲區,0,1,0,7,1,6,50,13,9,1,5,4,6,6,4,4,9,4,5,1,18,2,9,5,4,F02,7,9,7,21,11,14,,59,59,1,12,4,120.53462,24.234063,2
10463,66000,387130000C,(04)23274275,(04)23288582,2025,03,26,18,50,臺中市,沙鹿區,0,1,0,7,1,6,70,3,1,1,5,4,6,3,4,4,10,5,5,2,16,3,10,3,1,B03,7,6,1,8,2,5,,11,11,1,6,4,120.614596,24.244151,2
10464,66000,387130000C,(04)23274275,(04)23288582,2025,03,26,18,53,臺中市,南屯區,0,1,0,7,1,6,40,13,8,1,5,4,6,6,4,4,5,4,4,2,17,3,10,5,4,B01,7,14,1,4,2,4,,76,76,1,6,4,120.643405,24.146604,2
10465,66000,387130000C,(04)23274275,(04)23288582,2025,03,26,18,53,臺中市,北屯區,0,1,0,7,1,6,50,13,9,1,5,4,6,6,4,4,9,5,5,2,13,2,8,1,1,C03,7,9,1,10,2,11,,85,85,1,6,4,120.697318,24.173055,2
10466,66000,387130000C,(04)23274275,(04)23288582,2025,03,26,19,10,臺中市,沙鹿區,0,1,0,6,1,6,50,13,7,1,5,4,6,6,4,4,5,4,4,2,13,2,8,1,1,C03,7,9,1,10,2,11,,7,7,1,12,4,120.573192,24.219325,2
10467,66000,387130000C,(04)23274275,(04)23288582,2025,03,26,19,10,臺中市,沙鹿區,0,1,0,7,1,6,30,4,2,1,5,4,6,6,4,4,10,5,5,2,13,2,7,2,1,C03,7,9,1,10,2,11,,84,84,1,12,4,120.574262,24.206864,2
10468,66000,387130000C,(04)23274275,(04)23288582,2025,03,26,19,20,臺中市,南屯區,0,0,0,7,,,50,,,,,,,,,,,,,,,,,,,B03,,,1,,1,,,50,50,1,12,4,120.645276,24.137155,3
10469,66000,387130000C,(04)23274275,(04)23288582,2025,03,26,19,21,臺中市,東區,0,0,0,7,,,50,,,,,,,,,,,,,,13,,,,,B03,,,1,,1,,,84,84,1,6,4,120.699756,24.137153,3
10470,66000,387130000C,(04)23274275,(04)23288582,2025,03,26,19,23,臺中市,西屯區,0,1,0,7,1,6,50,3,8,1,5,4,6,6,4,4,1,4,5,2,17,2,9,1,1,C03,7,9,1,10,2,14,,7,7,1,12,4,120.626041,24.15846,2
10471,66000,387130000C,(04)23274275,(04)23288582,2025,03,26,19,32,臺中市,西屯區,0,0,0,7,,,50,,,,,,,,,,,,,,13,,,,,C03,,,1,,2,,,7,7,1,12,4,120.656031,24.159225,3
10472,66000,387130000C,(04)23274275,(04)23288582,2025,03,26,19,34,臺中市,西區,0,3,0,7,1,6,50,13,9,1,5,4,6,6,4,4,5,4,5,2,13,2,8,1,1,C03,7,9,1,10,2,11,,84,84,1,5,4,120.664946,24.146694,2
10473,66000,387130000C,(04)23274275,(04)23288582,2025,03,26,19,41,臺中市,太平區,0,2,0,7,1,6,50,4,19,1,5,4,6,3,1,1,10,5,5,2,3,2,7,2,1,C03,7,5,1,10,2,11,,10,10,1,5,4,120.705053,24.148302,2
10474,66000,387130000C,(04)23274275,(04)23288582,2025,03,26,19,45,臺中市,大里區,0,0,0,7,,,30,,,,,,,,,,,,,,,,,,,B03,,,1,,2,,,49,49,1,12,4,120.689829,24.106606,3
10475,66000,387130000C,(04)23274275,(04)23288582,2025,03,26,19,46,臺中市,北屯區,0,1,0,7,1,6,50,4,2,1,5,4,6,6,4,4,5,4,5,2,15,2,9,1,1,C04,7,9,1,10,2,11,,12,12,1,13,4,120.679428,24.181803,2
10476,66000,387130000C,(04)23274275,(04)23288582,2025,03,26,19,47,臺中市,北屯區,0,1,0,7,1,6,50,5,1,1,5,4,6,6,1,1,10,5,5,2,16,3,10,5,4,B03,7,5,1,8,1,2,,11,11,1,12,4,120.690334,24.183684,2
10477,66000,387130000C,(04)23274275,(04)23288582,2025,03,26,19,51,臺中市,北屯區,0,0,0,7,,,50,,,,,,,,,,,,,,,,,,,B03,,,1,,2,,,49,49,1,12,4,120.719592,24.176194,3
10478,66000,387130000C,(04)23274275,(04)23288582,2025,03,26,19,52,臺中市,北區,0,1,0,7,1,6,50,13,7,1,5,4,6,6,4,4,1,4,4,2,13,3,10,1,1,C03,7,8,1,10,2,13,,40,40,1,13,4,120.673013,24.168593,2
10479,66000,387130000C,(04)23274275,(04)23288582,2025,03,26,19,54,臺中市,北區,0,1,0,7,1,6,50,13,9,1,5,4,6,6,4,4,9,5,5,2,30,2,9,1,1,C03,7,9,1,10,2,11,,87,87,1,13,4,120.676177,24.171463,2
10480,66000,387130000C,(04)23274275,(04)23288582,2025,03,26,20,2,臺中市,大甲區,0,0,0,7,,,50,,,,,,,,,,,,,,,,,,,B03,,,1,,2,,,84,84,1,6,4,120.626253,24.345655,3
10481,66000,387130000C,(04)23274275,(04)23288582,2025,03,26,20,10,臺中市,南屯區,0,0,0,7,,,40,,,,,,,,,,,,,,23,,,,,B02,,,1,,2,,,84,84,1,13,4,120.625136,24.145378,3
10482,66000,387130000C,(04)23274275,(04)23288582,2025,03,26,20,19,臺中市,烏日區,0,1,0,7,1,6,50,4,2,1,5,4,6,6,4,4,1,4,4,1,17,3,10,3,1,B03,7,15,1,8,2,7,,84,84,1,6,4,120.600246,24.110876,2
10483,66000,387130000C,(04)23274275,(04)23288582,2025,03,26,20,20,臺中市,大雅區,0,0,0,7,,,50,,,,,,,,,,,,,,12,,,,,B03,,,1,,2,,,50,50,1,13,4,120.653449,24.223389,3
10484,66000,387130000C,(04)23274275,(04)23288582,2025,03,26,20,24,臺中市,北屯區,0,0,0,7,,,50,,,,,,,,,,,,,,17,,,,,B03,,,1,,1,,,84,84,1,13,4,120.692317,24.16265,3
10485,66000,387130000C,(04)23274275,(04)23288582,2025,03,26,20,25,臺中市,東區,0,2,0,7,1,6,50,4,1,1,5,4,6,6,1,1,9,4,4,2,17,2,9,2,1,C03,7,9,1,10,2,11,,7,7,1,12,4,120.687243,24.130204,2
10486,66000,387130000C,(04)23274275,(04)23288582,2025,03,26,20,25,臺中市,北屯區,0,2,0,7,1,6,50,13,7,1,5,4,6,6,1,1,5,5,4,2,3,2,9,6,5,H01,8,16,7,21,10,17,,95,95,1,12,5,120.694664,24.174551,2
10487,66000,387130000C,(04)23274275,(04)23288582,2025,03,26,20,25,臺中市,大里區,0,0,0,7,,,30,,,,,,,,,,,,,,13,,,,,B03,,,1,,2,,,84,84,1,12,4,120.666342,24.109108,3
10488,66000,387130000C,(04)23274275,(04)23288582,2025,03,26,20,40,臺中市,西屯區,0,0,0,7,,,50,,,,,,,,,,,,,,17,,,,,B03,,,1,,1,,,87,87,1,13,4,120.594774,24.164645,3
10489,66000,387130000C,(04)23274275,(04)23288582,2025,03,26,20,42,臺中市,太平區,0,1,0,7,1,6,50,3,1,1,5,4,6,6,2,1,10,5,5,2,16,2,8,1,1,C03,7,4,1,10,2,14,,84,84,1,12,4,120.714673,24.135849,2