﻿序號,縣市別代碼,機關代碼,市話,傳真,年,月,日,時,分,縣市,區,死亡數量,受傷數量,2-30,天候,道路照明設備,道路類別,道路速限,道路型態,事故位置,路面鋪裝,路面狀態,路面缺陷,障礙物,視距,號誌種類,號誌動作,分向設施,快車道或一般車道間,快慢車道間,路面邊線,事故類型及型態,受傷程度,主要傷處,保護裝備,行動電話或功能裝置,當事者區分_類別,車輛用途,當事者行動狀態,駕照狀態,駕照種類,飲酒情形,車輛撞擊部位最初,車輛撞擊部位其他,肇事因素個別,肇事因素主要,肇事逃逸,職業,共享經濟或外送平台,GPS座標X,GPS座標Y,事故類別
10490,66000,387130000C,(04)23274275,(04)23288582,2025,03,26,20,43,臺中市,北區,0,1,0,7,1,6,50,3,9,1,5,4,6,6,1,1,5,5,5,2,17,3,10,1,1,C03,7,9,1,9,2,16,,39,39,1,12,4,120.687085,24.148874,2
10491,66000,387130000C,(04)23274275,(04)23288582,2025,03,26,20,50,臺中市,中區,0,1,0,7,1,6,50,13,9,1,5,4,6,6,4,4,1,4,5,2,13,3,10,3,1,B03,7,9,1,8,2,1,,59,59,1,12,4,120.685785,24.141584,2
10492,66000,387130000C,(04)23274275,(04)23288582,2025,03,26,20,51,臺中市,西屯區,0,0,0,7,,,50,,,,,,,,,,,,,,13,,,,,C03,,,1,,1,,,59,59,1,13,4,120.623214,24.182713,3
10493,66000,387130000C,(04)23274275,(04)23288582,2025,03,26,21,0,臺中市,西區,0,2,0,6,2,6,50,4,1,1,5,4,6,6,1,1,10,5,5,2,17,2,9,1,1,C03,7,6,1,10,2,14,,11,11,1,12,4,120.655124,24.144954,2
10494,66000,387130000C,(04)23274275,(04)23288582,2025,03,26,21,0,臺中市,龍井區,0,0,0,6,,,30,,,,,,,,,,,,,,14,,,,,B03,,,5,,2,,,49,49,1,6,4,120.592176,24.182318,3
10495,66000,387130000C,(04)23274275,(04)23288582,2025,03,26,21,1,臺中市,南區,0,3,0,7,1,6,50,4,1,1,5,4,6,6,4,4,10,5,5,2,15,2,9,2,1,C03,7,9,1,10,2,12,,15,15,1,13,4,120.663729,24.128655,2
10496,66000,387130000C,(04)23274275,(04)23288582,2025,03,26,21,5,臺中市,龍井區,0,1,0,6,1,6,40,13,8,1,5,4,5,6,4,4,3,4,4,1,30,2,9,1,1,C03,7,9,1,10,2,11,,87,87,1,6,4,120.578063,24.176664,2
10497,66000,387130000C,(04)23274275,(04)23288582,2025,03,26,21,7,臺中市,西屯區,0,2,0,7,1,6,50,3,7,1,5,4,6,6,4,4,5,4,4,2,16,2,9,5,4,C03,7,6,1,10,2,13,,13,13,1,12,4,120.615191,24.182461,2
10498,66000,387130000C,(04)23274275,(04)23288582,2025,03,26,21,12,臺中市,北屯區,0,1,0,7,1,6,50,4,1,1,5,4,6,6,2,1,10,5,5,2,16,3,10,3,1,B12,7,5,1,8,9,6,,84,84,1,12,4,120.704783,24.16949,2
10499,66000,387130000C,(04)23274275,(04)23288582,2025,03,26,21,12,臺中市,大里區,0,2,0,7,1,6,50,4,4,1,5,4,6,6,1,1,10,5,5,2,16,2,9,1,1,F03,7,7,7,21,2,12,,40,40,1,4,4,120.683872,24.103762,2
10500,66000,387130000C,(04)23274275,(04)23288582,2025,03,26,21,12,臺中市,霧峰區,0,0,0,7,,,50,,,,,,,,,,,,,,,,,,,C03,,,1,,2,,,8,8,1,12,4,120.713693,24.077118,3
10501,66000,387130000C,(04)23274275,(04)23288582,2025,03,26,21,20,臺中市,沙鹿區,0,0,0,7,,,0,,,,,,,,,,,,,,,,,,,C03,,,1,,1,,,49,49,1,6,4,120.55893,24.235891,3
10502,66000,387130000C,(04)23274275,(04)23288582,2025,03,26,21,23,臺中市,后里區,0,2,0,7,1,6,50,3,4,1,5,4,6,6,2,1,1,4,4,1,13,2,9,1,1,C03,7,14,3,19,2,13,,59,59,1,6,4,120.722341,24.303049,2
10503,66000,387130000C,(04)23274275,(04)23288582,2025,03,26,21,29,臺中市,龍井區,0,0,0,6,,,40,,,,,,,,,,,,,,9,,,,,B03,,,3,,9,,,8,8,1,6,4,120.58749,24.190713,3
10504,66000,387130000C,(04)23274275,(04)23288582,2025,03,26,21,45,臺中市,西屯區,0,0,0,7,,,50,,,,,,,,,,,,,,13,,,,,B03,,,1,,1,,,7,7,1,12,4,120.652898,24.160782,3
10505,66000,387130000C,(04)23274275,(04)23288582,2025,03,26,21,46,臺中市,大雅區,0,1,0,7,1,6,50,4,1,1,5,4,6,6,2,1,5,5,5,1,17,2,9,2,1,C03,7,9,1,10,2,14,,84,84,1,13,4,120.653607,24.224027,2
10506,66000,387130000C,(04)23274275,(04)23288582,2025,03,26,21,55,臺中市,太平區,0,1,0,7,3,6,50,4,1,1,5,4,6,6,4,4,10,5,5,2,17,2,8,2,1,C02,7,11,1,9,2,14,,45,45,1,12,4,120.726232,24.149851,2
10507,66000,387130000C,(04)23274275,(04)23288582,2025,03,26,21,55,臺中市,烏日區,0,0,0,7,,,60,,,,,,,,,,,,,,16,,,,,B03,,,1,,2,,,25,25,1,6,4,120.618724,24.115942,3
10508,66000,387130000C,(04)23274275,(04)23288582,2025,03,26,22,10,臺中市,北屯區,0,1,0,7,1,6,50,4,1,1,5,4,6,6,1,1,10,5,5,2,16,3,10,3,1,B03,7,6,1,8,2,8,,11,11,1,13,4,120.691229,24.170449,2
10509,66000,387130000C,(04)23274275,(04)23288582,2025,03,26,22,12,臺中市,中區,0,1,0,7,1,6,50,4,1,1,5,4,6,6,2,1,10,5,5,2,18,2,9,6,1,F01,7,9,7,21,2,11,,6,6,1,12,4,120.682212,24.135899,2
10510,66000,387130000C,(04)23274275,(04)23288582,2025,03,26,22,13,臺中市,大雅區,0,1,0,7,1,6,60,4,2,1,5,4,6,6,1,1,5,5,5,1,17,2,9,1,1,C03,7,5,1,10,2,12,,82,82,1,13,4,120.665987,24.234751,2
10511,66000,387130000C,(04)23274275,(04)23288582,2025,03,26,22,21,臺中市,北區,0,2,0,7,1,6,50,13,9,1,5,4,6,6,4,4,5,4,5,2,17,2,9,5,1,C03,7,9,1,10,2,11,,85,85,1,13,4,120.681072,24.165107,2
10512,66000,387130000C,(04)23274275,(04)23288582,2025,03,26,23,1,臺中市,西屯區,0,1,0,7,1,6,60,4,8,1,5,4,6,6,1,1,1,4,1,2,16,3,10,3,1,B03,7,6,1,8,2,2,,25,25,1,12,4,120.634611,24.179606,2
10513,66000,387130000C,(04)23274275,(04)23288582,2025,03,26,23,7,臺中市,北屯區,0,0,0,7,,,,,,,,,,,,,,,,,13,,,,,,,,,,,,,86,86,1,,,120.722676,24.176055,3
10514,66000,387130000C,(04)23274275,(04)23288582,2025,03,26,23,7,臺中市,西屯區,0,0,0,7,,,40,,,,,,,,,,,,,,17,,,,,B02,,,1,,2,,,49,49,1,13,4,120.663671,24.164382,3
10515,66000,387130000C,(04)23274275,(04)23288582,2025,03,26,23,10,臺中市,南區,0,1,0,7,1,6,50,3,9,1,5,4,6,6,4,4,10,5,5,2,16,3,10,5,4,C03,7,11,1,10,2,13,,14,14,1,12,4,120.646019,24.110967,2
10516,66000,387130000C,(04)23274275,(04)23288582,2025,03,26,23,24,臺中市,沙鹿區,0,0,0,7,,,50,,,,,,,,,,,,,,14,,,,,B03,,,1,,2,,,82,82,1,12,4,120.577418,24.222976,3
10517,66000,387130000C,(04)23274275,(04)23288582,2025,03,26,23,24,臺中市,豐原區,0,1,0,7,1,6,60,13,9,1,5,4,6,6,4,4,1,5,5,2,13,2,2,5,4,B03,7,9,1,8,2,1,,59,59,1,12,4,120.722968,24.23657,2
10518,66000,387130000C,(04)23274275,(04)23288582,2025,03,26,23,25,臺中市,東區,0,1,0,7,1,6,50,4,1,1,5,4,6,6,4,4,10,5,5,2,3,3,10,5,4,B03,7,9,1,8,2,4,,10,10,1,12,4,120.699204,24.138887,2
10519,66000,387130000C,(04)23274275,(04)23288582,2025,03,26,23,27,臺中市,南區,0,1,0,7,1,6,40,13,7,1,5,4,6,6,4,4,5,5,4,2,12,3,10,3,1,B03,7,1,1,8,2,8,,51,51,1,13,4,120.655267,24.123118,2
10520,66000,387130000C,(04)23274275,(04)23288582,2025,03,26,23,51,臺中市,大里區,0,1,0,7,1,6,50,5,1,1,5,4,6,6,1,1,1,4,4,1,13,3,10,3,1,B03,7,9,1,8,2,5,,59,59,1,13,4,120.687485,24.094385,2
10521,66000,387130000C,(04)23274275,(04)23288582,2025,03,27,0,41,臺中市,西屯區,0,0,0,7,1,6,50,13,4,1,5,4,6,6,1,1,5,4,4,2,13,,,,,B03,,,1,,1,,,7,7,1,12,4,120.637216,24.175247,3
10522,66000,387130000C,(04)23274275,(04)23288582,2025,03,27,1,0,臺中市,北屯區,0,0,0,7,,,30,,,,,,,,,,,,,,15,,,,,C03,,,1,,2,,,12,12,1,12,2,120.673378,24.181451,3
10523,66000,387130000C,(04)23274275,(04)23288582,2025,03,27,1,8,臺中市,大里區,0,0,0,7,,,50,,,,,,,,,,,,,,17,,,,,B03,,,1,,11,,,50,50,1,12,4,120.703422,24.096064,3
10524,66000,387130000C,(04)23274275,(04)23288582,2025,03,27,1,11,臺中市,北區,0,2,0,7,1,6,50,4,1,1,5,4,6,6,1,1,1,4,5,2,23,2,8,3,1,B01,7,6,1,4,2,8,,84,84,1,12,4,120.678304,24.163106,2
10525,66000,387130000C,(04)23274275,(04)23288582,2025,03,27,1,28,臺中市,北屯區,0,0,0,7,,,50,,,,,,,,,,,,,,12,,,,,B03,,,1,,1,,,84,84,1,12,4,120.731557,24.161307,3
10526,66000,387130000C,(04)23274275,(04)23288582,2025,03,27,2,9,臺中市,南屯區,0,0,0,7,,,50,,,,,,,,,,,,,,,,,,,B12,,,1,,2,,,84,84,1,12,4,120.649928,24.153297,3
10527,66000,387130000C,(04)23274275,(04)23288582,2025,03,27,3,10,臺中市,大里區,0,0,0,7,,,50,,,,,,,,,,,,,,17,,,,,B03,,,5,,2,,,54,54,1,13,4,120.69179,24.111991,3
10528,66000,387130000C,(04)23274275,(04)23288582,2025,03,27,3,19,臺中市,北屯區,0,1,0,7,1,6,50,4,2,1,5,4,6,6,1,1,1,4,4,2,23,2,7,3,1,B02,7,9,1,8,2,8,,59,59,1,12,4,120.676895,24.178502,2
10529,66000,387130000C,(04)23274275,(04)23288582,2025,03,27,5,52,臺中市,龍井區,0,2,0,7,3,6,30,4,1,1,5,4,6,6,3,1,10,5,5,2,15,2,9,1,1,C03,7,9,1,10,2,12,,24,24,1,6,4,120.545531,24.20949,2
10530,66000,387130000C,(04)23274275,(04)23288582,2025,03,27,6,5,臺中市,大肚區,0,1,0,7,2,6,50,3,1,1,5,4,6,6,1,1,10,5,5,2,16,3,10,3,1,B03,7,6,1,8,2,4,,23,23,1,6,4,120.552603,24.136042,2
10531,66000,387130000C,(04)23274275,(04)23288582,2025,03,27,6,15,臺中市,大肚區,0,1,0,7,2,6,40,13,8,1,5,4,6,6,4,4,1,4,4,1,12,2,9,1,1,F03,7,9,7,21,2,12,,8,8,1,6,4,120.553834,24.133603,2
10532,66000,387130000C,(04)23274275,(04)23288582,2025,03,27,6,25,臺中市,大甲區,0,1,0,7,2,6,60,13,9,1,5,4,6,6,4,4,5,2,5,1,12,3,10,2,1,C03,7,9,1,10,2,12,,59,59,1,6,4,120.645012,24.371184,2
10533,66000,387130000C,(04)23274275,(04)23288582,2025,03,27,6,26,臺中市,北屯區,0,2,0,7,2,6,50,3,1,1,5,4,6,6,4,4,10,5,5,2,16,2,9,1,1,C03,7,6,1,10,2,14,,48,48,1,12,4,120.690135,24.164971,2
10534,66000,387130000C,(04)23274275,(04)23288582,2025,03,27,6,40,臺中市,太平區,0,0,0,7,,,50,,,,,,,,,,,,,,17,,,,,C03,,,1,,9,,,39,39,1,12,4,120.728788,24.149998,3
10535,66000,387130000C,(04)23274275,(04)23288582,2025,03,27,6,42,臺中市,豐原區,0,2,0,7,2,6,50,5,1,1,5,4,6,6,1,1,1,4,5,1,15,2,9,1,1,C03,7,9,1,10,2,11,,21,21,1,12,4,120.708936,24.253,2
10536,66000,387130000C,(04)23274275,(04)23288582,2025,03,27,6,45,臺中市,神岡區,0,0,0,7,,,40,,,,,,,,,,,,,,16,,,,,C03,,,1,,2,,,11,11,1,13,4,120.683653,24.242972,3
10537,66000,387130000C,(04)23274275,(04)23288582,2025,03,27,6,46,臺中市,西區,0,0,0,7,,,50,,,,,,,,,,,,,,13,,,,,B03,,,1,,1,,,84,84,1,12,4,120.661587,24.155869,3
10538,66000,387130000C,(04)23274275,(04)23288582,2025,03,27,6,52,臺中市,北屯區,0,1,0,7,3,6,50,4,2,1,5,4,6,6,1,1,5,5,5,2,17,2,7,4,1,F01,7,6,7,21,2,12,,39,39,1,12,4,120.697535,24.16218,2
10539,66000,387130000C,(04)23274275,(04)23288582,2025,03,27,6,56,臺中市,西屯區,0,0,0,7,,,50,,,,,,,,,,,,,,,,,,,B03,,,1,,1,,,7,7,1,13,4,120.62904,24.163157,3
10540,66000,387130000C,(04)23274275,(04)23288582,2025,03,27,6,57,臺中市,大甲區,0,0,0,7,,,70,,,,,,,,,,,,,,,,,,,B03,,,5,,2,,,49,49,1,12,4,120.642327,24.40622,3
10541,66000,387130000C,(04)23274275,(04)23288582,2025,03,27,6,58,臺中市,烏日區,0,0,0,7,2,6,30,13,9,1,5,4,6,6,4,4,10,5,5,1,13,3,10,3,1,B03,7,2,1,8,1,7,,49,49,1,6,4,120.59001,24.124101,3
10542,66000,387130000C,(04)23274275,(04)23288582,2025,03,27,7,0,臺中市,南區,0,0,0,7,1,6,50,,8,1,5,4,6,6,4,4,5,4,4,2,30,,,,,A12,,,1,,1,,,84,84,1,12,4,120.681278,24.129426,3
10543,66000,387130000C,(04)23274275,(04)23288582,2025,03,27,7,0,臺中市,大里區,0,0,0,7,,,50,,,,,,,,,,,,,,,,,,,B03,,,1,,2,,,7,7,1,12,4,120.676262,24.086041,3
10544,66000,387130000C,(04)23274275,(04)23288582,2025,03,27,7,1,臺中市,太平區,0,0,0,7,,,50,,,,,,,,,,,,,,13,,,,,C03,,,1,,2,,,7,7,1,12,4,120.712448,24.157608,3
10545,66000,387130000C,(04)23274275,(04)23288582,2025,03,27,7,2,臺中市,西屯區,0,0,0,7,,,30,,,,,,,,,,,,,,,,,,,B03,,,1,,1,,,8,8,1,12,4,120.619015,24.195857,3
10546,66000,387130000C,(04)23274275,(04)23288582,2025,03,27,7,3,臺中市,潭子區,0,0,0,7,,,80,,,,,,,,,,,,,,,,,,,B03,,,1,,2,,,7,7,1,13,4,120.717936,24.19789,3
10547,66000,387130000C,(04)23274275,(04)23288582,2025,03,27,7,5,臺中市,南屯區,0,1,0,7,2,6,50,4,1,1,5,4,6,6,2,1,1,3,5,1,13,2,8,1,1,C03,7,9,3,19,2,11,,7,7,1,12,4,120.646681,24.153613,2
10548,66000,387130000C,(04)23274275,(04)23288582,2025,03,27,7,7,臺中市,沙鹿區,0,1,0,6,2,6,50,3,1,1,5,4,6,6,4,4,5,4,4,2,17,3,10,1,1,C03,7,5,3,19,2,12,,47,47,1,13,4,120.56626,24.235725,2
10549,66000,387130000C,(04)23274275,(04)23288582,2025,03,27,7,8,臺中市,南屯區,0,0,0,7,,,50,,,,,,,,,,,,,,12,,,,,B03,,,1,,1,,,8,8,1,6,4,120.647086,24.140062,3
10550,66000,387130000C,(04)23274275,(04)23288582,2025,03,27,7,8,臺中市,清水區,0,0,0,7,,,50,,,,,,,,,,,,,,,,,,,B03,,,1,,11,,,12,12,1,12,4,120.551607,24.262914,3
10551,66000,387130000C,(04)23274275,(04)23288582,2025,03,27,7,10,臺中市,沙鹿區,0,1,0,7,2,6,50,13,9,1,5,4,6,6,4,4,8,5,5,2,12,3,10,3,1,B03,7,1,1,8,2,4,,51,51,1,12,4,120.579895,24.216274,2
10552,66000,387130000C,(04)23274275,(04)23288582,2025,03,27,7,11,臺中市,南區,0,0,0,7,,,50,,,,,,,,,,,,,,12,,,,,B03,,,1,,2,,,84,84,1,6,4,120.648603,24.122326,3
10553,66000,387130000C,(04)23274275,(04)23288582,2025,03,27,7,14,臺中市,南屯區,0,1,0,7,2,6,50,13,9,1,5,4,6,6,4,4,9,4,4,2,16,2,8,6,1,F01,7,10,7,21,2,11,,26,26,1,12,1,120.637031,24.144109,2
10554,66000,387130000C,(04)23274275,(04)23288582,2025,03,27,7,14,臺中市,北屯區,0,1,0,7,2,6,50,13,9,1,5,4,6,6,4,4,10,4,5,2,13,2,3,3,1,B03,7,9,1,8,2,1,,7,7,1,12,4,120.743537,24.18259,2
10555,66000,387130000C,(04)23274275,(04)23288582,2025,03,27,7,14,臺中市,西屯區,0,1,0,7,1,6,50,13,9,1,5,4,6,6,4,4,1,4,5,2,17,2,9,5,4,C03,7,9,1,10,1,16,,84,84,1,13,4,120.616891,24.188607,2
10556,66000,387130000C,(04)23274275,(04)23288582,2025,03,27,7,17,臺中市,南區,0,1,0,7,3,9,50,13,24,1,5,4,6,6,4,4,10,5,5,2,9,3,10,2,1,C03,7,9,1,10,2,11,,39,39,1,12,4,120.683016,24.119,2
10557,66000,387130000C,(04)23274275,(04)23288582,2025,03,27,7,18,臺中市,潭子區,0,2,0,7,3,6,50,3,7,1,5,4,6,6,4,4,5,5,4,2,13,2,8,2,1,C03,7,9,1,10,2,11,,84,84,1,13,4,120.707247,24.231547,2
10558,66000,387130000C,(04)23274275,(04)23288582,2025,03,27,7,21,臺中市,潭子區,0,0,0,7,,,30,,,,,,,,,,,,,,,,,,,B03,,,1,,9,,,8,8,2,13,4,120.680949,24.221025,3
10559,66000,387130000C,(04)23274275,(04)23288582,2025,03,27,7,26,臺中市,北屯區,0,2,0,7,2,6,50,4,19,1,5,4,6,6,4,4,10,5,5,2,3,2,9,2,1,C03,7,9,1,10,2,11,,10,10,1,12,4,120.683451,24.171646,2
10560,66000,387130000C,(04)23274275,(04)23288582,2025,03,27,7,28,臺中市,豐原區,0,0,0,7,,,60,,,,,,,,,,,,,,13,,,,,B03,,,1,,2,,,7,7,1,13,4,120.731706,24.265468,3
10561,66000,387130000C,(04)23274275,(04)23288582,2025,03,27,7,30,臺中市,南區,0,2,0,7,3,6,50,4,9,1,5,4,6,6,2,1,5,5,5,2,17,2,9,5,4,C03,7,9,1,10,2,12,,21,21,1,6,4,120.68419,24.126349,2
10562,66000,387130000C,(04)23274275,(04)23288582,2025,03,27,7,30,臺中市,龍井區,0,2,0,7,3,6,40,13,9,1,5,4,6,6,4,4,9,5,5,1,11,3,10,3,1,B03,7,9,1,8,2,8,,84,84,1,6,4,120.524699,24.208798,2
10563,66000,387130000C,(04)23274275,(04)23288582,2025,03,27,7,31,臺中市,西區,0,1,0,7,3,6,50,4,1,1,5,4,6,6,4,4,10,5,5,2,15,2,9,1,1,C03,7,9,1,10,2,12,,24,24,1,13,4,120.671941,24.138386,2
10564,66000,387130000C,(04)23274275,(04)23288582,2025,03,27,7,31,臺中市,太平區,0,1,0,7,3,6,50,13,9,1,5,4,6,6,4,4,9,5,4,2,16,2,9,2,1,C03,7,9,1,10,2,11,,20,20,1,12,4,120.703052,24.155843,2
10565,66000,387130000C,(04)23274275,(04)23288582,2025,03,27,7,34,臺中市,北區,0,0,0,7,,,50,,,,,,,,,,,,,,17,,,,,B13,,,1,,2,,,8,8,1,13,4,120.672546,24.169606,3
10566,66000,387130000C,(04)23274275,(04)23288582,2025,03,27,7,34,臺中市,南區,0,2,0,7,2,6,50,13,9,1,5,4,6,6,4,4,1,2,5,2,13,2,8,1,1,C03,7,9,1,10,2,11,,7,7,1,12,4,120.650827,24.120196,2
10567,66000,387130000C,(04)23274275,(04)23288582,2025,03,27,7,35,臺中市,大里區,0,0,0,7,,,50,,,,,,,,,,,,,,13,,,,,B03,,,1,,2,,,56,56,1,6,4,120.668147,24.096651,3
10568,66000,387130000C,(04)23274275,(04)23288582,2025,03,27,7,35,臺中市,東勢區,0,1,0,7,1,6,50,13,9,1,5,4,6,6,4,4,6,4,5,1,12,2,7,5,4,B03,7,1,1,8,2,8,,51,51,1,12,4,120.831511,24.255577,2
10569,66000,387130000C,(04)23274275,(04)23288582,2025,03,27,7,35,臺中市,神岡區,0,1,0,7,3,6,30,11,9,1,5,4,6,6,4,4,10,5,5,2,11,2,9,1,1,C03,7,9,3,19,2,11,,84,84,1,13,4,120.674987,24.282282,2
10570,66000,387130000C,(04)23274275,(04)23288582,2025,03,27,7,37,臺中市,大里區,0,0,0,7,,,50,,,,,,,,,,,,,,,,,,,B03,,,3,,2,,,84,84,1,12,4,120.68554,24.114189,3
10571,66000,387130000C,(04)23274275,(04)23288582,2025,03,27,7,39,臺中市,東勢區,0,0,0,7,,,50,,,,,,,,,,,,,,2,,,,,B03,,,1,,2,,,40,40,1,12,4,120.795749,24.286502,3
10572,66000,387130000C,(04)23274275,(04)23288582,2025,03,27,7,40,臺中市,大雅區,0,0,0,7,,,30,,,,,,,,,,,,,,11,,,,,B03,,,1,,2,,,8,8,1,13,4,120.658257,24.218303,3
10573,66000,387130000C,(04)23274275,(04)23288582,2025,03,27,7,40,臺中市,西區,0,0,0,7,,,50,,,,,,,,,,,,,,,,,,,C03,,,1,,1,,,7,7,1,13,4,120.67546,24.141727,3
10574,66000,387130000C,(04)23274275,(04)23288582,2025,03,27,7,40,臺中市,北區,0,1,0,7,2,6,50,3,1,1,5,4,6,6,2,1,10,5,5,2,12,3,10,3,1,B02,7,5,1,8,2,2,,20,20,1,13,4,120.676674,24.157093,2
10575,66000,387130000C,(04)23274275,(04)23288582,2025,03,27,7,40,臺中市,霧峰區,0,1,0,7,2,6,50,3,1,1,5,4,6,6,4,4,10,5,5,2,17,2,8,4,1,F01,7,1,7,21,9,11,,51,51,1,13,4,120.708537,24.074023,2
10576,66000,387130000C,(04)23274275,(04)23288582,2025,03,27,7,42,臺中市,北屯區,0,0,0,7,,,40,,,,,,,,,,,,,,,,,,,C03,,,1,,2,,,8,8,1,6,4,120.719108,24.163083,3
10577,66000,387130000C,(04)23274275,(04)23288582,2025,03,27,7,42,臺中市,豐原區,0,0,0,7,,,60,,,,,,,,,,,,,,13,,,,,B03,,,1,,2,,,7,7,1,12,4,120.722072,24.236589,3
10578,66000,387130000C,(04)23274275,(04)23288582,2025,03,27,7,43,臺中市,霧峰區,0,1,0,7,1,6,50,4,1,1,5,4,6,6,1,1,10,5,5,2,16,3,10,3,1,B03,7,5,1,3,2,5,,11,11,1,13,4,120.66246,24.072105,2
10579,66000,387130000C,(04)23274275,(04)23288582,2025,03,27,7,44,臺中市,北屯區,0,0,0,7,,,50,,,,,,,,,,,,,,17,,,,,C03,,,1,,1,,,51,51,1,12,4,120.71194,24.165405,4
10580,66000,387130000C,(04)23274275,(04)23288582,2025,03,27,7,44,臺中市,西屯區,0,0,0,7,,,30,,,,,,,,,,,,,,13,,,,,B03,,,1,,1,,,7,7,1,13,4,120.618638,24.175168,3
10581,66000,387130000C,(04)23274275,(04)23288582,2025,03,27,7,47,臺中市,西區,0,0,0,7,,,50,,,,,,,,,,,,,,,,,,,B02,,,1,,9,,,8,8,1,13,4,120.680074,24.139612,3
10582,66000,387130000C,(04)23274275,(04)23288582,2025,03,27,7,47,臺中市,大肚區,0,1,0,7,2,6,70,4,1,1,5,4,6,6,2,1,10,5,5,2,16,3,10,3,1,B12,7,5,1,4,2,6,,47,47,1,6,4,120.554057,24.132525,2
10583,66000,387130000C,(04)23274275,(04)23288582,2025,03,27,7,50,臺中市,外埔區,0,0,0,7,2,6,50,3,1,1,5,4,6,6,4,4,4,4,4,1,13,3,10,3,1,A11,7,9,1,2,2,1,,7,7,1,12,4,120.639039,24.341756,3
10584,66000,387130000C,(04)23274275,(04)23288582,2025,03,27,7,51,臺中市,烏日區,0,2,0,7,2,6,40,13,8,1,5,4,6,6,4,4,1,4,1,1,13,3,10,2,1,C03,7,9,1,10,2,13,,87,87,1,6,4,120.582044,24.106591,2
10585,66000,387130000C,(04)23274275,(04)23288582,2025,03,27,7,52,臺中市,太平區,0,0,0,7,,,50,,,,,,,,,,,,,,17,,,,,B03,,,1,,3,,,84,84,1,12,4,120.744257,24.159063,3
10586,66000,387130000C,(04)23274275,(04)23288582,2025,03,27,7,55,臺中市,大里區,0,1,0,7,3,6,50,13,9,1,5,4,6,6,4,4,5,5,5,1,12,3,10,1,1,C03,7,9,1,10,9,12,,7,7,1,6,4,120.68361,24.091884,2
10587,66000,387130000C,(04)23274275,(04)23288582,2025,03,27,7,57,臺中市,南屯區,0,0,0,7,,,60,,,,,,,,,,,,,,17,,,,,B01,,,1,,2,,,51,51,1,6,4,120.617734,24.139448,3
10588,66000,387130000C,(04)23274275,(04)23288582,2025,03,27,7,58,臺中市,霧峰區,0,1,0,7,3,6,40,13,9,1,5,4,6,6,1,1,1,4,5,1,13,3,10,5,4,B03,7,9,1,8,2,1,,7,7,1,6,4,120.662621,24.068663,2
10589,66000,387130000C,(04)23274275,(04)23288582,2025,03,27,7,58,臺中市,烏日區,0,1,0,7,2,6,50,3,1,1,5,4,6,6,1,1,1,4,1,2,16,3,10,3,1,B03,7,6,1,8,2,16,,38,38,1,6,4,120.618638,24.113628,2
10590,66000,387130000C,(04)23274275,(04)23288582,2025,03,27,8,5,臺中市,烏日區,0,0,0,7,,,50,,,,,,,,,,,,,,16,,,,,B03,,,1,,2,,,47,47,1,6,4,120.627795,24.11119,3
10591,66000,387130000C,(04)23274275,(04)23288582,2025,03,27,8,6,臺中市,南屯區,0,1,0,7,2,6,50,4,1,1,5,4,6,6,1,1,9,4,5,2,11,3,10,3,1,B03,7,6,1,8,2,1,,11,11,1,12,4,120.653157,24.132022,2
10592,66000,387130000C,(04)23274275,(04)23288582,2025,03,27,8,7,臺中市,東區,0,0,0,7,,,50,,,,,,,,,,,,,,,,,,,C03,,,1,,2,,,84,84,1,6,4,120.693601,24.127171,3
10593,66000,387130000C,(04)23274275,(04)23288582,2025,03,27,8,11,臺中市,東區,0,2,0,7,3,6,40,13,8,1,5,4,6,6,4,4,5,5,4,2,17,3,10,5,1,B12,7,13,1,8,2,7,,77,77,1,6,4,120.703808,24.14467,2
10594,66000,387130000C,(04)23274275,(04)23288582,2025,03,27,8,12,臺中市,潭子區,0,1,0,7,3,6,60,13,9,1,5,4,6,6,4,4,1,4,4,1,17,2,9,2,1,C03,7,15,1,10,2,16,,84,84,1,6,4,120.707106,24.22471,2
10595,66000,387130000C,(04)23274275,(04)23288582,2025,03,27,8,14,臺中市,西屯區,0,0,0,7,,,30,,,,,,,,,,,,,,14,,,,,B12,,,1,,1,,,49,49,1,13,4,120.647565,24.182858,3
10596,66000,387130000C,(04)23274275,(04)23288582,2025,03,27,8,15,臺中市,北屯區,0,0,0,7,,,50,,,,,,,,,,,,,,12,,,,,B03,,,1,8,2,,,40,40,1,6,4,120.696798,24.18338,3
10597,66000,387130000C,(04)23274275,(04)23288582,2025,03,27,8,17,臺中市,北屯區,0,0,0,7,,,50,,,,,,,,,,,,,,,,,,,B03,,,1,,1,,,7,7,1,12,4,120.658859,24.178091,3
10598,66000,387130000C,(04)23274275,(04)23288582,2025,03,27,8,17,臺中市,霧峰區,0,0,0,7,,,50,,,,,,,,,,,,,,17,,,,,B12,,,3,,2,,,51,51,1,6,4,120.706597,24.076309,3
10599,66000,387130000C,(04)23274275,(04)23288582,2025,03,27,8,18,臺中市,太平區,0,1,0,7,3,6,50,4,1,1,5,4,6,6,1,1,5,5,5,1,16,3,10,3,1,B12,7,6,1,8,2,1,,14,14,1,12,4,120.709661,24.121736,2
10600,66000,387130000C,(04)23274275,(04)23288582,2025,03,27,8,19,臺中市,大雅區,0,0,0,7,,,30,,,,,,,,,,,,,,,,,,,B03,,,1,,2,,,8,8,1,12,4,120.631486,24.217197,3