﻿序號,縣市別代碼,機關代碼,市話,傳真,年,月,日,時,分,縣市,區,死亡數量,受傷數量,2-30,天候,道路照明設備,道路類別,道路速限,道路型態,事故位置,路面鋪裝,路面狀態,路面缺陷,障礙物,視距,號誌種類,號誌動作,分向設施,快車道或一般車道間,快慢車道間,路面邊線,事故類型及型態,受傷程度,主要傷處,保護裝備,行動電話或功能裝置,當事者區分_類別,車輛用途,當事者行動狀態,駕照狀態,駕照種類,飲酒情形,車輛撞擊部位最初,車輛撞擊部位其他,肇事因素個別,肇事因素主要,肇事逃逸,職業,共享經濟或外送平台,GPS座標X,GPS座標Y,事故類別
10601,66000,387130000C,(04)23274275,(04)23288582,2025,03,27,8,19,臺中市,南屯區,0,0,0,7,,,50,,,,,,,,,,,,,,13,,,,,B03,,,1,,1,,,7,7,1,12,4,120.623497,24.149515,3
10602,66000,387130000C,(04)23274275,(04)23288582,2025,03,27,8,21,臺中市,豐原區,0,2,0,7,2,6,50,3,1,1,5,4,6,6,1,1,1,4,5,1,16,2,9,1,1,C03,7,1,1,10,2,15,,84,84,1,12,4,120.729939,24.253547,2
10603,66000,387130000C,(04)23274275,(04)23288582,2025,03,27,8,24,臺中市,北區,0,2,0,7,2,6,40,3,1,1,5,4,6,6,4,4,4,5,4,2,17,2,9,1,1,C03,7,6,1,10,2,13,,48,48,1,12,4,120.68117,24.149855,2
10604,66000,387130000C,(04)23274275,(04)23288582,2025,03,27,8,25,臺中市,西屯區,0,1,0,7,2,6,50,13,9,1,5,4,6,6,4,4,5,5,5,2,17,2,9,2,1,C03,7,9,1,10,2,14,,7,7,1,12,4,120.668184,24.175274,2
10605,66000,387130000C,(04)23274275,(04)23288582,2025,03,27,8,27,臺中市,北屯區,0,0,0,7,,,50,,,,,,,,,,,,,,,,,,,C03,,,1,,1,,,7,7,1,12,4,120.722945,24.179718,3
10606,66000,387130000C,(04)23274275,(04)23288582,2025,03,27,8,28,臺中市,西屯區,0,0,0,7,,,50,,,,,,,,,,,,,,17,,,,,A11,,,1,,1,,,49,49,1,12,4,120.658628,24.173769,3
10607,66000,387130000C,(04)23274275,(04)23288582,2025,03,27,8,28,臺中市,西屯區,0,1,0,7,2,6,50,4,1,1,5,4,6,6,2,1,10,5,5,2,12,3,10,3,1,B03,7,5,1,8,2,6,,47,47,1,13,4,120.661043,24.171538,2
10608,66000,387130000C,(04)23274275,(04)23288582,2025,03,27,8,32,臺中市,大里區,0,1,0,7,3,6,40,3,1,1,5,4,6,6,3,1,10,5,5,2,16,3,10,3,1,B02,7,1,1,8,2,8,,51,51,1,13,4,120.678617,24.09507,2
10609,66000,387130000C,(04)23274275,(04)23288582,2025,03,27,8,32,臺中市,烏日區,0,2,0,7,2,6,60,13,7,1,5,4,6,6,4,4,1,4,4,1,14,2,3,3,1,B03,7,2,3,19,3,6,3,49,49,1,6,4,120.619402,24.105824,2
10610,66000,387130000C,(04)23274275,(04)23288582,2025,03,27,8,33,臺中市,梧棲區,0,1,0,7,3,6,50,3,2,1,5,4,6,6,4,4,5,5,5,2,16,2,7,1,1,C03,7,9,1,10,2,11,,4,4,1,5,4,120.534026,24.25798,2
10611,66000,387130000C,(04)23274275,(04)23288582,2025,03,27,8,35,臺中市,西屯區,0,0,0,7,,,50,,,,,,,,,,,,,,,,,,,B03,,,1,,1,,,59,59,1,12,4,120.64241,24.197375,3
10612,66000,387130000C,(04)23274275,(04)23288582,2025,03,27,8,36,臺中市,西區,0,2,0,7,2,6,50,4,1,1,5,4,6,6,4,4,10,5,5,2,15,2,8,2,1,C03,7,9,1,10,2,11,,15,15,1,13,4,120.669582,24.142761,2
10613,66000,387130000C,(04)23274275,(04)23288582,2025,03,27,8,36,臺中市,西屯區,0,1,0,7,2,6,40,4,1,1,5,4,6,6,1,1,10,5,5,2,13,2,7,1,4,C03,7,5,1,8,2,11,,7,7,1,12,4,120.648827,24.161951,2
10614,66000,387130000C,(04)23274275,(04)23288582,2025,03,27,8,40,臺中市,龍井區,0,1,0,7,2,6,40,4,1,1,5,4,6,6,2,1,10,5,5,2,13,2,7,5,4,C03,7,9,1,10,2,11,,7,7,1,5,4,120.583327,24.186941,2
10615,66000,387130000C,(04)23274275,(04)23288582,2025,03,27,8,41,臺中市,北區,0,1,0,7,3,6,50,13,9,1,5,4,6,6,3,1,1,4,5,1,13,2,9,2,1,C03,7,9,1,10,2,11,,59,59,1,12,4,120.668007,24.156938,2
10616,66000,387130000C,(04)23274275,(04)23288582,2025,03,27,8,41,臺中市,南區,0,1,0,7,3,6,50,4,9,1,5,4,6,6,2,1,5,5,5,2,16,2,9,5,4,C03,7,9,1,10,2,11,,84,84,1,6,4,120.671811,24.119156,2
10617,66000,387130000C,(04)23274275,(04)23288582,2025,03,27,8,42,臺中市,南區,0,1,0,7,2,6,50,13,9,1,5,4,6,6,4,4,5,2,5,2,17,2,9,1,1,C03,7,8,1,10,2,14,,27,27,1,12,4,120.664334,24.124728,2
10618,66000,387130000C,(04)23274275,(04)23288582,2025,03,27,8,42,臺中市,北屯區,0,1,0,7,2,6,50,4,1,1,5,4,6,6,1,1,10,5,5,2,17,3,10,3,1,B03,7,6,1,8,2,1,,11,11,1,12,4,120.690629,24.172802,2
10619,66000,387130000C,(04)23274275,(04)23288582,2025,03,27,8,43,臺中市,北區,0,0,0,7,,,50,,,,,,,,,,,,,,17,,,,,B03,,,1,,1,,,21,21,1,13,4,120.678645,24.166919,3
10620,66000,387130000C,(04)23274275,(04)23288582,2025,03,27,8,44,臺中市,北屯區,0,0,0,7,,,50,,,,,,,,,,,,,,,,,,,B03,,,1,,1,,,51,51,1,6,4,120.675749,24.20168,3
10621,66000,387130000C,(04)23274275,(04)23288582,2025,03,27,8,46,臺中市,烏日區,0,0,0,7,,,30,,,,,,,,,,,,,,30,,,,,B12,,,1,,2,,,84,84,1,6,4,120.641973,24.077593,3
10622,66000,387130000C,(04)23274275,(04)23288582,2025,03,27,8,49,臺中市,南區,0,1,0,7,3,6,50,4,1,1,5,4,6,6,4,4,5,5,5,2,18,2,9,2,1,C03,7,9,1,10,2,16,,4,4,1,13,4,120.662219,24.12511,2
10623,66000,387130000C,(04)23274275,(04)23288582,2025,03,27,8,53,臺中市,西屯區,0,1,0,7,2,6,50,4,1,1,5,4,6,6,1,1,10,5,5,2,13,3,10,5,4,B12,7,9,1,8,2,1,,7,7,1,13,4,120.638278,24.159295,2
10624,66000,387130000C,(04)23274275,(04)23288582,2025,03,27,8,55,臺中市,清水區,0,1,0,7,2,6,30,13,9,1,5,4,6,6,4,4,10,5,5,1,14,3,10,3,1,B03,7,2,1,8,2,6,,59,59,1,13,4,120.58151,24.269861,2
10625,66000,387130000C,(04)23274275,(04)23288582,2025,03,27,8,55,臺中市,豐原區,0,0,0,7,,,50,,,,,,,,,,,,,,17,,,,,B03,,,1,,2,,,49,49,1,13,4,120.725173,24.252306,3
10626,66000,387130000C,(04)23274275,(04)23288582,2025,03,27,8,58,臺中市,潭子區,0,0,0,7,,,30,,,,,,,,,,,,,,,,,,,B12,,,1,,2,,,59,59,1,13,4,120.680768,24.208671,3
10627,66000,387130000C,(04)23274275,(04)23288582,2025,03,27,8,58,臺中市,西區,0,1,0,7,3,6,40,5,1,1,5,4,6,6,1,1,10,5,5,2,13,2,9,1,1,C03,7,9,1,10,2,11,,7,7,1,13,4,120.670478,24.150598,2
10628,66000,387130000C,(04)23274275,(04)23288582,2025,03,27,9,0,臺中市,南屯區,0,1,0,7,2,6,60,13,8,1,5,4,6,6,4,4,3,2,3,2,17,2,9,1,1,C03,7,9,1,10,2,12,,84,84,1,5,4,120.608477,24.150877,2
10629,66000,387130000C,(04)23274275,(04)23288582,2025,03,27,9,1,臺中市,西區,0,2,0,7,3,6,40,3,1,1,5,4,6,6,4,4,10,5,5,2,17,3,10,1,1,C03,7,9,1,10,2,12,,8,8,1,13,4,120.66141,24.156334,2
10630,66000,387130000C,(04)23274275,(04)23288582,2025,03,27,9,1,臺中市,北區,0,1,0,7,2,6,50,4,1,1,5,4,6,6,3,1,5,5,5,2,15,3,10,3,1,B03,7,9,1,8,2,2,,20,20,1,12,4,120.695966,24.158393,2
10631,66000,387130000C,(04)23274275,(04)23288582,2025,03,27,9,3,臺中市,南區,0,0,0,7,,,50,,,,,,,,,,,,,,13,,,,,B03,,,1,,1,,,7,7,1,6,4,120.657425,24.113175,3
10632,66000,387130000C,(04)23274275,(04)23288582,2025,03,27,9,4,臺中市,北區,0,0,0,7,,,50,,,,,,,,,,,,,,17,,,,,B03,,,1,,1,,,49,49,1,13,4,120.670996,24.169929,3
10633,66000,387130000C,(04)23274275,(04)23288582,2025,03,27,9,4,臺中市,神岡區,0,0,0,7,,,50,,,,,,,,,,,,,,12,,,,,B03,,,1,,2,,,6,6,1,13,4,120.696856,24.256206,3
10634,66000,387130000C,(04)23274275,(04)23288582,2025,03,27,9,6,臺中市,北區,0,0,0,7,,,50,,,,,,,,,,,,,,13,,,,,B03,,,1,,1,,,59,59,1,12,4,120.691721,24.160208,3
10635,66000,387130000C,(04)23274275,(04)23288582,2025,03,27,9,6,臺中市,東區,0,0,0,7,,,30,,,,,,,,,,,,,,17,,,,,A12,,,1,,1,,,8,8,1,12,4,120.699544,24.138456,3
10636,66000,387130000C,(04)23274275,(04)23288582,2025,03,27,9,8,臺中市,西區,0,2,0,7,2,6,50,4,1,1,5,4,6,6,2,1,10,5,5,2,16,2,9,1,1,C03,7,6,3,19,9,14,,48,48,1,12,4,120.66564,24.132193,2
10637,66000,387130000C,(04)23274275,(04)23288582,2025,03,27,9,9,臺中市,西屯區,0,0,0,7,,,50,,,,,,,,,,,,,,,,,,,B03,,,1,,1,,,20,20,1,13,4,120.649796,24.162755,3
10638,66000,387130000C,(04)23274275,(04)23288582,2025,03,27,9,13,臺中市,西屯區,0,1,0,7,2,6,40,13,8,1,5,4,6,6,4,4,1,4,1,2,13,2,9,5,4,C03,7,9,1,10,2,11,,7,7,1,13,4,120.64984,24.162259,2
10639,66000,387130000C,(04)23274275,(04)23288582,2025,03,27,9,17,臺中市,西屯區,0,0,0,7,,,50,,,,,,,,,,,,,,14,,,,,B12,,,1,,1,,,49,49,1,13,4,120.664128,24.173123,3
10640,66000,387130000C,(04)23274275,(04)23288582,2025,03,27,9,18,臺中市,南區,0,0,0,7,,,50,,,,,,,,,,,,,,,,,,,B03,,,1,,1,,,49,49,1,6,4,120.670095,24.119043,3
10641,66000,387130000C,(04)23274275,(04)23288582,2025,03,27,9,18,臺中市,霧峰區,0,0,0,7,,,50,,,,,,,,,,,,,,17,,,,,H04,,,7,,2,,,98,98,1,6,4,120.714351,24.0764,3
10642,66000,387130000C,(04)23274275,(04)23288582,2025,03,27,9,19,臺中市,大里區,0,1,0,7,3,6,50,3,1,1,5,4,6,6,1,1,10,5,5,2,16,3,10,5,4,B03,7,5,1,8,2,2,,84,84,1,6,4,120.684071,24.087516,2
10643,66000,387130000C,(04)23274275,(04)23288582,2025,03,27,9,20,臺中市,太平區,0,0,0,7,,,50,,,,,,,,,,,,,,17,,,,,B12,,,1,,9,,,50,50,1,12,4,120.725141,24.151132,3
10644,66000,387130000C,(04)23274275,(04)23288582,2025,03,27,9,21,臺中市,西區,0,0,0,7,,,50,,,,,,,,,,,,,,,,,,,B03,,,1,,2,,,84,84,1,13,4,120.661569,24.142164,3
10645,66000,387130000C,(04)23274275,(04)23288582,2025,03,27,9,24,臺中市,西屯區,0,1,0,7,2,6,50,3,1,1,5,4,6,6,4,4,10,5,5,1,9,3,10,3,1,B03,7,5,1,8,2,6,,84,84,1,13,4,120.650688,24.162317,2
10646,66000,387130000C,(04)23274275,(04)23288582,2025,03,27,9,30,臺中市,大甲區,0,0,0,7,,,40,,,,,,,,,,,,,,,,,,,B03,,,1,,1,,,8,8,1,12,4,120.658037,24.400147,3
10647,66000,387130000C,(04)23274275,(04)23288582,2025,03,27,9,31,臺中市,東區,0,0,0,7,,,50,,,,,,,,,,,,,,17,,,,,C03,,,1,,2,,,7,7,1,12,4,120.689201,24.140989,4
10648,66000,387130000C,(04)23274275,(04)23288582,2025,03,27,9,35,臺中市,大雅區,0,1,0,7,3,6,50,13,9,1,5,4,6,6,4,4,9,4,5,2,16,2,9,2,1,C03,7,1,1,10,2,14,,51,51,1,13,4,120.667777,24.216489,2
10649,66000,387130000C,(04)23274275,(04)23288582,2025,03,27,9,40,臺中市,大里區,0,0,0,7,,,50,,,,,,,,,,,,,,,,,,,C03,,,1,,9,,,85,85,1,12,4,120.679606,24.109436,3
10650,66000,387130000C,(04)23274275,(04)23288582,2025,03,27,9,42,臺中市,潭子區,0,0,0,7,,,30,,,,,,,,,,,,,,,,,,,A11,,,1,,2,,,50,50,1,13,4,120.687751,24.225823,3
10651,66000,387130000C,(04)23274275,(04)23288582,2025,03,27,9,43,臺中市,外埔區,0,1,0,7,2,6,50,3,2,1,5,4,6,6,4,4,5,5,5,2,17,3,10,3,1,B12,7,9,1,8,2,6,,84,84,1,12,4,120.654921,24.329301,2
10652,66000,387130000C,(04)23274275,(04)23288582,2025,03,27,9,44,臺中市,沙鹿區,0,0,0,7,,,30,,,,,,,,,,,,,,,,,,,B03,,,1,,9,,,49,49,2,13,4,120.604949,24.243377,3
10653,66000,387130000C,(04)23274275,(04)23288582,2025,03,27,9,45,臺中市,大里區,0,0,0,7,,,50,,,,,,,,,,,,,,13,,,,,B03,,,1,,2,,,7,7,1,12,4,120.689307,24.101273,3
10654,66000,387130000C,(04)23274275,(04)23288582,2025,03,27,9,47,臺中市,西屯區,0,1,0,7,2,6,50,13,8,1,5,4,6,6,4,4,1,4,4,2,16,3,10,5,4,B03,7,5,1,8,2,2,,20,20,1,12,4,120.645123,24.162098,2
10655,66000,387130000C,(04)23274275,(04)23288582,2025,03,27,9,49,臺中市,大雅區,0,0,0,7,,,30,,,,,,,,,,,,,,,,,,,B12,,,1,,1,,,7,7,1,12,4,120.650296,24.210078,3
10656,66000,387130000C,(04)23274275,(04)23288582,2025,03,27,9,50,臺中市,北屯區,0,2,0,7,3,6,40,13,16,1,5,4,6,6,4,4,1,4,5,2,13,2,7,3,1,B03,7,9,1,8,2,1,,7,7,1,12,4,120.69601,24.200951,2
10657,66000,387130000C,(04)23274275,(04)23288582,2025,03,27,9,54,臺中市,北屯區,0,0,0,7,,,80,,,,,,,,,,,,,,13,,,,,B03,,,5,19,1,,,84,84,1,6,4,120.722244,24.184397,3
10658,66000,387130000C,(04)23274275,(04)23288582,2025,03,27,9,58,臺中市,西區,0,1,0,7,3,6,50,4,1,1,5,4,6,6,2,1,10,5,5,2,17,3,10,3,1,B03,7,5,1,8,2,2,,11,11,1,13,4,120.669692,24.149698,2
10659,66000,387130000C,(04)23274275,(04)23288582,2025,03,27,9,59,臺中市,北區,0,0,0,7,,,50,,,,,,,,,,,,,,13,,,,,B03,,,1,,2,,,7,7,1,13,4,120.664157,24.162367,3
10660,66000,387130000C,(04)23274275,(04)23288582,2025,03,27,10,2,臺中市,西屯區,0,1,0,7,2,6,50,3,1,1,5,4,6,6,1,1,8,4,5,1,17,3,10,5,4,B01,7,5,1,8,1,4,,8,8,1,13,4,120.663869,24.17333,2
10661,66000,387130000C,(04)23274275,(04)23288582,2025,03,27,10,2,臺中市,霧峰區,0,2,0,7,2,6,50,4,2,1,5,4,6,6,3,1,4,3,4,1,17,3,10,3,1,B03,7,9,1,8,2,8,,6,6,1,6,4,120.70001,24.066998,2
10662,66000,387130000C,(04)23274275,(04)23288582,2025,03,27,10,2,臺中市,太平區,0,1,0,7,3,6,50,4,1,1,5,4,6,6,4,4,10,5,5,2,16,3,10,3,1,B03,7,6,1,8,2,8,,12,12,1,12,4,120.725413,24.141958,2
10663,66000,387130000C,(04)23274275,(04)23288582,2025,03,27,10,3,臺中市,西屯區,0,1,0,7,2,6,50,4,1,1,5,4,6,6,1,1,10,5,5,2,16,3,10,3,1,B03,7,5,1,8,2,7,,47,47,1,12,4,120.651816,24.165933,2
10664,66000,387130000C,(04)23274275,(04)23288582,2025,03,27,10,3,臺中市,太平區,0,1,0,7,2,6,50,13,9,1,5,4,6,6,4,4,1,4,5,2,17,2,9,2,1,C03,7,9,1,10,2,11,,84,84,1,12,4,120.72699,24.156732,2
10665,66000,387130000C,(04)23274275,(04)23288582,2025,03,27,10,7,臺中市,太平區,0,1,0,7,3,6,40,13,9,1,5,4,6,6,4,4,5,5,5,1,13,2,9,2,1,C03,7,9,3,19,2,11,,7,7,1,12,4,120.751905,24.121736,2
10666,66000,387130000C,(04)23274275,(04)23288582,2025,03,27,10,12,臺中市,北屯區,0,0,0,7,,,80,,,,,,,,,,,,,,,,,,,B02,,,1,,1,,,84,84,1,12,4,120.694144,24.200987,3
10667,66000,387130000C,(04)23274275,(04)23288582,2025,03,27,10,15,臺中市,大雅區,0,2,0,7,3,6,40,3,2,1,5,4,6,6,1,1,9,4,4,1,12,2,9,2,1,C03,7,9,1,10,2,11,,7,7,1,13,4,120.623414,24.242345,2
10668,66000,387130000C,(04)23274275,(04)23288582,2025,03,27,10,25,臺中市,豐原區,0,0,0,7,,,60,,,,,,,,,,,,,,17,,,,,B03,,,1,,2,,,85,85,1,12,4,120.720563,24.2367,3
10669,66000,387130000C,(04)23274275,(04)23288582,2025,03,27,10,27,臺中市,北屯區,0,1,0,7,2,6,50,4,1,1,5,4,6,6,2,1,10,5,5,2,12,3,10,3,1,B03,7,9,1,8,2,1,,85,85,1,12,4,120.668158,24.174602,2
10670,66000,387130000C,(04)23274275,(04)23288582,2025,03,27,10,28,臺中市,南屯區,0,1,0,7,2,6,50,13,7,1,5,4,6,6,4,4,5,5,4,2,12,3,10,5,4,B03,7,9,1,8,2,2,,8,8,1,6,4,120.6068,24.135936,2
10671,66000,387130000C,(04)23274275,(04)23288582,2025,03,27,10,30,臺中市,大甲區,0,0,0,7,,,50,,,,,,,,,,,,,,,,,,,C03,,,1,,2,,,7,7,1,6,4,120.641447,24.36582,3
10672,66000,387130000C,(04)23274275,(04)23288582,2025,03,27,10,42,臺中市,大里區,0,1,0,7,3,6,50,4,1,1,5,4,6,6,1,2,10,5,5,2,16,3,10,3,1,B03,7,5,1,8,2,2,,11,11,1,6,4,120.674765,24.103548,2
10673,66000,387130000C,(04)23274275,(04)23288582,2025,03,27,10,44,臺中市,豐原區,0,0,0,7,,,50,,,,,,,,,,,,,,17,,,,,B12,,,1,,2,,,40,40,1,12,4,120.74666,24.269659,3
10674,66000,387130000C,(04)23274275,(04)23288582,2025,03,27,10,47,臺中市,北屯區,0,0,0,7,,,50,,,,,,,,,,,,,,,,,,,B03,,,1,,1,,,84,84,1,6,4,120.681798,24.180425,3
10675,66000,387130000C,(04)23274275,(04)23288582,2025,03,27,10,48,臺中市,太平區,0,0,0,7,,,50,,,,,,,,,,,,,,,,,,,B12,,,1,,2,,,51,51,1,12,4,120.720614,24.131047,3
10676,66000,387130000C,(04)23274275,(04)23288582,2025,03,27,10,49,臺中市,北區,0,0,0,7,,,30,,,,,,,,,,,,,,17,,,,,C03,,,1,,1,,,14,14,1,13,4,120.690546,24.16019,3
10677,66000,387130000C,(04)23274275,(04)23288582,2025,03,27,10,55,臺中市,西區,0,0,0,7,,,50,,,,,,,,,,,,,,,,,,,B03,,,1,,11,,,87,87,1,12,4,120.666489,24.148117,3
10678,66000,387130000C,(04)23274275,(04)23288582,2025,03,27,10,55,臺中市,南區,0,1,0,7,3,6,50,4,1,1,5,4,6,6,1,1,5,5,5,2,12,2,9,2,1,C03,7,7,1,10,2,14,,43,43,1,13,4,120.655151,24.134635,2
10679,66000,387130000C,(04)23274275,(04)23288582,2025,03,27,10,56,臺中市,南區,0,0,0,7,,,30,,,,,,,,,,,,,,14,,,,,B03,,,1,,1,,,49,49,1,6,4,120.659095,24.122931,3
10680,66000,387130000C,(04)23274275,(04)23288582,2025,03,27,10,58,臺中市,西屯區,0,1,0,7,1,6,50,4,1,1,5,4,6,6,1,1,10,5,5,1,16,3,10,1,1,C03,7,5,1,10,2,12,,47,47,1,12,4,120.657575,24.167808,2
10681,66000,387130000C,(04)23274275,(04)23288582,2025,03,27,11,0,臺中市,南屯區,0,0,0,7,,,50,,,,,,,,,,,,,,,,,,,B03,,,1,,1,,,84,84,1,12,4,120.637711,24.142347,3
10682,66000,387130000C,(04)23274275,(04)23288582,2025,03,27,11,3,臺中市,西屯區,0,0,0,7,,,40,,,,,,,,,,,,,,17,,,,,B03,,,5,,1,,,50,50,1,12,4,120.66724,24.174762,3
10683,66000,387130000C,(04)23274275,(04)23288582,2025,03,27,11,5,臺中市,大甲區,0,0,0,7,,,40,,,,,,,,,,,,,,,,,,,A41,,,1,,3,,,84,84,1,12,4,120.636654,24.366846,3
10684,66000,387130000C,(04)23274275,(04)23288582,2025,03,27,11,6,臺中市,西屯區,0,0,0,7,,,50,,,,,,,,,,,,,,12,,,,,B03,,,1,,1,,,50,50,1,12,4,120.622758,24.186013,3
10685,66000,387130000C,(04)23274275,(04)23288582,2025,03,27,11,20,臺中市,西屯區,0,0,0,7,,,50,,,,,,,,,,,,,,9,,,,,B12,,,1,,1,,,20,20,1,13,4,120.658477,24.17254,3
10686,66000,387130000C,(04)23274275,(04)23288582,2025,03,27,11,21,臺中市,大里區,0,0,0,7,,,50,,,,,,,,,,,,,,13,,,,,B03,,,1,,1,,,7,7,1,13,4,120.692914,24.09026,3
10687,66000,387130000C,(04)23274275,(04)23288582,2025,03,27,11,23,臺中市,大雅區,0,0,0,7,,,30,,,,,,,,,,,,,,16,,,,,B12,,,1,,1,,,14,14,1,12,4,120.667792,24.229297,3
10688,66000,387130000C,(04)23274275,(04)23288582,2025,03,27,11,24,臺中市,霧峰區,0,0,0,7,,,50,,,,,,,,,,,,,,,,,,,B12,,,1,,1,,,84,84,1,6,4,120.679304,24.07145,3
10689,66000,387130000C,(04)23274275,(04)23288582,2025,03,27,11,25,臺中市,南屯區,0,0,0,7,3,6,50,13,9,1,5,4,6,6,4,4,5,5,4,2,12,,,,,B03,,,1,,2,,,50,50,1,12,4,120.611742,24.148164,3
10690,66000,387130000C,(04)23274275,(04)23288582,2025,03,27,11,29,臺中市,大里區,0,1,0,7,2,6,50,13,9,1,5,4,6,6,4,4,9,5,5,2,17,2,9,2,1,C03,7,9,1,10,2,11,,59,59,1,6,4,120.712125,24.085405,2
10691,66000,387130000C,(04)23274275,(04)23288582,2025,03,27,11,30,臺中市,北屯區,0,0,0,7,,,50,,,,,,,,,,,,,,17,,,,,B12,,,1,,1,,,50,50,1,12,4,120.714074,24.173389,3
10692,66000,387130000C,(04)23274275,(04)23288582,2025,03,27,11,35,臺中市,沙鹿區,0,1,0,7,2,6,40,4,1,1,5,4,6,6,1,1,10,5,5,2,17,3,10,1,1,C03,7,5,1,10,2,12,,42,42,1,12,4,120.568694,24.223213,2
10693,66000,387130000C,(04)23274275,(04)23288582,2025,03,27,11,39,臺中市,西區,0,1,0,7,2,6,50,4,2,1,5,4,6,6,1,1,5,5,5,2,30,2,9,2,1,C03,7,9,1,10,2,15,,84,84,1,13,4,120.67298,24.150039,2
10694,66000,387130000C,(04)23274275,(04)23288582,2025,03,27,11,39,臺中市,西屯區,0,1,0,7,2,6,40,3,1,1,5,4,6,6,2,1,10,5,5,2,13,3,10,5,4,C03,7,9,1,10,2,11,,7,7,1,13,4,120.609608,24.184261,2
10695,66000,387130000C,(04)23274275,(04)23288582,2025,03,27,11,39,臺中市,大甲區,0,0,0,7,,,50,,,,,,,,,,,,,,,,,,,B12,,,1,,2,,,8,8,1,12,4,120.624903,24.343917,3
10696,66000,387130000C,(04)23274275,(04)23288582,2025,03,27,11,42,臺中市,梧棲區,0,1,0,7,2,6,50,4,1,1,5,4,6,6,4,4,10,5,5,2,12,3,10,1,1,C03,7,9,1,10,2,14,,85,85,1,12,4,120.548508,24.249566,2
10697,66000,387130000C,(04)23274275,(04)23288582,2025,03,27,11,52,臺中市,南屯區,0,0,0,7,,,50,,,,,,,,,,,,,,17,,,,,B03,,,1,,1,,,50,50,1,12,4,120.653232,24.136904,3
10698,66000,387130000C,(04)23274275,(04)23288582,2025,03,27,11,53,臺中市,西區,0,1,0,7,3,6,50,3,2,1,5,4,6,6,4,4,5,5,5,2,16,2,9,1,1,C03,7,6,3,19,2,12,,14,14,1,12,4,120.666877,24.149339,2
10699,66000,387130000C,(04)23274275,(04)23288582,2025,03,27,11,54,臺中市,西屯區,0,0,0,7,,,50,,,,,,,,,,,,,,12,,,,,B03,,,1,,1,,,8,8,1,13,4,120.63738,24.17584,3
10700,66000,387130000C,(04)23274275,(04)23288582,2025,03,27,11,56,臺中市,大里區,0,0,0,7,,,50,,,,,,,,,,,,,,17,,,,,B03,,,1,,2,,,8,8,1,12,4,120.693618,24.113085,3
10701,66000,387130000C,(04)23274275,(04)23288582,2025,03,27,11,59,臺中市,龍井區,0,1,0,7,2,6,30,11,9,1,5,4,6,6,4,4,10,5,5,2,18,2,9,5,4,C03,7,15,1,9,2,15,,85,85,1,12,4,120.583015,24.178808,2
10702,66000,387130000C,(04)23274275,(04)23288582,2025,03,27,12,1,臺中市,梧棲區,0,0,0,7,,,50,,,,,,,,,,,,,,16,,,,,B12,,,1,,2,,,49,49,1,6,4,120.550843,24.252937,3
10703,66000,387130000C,(04)23274275,(04)23288582,2025,03,27,12,3,臺中市,太平區,0,1,0,7,2,6,50,4,2,1,5,4,6,6,1,1,10,5,5,2,18,2,9,1,1,C03,7,5,1,10,2,12,,84,84,1,12,4,120.731491,24.140279,2
10704,66000,387130000C,(04)23274275,(04)23288582,2025,03,27,12,5,臺中市,大雅區,0,0,0,7,,,0,,,,,,,,,,,,,,17,,,,,C03,,,1,,10,,,87,87,1,13,4,120.650172,24.220904,3
10705,66000,387130000C,(04)23274275,(04)23288582,2025,03,27,12,5,臺中市,西區,0,2,0,7,3,6,50,5,1,1,5,4,6,6,4,4,10,5,5,2,17,2,9,1,1,C03,7,6,1,10,2,11,,14,14,1,12,4,120.658342,24.145552,2
10706,66000,387130000C,(04)23274275,(04)23288582,2025,03,27,12,10,臺中市,西區,0,1,0,7,3,6,50,13,9,1,5,4,6,6,4,4,1,4,4,2,17,3,10,3,1,B03,7,5,1,8,2,2,,42,42,1,13,4,120.657188,24.134489,2
10707,66000,387130000C,(04)23274275,(04)23288582,2025,03,27,12,13,臺中市,霧峰區,0,0,0,7,,,50,,,,,,,,,,,,,,17,,,,,C03,,,1,,1,,,84,84,1,6,4,120.716528,24.072459,3
10708,66000,387130000C,(04)23274275,(04)23288582,2025,03,27,12,15,臺中市,豐原區,0,1,0,7,2,6,50,5,2,1,5,4,6,6,2,1,5,2,4,1,12,2,7,1,1,C03,7,9,1,10,2,14,,84,84,1,12,4,120.720353,24.240599,2
10709,66000,387130000C,(04)23274275,(04)23288582,2025,03,27,12,16,臺中市,北屯區,0,0,0,7,,,50,,,,,,,,,,,,,,13,,,,,B12,,,1,,1,,,84,84,1,6,4,120.682871,24.182711,3
10710,66000,387130000C,(04)23274275,(04)23288582,2025,03,27,12,19,臺中市,南屯區,0,2,0,7,2,6,60,13,9,1,5,4,6,6,4,4,5,3,4,2,17,2,9,1,1,C03,7,11,1,10,2,11,,46,46,1,6,4,120.637327,24.148619,2
10711,66000,387130000C,(04)23274275,(04)23288582,2025,03,27,12,19,臺中市,沙鹿區,0,1,0,7,2,6,30,3,1,1,5,4,6,6,4,4,10,5,5,2,15,2,9,1,1,C03,7,9,1,10,2,12,,15,15,1,12,4,120.563972,24.248445,2