﻿序號,縣市別代碼,機關代碼,市話,傳真,年,月,日,時,分,縣市,區,死亡數量,受傷數量,2-30,天候,道路照明設備,道路類別,道路速限,道路型態,事故位置,路面鋪裝,路面狀態,路面缺陷,障礙物,視距,號誌種類,號誌動作,分向設施,快車道或一般車道間,快慢車道間,路面邊線,事故類型及型態,受傷程度,主要傷處,保護裝備,行動電話或功能裝置,當事者區分_類別,車輛用途,當事者行動狀態,駕照狀態,駕照種類,飲酒情形,車輛撞擊部位最初,車輛撞擊部位其他,肇事因素個別,肇事因素主要,肇事逃逸,職業,共享經濟或外送平台,GPS座標X,GPS座標Y,事故類別
10712,66000,387130000C,(04)23274275,(04)23288582,2025,03,27,12,20,臺中市,沙鹿區,0,1,0,7,2,6,50,4,9,1,5,4,6,6,1,1,4,3,4,2,12,2,6,2,1,C03,7,9,1,10,2,15,,8,8,1,12,4,120.561305,24.242597,2
10713,66000,387130000C,(04)23274275,(04)23288582,2025,03,27,12,22,臺中市,北區,0,1,0,7,2,6,30,3,1,1,5,4,6,6,4,4,10,5,5,2,17,2,9,1,1,C03,7,5,1,10,2,11,,20,20,1,13,4,120.696989,24.155759,2
10714,66000,387130000C,(04)23274275,(04)23288582,2025,03,27,12,23,臺中市,南屯區,0,1,0,7,3,6,50,4,9,1,5,4,6,6,2,1,1,4,5,2,12,2,9,2,4,C03,7,8,1,10,2,14,,84,84,1,6,4,120.62287,24.145043,2
10715,66000,387130000C,(04)23274275,(04)23288582,2025,03,27,12,24,臺中市,梧棲區,0,0,0,7,,,50,,,,,,,,,,,,,,14,,,,,B03,,,1,,1,,,49,49,1,13,4,120.531502,24.25498,3
10716,66000,387130000C,(04)23274275,(04)23288582,2025,03,27,12,26,臺中市,龍井區,0,1,0,7,2,6,40,13,8,1,5,4,6,6,4,4,10,5,1,2,12,3,10,5,4,B12,7,1,1,8,2,8,,65,65,1,6,4,120.581474,24.176192,2
10717,66000,387130000C,(04)23274275,(04)23288582,2025,03,27,12,26,臺中市,烏日區,0,1,0,7,3,6,50,4,1,1,4,4,6,6,1,1,10,5,5,2,17,2,9,1,1,C03,7,6,1,10,2,11,,20,20,1,6,4,120.619514,24.110217,2
10718,66000,387130000C,(04)23274275,(04)23288582,2025,03,27,12,28,臺中市,清水區,0,0,0,7,,,50,,,,,,,,,,,,,,,,,,,B12,,,1,,2,,,49,49,1,12,4,120.59757,24.306139,3
10719,66000,387130000C,(04)23274275,(04)23288582,2025,03,27,12,29,臺中市,大雅區,0,0,0,7,,,50,,,,,,,,,,,,,,,,,,,A41,,,1,,1,,,8,8,1,13,4,120.613629,24.23228,3
10720,66000,387130000C,(04)23274275,(04)23288582,2025,03,27,12,30,臺中市,南區,0,2,0,7,2,6,50,3,1,1,5,4,6,6,4,4,10,5,5,2,13,2,9,1,1,C03,7,9,1,10,2,11,,7,7,1,12,4,120.67229,24.130859,2
10721,66000,387130000C,(04)23274275,(04)23288582,2025,03,27,12,31,臺中市,潭子區,0,0,0,7,,,60,,,,,,,,,,,,,,,,,,,B01,,,1,,2,,,84,84,1,12,4,120.705125,24.21189,3
10722,66000,387130000C,(04)23274275,(04)23288582,2025,03,27,12,34,臺中市,霧峰區,0,1,0,7,3,6,50,13,9,1,5,4,6,6,4,4,1,4,4,1,28,,,,,,,,,,,,,118,118,1,,,120.692084,24.044435,2
10723,66000,387130000C,(04)23274275,(04)23288582,2025,03,27,12,34,臺中市,霧峰區,0,1,0,7,2,6,0,3,1,1,5,4,6,6,4,4,10,5,5,2,17,3,10,3,1,B03,7,1,1,8,2,1,,51,51,1,13,4,120.679988,24.068714,2
10724,66000,387130000C,(04)23274275,(04)23288582,2025,03,27,12,36,臺中市,北屯區,0,0,0,7,,,50,,,,,,,,,,,,,,,,,,,B03,,,1,,1,,,84,84,1,12,4,120.675749,24.20168,3
10725,66000,387130000C,(04)23274275,(04)23288582,2025,03,27,12,36,臺中市,霧峰區,0,1,0,7,2,6,50,13,9,1,5,4,6,6,4,4,1,4,5,1,16,3,10,3,1,B03,7,5,1,8,2,6,,20,20,1,6,4,120.662803,24.069992,2
10726,66000,387130000C,(04)23274275,(04)23288582,2025,03,27,12,41,臺中市,西屯區,0,2,0,7,2,6,30,4,1,1,5,4,6,6,4,4,10,5,5,2,15,2,9,1,1,C03,7,9,1,10,2,12,,15,15,1,13,2,120.643385,24.179881,2
10727,66000,387130000C,(04)23274275,(04)23288582,2025,03,27,12,45,臺中市,北屯區,0,0,0,7,,,50,,,,,,,,,,,,,,,,,,,A12,,,1,,2,,,84,84,1,12,4,120.718397,24.188384,3
10728,66000,387130000C,(04)23274275,(04)23288582,2025,03,27,12,46,臺中市,清水區,0,1,0,7,3,6,50,13,9,1,5,4,6,6,4,4,9,4,5,1,14,3,10,3,1,B12,7,2,1,8,2,7,,49,49,1,12,4,120.578281,24.294538,2
10729,66000,387130000C,(04)23274275,(04)23288582,2025,03,27,12,54,臺中市,南區,0,0,0,7,,,50,,,,,,,,,,,,,,,,,,,C03,,,1,,2,,,84,84,1,6,4,120.658708,24.118051,3
10730,66000,387130000C,(04)23274275,(04)23288582,2025,03,27,13,2,臺中市,北區,0,0,0,7,,,50,,,,,,,,,,,,,,9,,,,,C03,,,1,,1,,,51,51,1,13,4,120.675116,24.166074,3
10731,66000,387130000C,(04)23274275,(04)23288582,2025,03,27,13,7,臺中市,潭子區,0,0,0,7,,,50,,,,,,,,,,,,,,13,,,,,B03,,,1,,2,,,58,58,1,12,4,120.696121,24.194353,3
10732,66000,387130000C,(04)23274275,(04)23288582,2025,03,27,13,9,臺中市,潭子區,0,0,0,7,,,50,,,,,,,,,,,,,,,,,,,B03,,,1,,2,,,84,84,1,12,4,120.703064,24.216093,3
10733,66000,387130000C,(04)23274275,(04)23288582,2025,03,27,13,10,臺中市,南區,0,1,0,7,3,6,50,5,1,1,5,4,6,6,1,1,10,5,5,2,16,3,10,3,1,B03,7,6,1,8,2,5,,11,11,1,6,4,120.671811,24.119156,2
10734,66000,387130000C,(04)23274275,(04)23288582,2025,03,27,13,17,臺中市,北屯區,0,0,0,7,,,50,,,,,,,,,,,,,,13,,,,,B03,,,1,,1,,,84,84,1,12,4,120.719999,24.163036,3
10735,66000,387130000C,(04)23274275,(04)23288582,2025,03,27,13,20,臺中市,北區,0,1,0,7,3,6,50,4,1,1,5,4,6,6,1,1,5,4,5,2,16,3,10,3,1,B03,7,5,1,8,2,2,,11,11,1,12,4,120.680936,24.160395,2
10736,66000,387130000C,(04)23274275,(04)23288582,2025,03,27,13,20,臺中市,南區,0,0,0,7,,,50,,,,,,,,,,,,,,,,,,,B03,,,1,,2,,,40,40,1,6,4,120.660102,24.124382,3
10737,66000,387130000C,(04)23274275,(04)23288582,2025,03,27,13,24,臺中市,清水區,0,0,0,7,,,50,,,,,,,,,,,,,,12,,,,,B13,,,1,,2,,,50,50,1,6,4,120.538998,24.269878,3
10738,66000,387130000C,(04)23274275,(04)23288582,2025,03,27,13,25,臺中市,西屯區,0,1,0,7,1,6,50,4,1,1,5,4,6,6,1,1,10,5,5,1,13,2,9,2,1,C03,7,9,1,10,2,11,,59,59,1,12,4,120.610145,24.187037,2
10739,66000,387130000C,(04)23274275,(04)23288582,2025,03,27,13,26,臺中市,大雅區,0,0,0,7,,,70,,,,,,,,,,,,,,12,,,,,A11,,,1,,1,,,87,87,1,12,4,120.644795,24.226515,3
10740,66000,387130000C,(04)23274275,(04)23288582,2025,03,27,13,28,臺中市,西區,0,0,0,7,,,50,,,,,,,,,,,,,,,,,,,B12,,,1,,1,,,84,84,1,13,4,120.660035,24.157884,3
10741,66000,387130000C,(04)23274275,(04)23288582,2025,03,27,13,40,臺中市,西區,0,2,0,7,3,6,50,13,9,1,5,4,6,6,4,4,5,4,5,2,13,2,8,2,1,C03,7,9,3,19,2,12,,7,7,1,12,4,120.675374,24.133582,2
10742,66000,387130000C,(04)23274275,(04)23288582,2025,03,27,13,50,臺中市,東區,0,0,0,7,,,50,,,,,,,,,,,,,,14,,,,,B03,,,1,,1,,,49,49,1,12,4,120.696051,24.147887,3
10743,66000,387130000C,(04)23274275,(04)23288582,2025,03,27,13,52,臺中市,西區,0,1,0,7,3,6,50,4,2,1,5,4,6,6,1,1,1,4,4,2,17,3,10,3,1,B01,7,5,1,2,2,4,,84,84,1,12,4,120.65748,24.141746,2
10744,66000,387130000C,(04)23274275,(04)23288582,2025,03,27,13,53,臺中市,大雅區,0,2,0,7,2,6,50,11,9,2,5,4,6,6,4,4,10,5,5,1,11,2,9,3,1,B03,7,5,1,8,2,8,,84,84,1,13,4,120.660293,24.208192,2
10745,66000,387130000C,(04)23274275,(04)23288582,2025,03,27,13,55,臺中市,東區,0,1,0,7,2,6,50,4,1,1,5,4,6,6,1,1,10,5,5,2,18,2,9,6,1,F02,7,9,7,21,2,14,,84,84,1,12,4,120.708345,24.135891,2
10746,66000,387130000C,(04)23274275,(04)23288582,2025,03,27,13,58,臺中市,東區,0,0,0,7,,,50,,,,,,,,,,,,,,,,,,,B03,,,1,,1,,,15,15,1,6,4,120.687559,24.142282,3
10747,66000,387130000C,(04)23274275,(04)23288582,2025,03,27,14,8,臺中市,西區,0,0,0,7,,,50,,,,,,,,,,,,,,,,,,,B12,,,1,,2,,,84,84,1,13,4,120.661415,24.147882,3
10748,66000,387130000C,(04)23274275,(04)23288582,2025,03,27,14,8,臺中市,南屯區,0,0,0,7,,,50,,,,,,,,,,,,,,12,,,,,C02,,,1,,1,,,84,84,1,13,4,120.651739,24.140192,3
10749,66000,387130000C,(04)23274275,(04)23288582,2025,03,27,14,13,臺中市,大雅區,0,0,0,7,,,70,,,,,,,,,,,,,,13,,,,,B03,,,5,,2,,,55,55,1,12,4,120.629667,24.241419,3
10750,66000,387130000C,(04)23274275,(04)23288582,2025,03,27,14,19,臺中市,西區,0,1,0,7,3,6,50,4,1,1,5,4,6,6,2,1,10,5,5,2,17,2,9,1,1,C03,7,11,3,19,2,14,,45,45,1,13,4,120.679831,24.137932,2
10751,66000,387130000C,(04)23274275,(04)23288582,2025,03,27,14,19,臺中市,南屯區,0,1,0,7,3,6,50,13,8,1,5,4,6,6,4,4,8,3,4,2,17,2,8,2,4,C03,7,9,1,10,2,12,14,59,59,1,13,4,120.637275,24.132375,2
10752,66000,387130000C,(04)23274275,(04)23288582,2025,03,27,14,23,臺中市,豐原區,0,0,0,7,,,50,,,,,,,,,,,,,,13,,,,,B03,,,1,,1,,,84,84,1,12,4,120.70853,24.250085,3
10753,66000,387130000C,(04)23274275,(04)23288582,2025,03,27,14,24,臺中市,太平區,0,0,0,7,,,30,,,,,,,,,,,,,,,,,,,B03,,,1,,2,,,50,50,1,12,4,120.716373,24.15601,3
10754,66000,387130000C,(04)23274275,(04)23288582,2025,03,27,14,26,臺中市,霧峰區,0,1,0,7,3,6,50,4,1,1,5,4,6,6,4,4,10,5,5,2,16,3,10,5,4,B12,7,6,1,8,2,1,,48,48,1,6,4,120.700067,24.069486,2
10755,66000,387130000C,(04)23274275,(04)23288582,2025,03,27,14,27,臺中市,北區,0,0,0,7,,,50,,,,,,,,,,,,,,17,,,,,B03,,,1,,1,,,84,84,1,13,4,120.673811,24.15676,3
10756,66000,387130000C,(04)23274275,(04)23288582,2025,03,27,14,29,臺中市,沙鹿區,0,0,0,7,,,40,,,,,,,,,,,,,,13,,,,,B03,,,1,,2,,,59,59,1,6,4,120.558013,24.21141,3
10757,66000,387130000C,(04)23274275,(04)23288582,2025,03,27,14,30,臺中市,后里區,0,0,0,7,,,50,,,,,,,,,,,,,,11,,,,,A41,,,1,,2,,,8,8,1,6,4,120.692978,24.313768,3
10758,66000,387130000C,(04)23274275,(04)23288582,2025,03,27,14,31,臺中市,南區,0,0,0,7,,,50,,,,,,,,,,,,,,13,,,,,B01,,,1,,1,,,49,49,1,6,4,120.678062,24.126826,3
10759,66000,387130000C,(04)23274275,(04)23288582,2025,03,27,14,45,臺中市,北屯區,0,1,0,7,2,6,50,13,9,1,5,4,6,6,4,4,5,4,5,2,17,3,10,3,1,B03,7,6,1,8,2,2,,39,39,1,6,4,120.728082,24.17652,2
10760,66000,387130000C,(04)23274275,(04)23288582,2025,03,27,14,46,臺中市,西屯區,0,0,0,7,,,,,,,,,,,,,,,,,17,,,,,,,,,,,,,8,8,1,,,120.634934,24.162387,3
10761,66000,387130000C,(04)23274275,(04)23288582,2025,03,27,14,46,臺中市,霧峰區,0,0,0,7,,,50,,,,,,,,,,,,,,12,,,,,B03,,,1,,2,,,35,35,1,6,4,120.66232,24.061774,3
10762,66000,387130000C,(04)23274275,(04)23288582,2025,03,27,14,49,臺中市,北區,0,1,0,7,2,6,40,4,1,1,5,4,6,6,1,1,10,5,5,2,13,2,8,5,4,C03,7,9,1,10,2,11,,7,7,1,12,2,120.694326,24.155623,2
10763,66000,387130000C,(04)23274275,(04)23288582,2025,03,27,14,50,臺中市,南區,0,0,0,7,,,50,,,,,,,,,,,,,,,,,,,,,,,,,,,119,119,1,,4,120.65265,24.113129,3
10764,66000,387130000C,(04)23274275,(04)23288582,2025,03,27,14,50,臺中市,東區,0,0,0,7,,,40,,,,,,,,,,,,,,18,,,,,C03,,,1,,2,,,85,85,1,12,4,120.688669,24.134674,4
10765,66000,387130000C,(04)23274275,(04)23288582,2025,03,27,14,51,臺中市,西區,0,1,0,7,2,6,50,4,1,1,5,4,6,6,2,1,10,5,5,2,16,3,10,5,1,B03,7,5,1,8,2,5,,84,84,1,6,4,120.669801,24.150724,2
10766,66000,387130000C,(04)23274275,(04)23288582,2025,03,27,14,54,臺中市,北屯區,0,1,0,7,2,6,50,4,1,1,5,4,6,6,4,4,10,5,5,2,16,3,10,3,1,B12,7,5,1,8,2,2,,84,84,1,12,4,120.679428,24.181803,2
10767,66000,387130000C,(04)23274275,(04)23288582,2025,03,27,14,58,臺中市,北屯區,0,2,0,7,2,6,50,3,2,1,5,4,6,6,4,4,1,4,4,2,12,2,9,2,1,C03,7,5,1,10,2,12,,84,84,1,12,4,120.67906,24.184448,2
10768,66000,387130000C,(04)23274275,(04)23288582,2025,03,27,15,2,臺中市,北屯區,0,2,0,7,3,6,50,4,1,1,5,4,6,6,2,1,10,5,5,2,15,2,9,1,1,C03,7,9,1,10,2,11,,21,21,1,12,4,120.670779,24.178713,2
10769,66000,387130000C,(04)23274275,(04)23288582,2025,03,27,15,4,臺中市,東區,0,0,0,7,,,50,,,,,,,,,,,,,,12,,,,,B03,,,1,,1,,,84,84,1,12,4,120.699616,24.144793,3
10770,66000,387130000C,(04)23274275,(04)23288582,2025,03,27,15,5,臺中市,潭子區,0,0,0,7,,,40,,,,,,,,,,,,,,14,,,,,B03,,,1,,2,,,49,49,1,12,4,120.713952,24.208292,3
10771,66000,387130000C,(04)23274275,(04)23288582,2025,03,27,15,9,臺中市,新社區,0,1,0,7,2,6,50,11,9,1,5,4,6,6,4,4,5,5,5,1,18,2,9,1,1,C03,7,9,1,10,2,12,,84,84,1,12,4,120.823017,24.170395,2
10772,66000,387130000C,(04)23274275,(04)23288582,2025,03,27,15,10,臺中市,北屯區,0,0,0,7,,,50,,,,,,,,,,,,,,13,,,,,B11,,,1,,1,,,84,84,1,13,4,120.70319,24.186347,3
10773,66000,387130000C,(04)23274275,(04)23288582,2025,03,27,15,19,臺中市,北屯區,0,0,0,7,,,50,,,,,,,,,,,,,,14,,,,,B03,,,1,,2,,,49,49,1,13,4,120.69187,24.180423,3
10774,66000,387130000C,(04)23274275,(04)23288582,2025,03,27,15,19,臺中市,大里區,0,0,0,7,,,30,,,,,,,,,,,,,,11,,,,,B03,,,1,,2,,,84,84,1,12,4,120.702843,24.10591,3
10775,66000,387130000C,(04)23274275,(04)23288582,2025,03,27,15,20,臺中市,西屯區,0,0,0,7,,,50,,,,,,,,,,,,,,17,,,,,B03,,,1,,1,,,51,51,1,12,4,120.637696,24.162639,3
10776,66000,387130000C,(04)23274275,(04)23288582,2025,03,27,15,20,臺中市,龍井區,0,1,0,7,3,6,30,4,1,1,5,4,6,6,3,1,10,5,5,2,15,2,9,1,1,C03,7,9,1,10,2,12,,24,24,1,6,4,120.538924,24.193184,2
10777,66000,387130000C,(04)23274275,(04)23288582,2025,03,27,15,22,臺中市,北屯區,0,1,0,7,2,6,50,5,1,1,5,4,6,6,2,1,1,2,1,2,16,3,10,3,1,B03,7,6,1,8,2,6,,25,25,1,13,4,120.721072,24.174065,2
10778,66000,387130000C,(04)23274275,(04)23288582,2025,03,27,15,24,臺中市,北屯區,0,0,0,7,,,50,,,,,,,,,,,,,,14,,,,,B03,,,1,,2,,,49,49,1,12,4,120.689386,24.171481,3
10779,66000,387130000C,(04)23274275,(04)23288582,2025,03,27,15,25,臺中市,北屯區,0,0,0,6,,,50,,,,,,,,,,,,,,,,,,,B03,,,1,,2,,,84,84,1,12,4,120.660871,24.191985,3
10780,66000,387130000C,(04)23274275,(04)23288582,2025,03,27,15,25,臺中市,沙鹿區,0,0,0,7,,,50,,,,,,,,,,,,,,17,,,,,B12,,,1,,2,,,84,84,1,12,4,120.580395,24.210051,3
10781,66000,387130000C,(04)23274275,(04)23288582,2025,03,27,15,28,臺中市,南區,0,2,0,7,2,6,50,4,1,1,5,4,6,6,1,1,9,4,4,2,17,2,9,1,1,C03,7,9,1,10,2,11,,7,7,1,12,4,120.650118,24.120638,2
10782,66000,387130000C,(04)23274275,(04)23288582,2025,03,27,15,28,臺中市,北屯區,0,0,0,7,,,50,,,,,,,,,,,,,,13,,,,,B03,,,1,,1,,,7,7,1,6,4,120.704578,24.169471,4
10783,66000,387130000C,(04)23274275,(04)23288582,2025,03,27,15,29,臺中市,大甲區,0,0,0,7,,,50,,,,,,,,,,,,,,,,,,,B03,,,1,,2,,,8,8,1,6,4,120.614798,24.333307,3
10784,66000,387130000C,(04)23274275,(04)23288582,2025,03,27,15,30,臺中市,南屯區,0,0,0,7,,,50,,,,,,,,,,,,,,,,,,,B03,,,1,,1,,,51,51,1,12,4,120.643826,24.146854,3
10785,66000,387130000C,(04)23274275,(04)23288582,2025,03,27,15,33,臺中市,西屯區,0,0,0,7,,,50,,,,,,,,,,,,,,16,,,,,C03,,,1,,1,,,59,59,1,12,4,120.637895,24.155752,3
10786,66000,387130000C,(04)23274275,(04)23288582,2025,03,27,15,35,臺中市,西屯區,0,2,0,7,3,6,50,3,1,1,5,4,6,6,4,4,10,5,5,2,16,2,7,1,1,C03,7,6,1,10,2,11,,14,14,1,13,4,120.649182,24.168332,2
10787,66000,387130000C,(04)23274275,(04)23288582,2025,03,27,15,38,臺中市,西屯區,0,0,0,7,,,40,,,,,,,,,,,,,,17,,,,,A31,,,1,,9,,,8,8,1,12,4,120.639445,24.158992,3
10788,66000,387130000C,(04)23274275,(04)23288582,2025,03,27,15,40,臺中市,南區,0,1,0,7,2,6,50,4,1,1,5,4,6,6,4,4,10,5,5,2,15,2,9,1,1,C03,7,9,1,10,2,12,,15,15,1,12,4,120.668294,24.124579,2
10789,66000,387130000C,(04)23274275,(04)23288582,2025,03,27,15,40,臺中市,西屯區,0,0,0,7,2,6,40,4,1,1,5,4,6,6,2,1,10,5,5,2,13,3,10,2,1,C03,7,9,1,10,1,11,,59,59,1,12,4,120.646454,24.164454,3
10790,66000,387130000C,(04)23274275,(04)23288582,2025,03,27,15,40,臺中市,沙鹿區,0,0,0,7,,,50,,,,,,,,,,,,,,,,,,,B13,,,1,,2,,,84,84,1,13,4,120.557673,24.232995,3
10791,66000,387130000C,(04)23274275,(04)23288582,2025,03,27,15,44,臺中市,南區,0,1,0,7,2,6,50,3,1,1,5,4,6,6,4,4,10,5,5,2,16,3,10,3,1,B03,7,6,1,8,2,1,,14,14,1,6,4,120.65845,24.118465,2
10792,66000,387130000C,(04)23274275,(04)23288582,2025,03,27,15,44,臺中市,龍井區,0,0,0,7,,,70,,,,,,,,,,,,,,,,,,,B03,,,1,,1,,,8,8,1,12,4,120.542378,24.2182,3
10793,66000,387130000C,(04)23274275,(04)23288582,2025,03,27,15,45,臺中市,龍井區,0,0,0,7,,,30,,,,,,,,,,,,,,15,,,,,B03,,,1,,2,,,6,6,1,6,4,120.587166,24.189683,3
10794,66000,387130000C,(04)23274275,(04)23288582,2025,03,27,15,45,臺中市,神岡區,0,0,0,7,,,30,,,,,,,,,,,,,,2,,,,,C03,,,1,,2,,,56,56,1,12,4,120.688861,24.256524,3
10795,66000,387130000C,(04)23274275,(04)23288582,2025,03,27,15,47,臺中市,潭子區,0,0,0,7,,,60,,,,,,,,,,,,,,,,,,,B03,,,1,,2,,,56,56,1,12,4,120.689527,24.2213,3
10796,66000,387130000C,(04)23274275,(04)23288582,2025,03,27,15,48,臺中市,清水區,0,0,0,7,,,40,,,,,,,,,,,,,,,,,,,B03,,,1,,9,,,84,84,1,12,4,120.59576,24.302507,3
10797,66000,387130000C,(04)23274275,(04)23288582,2025,03,27,15,55,臺中市,南區,0,0,0,7,,,50,,,,,,,,,,,,,,3,,,,,,,,,,,,,119,119,1,,,120.667035,24.12868,4
10798,66000,387130000C,(04)23274275,(04)23288582,2025,03,27,15,57,臺中市,南屯區,0,0,0,7,,,40,,,,,,,,,,,,,,17,,,,,C03,,,1,,1,,,40,40,1,6,4,120.636217,24.148684,4
10799,66000,387130000C,(04)23274275,(04)23288582,2025,03,27,16,12,臺中市,后里區,0,2,0,7,3,6,40,4,2,1,5,4,6,6,4,4,10,5,5,1,15,2,9,1,1,C03,7,9,1,10,2,11,,15,15,1,6,4,120.715838,24.308505,2
10800,66000,387130000C,(04)23274275,(04)23288582,2025,03,27,16,14,臺中市,太平區,0,0,0,7,,,40,,,,,,,,,,,,,,14,,,,,B12,,,1,,2,,,49,49,1,6,4,120.713199,24.139219,3
10801,66000,387130000C,(04)23274275,(04)23288582,2025,03,27,16,15,臺中市,北區,0,0,0,7,,,50,,,,,,,,,,,,,,12,,,,,F01,,,1,,1,,,8,8,1,13,4,120.687131,24.148841,3
10802,66000,387130000C,(04)23274275,(04)23288582,2025,03,27,16,15,臺中市,東區,0,1,0,7,2,6,50,3,9,1,5,4,6,6,4,4,9,5,5,2,17,3,10,3,1,B03,7,9,1,8,9,2,,7,7,1,12,4,120.710487,24.148984,2
10803,66000,387130000C,(04)23274275,(04)23288582,2025,03,27,16,16,臺中市,烏日區,0,1,0,7,2,6,50,13,9,1,5,4,6,6,1,1,5,4,5,1,13,3,10,3,1,B12,7,9,1,8,2,5,,84,84,1,6,4,120.659121,24.058512,2
10804,66000,387130000C,(04)23274275,(04)23288582,2025,03,27,16,17,臺中市,后里區,0,0,0,7,,,50,,,,,,,,,,,,,,13,,,,,C03,,,1,,1,,,7,7,1,12,4,120.716116,24.306479,3
10805,66000,387130000C,(04)23274275,(04)23288582,2025,03,27,16,18,臺中市,南區,0,1,0,7,2,6,50,5,1,1,5,4,6,6,1,1,10,5,5,2,18,2,9,1,1,C03,7,14,1,10,2,14,,84,84,1,13,4,120.669932,24.124747,2
10806,66000,387130000C,(04)23274275,(04)23288582,2025,03,27,16,20,臺中市,霧峰區,0,2,0,7,2,6,50,13,9,1,5,4,6,6,4,4,5,5,5,1,17,2,9,5,4,C03,7,6,1,10,2,11,,39,39,1,13,4,120.715011,24.073647,2
10807,66000,387130000C,(04)23274275,(04)23288582,2025,03,27,16,22,臺中市,西區,0,0,0,7,,,30,,,,,,,,,,,,,,,,,,,B01,,,1,,1,,,84,84,1,12,4,120.65926,24.145203,3
10808,66000,387130000C,(04)23274275,(04)23288582,2025,03,27,16,22,臺中市,沙鹿區,0,0,0,7,,,30,,,,,,,,,,,,,,14,,,,,B02,,,1,,11,,,49,49,1,6,4,120.575895,24.231151,3
10809,66000,387130000C,(04)23274275,(04)23288582,2025,03,27,16,27,臺中市,西區,0,1,0,7,3,6,50,4,2,1,5,4,6,6,4,4,5,5,5,2,12,3,10,3,1,B01,7,9,1,4,2,6,,8,8,1,13,4,120.66485,24.15271,2
10810,66000,387130000C,(04)23274275,(04)23288582,2025,03,27,16,29,臺中市,大雅區,0,0,0,7,,,60,,,,,,,,,,,,,,13,,,,,B03,,,1,,1,,,7,7,1,13,4,120.649422,24.214954,3
10811,66000,387130000C,(04)23274275,(04)23288582,2025,03,27,16,29,臺中市,北屯區,0,1,0,7,3,6,30,3,1,1,5,4,6,6,4,4,10,5,5,2,17,3,10,3,1,B03,7,6,1,8,2,8,,84,84,1,13,4,120.663088,24.195442,2
10812,66000,387130000C,(04)23274275,(04)23288582,2025,03,27,16,30,臺中市,梧棲區,0,0,0,7,,,40,,,,,,,,,,,,,,13,,,,,B03,,,1,,2,,,7,7,1,6,4,120.53711,24.251184,3
10813,66000,387130000C,(04)23274275,(04)23288582,2025,03,27,16,31,臺中市,西屯區,0,0,0,7,,,30,,,,,,,,,,,,,,1,,,,,B03,,,1,,1,,,8,8,1,12,4,120.630975,24.187524,3
10814,66000,387130000C,(04)23274275,(04)23288582,2025,03,27,16,31,臺中市,大里區,0,0,0,7,,,50,,,,,,,,,,,,,,,,,,,B03,,,1,,1,,,7,7,1,6,4,120.687881,24.080462,3
10815,66000,387130000C,(04)23274275,(04)23288582,2025,03,27,16,32,臺中市,神岡區,0,1,0,7,1,6,30,4,1,1,5,4,6,6,4,4,10,5,5,2,15,2,9,1,1,C03,7,9,1,10,2,11,,15,15,1,12,4,120.69628,24.266068,2
10816,66000,387130000C,(04)23274275,(04)23288582,2025,03,27,16,34,臺中市,西區,0,0,0,7,,,50,,,,,,,,,,,,,,,,,,,B03,,,4,,2,,,7,7,1,6,4,120.662778,24.163331,3
10817,66000,387130000C,(04)23274275,(04)23288582,2025,03,27,16,35,臺中市,北屯區,0,1,0,7,2,6,40,13,8,1,5,4,6,6,4,4,3,4,4,2,18,2,9,1,1,C03,7,9,1,10,2,12,,82,82,1,12,4,120.701955,24.18373,2
10818,66000,387130000C,(04)23274275,(04)23288582,2025,03,27,16,38,臺中市,東區,0,0,0,7,,,50,,,,,,,,,,,,,,16,,,,,B12,,,1,,1,,,84,84,1,6,4,120.706016,24.142145,3
10819,66000,387130000C,(04)23274275,(04)23288582,2025,03,27,16,43,臺中市,大雅區,0,0,0,7,,,50,,,,,,,,,,,,,,13,,,,,B12,,,1,,1,,,7,7,1,12,4,120.657645,24.220393,3
10820,66000,387130000C,(04)23274275,(04)23288582,2025,03,27,16,45,臺中市,大里區,0,0,0,7,,,50,,,,,,,,,,,,,,,,,,,B03,,,3,,1,,,84,84,1,12,4,120.689659,24.113533,3
10821,66000,387130000C,(04)23274275,(04)23288582,2025,03,27,16,47,臺中市,南屯區,0,1,0,7,3,6,40,4,1,1,5,4,6,6,3,1,10,5,5,2,12,3,10,5,4,B12,7,9,1,8,2,2,,8,8,1,13,4,120.61515,24.147648,2
10822,66000,387130000C,(04)23274275,(04)23288582,2025,03,27,16,49,臺中市,北屯區,0,2,0,7,2,6,50,13,7,1,5,4,6,6,4,4,4,3,4,2,13,2,9,2,1,C03,7,9,1,10,2,11,12,7,7,1,13,4,120.692205,24.169333,2
10823,66000,387130000C,(04)23274275,(04)23288582,2025,03,27,16,50,臺中市,霧峰區,0,2,0,7,3,6,50,13,9,1,5,4,6,6,4,4,9,5,5,1,13,2,8,1,1,C03,7,9,1,10,2,11,,7,7,1,12,4,120.710135,24.076649,2
10824,66000,387130000C,(04)23274275,(04)23288582,2025,03,27,16,51,臺中市,南屯區,0,0,0,7,,,50,,,,,,,,,,,,,,,,,,,B03,,,1,,2,,,8,8,1,12,4,120.611822,24.138378,3