﻿序號,縣市別代碼,機關代碼,市話,傳真,年,月,日,時,分,縣市,區,死亡數量,受傷數量,2-30,天候,道路照明設備,道路類別,道路速限,道路型態,事故位置,路面鋪裝,路面狀態,路面缺陷,障礙物,視距,號誌種類,號誌動作,分向設施,快車道或一般車道間,快慢車道間,路面邊線,事故類型及型態,受傷程度,主要傷處,保護裝備,行動電話或功能裝置,當事者區分_類別,車輛用途,當事者行動狀態,駕照狀態,駕照種類,飲酒情形,車輛撞擊部位最初,車輛撞擊部位其他,肇事因素個別,肇事因素主要,肇事逃逸,職業,共享經濟或外送平台,GPS座標X,GPS座標Y,事故類別
10825,66000,387130000C,(04)23274275,(04)23288582,2025,03,27,16,51,臺中市,霧峰區,0,0,0,7,,,50,,,,,,,,,,,,,,17,,,,,C03,,,1,,1,,,6,6,1,6,4,120.696979,24.065145,3
10826,66000,387130000C,(04)23274275,(04)23288582,2025,03,27,16,53,臺中市,南區,0,1,0,7,2,6,50,4,1,1,5,4,6,6,4,4,10,5,5,2,17,2,8,1,1,C03,7,1,1,9,2,14,,51,51,1,12,4,120.653456,24.123813,2
10827,66000,387130000C,(04)23274275,(04)23288582,2025,03,27,16,59,臺中市,北區,0,1,0,7,2,6,50,13,9,1,5,4,6,6,4,4,5,4,5,2,17,2,9,5,1,C03,7,1,1,10,2,11,,51,51,1,13,4,120.69076,24.15654,2
10828,66000,387130000C,(04)23274275,(04)23288582,2025,03,27,16,59,臺中市,北屯區,0,0,0,7,,,50,,,,,,,,,,,,,,12,,,,,A12,,,1,,2,,,40,40,1,6,4,120.684806,24.201466,3
10829,66000,387130000C,(04)23274275,(04)23288582,2025,03,27,17,1,臺中市,北屯區,0,0,0,7,,,50,,,,,,,,,,,,,,,,,,,B03,,,1,,1,,,8,8,1,12,4,120.685614,24.190618,3
10830,66000,387130000C,(04)23274275,(04)23288582,2025,03,27,17,3,臺中市,梧棲區,0,0,0,7,,,40,,,,,,,,,,,,,,13,,,,,B03,,,1,,1,,,7,7,1,6,4,120.537064,24.251236,3
10831,66000,387130000C,(04)23274275,(04)23288582,2025,03,27,17,4,臺中市,西屯區,0,1,0,7,2,6,40,13,8,1,5,4,6,6,4,4,1,4,5,2,12,2,9,2,1,C03,7,7,1,10,2,11,,35,35,1,12,4,120.643715,24.201456,2
10832,66000,387130000C,(04)23274275,(04)23288582,2025,03,27,17,4,臺中市,太平區,0,0,0,7,,,50,,,,,,,,,,,,,,17,,,,,B03,,,1,,1,,,7,7,1,12,4,120.724814,24.142031,3
10833,66000,387130000C,(04)23274275,(04)23288582,2025,03,27,17,4,臺中市,神岡區,0,1,0,7,2,6,30,3,1,1,4,4,6,6,4,4,10,5,5,2,17,2,9,2,1,C03,7,6,1,10,2,11,,14,14,1,6,4,120.70129,24.276786,2
10834,66000,387130000C,(04)23274275,(04)23288582,2025,03,27,17,6,臺中市,大肚區,0,1,0,7,2,6,50,4,1,1,5,4,6,6,1,1,10,5,5,2,16,3,10,3,1,B03,7,6,1,8,2,6,,11,11,1,6,4,120.545949,24.148597,2
10835,66000,387130000C,(04)23274275,(04)23288582,2025,03,27,17,7,臺中市,北區,0,0,0,7,,,50,,,,,,,,,,,,,,,,,,,B03,,,1,,2,,,84,84,1,12,4,120.668289,24.154324,3
10836,66000,387130000C,(04)23274275,(04)23288582,2025,03,27,17,7,臺中市,大里區,0,2,0,7,2,6,30,4,1,1,5,4,6,6,4,4,10,5,5,2,16,2,9,1,1,C04,7,5,1,10,2,12,,14,14,1,12,4,120.687891,24.112866,2
10837,66000,387130000C,(04)23274275,(04)23288582,2025,03,27,17,8,臺中市,北區,0,0,0,7,,,50,,,,,,,,,,,,,,13,,,,,C03,,,1,,1,,,84,84,1,12,4,120.680976,24.163174,3
10838,66000,387130000C,(04)23274275,(04)23288582,2025,03,27,17,8,臺中市,西屯區,0,1,0,7,2,6,50,13,9,1,5,4,6,6,4,4,5,4,5,2,11,3,10,3,1,B03,7,9,1,7,2,8,,4,4,1,12,4,120.629727,24.183585,2
10839,66000,387130000C,(04)23274275,(04)23288582,2025,03,27,17,8,臺中市,龍井區,0,0,0,6,,,60,,,,,,,,,,,,,,16,,,,,B03,,,1,,1,,,25,25,1,6,4,120.581398,24.175646,3
10840,66000,387130000C,(04)23274275,(04)23288582,2025,03,27,17,9,臺中市,西屯區,0,0,0,7,,,50,,,,,,,,,,,,,,12,,,,,C03,,,1,,1,,,8,8,1,12,4,120.647056,24.165648,4
10841,66000,387130000C,(04)23274275,(04)23288582,2025,03,27,17,10,臺中市,北區,0,0,0,7,,,50,,,,,,,,,,,,,,12,,,,,B12,,,1,,1,,,82,82,1,13,4,120.682241,24.167174,3
10842,66000,387130000C,(04)23274275,(04)23288582,2025,03,27,17,10,臺中市,神岡區,0,0,0,7,,,50,,,,,,,,,,,,,,9,,,,,B12,,,1,,4,,,53,53,1,12,4,120.656919,24.277801,3
10843,66000,387130000C,(04)23274275,(04)23288582,2025,03,27,17,11,臺中市,西屯區,0,0,0,7,,,80,,,,,,,,,,,,,,13,,,,,B03,,,1,,1,,,7,7,1,12,4,120.63221,24.170331,3
10844,66000,387130000C,(04)23274275,(04)23288582,2025,03,27,17,13,臺中市,南屯區,0,2,0,7,3,6,40,13,8,1,5,4,6,6,4,4,1,4,4,2,13,2,7,5,4,C03,7,9,1,10,2,14,,7,7,1,6,4,120.648882,24.15104,2
10845,66000,387130000C,(04)23274275,(04)23288582,2025,03,27,17,13,臺中市,烏日區,0,0,0,7,,,40,,,,,,,,,,,,,,13,,,,,B03,,,1,,1,,,7,7,1,6,4,120.615153,24.102942,3
10846,66000,387130000C,(04)23274275,(04)23288582,2025,03,27,17,15,臺中市,清水區,0,0,0,7,,,50,,,,,,,,,,,,,,,,,,,C03,,,1,,2,,,51,51,1,12,4,120.573441,24.266685,3
10847,66000,387130000C,(04)23274275,(04)23288582,2025,03,27,17,15,臺中市,大甲區,0,2,0,7,2,6,40,13,9,1,5,4,6,6,4,4,8,3,5,1,17,2,9,1,1,C03,7,11,3,19,2,11,,46,46,1,12,4,120.623608,24.340936,2
10848,66000,387130000C,(04)23274275,(04)23288582,2025,03,27,17,18,臺中市,西區,0,0,0,7,,,50,,,,,,,,,,,,,,13,,,,,B03,,,1,,1,,,7,7,1,12,4,120.676286,24.141067,3
10849,66000,387130000C,(04)23274275,(04)23288582,2025,03,27,17,18,臺中市,北區,0,1,0,7,2,6,50,13,9,1,5,4,6,6,4,4,1,4,5,2,13,2,9,1,1,C03,7,9,1,10,2,11,,7,7,1,13,4,120.67519,24.173413,2
10850,66000,387130000C,(04)23274275,(04)23288582,2025,03,27,17,19,臺中市,大甲區,0,0,0,7,,,50,,,,,,,,,,,,,,,,,,,C03,,,1,,1,,,39,39,1,6,4,120.638652,24.362418,3
10851,66000,387130000C,(04)23274275,(04)23288582,2025,03,27,17,23,臺中市,南區,0,1,0,7,2,6,50,4,1,1,5,4,6,6,2,1,10,5,5,2,17,3,10,3,1,B03,7,6,1,8,2,16,,11,11,1,12,4,120.672904,24.131305,2
10852,66000,387130000C,(04)23274275,(04)23288582,2025,03,27,17,23,臺中市,后里區,0,0,0,7,3,6,40,13,9,1,5,4,6,6,4,4,9,4,5,1,17,3,10,3,1,B12,7,13,1,4,1,6,,8,8,1,6,4,120.716429,24.307411,3
10853,66000,387130000C,(04)23274275,(04)23288582,2025,03,27,17,24,臺中市,北屯區,0,1,0,7,3,6,50,4,1,1,5,4,6,6,1,1,10,5,5,2,16,3,10,3,1,B03,7,5,1,10,2,6,,20,20,1,13,4,120.710719,24.18224,2
10854,66000,387130000C,(04)23274275,(04)23288582,2025,03,27,17,25,臺中市,西屯區,0,0,0,7,,,40,,,,,,,,,,,,,,9,,,,,B03,,,1,,2,,,59,59,1,12,4,120.643715,24.201443,3
10855,66000,387130000C,(04)23274275,(04)23288582,2025,03,27,17,26,臺中市,西屯區,0,1,0,7,2,6,50,4,1,1,5,4,6,6,2,1,10,5,5,2,12,3,10,3,4,B03,7,5,1,8,2,2,,11,11,1,12,4,120.615468,24.189164,2
10856,66000,387130000C,(04)23274275,(04)23288582,2025,03,27,17,26,臺中市,烏日區,0,2,0,7,1,6,50,4,1,1,5,4,6,6,2,1,10,5,5,2,17,2,8,1,1,C03,7,9,1,10,2,14,,39,39,1,6,4,120.614169,24.106764,2
10857,66000,387130000C,(04)23274275,(04)23288582,2025,03,27,17,26,臺中市,清水區,0,0,0,7,,,90,,,,,,,,,,,,,,30,,,,,A12,,,1,,2,,,81,81,1,13,4,120.567945,24.327809,3
10858,66000,387130000C,(04)23274275,(04)23288582,2025,03,27,17,27,臺中市,西區,0,2,0,7,3,6,50,4,4,1,5,4,6,6,1,1,10,5,5,2,13,2,9,1,1,C03,7,9,1,10,2,11,,84,84,1,12,4,120.656602,24.146904,2
10859,66000,387130000C,(04)23274275,(04)23288582,2025,03,27,17,27,臺中市,西屯區,0,1,0,7,3,6,50,4,9,1,5,4,6,6,2,1,1,4,1,2,18,2,8,1,1,C03,7,9,1,10,2,14,,59,59,1,13,4,120.655518,24.199514,2
10860,66000,387130000C,(04)23274275,(04)23288582,2025,03,27,17,30,臺中市,霧峰區,0,1,0,7,2,6,50,13,9,1,5,4,6,6,4,4,9,5,5,1,13,2,8,1,1,C03,7,9,1,10,1,11,,59,59,1,12,4,120.690381,24.057247,2
10861,66000,387130000C,(04)23274275,(04)23288582,2025,03,27,17,30,臺中市,神岡區,0,0,0,7,,,50,,,,,,,,,,,,,,17,,,,,C03,,,1,,1,,,85,85,1,6,4,120.712415,24.256813,3
10862,66000,387130000C,(04)23274275,(04)23288582,2025,03,27,17,31,臺中市,北屯區,0,0,0,7,,,50,,,,,,,,,,,,,,13,,,,,B12,,,1,,1,,,84,84,1,6,4,120.721761,24.18068,3
10863,66000,387130000C,(04)23274275,(04)23288582,2025,03,27,17,33,臺中市,北屯區,0,0,0,7,,,40,,,,,,,,,,,,,,17,,,,,B01,,,1,,2,,,50,50,1,12,4,120.716392,24.178404,3
10864,66000,387130000C,(04)23274275,(04)23288582,2025,03,27,17,34,臺中市,北屯區,0,1,0,7,2,6,50,4,1,1,5,4,6,6,4,4,4,3,4,2,15,2,9,2,1,C03,7,9,1,10,2,11,12,13,13,1,13,4,120.6784,24.174738,2
10865,66000,387130000C,(04)23274275,(04)23288582,2025,03,27,17,34,臺中市,西屯區,0,1,0,7,2,6,30,4,1,1,5,4,6,6,2,1,10,5,5,2,16,3,10,1,1,C03,7,6,1,10,2,11,,11,11,1,12,4,120.655344,24.178096,2
10866,66000,387130000C,(04)23274275,(04)23288582,2025,03,27,17,35,臺中市,梧棲區,0,1,0,7,2,6,50,13,9,1,5,4,6,6,1,1,9,4,5,1,13,3,10,3,1,B03,7,1,1,8,2,8,,51,51,1,13,4,120.544521,24.226759,2
10867,66000,387130000C,(04)23274275,(04)23288582,2025,03,27,17,37,臺中市,太平區,0,1,0,7,3,6,50,4,1,1,5,4,6,6,4,4,10,5,5,2,18,2,9,1,1,C03,7,9,1,10,2,14,,7,7,1,12,4,120.716448,24.141813,2
10868,66000,387130000C,(04)23274275,(04)23288582,2025,03,27,17,37,臺中市,太平區,0,0,0,7,,,50,,,,,,,,,,,,,,13,,,,,B12,,,1,,1,,,7,7,1,6,4,120.735777,24.133489,3
10869,66000,387130000C,(04)23274275,(04)23288582,2025,03,27,17,38,臺中市,大甲區,0,2,0,7,2,6,40,3,1,1,5,4,6,6,4,4,8,3,5,1,11,2,9,1,1,C03,7,11,3,19,2,11,,14,14,1,12,4,120.656361,24.380974,2
10870,66000,387130000C,(04)23274275,(04)23288582,2025,03,27,17,40,臺中市,東區,0,1,0,7,2,6,50,13,9,1,5,4,6,6,4,4,9,4,4,2,17,3,10,3,1,B01,7,14,1,4,2,2,,76,76,1,12,4,120.692197,24.129503,2
10871,66000,387130000C,(04)23274275,(04)23288582,2025,03,27,17,40,臺中市,沙鹿區,0,0,0,7,,,50,,,,,,,,,,,,,,,,,,,B03,,,1,,2,,,8,8,1,6,4,120.565168,24.230986,3
10872,66000,387130000C,(04)23274275,(04)23288582,2025,03,27,17,41,臺中市,南區,0,0,0,7,,,50,,,,,,,,,,,,,,12,,,,,B03,,,1,,1,,,40,40,1,13,4,120.655511,24.115382,3
10873,66000,387130000C,(04)23274275,(04)23288582,2025,03,27,17,42,臺中市,北屯區,0,2,0,7,2,6,50,4,1,1,5,4,6,6,2,1,10,5,5,2,13,2,9,1,1,C03,7,9,1,10,2,11,,7,7,1,6,4,120.692794,24.162343,2
10874,66000,387130000C,(04)23274275,(04)23288582,2025,03,27,17,43,臺中市,西屯區,0,0,0,7,,,30,,,,,,,,,,,,,,11,,,,,B03,,,1,,2,,,8,8,1,10,4,120.59633,24.194145,3
10875,66000,387130000C,(04)23274275,(04)23288582,2025,03,27,17,44,臺中市,西屯區,0,0,0,7,,,50,,,,,,,,,,,,,,13,,,,,B03,,,1,,1,,,7,7,1,13,4,120.637784,24.203331,3
10876,66000,387130000C,(04)23274275,(04)23288582,2025,03,27,17,46,臺中市,北屯區,0,1,0,7,3,6,50,3,2,1,5,4,6,6,1,1,10,5,5,2,17,3,10,3,1,B03,7,12,1,8,2,3,,60,60,1,12,4,120.70139,24.178247,2
10877,66000,387130000C,(04)23274275,(04)23288582,2025,03,27,17,49,臺中市,后里區,0,1,0,7,2,6,50,3,2,1,5,4,6,6,4,4,9,4,5,2,13,2,9,2,1,C03,7,9,1,10,2,11,,7,7,1,12,4,120.68841,24.32162,2
10878,66000,387130000C,(04)23274275,(04)23288582,2025,03,27,17,51,臺中市,南屯區,0,1,0,7,2,6,50,4,2,1,5,4,6,6,1,1,5,4,5,2,12,3,10,3,1,B03,7,5,1,8,2,5,,7,7,1,12,4,120.643921,24.13821,2
10879,66000,387130000C,(04)23274275,(04)23288582,2025,03,27,17,51,臺中市,大甲區,0,1,0,7,3,6,50,13,9,1,5,4,6,6,4,4,5,5,5,1,17,3,10,3,1,B03,7,11,1,8,2,16,,45,45,1,6,4,120.619224,24.345658,2
10880,66000,387130000C,(04)23274275,(04)23288582,2025,03,27,17,55,臺中市,南屯區,0,0,0,7,,,50,,,,,,,,,,,,,,17,,,,,B03,,,1,,1,,,51,51,1,13,4,120.641045,24.141344,3
10881,66000,387130000C,(04)23274275,(04)23288582,2025,03,27,18,0,臺中市,東區,0,0,0,7,,,50,,,,,,,,,,,,,,,,,,,B03,,,1,,9,,,84,84,1,6,4,120.701903,24.125352,3
10882,66000,387130000C,(04)23274275,(04)23288582,2025,03,27,18,0,臺中市,南屯區,0,0,0,7,,,50,,,,,,,,,,,,,,,,,,,C04,,,1,,1,,,7,7,1,6,4,120.618875,24.139591,3
10883,66000,387130000C,(04)23274275,(04)23288582,2025,03,27,18,0,臺中市,北屯區,0,2,0,7,1,6,50,3,1,1,5,4,6,6,4,4,10,5,5,2,16,2,9,2,1,C03,7,5,1,10,2,12,,47,47,1,12,4,120.730269,24.17565,2
10884,66000,387130000C,(04)23274275,(04)23288582,2025,03,27,18,2,臺中市,大肚區,0,1,0,6,1,6,50,5,1,1,5,4,6,6,2,1,10,5,5,2,16,2,9,1,1,C03,7,9,1,10,2,11,,7,7,1,6,4,120.572346,24.155758,2
10885,66000,387130000C,(04)23274275,(04)23288582,2025,03,27,18,4,臺中市,東區,0,0,0,7,,,50,,,,,,,,,,,,,,17,,,,,B03,,,1,,2,,,84,84,1,12,4,120.686529,24.134444,3
10886,66000,387130000C,(04)23274275,(04)23288582,2025,03,27,18,7,臺中市,南區,0,1,0,7,1,6,50,4,1,1,5,4,6,6,4,4,10,5,5,2,17,3,10,3,1,B03,7,9,1,8,2,2,,6,6,1,12,4,120.672725,24.125829,2
10887,66000,387130000C,(04)23274275,(04)23288582,2025,03,27,18,7,臺中市,西屯區,0,2,0,7,2,6,50,13,9,1,5,4,6,6,4,4,1,4,5,2,13,2,9,1,1,C03,7,9,1,10,2,11,,7,7,1,12,4,120.663645,24.172509,2
10888,66000,387130000C,(04)23274275,(04)23288582,2025,03,27,18,8,臺中市,北屯區,0,0,0,7,,,50,,,,,,,,,,,,,,17,,,,,B03,,,1,,1,,,14,14,1,12,4,120.720602,24.180135,3
10889,66000,387130000C,(04)23274275,(04)23288582,2025,03,27,18,12,臺中市,南屯區,0,1,0,7,1,6,50,13,9,1,5,4,6,6,4,4,5,4,5,2,17,3,10,5,4,B02,7,1,1,8,2,8,,51,51,1,6,4,120.634316,24.15853,2
10890,66000,387130000C,(04)23274275,(04)23288582,2025,03,27,18,13,臺中市,北屯區,0,0,0,7,,,50,,,,,,,,,,,,,,17,,,,,B12,,,1,,1,,,84,84,1,13,4,120.699441,24.170222,4
10891,66000,387130000C,(04)23274275,(04)23288582,2025,03,27,18,14,臺中市,西屯區,0,0,0,7,,,50,,,,,,,,,,,,,,35,,,,,B03,,,1,,1,,,45,45,1,12,4,120.614022,24.174996,3
10892,66000,387130000C,(04)23274275,(04)23288582,2025,03,27,18,20,臺中市,沙鹿區,0,0,0,7,,,50,,,,,,,,,,,,,,13,,,,,B12,,,1,,1,,,84,84,1,6,4,120.5632,24.234545,3
10893,66000,387130000C,(04)23274275,(04)23288582,2025,03,27,18,24,臺中市,西屯區,0,1,0,7,1,6,50,3,1,1,5,4,6,6,2,1,10,5,5,2,13,2,9,2,1,C03,7,9,1,10,2,11,,7,7,1,12,4,120.649533,24.171787,2
10894,66000,387130000C,(04)23274275,(04)23288582,2025,03,27,18,25,臺中市,西區,0,1,0,7,1,6,50,3,9,1,5,4,6,6,4,4,5,4,5,2,17,3,10,3,1,B03,7,5,1,8,2,3,,14,14,1,12,4,120.67336,24.136286,2
10895,66000,387130000C,(04)23274275,(04)23288582,2025,03,27,18,26,臺中市,潭子區,0,2,0,7,1,6,50,4,1,1,5,4,6,6,2,1,10,5,5,2,16,2,7,2,1,C03,7,6,1,10,2,11,,11,11,1,12,4,120.701601,24.20724,2
10896,66000,387130000C,(04)23274275,(04)23288582,2025,03,27,18,26,臺中市,西屯區,0,1,0,7,1,6,40,3,1,1,5,4,6,6,2,1,10,5,5,2,12,2,9,2,1,C02,7,8,1,9,2,11,,40,40,1,12,4,120.639074,24.168966,2
10897,66000,387130000C,(04)23274275,(04)23288582,2025,03,27,18,30,臺中市,南屯區,0,0,0,7,1,6,30,13,9,1,5,4,6,6,4,4,10,5,5,2,12,,,,,B03,,,1,,1,,,8,8,1,12,4,120.63923,24.148751,3
10898,66000,387130000C,(04)23274275,(04)23288582,2025,03,27,18,33,臺中市,中區,0,0,0,7,,,50,,,,,,,,,,,,,,13,,,,,B03,,,1,,1,,,7,7,1,12,4,120.680928,24.143632,3
10899,66000,387130000C,(04)23274275,(04)23288582,2025,03,27,18,33,臺中市,南區,0,0,0,7,,,30,,,,,,,,,,,,,,17,,,,,,,,,,,,,119,119,1,,,120.672549,24.129604,3
10900,66000,387130000C,(04)23274275,(04)23288582,2025,03,27,18,33,臺中市,烏日區,0,0,0,7,1,6,50,13,8,1,5,4,6,6,4,4,5,4,4,2,14,3,10,3,1,B03,7,2,1,8,2,6,,49,49,1,6,4,120.641528,24.110469,3
10901,66000,387130000C,(04)23274275,(04)23288582,2025,03,27,18,34,臺中市,大雅區,0,0,0,7,,,60,,,,,,,,,,,,,,12,,,,,B03,,,1,,2,,,40,40,1,13,4,120.646674,24.222471,3
10902,66000,387130000C,(04)23274275,(04)23288582,2025,03,27,18,35,臺中市,太平區,0,1,0,7,1,6,50,13,9,1,5,4,6,6,4,4,9,5,5,2,12,3,10,3,1,B03,7,4,1,8,2,2,,1,1,1,12,4,120.724158,24.14813,2
10903,66000,387130000C,(04)23274275,(04)23288582,2025,03,27,18,35,臺中市,太平區,0,0,0,7,,,50,,,,,,,,,,,,,,16,,,,,C03,,,1,,2,,,47,47,1,12,4,120.711723,24.154401,3
10904,66000,387130000C,(04)23274275,(04)23288582,2025,03,27,18,38,臺中市,北屯區,0,0,0,7,,,50,,,,,,,,,,,,,,12,,,,,B03,,,1,,2,,,41,41,1,6,4,120.667132,24.184866,3
10905,66000,387130000C,(04)23274275,(04)23288582,2025,03,27,18,39,臺中市,南區,0,1,0,7,1,6,50,13,9,1,5,4,6,6,4,4,1,4,5,2,13,2,8,1,1,C03,7,9,1,10,2,11,,59,59,1,12,4,120.64569,24.111847,2
10906,66000,387130000C,(04)23274275,(04)23288582,2025,03,27,18,44,臺中市,西屯區,0,1,0,7,1,6,50,4,4,1,5,4,6,6,2,1,1,4,5,2,13,3,10,1,1,C03,7,9,1,10,2,11,,59,59,1,12,4,120.624913,24.181892,2
10907,66000,387130000C,(04)23274275,(04)23288582,2025,03,27,18,45,臺中市,太平區,0,0,0,7,1,3,80,,,,,,,,,,,,,,,,,,,B03,,,1,,2,1,,59,59,1,12,4,120.717549,24.157559,3
10908,66000,387130000C,(04)23274275,(04)23288582,2025,03,27,18,48,臺中市,北區,0,0,0,7,,,50,,,,,,,,,,,,,,,,,,,B03,,,1,,2,,,8,8,1,12,4,120.677055,24.163093,3
10909,66000,387130000C,(04)23274275,(04)23288582,2025,03,27,19,9,臺中市,大安區,0,2,0,7,1,6,50,13,9,1,5,4,6,6,4,4,9,5,5,1,17,2,9,5,4,C03,7,11,1,10,2,14,,45,45,1,7,4,120.585036,24.35638,2
10910,66000,387130000C,(04)23274275,(04)23288582,2025,03,27,19,16,臺中市,大雅區,0,0,0,7,,,50,,,,,,,,,,,,,,,,,,,B03,,,1,,2,,,40,40,1,13,4,120.651467,24.209392,3
10911,66000,387130000C,(04)23274275,(04)23288582,2025,03,27,19,16,臺中市,沙鹿區,0,1,0,7,1,6,50,3,2,1,5,4,6,6,4,4,5,5,4,2,16,3,10,3,1,B03,7,1,1,8,2,8,,51,51,1,6,4,120.555389,24.223037,2
10912,66000,387130000C,(04)23274275,(04)23288582,2025,03,27,19,17,臺中市,西區,0,0,0,7,,,50,,,,,,,,,,,,,,,,,,,B03,,,1,,2,,,84,84,1,6,4,120.662649,24.161017,3
10913,66000,387130000C,(04)23274275,(04)23288582,2025,03,27,19,25,臺中市,太平區,0,2,0,7,1,6,50,13,9,1,5,4,6,6,4,4,5,5,5,2,13,2,7,2,1,C02,7,12,1,10,2,15,,7,7,1,10,4,120.732508,24.142259,2
10914,66000,387130000C,(04)23274275,(04)23288582,2025,03,27,19,29,臺中市,沙鹿區,0,1,0,7,1,6,40,3,1,1,5,4,6,6,2,1,10,5,5,2,16,3,10,3,1,B03,7,5,1,8,2,2,,47,47,1,6,4,120.58039,24.219624,2
10915,66000,387130000C,(04)23274275,(04)23288582,2025,03,27,19,30,臺中市,沙鹿區,0,3,0,7,1,6,50,13,9,1,5,4,6,6,4,4,9,5,5,2,2,2,9,2,1,C03,7,9,1,10,2,11,,59,59,1,6,4,120.556895,24.208583,2
10916,66000,387130000C,(04)23274275,(04)23288582,2025,03,27,19,32,臺中市,北屯區,0,0,0,7,,,30,,,,,,,,,,,,,,,,,,,H01,,,7,,2,,,109,109,1,12,5,120.69739,24.178054,3
10917,66000,387130000C,(04)23274275,(04)23288582,2025,03,27,19,34,臺中市,北屯區,0,0,0,7,,,50,,,,,,,,,,,,,,12,,,,,B03,,,3,,2,,,8,8,1,13,4,120.738145,24.178367,3
10918,66000,387130000C,(04)23274275,(04)23288582,2025,03,27,19,42,臺中市,南屯區,0,0,0,7,,,50,,,,,,,,,,,,,,12,,,,,B03,,,1,,1,,,50,50,1,12,4,120.645315,24.137151,3
10919,66000,387130000C,(04)23274275,(04)23288582,2025,03,27,19,49,臺中市,西屯區,0,0,0,7,1,6,30,13,9,1,5,4,6,6,4,4,10,5,5,1,13,3,10,2,4,C03,7,9,1,10,1,11,,7,7,1,12,4,120.618756,24.175327,3
10920,66000,387130000C,(04)23274275,(04)23288582,2025,03,27,19,50,臺中市,北區,0,0,0,7,,,50,,,,,,,,,,,,,,13,,,,,B03,,,1,,1,,,59,59,1,13,4,120.67719,24.151479,3
10921,66000,387130000C,(04)23274275,(04)23288582,2025,03,27,19,50,臺中市,霧峰區,0,0,0,7,,,50,,,,,,,,,,,,,,13,,,,,B03,,,1,,2,,,58,58,1,12,4,120.699406,24.071803,3
10922,66000,387130000C,(04)23274275,(04)23288582,2025,03,27,19,52,臺中市,北區,0,2,0,7,1,6,50,4,2,1,5,4,6,6,4,4,5,5,5,2,17,2,9,1,1,C03,7,1,1,10,2,14,,51,51,1,12,4,120.683453,24.160392,2
10923,66000,387130000C,(04)23274275,(04)23288582,2025,03,27,19,56,臺中市,沙鹿區,0,0,0,7,,,50,,,,,,,,,,,,,,,,,,,B03,,,1,,1,,,40,40,1,6,4,120.5522,24.215276,3
10924,66000,387130000C,(04)23274275,(04)23288582,2025,03,27,19,57,臺中市,西區,0,1,0,7,1,6,50,13,7,1,5,4,6,6,4,4,5,4,4,2,13,2,8,1,1,C03,7,9,1,10,2,11,,7,7,1,12,4,120.663469,24.157329,2
10925,66000,387130000C,(04)23274275,(04)23288582,2025,03,27,20,6,臺中市,西區,0,0,0,7,1,6,50,13,9,1,5,4,6,6,4,4,4,2,5,2,12,,,,,B03,,,1,,1,,,50,50,1,13,4,120.661832,24.157564,3
10926,66000,387130000C,(04)23274275,(04)23288582,2025,03,27,20,14,臺中市,西屯區,0,1,0,7,2,6,50,13,9,1,5,4,6,6,4,4,1,4,5,2,18,2,9,5,4,C03,7,9,1,10,2,12,,59,59,1,12,4,120.652686,24.196654,2
10927,66000,387130000C,(04)23274275,(04)23288582,2025,03,27,20,15,臺中市,南屯區,0,2,0,7,1,6,50,4,1,1,5,4,6,6,3,1,10,5,5,2,12,2,9,2,4,C03,7,9,1,10,2,14,12,8,8,1,13,4,120.634143,24.144277,2
10928,66000,387130000C,(04)23274275,(04)23288582,2025,03,27,20,26,臺中市,東勢區,0,2,0,7,1,6,50,5,2,1,5,4,6,6,4,4,9,4,5,1,10,2,9,5,4,C03,7,9,1,10,2,11,,39,39,1,12,4,120.823709,24.265822,2
10929,66000,387130000C,(04)23274275,(04)23288582,2025,03,27,20,31,臺中市,西屯區,0,1,0,7,1,6,50,13,9,1,5,4,6,6,4,4,1,4,4,2,16,3,10,3,1,B03,7,5,1,8,2,5,,20,20,1,12,4,120.641959,24.164536,2
10930,66000,387130000C,(04)23274275,(04)23288582,2025,03,27,20,34,臺中市,霧峰區,0,0,0,7,,6,40,,,,,,,,,,,,,,17,,,,,F03,,,7,21,2,,,84,84,1,13,4,120.691695,24.042903,3
10931,66000,387130000C,(04)23274275,(04)23288582,2025,03,27,20,42,臺中市,大雅區,0,0,0,7,,,30,,,,,,,,,,,,,,,,,,,C03,,,1,,1,,,77,77,1,12,4,120.652669,24.226445,3
10932,66000,387130000C,(04)23274275,(04)23288582,2025,03,27,20,44,臺中市,南區,0,1,0,7,1,6,50,4,2,1,5,4,6,6,4,4,10,5,5,2,12,3,10,3,1,B03,7,9,1,8,2,1,,13,13,1,13,4,120.670594,24.126252,2
10933,66000,387130000C,(04)23274275,(04)23288582,2025,03,27,20,49,臺中市,西屯區,0,0,0,7,,,50,,,,,,,,,,,,,,16,,,,,B03,,,1,,2,,,11,11,1,13,4,120.64574,24.170086,3
10934,66000,387130000C,(04)23274275,(04)23288582,2025,03,27,20,50,臺中市,龍井區,0,1,0,6,1,6,50,5,1,1,5,4,6,6,1,1,10,5,5,2,17,2,9,1,1,F03,7,9,7,21,2,11,,6,6,1,4,4,120.573431,24.185513,2
10935,66000,387130000C,(04)23274275,(04)23288582,2025,03,27,20,50,臺中市,神岡區,0,1,0,7,1,6,50,3,1,1,5,4,6,6,1,1,10,5,5,2,16,3,10,5,4,B03,7,5,1,8,2,6,,84,84,1,12,4,120.704874,24.261555,2