﻿序號,縣市別代碼,機關代碼,市話,傳真,年,月,日,時,分,縣市,區,死亡數量,受傷數量,2-30,天候,道路照明設備,道路類別,道路速限,道路型態,事故位置,路面鋪裝,路面狀態,路面缺陷,障礙物,視距,號誌種類,號誌動作,分向設施,快車道或一般車道間,快慢車道間,路面邊線,事故類型及型態,受傷程度,主要傷處,保護裝備,行動電話或功能裝置,當事者區分_類別,車輛用途,當事者行動狀態,駕照狀態,駕照種類,飲酒情形,車輛撞擊部位最初,車輛撞擊部位其他,肇事因素個別,肇事因素主要,肇事逃逸,職業,共享經濟或外送平台,GPS座標X,GPS座標Y,事故類別
11046,66000,387130000C,(04)23274275,(04)23288582,2025,03,28,8,52,臺中市,太平區,0,0,0,7,,,50,,,,,,,,,,,,,,14,,,,,B12,,,1,,2,,,49,49,1,12,4,120.70343,24.112888,3
11047,66000,387130000C,(04)23274275,(04)23288582,2025,03,28,8,54,臺中市,豐原區,0,2,0,6,2,6,50,11,9,1,5,4,6,6,4,4,5,2,5,2,13,2,8,1,1,C03,7,9,1,10,2,11,,84,84,1,13,4,120.719538,24.260521,2
11048,66000,387130000C,(04)23274275,(04)23288582,2025,03,28,8,55,臺中市,潭子區,0,0,0,7,,,50,,,,,,,,,,,,,,30,,,,,B11,,,1,,2,,,78,78,1,13,4,120.721928,24.203658,3
11049,66000,387130000C,(04)23274275,(04)23288582,2025,03,28,8,55,臺中市,龍井區,0,1,0,7,2,6,50,13,9,1,5,4,6,6,1,1,5,5,5,2,30,2,1,5,4,C03,7,14,1,10,2,15,,54,54,1,12,4,120.582457,24.177778,2
11050,66000,387130000C,(04)23274275,(04)23288582,2025,03,28,8,59,臺中市,霧峰區,0,0,0,7,,,50,,,,,,,,,,,,,,,,,,,B12,,,1,,2,,,8,8,1,12,4,120.674903,24.053811,3
11051,66000,387130000C,(04)23274275,(04)23288582,2025,03,28,8,59,臺中市,清水區,0,0,0,7,,,70,,,,,,,,,,,,,,13,,,,,B03,,,1,,1,,,59,59,1,13,4,120.591179,24.296296,3
11052,66000,387130000C,(04)23274275,(04)23288582,2025,03,28,9,0,臺中市,梧棲區,0,0,0,7,,,30,,,,,,,,,,,,,,20,,,,,B03,,,1,,1,,,50,50,1,6,4,120.541189,24.262047,3
11053,66000,387130000C,(04)23274275,(04)23288582,2025,03,28,9,0,臺中市,豐原區,0,2,0,7,1,6,50,13,9,1,5,4,6,6,4,4,1,4,5,1,17,2,9,2,4,C03,7,9,1,10,2,11,,59,59,1,12,4,120.710715,24.238039,2
11054,66000,387130000C,(04)23274275,(04)23288582,2025,03,28,9,1,臺中市,北屯區,0,0,0,7,,,50,,,,,,,,,,,,,,12,,,,,B03,,,1,,1,,,39,39,1,6,4,120.693552,24.180926,4
11055,66000,387130000C,(04)23274275,(04)23288582,2025,03,28,9,3,臺中市,大里區,0,1,0,7,2,6,50,4,1,1,5,4,6,6,1,1,5,5,4,1,18,2,9,1,1,C03,7,6,1,10,2,12,,84,84,1,13,4,120.674849,24.109371,2
11056,66000,387130000C,(04)23274275,(04)23288582,2025,03,28,9,6,臺中市,梧棲區,0,1,0,7,3,6,50,13,12,1,5,4,6,6,4,4,1,4,4,1,30,,,,,,,,,,,,,119,119,1,,,120.54716,24.254853,2
11057,66000,387130000C,(04)23274275,(04)23288582,2025,03,28,9,8,臺中市,霧峰區,0,0,0,7,,,50,,,,,,,,,,,,,,17,,,,,B03,,,1,,2,,,1,1,1,12,4,120.685797,24.029328,3
11058,66000,387130000C,(04)23274275,(04)23288582,2025,03,28,9,9,臺中市,西屯區,0,2,0,7,2,6,40,3,2,1,5,4,6,6,4,4,10,4,4,2,17,2,9,1,1,C03,7,15,1,10,2,12,,4,4,1,13,4,120.637405,24.173878,2
11059,66000,387130000C,(04)23274275,(04)23288582,2025,03,28,9,10,臺中市,太平區,0,1,0,7,3,6,50,4,1,1,5,4,6,6,1,1,5,5,5,1,16,3,10,3,1,B03,7,5,1,8,2,2,,11,11,1,12,4,120.718129,24.116896,2
11060,66000,387130000C,(04)23274275,(04)23288582,2025,03,28,9,12,臺中市,北屯區,0,0,0,7,,,40,,,,,,,,,,,,,,,,,,,C03,,,1,,1,,,7,7,1,6,4,120.685148,24.170501,3
11061,66000,387130000C,(04)23274275,(04)23288582,2025,03,28,9,12,臺中市,大甲區,0,1,0,7,3,6,50,3,9,1,5,4,5,6,4,4,5,4,5,1,17,2,9,1,1,C03,7,6,3,19,2,14,,8,8,1,12,4,120.661356,24.385749,2
11062,66000,387130000C,(04)23274275,(04)23288582,2025,03,28,9,15,臺中市,西屯區,0,0,0,7,,,50,,,,,,,,,,,,,,,,,,,B02,,,1,,1,,,47,47,1,12,4,120.650297,24.163835,3
11063,66000,387130000C,(04)23274275,(04)23288582,2025,03,28,9,15,臺中市,西屯區,0,1,0,7,2,6,40,13,8,1,5,4,6,6,1,1,1,4,5,2,12,3,10,5,4,B03,7,7,1,8,2,2,,40,40,1,12,4,120.639414,24.188611,2
11064,66000,387130000C,(04)23274275,(04)23288582,2025,03,28,9,20,臺中市,西屯區,0,1,0,7,2,6,40,13,8,1,5,4,6,6,4,4,1,5,1,2,13,2,9,5,4,C03,7,9,1,10,2,15,,7,7,1,13,4,120.618831,24.181511,2
11065,66000,387130000C,(04)23274275,(04)23288582,2025,03,28,9,20,臺中市,大肚區,0,1,0,7,2,6,30,4,1,1,5,4,6,6,4,4,10,5,5,2,16,2,9,1,1,C03,7,5,3,19,2,11,,47,47,1,12,4,120.547786,24.150642,2
11066,66000,387130000C,(04)23274275,(04)23288582,2025,03,28,9,25,臺中市,霧峰區,0,3,0,6,2,6,50,3,1,1,5,4,6,6,4,4,10,5,5,1,17,2,9,1,1,C03,7,9,1,10,2,11,,7,7,1,13,4,120.700596,24.066449,2
11067,66000,387130000C,(04)23274275,(04)23288582,2025,03,28,9,25,臺中市,大里區,0,0,0,7,,,,,,,,,,,,,,,,,30,,,,,,,,,,,,,119,119,1,,,120.677102,24.112652,3
11068,66000,387130000C,(04)23274275,(04)23288582,2025,03,28,9,28,臺中市,西區,0,1,0,7,3,6,50,4,1,1,5,4,6,6,1,1,10,5,5,2,13,2,7,1,1,C03,7,9,1,10,1,11,,84,84,1,6,4,120.657375,24.146713,2
11069,66000,387130000C,(04)23274275,(04)23288582,2025,03,28,9,32,臺中市,太平區,0,0,0,7,,,50,,,,,,,,,,,,,,14,,,,,B03,,,1,,2,,,50,50,1,12,4,120.720135,24.15654,3
11070,66000,387130000C,(04)23274275,(04)23288582,2025,03,28,9,32,臺中市,清水區,0,1,0,7,2,6,70,3,1,1,5,4,6,6,4,4,1,2,4,1,16,3,10,3,1,B02,7,5,1,8,2,2,,14,14,1,13,4,120.574913,24.277749,2
11071,66000,387130000C,(04)23274275,(04)23288582,2025,03,28,9,34,臺中市,中區,0,0,0,7,,,50,,,,,,,,,,,,,,,,,,,B03,,,1,8,2,,,39,39,1,13,4,120.679819,24.14075,3
11072,66000,387130000C,(04)23274275,(04)23288582,2025,03,28,9,36,臺中市,西屯區,0,2,0,7,2,6,30,4,1,1,5,4,6,6,4,4,10,5,5,2,15,2,9,5,4,C03,7,9,1,10,2,12,,12,12,1,13,4,120.605465,24.186471,2
11073,66000,387130000C,(04)23274275,(04)23288582,2025,03,28,9,40,臺中市,西屯區,0,0,0,7,,,50,,,,,,,,,,,,,,17,,,,,B03,,,1,,1,,,8,8,1,13,4,120.627477,24.201296,3
11074,66000,387130000C,(04)23274275,(04)23288582,2025,03,28,9,41,臺中市,西屯區,0,1,0,7,2,6,40,13,8,1,5,4,6,6,2,1,1,5,1,2,13,3,10,5,4,B03,7,6,1,8,1,1,,7,7,1,13,4,120.62904,24.163157,2
11075,66000,387130000C,(04)23274275,(04)23288582,2025,03,28,9,44,臺中市,神岡區,0,0,0,7,,,50,,,,,,,,,,,,,,16,,,,,B03,,,1,,2,,,51,51,1,12,4,120.696418,24.248573,3
11076,66000,387130000C,(04)23274275,(04)23288582,2025,03,28,9,50,臺中市,龍井區,0,0,0,7,,,50,,,,,,,,,,,,,,,,,,,B03,,,1,,2,,,85,85,1,12,4,120.583567,24.180384,3
11077,66000,387130000C,(04)23274275,(04)23288582,2025,03,28,9,50,臺中市,豐原區,0,0,0,7,,,50,,,,,,,,,,,,,,17,,,,,B03,,,1,,2,,,50,50,1,13,4,120.709271,24.249781,3
11078,66000,387130000C,(04)23274275,(04)23288582,2025,03,28,9,51,臺中市,南屯區,0,0,0,7,,,60,,,,,,,,,,,,,,17,,,,,B03,,,1,,1,,,51,51,1,6,4,120.652125,24.129725,3
11079,66000,387130000C,(04)23274275,(04)23288582,2025,03,28,9,53,臺中市,潭子區,0,0,0,7,,,50,,,,,,,,,,,,,,12,,,,,B12,,,1,,1,,,84,84,1,13,4,120.686568,24.210409,3
11080,66000,387130000C,(04)23274275,(04)23288582,2025,03,28,9,53,臺中市,太平區,0,0,0,7,,,50,,,,,,,,,,,,,,,,,,,B03,,,1,,1,,,84,84,1,12,4,120.737446,24.131756,3
11081,66000,387130000C,(04)23274275,(04)23288582,2025,03,28,9,54,臺中市,梧棲區,0,1,0,7,3,6,50,4,1,1,5,4,6,6,1,1,10,5,5,2,16,3,10,3,1,B03,7,5,1,8,2,5,,47,47,1,6,4,120.534615,24.246471,2
11082,66000,387130000C,(04)23274275,(04)23288582,2025,03,28,9,55,臺中市,大里區,0,2,0,7,1,6,0,3,1,1,5,4,6,6,4,4,10,5,5,2,17,2,9,1,1,C03,7,1,1,10,2,14,,51,51,1,13,4,120.72993,24.089065,2
11083,66000,387130000C,(04)23274275,(04)23288582,2025,03,28,9,58,臺中市,南屯區,0,0,0,7,,,50,,,,,,,,,,,,,,13,,,,,A12,,,1,,2,,,56,56,1,6,4,120.612201,24.150538,3
11084,66000,387130000C,(04)23274275,(04)23288582,2025,03,28,10,0,臺中市,沙鹿區,0,2,0,7,2,6,40,13,8,1,5,4,6,6,4,4,1,4,1,1,16,3,10,3,1,B03,7,5,1,8,2,2,,47,47,1,12,4,120.575156,24.227989,2
11085,66000,387130000C,(04)23274275,(04)23288582,2025,03,28,10,8,臺中市,大雅區,0,0,0,7,,,50,,,,,,,,,,,,,,13,,,,,B03,,,1,,1,,,84,84,1,13,4,120.647806,24.21571,3
11086,66000,387130000C,(04)23274275,(04)23288582,2025,03,28,10,9,臺中市,東區,0,0,0,7,,,50,,,,,,,,,,,,,,13,,,,,B02,,,1,,1,,,84,84,1,13,4,120.695061,24.136935,3
11087,66000,387130000C,(04)23274275,(04)23288582,2025,03,28,10,14,臺中市,西屯區,0,1,0,7,1,6,30,3,1,1,5,4,6,6,1,1,10,5,5,1,12,3,10,2,1,C03,7,5,1,10,2,13,,47,47,1,12,4,120.64821,24.181938,2
11088,66000,387130000C,(04)23274275,(04)23288582,2025,03,28,10,15,臺中市,沙鹿區,0,1,0,7,2,6,60,3,7,1,5,4,6,6,1,1,1,3,1,1,13,3,10,3,1,B03,7,9,1,8,2,5,,7,7,1,12,4,120.60079,24.249871,2
11089,66000,387130000C,(04)23274275,(04)23288582,2025,03,28,10,16,臺中市,西屯區,0,0,0,7,,,50,,,,,,,,,,,,,,12,,,,,B11,,,1,,1,,,42,42,1,12,4,120.634965,24.176521,3
11090,66000,387130000C,(04)23274275,(04)23288582,2025,03,28,10,19,臺中市,西屯區,0,1,0,7,2,6,50,13,9,1,5,4,6,6,4,4,10,4,5,2,13,2,9,1,1,C03,7,9,1,10,2,11,,7,7,1,13,4,120.624683,24.181877,2
11091,66000,387130000C,(04)23274275,(04)23288582,2025,03,28,10,24,臺中市,大里區,0,2,0,7,2,6,50,4,1,1,5,4,6,6,2,1,10,5,5,2,16,2,9,1,1,C03,7,6,1,10,2,14,,23,23,1,12,4,120.677511,24.104786,2
11092,66000,387130000C,(04)23274275,(04)23288582,2025,03,28,10,27,臺中市,北屯區,0,0,0,7,,,50,,,,,,,,,,,,,,12,,,,,B03,,,1,8,1,,,8,8,1,6,4,120.694533,24.183404,3
11093,66000,387130000C,(04)23274275,(04)23288582,2025,03,28,10,32,臺中市,東區,0,1,0,7,3,6,50,13,9,1,5,4,6,6,2,1,1,5,5,2,18,2,9,2,1,C03,7,9,1,10,2,16,,84,84,1,6,4,120.68613,24.135834,2
11094,66000,387130000C,(04)23274275,(04)23288582,2025,03,28,10,33,臺中市,豐原區,0,0,0,7,,,50,,,,,,,,,,,,,,14,,,,,C03,,,1,,2,,,84,84,1,12,4,120.721999,24.253983,3
11095,66000,387130000C,(04)23274275,(04)23288582,2025,03,28,10,37,臺中市,沙鹿區,0,0,0,7,,,50,,,,,,,,,,,,,,12,,,,,B03,,,1,,1,,,85,85,1,12,4,120.557654,24.23481,3
11096,66000,387130000C,(04)23274275,(04)23288582,2025,03,28,10,38,臺中市,南屯區,0,0,0,7,3,6,50,13,7,1,5,4,6,6,1,1,5,5,4,2,13,,,,,B03,,,1,,1,,,7,7,1,12,4,120.649773,24.153607,3
11097,66000,387130000C,(04)23274275,(04)23288582,2025,03,28,10,40,臺中市,南屯區,0,0,0,7,,,50,,,,,,,,,,,,,,,,,,,C03,,,1,,1,,,7,7,1,13,4,120.646564,24.134687,3
11098,66000,387130000C,(04)23274275,(04)23288582,2025,03,28,10,41,臺中市,大雅區,0,1,0,7,2,6,50,13,14,1,5,4,6,6,4,4,5,4,5,1,17,2,9,2,1,C03,7,9,1,10,8,11,,53,53,1,13,4,120.649471,24.227097,2
11099,66000,387130000C,(04)23274275,(04)23288582,2025,03,28,10,44,臺中市,霧峰區,0,0,0,7,,,50,,,,,,,,,,,,,,,,,,,C03,,,1,,2,,,7,7,1,12,4,120.701264,24.067076,3
11100,66000,387130000C,(04)23274275,(04)23288582,2025,03,28,10,55,臺中市,大雅區,0,1,0,7,2,6,70,13,8,1,5,4,6,6,4,4,1,4,4,1,9,3,10,3,1,A02,7,1,1,2,2,16,,84,84,1,12,4,120.627263,24.242384,2
11101,66000,387130000C,(04)23274275,(04)23288582,2025,03,28,10,55,臺中市,梧棲區,0,3,0,7,3,6,0,18,21,4,5,4,6,6,4,4,10,5,5,2,15,2,9,1,1,C03,7,9,1,10,2,11,,59,59,1,6,4,120.541976,24.24617,2
11102,66000,387130000C,(04)23274275,(04)23288582,2025,03,28,10,55,臺中市,豐原區,0,0,0,7,,,50,,,,,,,,,,,,,,13,,,,,B03,,,1,,2,,,8,8,1,13,4,120.74381,24.26437,3
11103,66000,387130000C,(04)23274275,(04)23288582,2025,03,28,10,58,臺中市,太平區,0,0,0,7,,,50,,,,,,,,,,,,,,17,,,,,B12,,,1,,2,,,75,75,1,12,4,120.705059,24.159478,3
11104,66000,387130000C,(04)23274275,(04)23288582,2025,03,28,11,2,臺中市,東區,0,0,0,7,,,50,,,,,,,,,,,,,,13,,,,,B03,,,1,,1,,,7,7,1,6,4,120.704291,24.129991,3
11105,66000,387130000C,(04)23274275,(04)23288582,2025,03,28,11,7,臺中市,北屯區,0,1,0,7,2,6,50,13,8,1,5,4,6,6,4,4,1,4,5,2,17,3,10,3,1,B12,7,4,1,8,2,2,,85,85,1,12,4,120.686989,24.171667,2
11106,66000,387130000C,(04)23274275,(04)23288582,2025,03,28,11,12,臺中市,霧峰區,0,0,0,7,,,50,,,,,,,,,,,,,,13,,,,,C03,,,1,,2,,,87,87,1,12,4,120.698888,24.066065,3
11107,66000,387130000C,(04)23274275,(04)23288582,2025,03,28,11,12,臺中市,豐原區,0,0,0,7,,,50,,,,,,,,,,,,,,17,,,,,B03,,,1,,2,,,45,45,1,12,4,120.717281,24.241608,3
11108,66000,387130000C,(04)23274275,(04)23288582,2025,03,28,11,13,臺中市,太平區,0,0,0,7,,,50,,,,,,,,,,,,,,17,,,,,A12,,,1,,2,,,78,78,1,13,4,120.72086,24.133835,3
11109,66000,387130000C,(04)23274275,(04)23288582,2025,03,28,11,20,臺中市,西屯區,0,0,0,7,,,50,,,,,,,,,,,,,,,,,,,C03,,,1,,1,,,50,50,1,12,4,120.666747,24.174902,4
11110,66000,387130000C,(04)23274275,(04)23288582,2025,03,28,11,22,臺中市,北區,0,0,0,7,,,50,,,,,,,,,,,,,,14,,,,,B12,,,1,,2,,,49,49,1,13,4,120.681918,24.153835,3
11111,66000,387130000C,(04)23274275,(04)23288582,2025,03,28,11,22,臺中市,烏日區,0,2,0,7,2,6,50,13,9,1,5,4,3,3,4,4,9,5,5,2,17,2,9,5,4,C03,7,1,1,10,2,11,,51,51,1,13,4,120.593178,24.112337,2
11112,66000,387130000C,(04)23274275,(04)23288582,2025,03,28,11,25,臺中市,大雅區,0,0,0,7,,,50,,,,,,,,,,,,,,,,,,,C03,,,1,,1,,,7,7,1,12,4,120.650078,24.222145,3
11113,66000,387130000C,(04)23274275,(04)23288582,2025,03,28,11,25,臺中市,南區,0,0,0,7,,,50,,,,,,,,,,,,,,,,,,,A12,,,1,,2,,,84,84,1,6,4,120.65245,24.10776,3
11114,66000,387130000C,(04)23274275,(04)23288582,2025,03,28,11,26,臺中市,西屯區,0,1,0,7,2,6,40,3,1,1,5,4,6,6,2,1,10,5,5,2,16,2,9,5,4,C03,7,9,1,10,2,11,,21,21,1,13,4,120.64332,24.15993,2
11115,66000,387130000C,(04)23274275,(04)23288582,2025,03,28,11,26,臺中市,大里區,0,0,0,7,2,6,50,3,1,1,5,4,6,6,4,4,5,5,5,2,16,,,,,B03,,,1,,1,,,14,14,1,13,4,120.681802,24.106036,3
11116,66000,387130000C,(04)23274275,(04)23288582,2025,03,28,11,28,臺中市,西屯區,0,1,0,7,2,6,50,5,1,1,5,4,6,6,1,1,8,4,4,1,16,3,10,5,4,B03,7,5,1,8,2,2,,84,84,1,13,4,120.665366,24.166799,2
11117,66000,387130000C,(04)23274275,(04)23288582,2025,03,28,11,37,臺中市,西屯區,0,0,0,7,,,60,,,,,,,,,,,,,,,,,,,A11,,,1,,9,,,8,8,1,12,4,120.623932,24.178549,3
11118,66000,387130000C,(04)23274275,(04)23288582,2025,03,28,11,41,臺中市,豐原區,0,1,0,7,2,6,50,3,2,1,5,4,6,6,4,4,5,5,4,2,13,2,8,1,1,C03,7,9,1,10,2,11,12,7,7,1,13,4,120.72442,24.246913,2
11119,66000,387130000C,(04)23274275,(04)23288582,2025,03,28,11,43,臺中市,南屯區,0,0,0,7,,,50,,,,,,,,,,,,,,13,,,,,B03,,,1,,1,,,56,56,1,12,4,120.645943,24.12891,3
11120,66000,387130000C,(04)23274275,(04)23288582,2025,03,28,11,45,臺中市,清水區,0,0,0,7,3,6,50,13,9,1,5,4,6,6,4,4,9,4,5,2,16,3,10,3,1,B03,7,6,1,8,2,8,,20,20,1,12,4,120.574018,24.268413,3
11121,66000,387130000C,(04)23274275,(04)23288582,2025,03,28,11,46,臺中市,梧棲區,0,2,0,7,2,6,50,4,1,1,5,4,6,6,4,4,10,5,5,2,13,3,10,2,1,C04,7,9,1,10,2,11,,7,7,1,12,4,120.558118,24.242203,2
11122,66000,387130000C,(04)23274275,(04)23288582,2025,03,28,11,49,臺中市,大甲區,0,1,0,7,2,6,40,13,8,1,5,4,6,6,4,4,8,3,5,1,17,3,10,3,1,B12,7,4,1,8,2,16,,40,40,1,12,4,120.651927,24.382183,2
11123,66000,387130000C,(04)23274275,(04)23288582,2025,03,28,11,50,臺中市,大雅區,0,0,0,7,,,50,,,,,,,,,,,,,,13,,,,,C03,,,1,,1,,,7,7,1,13,4,120.649814,24.222545,3
11124,66000,387130000C,(04)23274275,(04)23288582,2025,03,28,11,51,臺中市,豐原區,0,1,0,7,2,6,40,13,9,1,5,4,6,6,4,4,4,5,5,1,18,2,9,2,4,C03,7,9,1,10,2,16,,59,59,1,11,4,120.752287,24.262189,2
11125,66000,387130000C,(04)23274275,(04)23288582,2025,03,28,11,57,臺中市,西區,0,0,0,7,,,50,,,,,,,,,,,,,,,,,,,B03,,,1,,1,,,84,84,1,13,4,120.657345,24.140314,3
11126,66000,387130000C,(04)23274275,(04)23288582,2025,03,28,12,0,臺中市,中區,0,1,0,7,2,6,50,13,7,1,5,4,6,6,4,4,5,5,4,2,17,3,10,5,1,B03,7,1,1,8,2,4,,51,51,1,6,4,120.679425,24.147504,2
11127,66000,387130000C,(04)23274275,(04)23288582,2025,03,28,12,1,臺中市,西屯區,0,0,0,7,,,50,,,,,,,,,,,,,,16,,,,,B03,,,1,,1,,,12,12,1,12,4,120.638841,24.169577,3
11128,66000,387130000C,(04)23274275,(04)23288582,2025,03,28,12,7,臺中市,大肚區,0,1,0,7,2,6,50,13,9,1,5,4,6,6,4,4,4,5,5,1,13,2,8,2,1,C03,7,9,1,10,2,14,,7,7,1,6,4,120.581752,24.112549,2
11129,66000,387130000C,(04)23274275,(04)23288582,2025,03,28,12,14,臺中市,南屯區,0,1,0,7,2,6,50,4,1,1,5,4,6,6,4,4,7,4,5,2,15,2,9,1,1,C03,7,9,1,10,2,11,,15,15,1,4,4,120.642881,24.134944,2
11130,66000,387130000C,(04)23274275,(04)23288582,2025,03,28,12,15,臺中市,梧棲區,0,1,0,7,3,6,70,4,1,1,5,4,6,6,1,1,10,5,5,2,16,3,10,3,1,B03,7,6,1,8,2,6,,11,11,1,6,4,120.54687,24.232401,2
11131,66000,387130000C,(04)23274275,(04)23288582,2025,03,28,12,16,臺中市,西區,0,0,0,7,,,50,,,,,,,,,,,,,,16,,,,,B01,,,1,,2,,,11,11,1,12,4,120.667023,24.141122,3
11132,66000,387130000C,(04)23274275,(04)23288582,2025,03,28,12,16,臺中市,后里區,0,0,0,7,3,6,50,13,7,1,5,4,6,6,1,1,5,4,4,1,13,3,10,3,1,B03,7,9,5,8,2,1,,59,59,1,6,4,120.717164,24.309733,3
11133,66000,387130000C,(04)23274275,(04)23288582,2025,03,28,12,16,臺中市,豐原區,0,1,0,7,2,6,50,13,7,1,5,4,6,6,4,4,5,5,4,2,13,3,10,5,4,B03,7,9,1,8,2,5,,59,59,1,12,4,120.724481,24.24705,2
11134,66000,387130000C,(04)23274275,(04)23288582,2025,03,28,12,17,臺中市,西屯區,0,0,0,7,,,50,,,,,,,,,,,,,,,,,,,B02,,,3,,2,,,84,84,1,12,4,120.646183,24.18639,3
11135,66000,387130000C,(04)23274275,(04)23288582,2025,03,28,12,20,臺中市,北屯區,0,2,0,7,2,6,50,4,1,1,5,4,6,6,4,4,10,5,5,2,16,2,9,1,1,C03,7,9,1,10,2,11,,12,12,1,6,4,120.699044,24.17132,2
11136,66000,387130000C,(04)23274275,(04)23288582,2025,03,28,12,21,臺中市,中區,0,2,0,7,2,6,50,4,1,1,5,4,6,6,1,1,10,5,5,2,3,2,9,1,1,C03,7,9,1,10,2,12,,10,10,1,13,4,120.679497,24.142426,2
11137,66000,387130000C,(04)23274275,(04)23288582,2025,03,28,12,23,臺中市,西屯區,0,1,0,7,2,6,50,13,7,1,5,4,6,6,4,4,1,4,4,1,18,2,9,5,4,C03,7,9,1,10,2,14,,59,59,1,13,4,120.669038,24.177462,2
11138,66000,387130000C,(04)23274275,(04)23288582,2025,03,28,12,25,臺中市,烏日區,0,1,0,7,2,6,50,3,2,1,5,4,6,6,4,4,5,4,5,1,17,2,9,2,1,C03,7,6,1,10,2,11,,58,58,1,6,4,120.648033,24.093198,2
11139,66000,387130000C,(04)23274275,(04)23288582,2025,03,28,12,26,臺中市,霧峰區,0,2,0,7,2,6,50,5,1,1,5,4,6,6,1,1,10,5,5,1,17,2,9,1,1,C03,7,6,1,10,2,12,,23,23,1,13,4,120.713567,24.072179,2
11140,66000,387130000C,(04)23274275,(04)23288582,2025,03,28,12,27,臺中市,西屯區,0,2,0,7,2,6,40,4,1,1,5,4,6,6,2,1,10,5,5,2,15,2,9,5,4,C03,7,9,1,10,2,11,,21,21,1,13,4,120.660712,24.172391,2
11141,66000,387130000C,(04)23274275,(04)23288582,2025,03,28,12,32,臺中市,大雅區,0,0,0,7,,,30,,,,,,,,,,,,,,14,,,,,B03,,,1,,1,,,49,49,1,13,4,120.668054,24.229289,3
11142,66000,387130000C,(04)23274275,(04)23288582,2025,03,28,12,35,臺中市,南區,0,0,0,7,,,50,,,,,,,,,,,,,,13,,,,,B03,,,1,,1,,,84,84,1,13,4,120.649039,24.122195,3
11143,66000,387130000C,(04)23274275,(04)23288582,2025,03,28,12,40,臺中市,東區,0,2,0,7,1,6,50,4,1,1,5,4,6,6,4,4,10,5,5,2,15,2,9,1,1,C03,7,9,1,10,2,11,,12,12,1,12,4,120.708827,24.143304,2
11144,66000,387130000C,(04)23274275,(04)23288582,2025,03,28,12,40,臺中市,西屯區,0,1,0,7,2,6,50,3,1,1,5,4,6,6,2,1,10,5,5,2,16,3,10,3,1,B03,7,5,1,8,2,6,,47,47,1,13,4,120.64332,24.15993,2
11145,66000,387130000C,(04)23274275,(04)23288582,2025,03,28,12,41,臺中市,豐原區,0,0,0,7,,,50,,,,,,,,,,,,,,,,,,,B03,,,1,,2,,,11,11,1,13,4,120.72025,24.240463,3
11146,66000,387130000C,(04)23274275,(04)23288582,2025,03,28,12,42,臺中市,西區,0,2,0,7,3,6,50,4,1,1,5,4,6,6,1,1,10,5,5,2,17,3,10,1,1,C03,7,6,1,10,2,14,,11,11,1,13,4,120.660199,24.145527,2
11147,66000,387130000C,(04)23274275,(04)23288582,2025,03,28,12,44,臺中市,南屯區,0,0,0,7,,,50,,,,,,,,,,,,,,12,,,,,B12,,,1,,1,,,40,40,1,6,4,120.585129,24.167125,3
11148,66000,387130000C,(04)23274275,(04)23288582,2025,03,28,12,48,臺中市,西區,0,0,0,7,,,50,,,,,,,,,,,,,,,,,,,B12,,,1,,1,,,49,49,1,13,4,120.666476,24.152892,3
11149,66000,387130000C,(04)23274275,(04)23288582,2025,03,28,12,50,臺中市,北區,0,1,0,7,3,6,40,4,1,1,5,4,6,6,1,1,1,2,1,2,13,2,9,2,1,C03,7,9,1,10,2,12,,59,59,1,12,4,120.665738,24.15394,2
11150,66000,387130000C,(04)23274275,(04)23288582,2025,03,28,12,51,臺中市,南區,0,2,0,7,3,6,50,4,1,1,5,4,6,6,1,1,10,5,5,2,16,3,10,3,1,B03,7,5,1,8,2,5,,11,11,1,6,4,120.670095,24.119043,2
11151,66000,387130000C,(04)23274275,(04)23288582,2025,03,28,12,51,臺中市,南屯區,0,0,0,7,3,6,50,13,7,1,5,4,6,6,1,1,5,5,4,2,13,,,,,B12,,,1,,1,,,59,59,1,12,4,120.646541,24.132061,3
11152,66000,387130000C,(04)23274275,(04)23288582,2025,03,28,12,53,臺中市,西屯區,0,0,0,7,,,50,,,,,,,,,,,,,,,,,,,C03,,,1,,2,,,84,84,1,12,4,120.660056,24.164643,3
11153,66000,387130000C,(04)23274275,(04)23288582,2025,03,28,12,56,臺中市,霧峰區,0,1,0,7,2,6,50,13,9,1,5,4,6,6,4,4,5,4,5,1,17,3,10,3,1,B03,7,11,1,10,2,7,,34,34,1,13,4,120.695781,24.063206,2
11154,66000,387130000C,(04)23274275,(04)23288582,2025,03,28,13,0,臺中市,沙鹿區,0,1,0,7,3,6,40,13,8,1,5,4,6,6,4,4,1,4,3,1,17,2,9,1,1,C03,7,9,1,10,2,14,,82,82,1,5,4,120.578833,24.222123,2
11155,66000,387130000C,(04)23274275,(04)23288582,2025,03,28,13,2,臺中市,太平區,0,1,0,7,3,6,50,13,9,1,5,4,6,6,4,4,9,4,5,2,16,3,10,3,1,B02,7,1,1,8,2,4,,51,51,1,12,4,120.705688,24.156284,2
11156,66000,387130000C,(04)23274275,(04)23288582,2025,03,28,13,2,臺中市,豐原區,0,0,0,7,,,50,,,,,,,,,,,,,,27,,,,,A11,,,1,,9,,,8,8,1,6,4,120.715394,24.248234,3