﻿序號,縣市別代碼,機關代碼,市話,傳真,年,月,日,時,分,縣市,區,死亡數量,受傷數量,2-30,天候,道路照明設備,道路類別,道路速限,道路型態,事故位置,路面鋪裝,路面狀態,路面缺陷,障礙物,視距,號誌種類,號誌動作,分向設施,快車道或一般車道間,快慢車道間,路面邊線,事故類型及型態,受傷程度,主要傷處,保護裝備,行動電話或功能裝置,當事者區分_類別,車輛用途,當事者行動狀態,駕照狀態,駕照種類,飲酒情形,車輛撞擊部位最初,車輛撞擊部位其他,肇事因素個別,肇事因素主要,肇事逃逸,職業,共享經濟或外送平台,GPS座標X,GPS座標Y,事故類別
11268,66000,387130000C,(04)23274275,(04)23288582,2025,03,28,17,40,臺中市,西屯區,0,0,0,7,,,50,,,,,,,,,,,,,,13,,,,,B03,,,1,,1,,,7,7,1,12,4,120.652447,24.197082,3
11269,66000,387130000C,(04)23274275,(04)23288582,2025,03,28,17,40,臺中市,沙鹿區,0,1,0,7,2,6,0,13,9,1,5,4,6,6,4,4,1,5,5,2,30,,,,,,,,,,,,,119,119,1,,,120.568207,24.238389,2
11270,66000,387130000C,(04)23274275,(04)23288582,2025,03,28,17,40,臺中市,豐原區,0,1,0,7,2,6,50,4,9,1,5,4,6,6,1,1,1,5,5,1,13,2,7,5,4,C03,7,9,1,10,2,11,,7,7,1,13,4,120.70324,24.23821,2
11271,66000,387130000C,(04)23274275,(04)23288582,2025,03,28,17,42,臺中市,東區,0,1,0,7,3,6,50,4,1,1,5,4,6,6,2,1,10,5,5,2,16,3,10,3,1,B12,7,5,1,8,1,2,,84,84,1,6,4,120.710354,24.140893,2
11272,66000,387130000C,(04)23274275,(04)23288582,2025,03,28,17,42,臺中市,西屯區,0,0,0,7,,,30,,,,,,,,,,,,,,12,,,,,C03,,,1,,2,,,84,84,1,12,4,120.638911,24.180328,3
11273,66000,387130000C,(04)23274275,(04)23288582,2025,03,28,17,43,臺中市,北區,0,1,0,7,2,6,50,13,9,1,5,4,6,6,4,4,3,4,5,2,17,2,9,5,4,C03,7,4,3,19,2,14,,42,42,1,12,4,120.671848,24.172507,2
11274,66000,387130000C,(04)23274275,(04)23288582,2025,03,28,17,45,臺中市,東區,0,0,0,7,,,50,,,,,,,,,,,,,,17,,,,,B03,,,1,,1,,,40,40,1,12,4,120.693897,24.147819,3
11275,66000,387130000C,(04)23274275,(04)23288582,2025,03,28,17,45,臺中市,北屯區,0,1,0,7,1,6,50,4,1,1,5,4,6,6,2,1,10,5,5,2,16,2,9,1,1,C03,7,9,1,10,1,11,,21,21,1,12,4,120.69083,24.180345,2
11276,66000,387130000C,(04)23274275,(04)23288582,2025,03,28,17,45,臺中市,神岡區,0,1,0,7,3,6,30,4,1,1,5,4,6,6,4,4,10,5,5,2,16,2,9,6,1,F01,7,5,7,21,2,11,,14,14,1,13,4,120.684107,24.244396,2
11277,66000,387130000C,(04)23274275,(04)23288582,2025,03,28,17,50,臺中市,南屯區,0,2,0,7,1,6,50,4,1,1,5,4,6,6,1,1,10,5,5,2,17,2,8,2,1,C03,7,6,1,10,2,12,,48,48,1,12,4,120.620854,24.13999,2
11278,66000,387130000C,(04)23274275,(04)23288582,2025,03,28,17,50,臺中市,太平區,0,1,0,7,2,6,40,4,2,1,5,4,6,6,1,1,5,2,4,2,14,3,10,3,1,B03,7,2,1,8,2,3,,49,49,1,12,4,120.713631,24.125363,2
11279,66000,387130000C,(04)23274275,(04)23288582,2025,03,28,17,51,臺中市,南屯區,0,0,0,7,,,50,,,,,,,,,,,,,,,,,,,C03,,,1,,1,,,7,7,1,13,4,120.646434,24.139938,3
11280,66000,387130000C,(04)23274275,(04)23288582,2025,03,28,17,54,臺中市,北屯區,0,0,0,7,,,50,,,,,,,,,,,,,,9,,,,,B12,,,1,,1,,,14,14,1,6,4,120.700056,24.168488,4
11281,66000,387130000C,(04)23274275,(04)23288582,2025,03,28,17,56,臺中市,大甲區,0,2,0,7,1,6,40,13,9,1,5,4,6,6,4,4,8,3,5,1,3,2,9,1,1,C03,7,9,1,10,2,11,,84,84,1,12,4,120.629251,24.344349,2
11282,66000,387130000C,(04)23274275,(04)23288582,2025,03,28,17,58,臺中市,南屯區,0,0,0,7,,,50,,,,,,,,,,,,,,16,,,,,B03,,,1,,1,,,14,14,1,13,4,120.634923,24.136288,3
11283,66000,387130000C,(04)23274275,(04)23288582,2025,03,28,17,58,臺中市,梧棲區,0,0,0,7,,,50,,,,,,,,,,,,,,14,,,,,B03,,,1,,2,,,49,49,1,13,4,120.543535,24.243308,3
11284,66000,387130000C,(04)23274275,(04)23288582,2025,03,28,17,59,臺中市,南屯區,0,0,0,7,,,50,,,,,,,,,,,,,,13,,,,,B03,,,1,,2,,,7,7,1,6,4,120.585375,24.166733,3
11285,66000,387130000C,(04)23274275,(04)23288582,2025,03,28,17,59,臺中市,大里區,0,1,0,7,2,6,50,4,1,1,5,4,6,6,1,1,1,2,5,1,13,2,8,1,1,C03,7,9,1,10,2,11,,7,7,1,13,4,120.692095,24.100571,2
11286,66000,387130000C,(04)23274275,(04)23288582,2025,03,28,18,0,臺中市,西屯區,0,0,0,7,,,50,,,,,,,,,,,,,,13,,,,,B03,,,1,,1,,,84,84,1,12,4,120.652871,24.167243,3
11287,66000,387130000C,(04)23274275,(04)23288582,2025,03,28,18,0,臺中市,西屯區,0,0,0,7,,,80,,,,,,,,,,,,,,13,,,,,B03,,,1,,1,,,7,7,1,12,4,120.634948,24.179291,3
11288,66000,387130000C,(04)23274275,(04)23288582,2025,03,28,18,1,臺中市,太平區,0,1,0,7,2,6,50,3,2,1,5,4,6,6,4,4,10,5,5,2,16,3,10,3,1,B03,7,6,1,8,2,8,,14,14,1,12,4,120.717144,24.101802,2
11289,66000,387130000C,(04)23274275,(04)23288582,2025,03,28,18,1,臺中市,龍井區,0,0,0,7,2,6,50,13,7,1,5,4,6,6,2,1,9,4,4,2,14,3,10,3,1,B03,7,14,1,8,1,1,,87,87,1,6,4,120.573648,24.185649,3
11290,66000,387130000C,(04)23274275,(04)23288582,2025,03,28,18,3,臺中市,南區,0,1,0,7,1,6,50,3,1,1,5,4,6,6,1,1,9,4,5,2,11,3,10,3,1,B03,7,6,1,8,2,1,,11,11,1,12,4,120.652755,24.121647,2
11291,66000,387130000C,(04)23274275,(04)23288582,2025,03,28,18,4,臺中市,北區,0,1,0,6,1,6,50,13,9,1,5,4,6,6,4,4,5,4,5,2,13,3,10,5,4,C03,7,9,1,10,2,11,,84,84,1,13,4,120.698008,24.153789,2
11292,66000,387130000C,(04)23274275,(04)23288582,2025,03,28,18,5,臺中市,西屯區,0,0,0,7,,,40,,,,,,,,,,,,,,13,,,,,B03,,,1,,1,,,7,7,1,6,4,120.630636,24.16231,3
11293,66000,387130000C,(04)23274275,(04)23288582,2025,03,28,18,9,臺中市,南區,0,1,0,7,1,6,50,4,1,1,5,4,6,6,1,1,9,4,4,2,9,3,10,3,1,B03,7,6,1,8,2,1,,48,48,1,12,4,120.668248,24.118658,2
11294,66000,387130000C,(04)23274275,(04)23288582,2025,03,28,18,10,臺中市,西區,0,0,0,7,,,50,,,,,,,,,,,,,,17,,,,,B03,,,1,,1,,,59,59,1,12,4,120.663071,24.134794,3
11295,66000,387130000C,(04)23274275,(04)23288582,2025,03,28,18,10,臺中市,豐原區,0,0,0,7,,,50,,,,,,,,,,,,,,,,,,,B03,,,1,,2,,,40,40,1,13,4,120.69895,24.246623,3
11296,66000,387130000C,(04)23274275,(04)23288582,2025,03,28,18,11,臺中市,大安區,0,1,0,7,3,6,50,3,1,1,5,4,6,6,1,1,10,5,5,2,17,2,9,1,1,C03,7,9,1,10,2,14,,7,7,1,6,4,120.586543,24.371483,2
11297,66000,387130000C,(04)23274275,(04)23288582,2025,03,28,18,12,臺中市,烏日區,0,1,0,7,1,6,60,3,1,1,5,4,6,6,2,1,10,5,5,2,16,3,10,5,4,B03,7,5,1,8,2,5,,47,47,1,13,4,120.608798,24.107862,2
11298,66000,387130000C,(04)23274275,(04)23288582,2025,03,28,18,15,臺中市,西區,0,1,0,7,1,6,50,4,2,1,5,4,6,6,2,1,10,5,5,2,13,2,9,3,1,B03,7,9,1,8,2,1,,7,7,1,12,4,120.662743,24.161205,2
11299,66000,387130000C,(04)23274275,(04)23288582,2025,03,28,18,15,臺中市,西屯區,0,0,0,7,1,6,40,3,2,1,5,4,6,6,1,1,1,4,5,2,13,,,,,B03,,,1,,1,,,7,7,1,13,4,120.638017,24.169729,3
11300,66000,387130000C,(04)23274275,(04)23288582,2025,03,28,18,20,臺中市,霧峰區,0,1,0,7,3,6,70,13,9,1,5,4,6,6,4,4,1,4,5,1,12,3,10,5,4,A41,7,7,1,1,2,5,,40,40,1,6,4,120.672484,24.042527,2
11301,66000,387130000C,(04)23274275,(04)23288582,2025,03,28,18,22,臺中市,大里區,0,2,0,7,2,6,50,4,1,1,5,4,6,6,4,4,10,5,5,2,15,2,9,1,1,C03,7,9,1,10,2,11,,12,12,1,12,4,120.682605,24.113144,2
11302,66000,387130000C,(04)23274275,(04)23288582,2025,03,28,18,23,臺中市,北屯區,0,0,0,6,,,40,,,,,,,,,,,,,,11,,,,,B03,,,1,,1,,,8,8,1,6,4,120.682306,24.190006,3
11303,66000,387130000C,(04)23274275,(04)23288582,2025,03,28,18,23,臺中市,西屯區,0,1,0,7,1,6,50,13,7,1,5,4,6,6,4,4,5,4,4,2,17,2,9,2,1,C03,7,9,1,10,2,11,,7,7,1,12,4,120.633797,24.161717,2
11304,66000,387130000C,(04)23274275,(04)23288582,2025,03,28,18,25,臺中市,西區,0,1,0,7,2,6,50,4,2,1,5,4,6,6,1,1,5,2,5,2,17,3,10,3,1,B03,7,9,1,8,2,5,,7,7,1,12,4,120.671486,24.145333,2
11305,66000,387130000C,(04)23274275,(04)23288582,2025,03,28,18,25,臺中市,龍井區,0,2,0,7,1,6,50,3,2,1,5,4,6,6,4,4,10,5,5,1,16,2,9,1,1,C03,7,6,1,10,2,12,,14,14,1,12,4,120.529944,24.186277,2
11306,66000,387130000C,(04)23274275,(04)23288582,2025,03,28,18,25,臺中市,烏日區,0,2,0,7,1,6,40,10,8,1,5,4,6,6,4,4,1,4,5,1,13,2,9,2,1,C03,7,9,1,10,2,11,,7,7,1,6,4,120.644372,24.112713,2
11307,66000,387130000C,(04)23274275,(04)23288582,2025,03,28,18,28,臺中市,潭子區,0,0,0,7,,,50,,,,,,,,,,,,,,,,,,,B03,,,1,,2,,,40,40,1,13,4,120.702037,24.200944,3
11308,66000,387130000C,(04)23274275,(04)23288582,2025,03,28,18,29,臺中市,沙鹿區,0,1,0,7,1,6,50,13,9,1,5,4,6,6,4,4,5,5,5,2,13,2,8,1,1,F01,7,9,7,21,2,16,,7,7,1,6,4,120.554214,24.231453,2
11309,66000,387130000C,(04)23274275,(04)23288582,2025,03,28,18,30,臺中市,南屯區,0,0,0,7,,,50,,,,,,,,,,,,,,,,,,,C03,,,1,,1,,,59,59,1,12,4,120.648742,24.143395,4
11310,66000,387130000C,(04)23274275,(04)23288582,2025,03,28,18,32,臺中市,潭子區,0,1,0,7,1,6,50,13,14,1,5,4,6,6,4,4,1,4,4,1,17,3,10,3,1,B03,7,2,1,8,2,3,,49,49,1,13,4,120.704661,24.215577,2
11311,66000,387130000C,(04)23274275,(04)23288582,2025,03,28,18,33,臺中市,豐原區,0,1,0,7,1,6,50,4,1,1,5,4,6,6,4,4,10,5,5,2,13,2,8,1,1,C03,7,9,1,10,2,11,,7,7,1,6,4,120.71881,24.252656,2
11312,66000,387130000C,(04)23274275,(04)23288582,2025,03,28,18,34,臺中市,霧峰區,0,0,0,7,,6,50,,,,,,,,,,,,,,17,,,,,C03,,,1,10,2,,,85,85,1,13,4,120.679963,24.069672,3
11313,66000,387130000C,(04)23274275,(04)23288582,2025,03,28,18,36,臺中市,北區,0,0,0,7,,,50,,,,,,,,,,,,,,17,,,,,B02,,,1,,1,,,59,59,1,13,4,120.683726,24.146479,3
11314,66000,387130000C,(04)23274275,(04)23288582,2025,03,28,18,38,臺中市,中區,0,0,0,7,,,50,,,,,,,,,,,,,,,,,,,A01,,,1,,2,,,84,84,1,6,4,120.661856,24.155495,3
11315,66000,387130000C,(04)23274275,(04)23288582,2025,03,28,18,38,臺中市,大肚區,0,0,0,7,,,40,,,,,,,,,,,,,,,,,,,B03,,,1,,2,,,49,49,1,6,4,120.561515,24.125205,3
11316,66000,387130000C,(04)23274275,(04)23288582,2025,03,28,18,39,臺中市,南區,0,0,0,7,,,,,,,,,,,,,,,,,17,,,,,,,,,,,,,119,119,1,,,120.659258,24.113129,4
11317,66000,387130000C,(04)23274275,(04)23288582,2025,03,28,18,40,臺中市,北屯區,0,0,0,7,,,50,,,,,,,,,,,,,,13,,,,,B03,,,1,,1,,,84,84,1,13,4,120.702286,24.182276,3
11318,66000,387130000C,(04)23274275,(04)23288582,2025,03,28,18,41,臺中市,西區,0,1,0,7,1,6,50,13,9,1,5,4,6,6,4,4,5,5,5,2,18,2,9,6,1,F01,7,9,7,21,2,14,,84,84,1,12,4,120.664418,24.147743,2
11319,66000,387130000C,(04)23274275,(04)23288582,2025,03,28,18,43,臺中市,沙鹿區,0,1,0,7,1,6,30,13,9,1,5,4,6,6,4,4,10,5,5,2,18,2,9,6,1,F01,7,9,7,21,2,12,,82,82,1,5,1,120.584438,24.205755,2
11320,66000,387130000C,(04)23274275,(04)23288582,2025,03,28,18,48,臺中市,南屯區,0,0,0,7,,,50,,,,,,,,,,,,,,,,,,,B02,,,1,,1,,,7,7,1,12,4,120.621053,24.145172,3
11321,66000,387130000C,(04)23274275,(04)23288582,2025,03,28,18,48,臺中市,大里區,0,1,0,7,1,6,50,4,1,1,5,4,6,6,1,1,10,5,5,2,17,2,9,2,1,C03,7,6,1,10,2,12,,20,20,1,6,4,120.706665,24.095363,2
11322,66000,387130000C,(04)23274275,(04)23288582,2025,03,28,18,50,臺中市,西屯區,0,1,0,7,1,6,40,13,8,1,5,4,6,6,4,4,1,5,1,2,12,3,10,2,1,C03,7,5,1,10,2,12,,47,47,1,13,4,120.59357,24.182498,2
11323,66000,387130000C,(04)23274275,(04)23288582,2025,03,28,18,50,臺中市,梧棲區,0,0,0,7,,,50,,,,,,,,,,,,,,13,,,,,B03,,,1,,2,,,7,7,1,6,4,120.547508,24.247562,3
11324,66000,387130000C,(04)23274275,(04)23288582,2025,03,28,18,51,臺中市,西屯區,0,0,0,7,,,50,,,,,,,,,,,,,,13,,,,,B03,,,1,,1,,,59,59,1,12,4,120.639202,24.169044,4
11325,66000,387130000C,(04)23274275,(04)23288582,2025,03,28,18,57,臺中市,南區,0,0,0,7,,,40,,,,,,,,,,,,,,14,,,,,B03,,,1,,2,,,49,49,1,12,4,120.663347,24.112831,3
11326,66000,387130000C,(04)23274275,(04)23288582,2025,03,28,18,57,臺中市,西屯區,0,1,0,7,2,6,50,13,9,1,5,4,6,6,4,4,5,4,5,2,12,2,9,2,1,C03,7,8,1,10,2,13,,40,40,1,5,4,120.63613,24.168896,2
11327,66000,387130000C,(04)23274275,(04)23288582,2025,03,28,18,59,臺中市,清水區,0,0,0,7,,,50,,,,,,,,,,,,,,,,,,,C03,,,1,,1,,,84,84,1,12,4,120.578397,24.26706,3
11328,66000,387130000C,(04)23274275,(04)23288582,2025,03,28,19,0,臺中市,北屯區,0,0,0,7,,,50,,,,,,,,,,,,,,13,,,,,B03,,,1,,1,,,7,7,1,6,4,120.720619,24.169497,3
11329,66000,387130000C,(04)23274275,(04)23288582,2025,03,28,19,3,臺中市,西屯區,0,1,0,7,1,6,50,13,9,1,5,4,6,6,4,4,5,4,5,2,13,2,9,2,1,C02,7,9,1,9,2,11,,7,7,1,12,4,120.6365,24.168922,2
11330,66000,387130000C,(04)23274275,(04)23288582,2025,03,28,19,5,臺中市,中區,0,0,0,7,,,50,,,,,,,,,,,,,,17,,,,,B03,,,1,,9,,,51,51,2,12,4,120.676352,24.142441,3
11331,66000,387130000C,(04)23274275,(04)23288582,2025,03,28,19,7,臺中市,大雅區,0,0,0,7,,,70,,,,,,,,,,,,,,,,,,,B03,,,1,,2,,,45,45,1,13,4,120.63797,24.233347,3
11332,66000,387130000C,(04)23274275,(04)23288582,2025,03,28,19,10,臺中市,西屯區,0,1,0,7,1,6,50,13,9,1,5,4,6,6,4,4,9,5,5,2,9,2,9,5,4,C03,7,9,1,10,2,11,,59,59,1,12,4,120.667827,24.177178,2
11333,66000,387130000C,(04)23274275,(04)23288582,2025,03,28,19,15,臺中市,東區,0,1,0,7,1,6,50,4,1,1,5,4,6,6,4,4,9,4,5,2,11,3,10,3,1,B03,7,6,1,8,2,1,,14,14,1,12,4,120.70979,24.146853,2
11334,66000,387130000C,(04)23274275,(04)23288582,2025,03,28,19,19,臺中市,西屯區,0,0,0,7,1,6,50,4,1,1,5,4,6,6,2,1,9,4,5,2,12,,,,,B01,,,1,,2,,,8,8,1,13,4,120.645096,24.178816,3
11335,66000,387130000C,(04)23274275,(04)23288582,2025,03,28,19,21,臺中市,大安區,1,0,1,7,1,6,50,3,1,1,5,4,6,6,3,1,10,5,5,2,9,1,9,2,1,C03,7,9,1,10,2,11,,6,6,1,6,4,120.597234,24.345783,1
11336,66000,387130000C,(04)23274275,(04)23288582,2025,03,28,19,30,臺中市,北區,0,1,0,7,1,6,50,3,1,1,5,4,6,6,4,4,10,5,5,2,17,2,9,1,1,C03,7,9,1,10,2,12,,59,59,1,12,4,120.697774,24.152065,2
11337,66000,387130000C,(04)23274275,(04)23288582,2025,03,28,19,32,臺中市,東區,0,0,0,7,,,50,,,,,,,,,,,,,,,,,,,B03,,,1,,2,,,84,84,1,12,4,120.706176,24.137455,3
11338,66000,387130000C,(04)23274275,(04)23288582,2025,03,28,19,32,臺中市,南屯區,0,1,0,7,1,6,50,13,9,1,5,4,6,6,1,1,5,5,4,2,17,2,9,1,1,C03,7,9,1,10,2,14,,6,6,1,12,4,120.61181,24.14869,2
11339,66000,387130000C,(04)23274275,(04)23288582,2025,03,28,19,37,臺中市,沙鹿區,0,0,0,7,,,50,,,,,,,,,,,,,,17,,,,,C03,,,1,,2,,,50,50,1,12,4,120.574756,24.227443,3
11340,66000,387130000C,(04)23274275,(04)23288582,2025,03,28,19,38,臺中市,南區,0,0,0,7,,,50,,,,,,,,,,,,,,17,,,,,C03,,,1,,2,,,51,51,1,13,4,120.663675,24.123607,3
11341,66000,387130000C,(04)23274275,(04)23288582,2025,03,28,19,40,臺中市,太平區,0,0,0,7,,,50,,,,,,,,,,,,,,17,,,,,B03,,,1,,1,,,50,50,1,12,4,120.731075,24.156136,3
11342,66000,387130000C,(04)23274275,(04)23288582,2025,03,28,19,41,臺中市,太平區,0,1,0,7,1,6,50,13,7,1,5,4,6,6,4,4,5,4,4,2,16,3,10,3,1,B03,7,1,1,8,2,8,,51,51,1,13,4,120.738429,24.157105,2
11343,66000,387130000C,(04)23274275,(04)23288582,2025,03,28,19,43,臺中市,北屯區,0,0,0,7,,,50,,,,,,,,,,,,,,16,,,,,B03,,,1,,1,,,11,11,1,6,4,120.720993,24.169897,3
11344,66000,387130000C,(04)23274275,(04)23288582,2025,03,28,19,44,臺中市,西屯區,0,0,0,7,,,50,,,,,,,,,,,,,,12,,,,,B03,,,1,,1,,,40,40,1,12,4,120.646881,24.158395,3
11345,66000,387130000C,(04)23274275,(04)23288582,2025,03,28,19,44,臺中市,新社區,0,0,0,7,,,30,,,,,,,,,,,,,,,,,,,B03,,,1,,2,,,49,49,1,12,4,120.822648,24.187748,3
11346,66000,387130000C,(04)23274275,(04)23288582,2025,03,28,19,44,臺中市,東勢區,0,0,0,7,,,50,,,,,,,,,,,,,,,,,,,B03,,,1,,2,,,14,14,1,12,4,120.826816,24.260147,3
11347,66000,387130000C,(04)23274275,(04)23288582,2025,03,28,19,45,臺中市,沙鹿區,0,2,0,7,2,6,50,3,1,1,5,4,6,6,4,4,10,5,5,2,13,2,8,1,1,C03,7,9,1,10,2,11,,7,7,1,6,4,120.57478,24.227405,2
11348,66000,387130000C,(04)23274275,(04)23288582,2025,03,28,19,46,臺中市,北屯區,0,3,0,7,1,6,50,13,7,1,5,4,6,6,4,4,1,3,5,2,13,2,9,2,1,C03,7,15,1,10,9,11,,53,53,1,12,4,120.722751,24.189611,2
11349,66000,387130000C,(04)23274275,(04)23288582,2025,03,28,19,50,臺中市,豐原區,0,1,0,7,1,6,40,5,1,1,5,4,6,6,1,1,1,4,4,1,12,3,10,5,4,B03,7,1,1,7,2,5,,51,51,1,13,4,120.710455,24.255225,2
11350,66000,387130000C,(04)23274275,(04)23288582,2025,03,28,19,51,臺中市,東區,0,1,0,7,1,6,40,13,8,1,5,4,6,6,4,4,5,5,4,2,17,3,10,2,1,C03,7,7,1,10,2,12,,40,40,1,12,4,120.700046,24.147992,2
11351,66000,387130000C,(04)23274275,(04)23288582,2025,03,28,19,57,臺中市,西屯區,0,1,0,7,1,6,40,13,8,1,5,4,6,6,4,4,10,5,1,2,23,2,9,2,1,C03,7,9,1,10,2,11,,59,59,1,13,4,120.592023,24.183515,2
11352,66000,387130000C,(04)23274275,(04)23288582,2025,03,28,20,2,臺中市,龍井區,0,1,0,7,1,6,50,13,9,1,5,4,6,6,4,4,10,5,5,2,17,3,10,3,1,B03,7,14,1,8,1,6,,77,77,1,8,4,120.587602,24.180276,2
11353,66000,387130000C,(04)23274275,(04)23288582,2025,03,28,20,9,臺中市,西屯區,0,0,0,7,,,50,,,,,,,,,,,,,,12,,,,,C03,,,1,,1,,,59,59,1,12,4,120.645096,24.178816,4
11354,66000,387130000C,(04)23274275,(04)23288582,2025,03,28,20,10,臺中市,北屯區,0,2,0,7,1,6,50,4,1,1,5,4,6,6,1,1,10,5,5,2,16,3,10,3,1,B03,7,6,1,8,2,5,,25,25,1,13,4,120.721163,24.180116,2
11355,66000,387130000C,(04)23274275,(04)23288582,2025,03,28,20,11,臺中市,龍井區,0,1,0,7,1,6,40,4,2,1,5,4,6,6,2,1,3,5,3,1,23,2,9,2,1,C03,7,9,1,10,2,11,,59,59,1,6,4,120.580177,24.189314,2
11356,66000,387130000C,(04)23274275,(04)23288582,2025,03,28,20,12,臺中市,北區,0,1,0,7,1,6,30,13,9,1,5,4,6,6,4,4,10,5,5,2,17,2,8,5,4,C03,7,9,1,10,2,12,,59,59,1,12,4,120.694983,24.15648,2
11357,66000,387130000C,(04)23274275,(04)23288582,2025,03,28,20,13,臺中市,北屯區,0,0,0,7,,,50,,,,,,,,,,,,,,13,,,,,B03,,,1,,1,,,56,56,1,12,4,120.691576,24.162537,3
11358,66000,387130000C,(04)23274275,(04)23288582,2025,03,28,20,13,臺中市,霧峰區,0,0,0,7,,,50,,,,,,,,,,,,,,17,,,,,C03,,,1,,2,,,48,48,1,6,4,120.699085,24.067802,3
11359,66000,387130000C,(04)23274275,(04)23288582,2025,03,28,20,13,臺中市,烏日區,0,2,0,7,1,6,50,3,2,1,5,4,6,6,4,4,5,5,4,2,16,2,9,1,1,C03,7,1,1,10,2,12,,20,20,1,6,4,120.607305,24.126244,2
11360,66000,387130000C,(04)23274275,(04)23288582,2025,03,28,20,13,臺中市,神岡區,0,0,0,7,,,50,,,,,,,,,,,,,,17,,,,,B03,,,1,,1,,,24,24,1,6,4,120.671384,24.257109,3
11361,66000,387130000C,(04)23274275,(04)23288582,2025,03,28,20,14,臺中市,南屯區,0,1,0,7,1,6,50,3,1,1,5,4,6,6,4,4,10,5,5,2,16,3,10,5,4,B03,7,5,1,8,2,5,,20,20,1,6,4,120.646266,24.127898,2
11362,66000,387130000C,(04)23274275,(04)23288582,2025,03,28,20,14,臺中市,南屯區,0,0,0,7,,,50,,,,,,,,,,,,,,16,,,,,C04,,,1,,9,,,8,8,1,13,4,120.644006,24.153647,4
11363,66000,387130000C,(04)23274275,(04)23288582,2025,03,28,20,14,臺中市,北屯區,0,1,0,7,1,6,50,4,19,1,5,4,6,6,4,4,10,5,5,2,3,3,10,1,1,C04,7,9,1,11,2,11,,10,10,1,6,4,120.687573,24.171241,2
11364,66000,387130000C,(04)23274275,(04)23288582,2025,03,28,20,17,臺中市,大肚區,0,0,0,7,,,30,,,,,,,,,,,,,,14,,,,,B03,,,1,,2,,,49,49,1,6,4,120.553735,24.139768,3
11365,66000,387130000C,(04)23274275,(04)23288582,2025,03,28,20,26,臺中市,南屯區,0,0,0,7,,,50,,,,,,,,,,,,,,,,,,,C03,,,3,,2,,,59,59,1,12,4,120.626061,24.148516,4
11366,66000,387130000C,(04)23274275,(04)23288582,2025,03,28,20,31,臺中市,南屯區,0,2,0,7,1,6,50,4,1,1,5,4,6,6,2,1,10,5,5,2,16,2,9,1,1,C03,7,9,1,10,2,11,,21,21,1,13,4,120.640603,24.144269,2
11367,66000,387130000C,(04)23274275,(04)23288582,2025,03,28,20,36,臺中市,龍井區,0,1,0,7,1,6,40,3,1,1,5,4,6,6,4,4,1,4,5,1,16,3,10,3,1,B03,7,10,1,8,2,4,,13,13,1,6,4,120.51483,24.199497,2
11368,66000,387130000C,(04)23274275,(04)23288582,2025,03,28,20,38,臺中市,西屯區,0,4,0,7,1,6,50,3,1,1,5,4,6,6,1,1,1,4,4,2,13,2,9,2,1,C03,7,9,1,10,2,11,13,7,7,1,5,4,120.660286,24.174269,2
11369,66000,387130000C,(04)23274275,(04)23288582,2025,03,28,20,40,臺中市,烏日區,0,0,0,7,,,50,,,,,,,,,,,,,,13,,,,,C03,,,1,,1,,,7,7,1,6,4,120.62036,24.102093,3
11370,66000,387130000C,(04)23274275,(04)23288582,2025,03,28,20,42,臺中市,清水區,0,0,0,7,,,50,,,,,,,,,,,,,,,,,,,B03,,,3,,2,,,58,58,1,12,4,120.539141,24.26611,3
11371,66000,387130000C,(04)23274275,(04)23288582,2025,03,28,20,42,臺中市,豐原區,0,1,0,7,1,6,50,4,1,1,5,4,6,6,1,1,10,5,5,2,12,3,10,5,4,B03,7,8,1,8,2,4,,40,40,1,12,4,120.715394,24.248234,2
11372,66000,387130000C,(04)23274275,(04)23288582,2025,03,28,20,44,臺中市,南屯區,0,0,0,7,,,50,,,,,,,,,,,,,,13,,,,,B03,,,1,,2,,,84,84,1,12,4,120.646707,24.150896,3
11373,66000,387130000C,(04)23274275,(04)23288582,2025,03,28,20,48,臺中市,北區,0,2,0,7,1,6,50,4,1,1,5,4,6,6,1,1,10,5,5,2,15,2,9,1,1,C03,7,9,1,10,2,11,,21,21,1,13,4,120.670523,24.162984,2
11374,66000,387130000C,(04)23274275,(04)23288582,2025,03,28,20,53,臺中市,北屯區,0,2,0,7,1,6,50,4,1,1,5,4,6,6,1,1,10,5,5,2,16,3,10,3,1,B03,7,6,1,8,2,8,,11,11,1,6,4,120.688508,24.178936,2
11375,66000,387130000C,(04)23274275,(04)23288582,2025,03,28,20,55,臺中市,南屯區,0,1,0,7,1,6,50,3,1,1,5,4,6,6,4,4,10,5,5,2,11,2,9,2,4,C03,7,6,3,19,2,12,,14,14,1,13,4,120.610179,24.138431,2
11376,66000,387130000C,(04)23274275,(04)23288582,2025,03,28,20,55,臺中市,西屯區,0,0,0,7,1,6,50,4,1,1,5,4,6,6,1,1,9,4,5,2,16,,,,,C03,,,1,,2,,,21,21,1,13,4,120.637023,24.172144,3
11377,66000,387130000C,(04)23274275,(04)23288582,2025,03,28,20,55,臺中市,沙鹿區,0,0,0,7,,,30,,,,,,,,,,,,,,,,,,,B03,,,1,,1,,,85,85,1,6,4,120.566085,24.24069,3
11378,66000,387130000C,(04)23274275,(04)23288582,2025,03,28,21,0,臺中市,清水區,0,0,0,7,,,40,,,,,,,,,,,,,,,,,,,B03,,,1,,1,,,49,49,1,12,4,120.574456,24.265638,3