﻿序號,縣市別代碼,機關代碼,市話,傳真,年,月,日,時,分,縣市,區,死亡數量,受傷數量,2-30,天候,道路照明設備,道路類別,道路速限,道路型態,事故位置,路面鋪裝,路面狀態,路面缺陷,障礙物,視距,號誌種類,號誌動作,分向設施,快車道或一般車道間,快慢車道間,路面邊線,事故類型及型態,受傷程度,主要傷處,保護裝備,行動電話或功能裝置,當事者區分_類別,車輛用途,當事者行動狀態,駕照狀態,駕照種類,飲酒情形,車輛撞擊部位最初,車輛撞擊部位其他,肇事因素個別,肇事因素主要,肇事逃逸,職業,共享經濟或外送平台,GPS座標X,GPS座標Y,事故類別
11490,66000,387130000C,(04)23274275,(04)23288582,2025,03,29,11,27,臺中市,太平區,0,1,0,7,2,6,30,4,1,1,5,4,6,6,4,4,10,5,5,2,16,3,10,3,1,B03,7,6,1,8,2,1,,14,14,1,13,4,120.728833,24.097947,2
11491,66000,387130000C,(04)23274275,(04)23288582,2025,03,29,11,30,臺中市,東區,0,0,0,7,,,50,,,,,,,,,,,,,,17,,,,,B03,,,1,,9,,,84,84,2,13,4,120.694972,24.1359,3
11492,66000,387130000C,(04)23274275,(04)23288582,2025,03,29,11,30,臺中市,北屯區,0,0,0,7,,,50,,,,,,,,,,,,,,,,,,,B03,,,1,,9,,,39,39,1,12,4,120.667067,24.18031,3
11493,66000,387130000C,(04)23274275,(04)23288582,2025,03,29,11,30,臺中市,北屯區,0,0,0,7,,,30,,,,,,,,,,,,,,9,,,,,B03,,,1,,1,,,87,87,1,6,4,120.79245,24.202294,3
11494,66000,387130000C,(04)23274275,(04)23288582,2025,03,29,11,32,臺中市,大甲區,0,0,0,7,,,50,,,,,,,,,,,,,,12,,,,,C03,,,1,,1,,,43,43,1,13,4,120.627321,24.34943,3
11495,66000,387130000C,(04)23274275,(04)23288582,2025,03,29,11,40,臺中市,西區,0,1,0,7,2,6,50,13,9,1,5,4,6,6,4,4,5,4,5,2,17,3,10,5,4,B03,7,11,1,8,2,4,,34,34,1,13,4,120.667246,24.146604,2
11496,66000,387130000C,(04)23274275,(04)23288582,2025,03,29,11,40,臺中市,霧峰區,0,1,0,7,2,6,50,13,9,1,5,4,6,6,4,4,1,4,5,2,17,2,5,5,4,C03,7,9,3,19,3,15,,84,84,1,13,4,120.696627,24.070157,2
11497,66000,387130000C,(04)23274275,(04)23288582,2025,03,29,11,40,臺中市,沙鹿區,0,0,0,7,,,40,,,,,,,,,,,,,,,,,,,C03,,,1,,2,,,50,50,1,13,4,120.559644,24.237851,3
11498,66000,387130000C,(04)23274275,(04)23288582,2025,03,29,11,41,臺中市,大甲區,0,1,0,7,2,6,40,13,9,1,5,4,6,6,4,4,8,3,5,1,28,2,9,1,1,C03,7,1,1,10,2,15,,51,51,1,12,4,120.643851,24.385596,2
11499,66000,387130000C,(04)23274275,(04)23288582,2025,03,29,11,44,臺中市,大甲區,0,2,0,7,3,6,50,3,9,1,5,4,6,6,1,1,5,4,5,1,17,2,9,2,1,C03,7,6,1,10,2,11,,11,11,1,12,4,120.620343,24.341945,2
11500,66000,387130000C,(04)23274275,(04)23288582,2025,03,29,11,45,臺中市,南區,0,0,0,7,1,6,50,4,1,1,5,4,6,6,1,1,10,5,5,2,17,3,10,1,1,F01,7,15,7,21,1,1,,84,84,1,12,4,120.667003,24.117253,3
11501,66000,387130000C,(04)23274275,(04)23288582,2025,03,29,11,45,臺中市,后里區,0,0,0,7,,,50,,,,,,,,,,,,,,11,,,,,A01,,,1,,1,,,34,34,1,12,4,120.710409,24.304815,3
11502,66000,387130000C,(04)23274275,(04)23288582,2025,03,29,11,45,臺中市,后里區,0,0,0,7,,,50,,,,,,,,,,,,,,12,,,,,B03,,,1,,1,,,51,51,2,12,4,120.721972,24.308986,3
11503,66000,387130000C,(04)23274275,(04)23288582,2025,03,29,11,48,臺中市,北屯區,0,1,0,7,2,6,50,13,8,1,5,4,6,6,4,4,1,4,4,2,12,3,10,2,1,C03,7,9,1,10,2,11,,8,8,1,12,4,120.66624,24.182102,2
11504,66000,387130000C,(04)23274275,(04)23288582,2025,03,29,11,48,臺中市,西屯區,0,0,0,7,,,50,,,,,,,,,,,,,,,,,,,B03,,,1,,1,,,59,59,1,12,4,120.615588,24.189845,3
11505,66000,387130000C,(04)23274275,(04)23288582,2025,03,29,11,52,臺中市,中區,0,0,0,7,,,50,,,,,,,,,,,,,,,,,,,B03,,,1,,9,,,49,49,2,12,4,120.68164,24.141115,3
11506,66000,387130000C,(04)23274275,(04)23288582,2025,03,29,11,52,臺中市,南屯區,0,0,0,7,,,50,,,,,,,,,,,,,,,,,,,B03,,,1,,1,,,42,42,1,13,4,120.633946,24.146191,3
11507,66000,387130000C,(04)23274275,(04)23288582,2025,03,29,11,55,臺中市,大雅區,0,1,0,6,2,6,50,4,1,1,5,4,6,6,1,1,5,5,4,1,16,3,10,3,1,B03,7,6,1,8,2,6,,11,11,1,13,4,120.644352,24.209406,2
11508,66000,387130000C,(04)23274275,(04)23288582,2025,03,29,11,55,臺中市,霧峰區,0,0,0,7,,,50,,,,,,,,,,,,,,13,,,,,B12,,,1,,2,,,7,7,1,12,4,120.697294,24.064916,3
11509,66000,387130000C,(04)23274275,(04)23288582,2025,03,29,11,56,臺中市,南區,0,0,0,7,,,50,,,,,,,,,,,,,,,,,,,C03,,,1,,9,,,51,51,1,13,4,120.645905,24.110278,3
11510,66000,387130000C,(04)23274275,(04)23288582,2025,03,29,11,56,臺中市,神岡區,0,1,0,7,1,6,50,4,1,1,5,4,6,6,1,1,5,5,5,1,16,3,10,5,4,A11,7,6,1,3,2,8,,8,8,1,12,4,120.696123,24.251908,2
11511,66000,387130000C,(04)23274275,(04)23288582,2025,03,29,11,58,臺中市,梧棲區,0,0,0,7,,,50,,,,,,,,,,,,,,12,,,,,B03,,,1,,1,,,8,8,1,5,4,120.532025,24.257776,3
11512,66000,387130000C,(04)23274275,(04)23288582,2025,03,29,11,59,臺中市,南區,0,1,0,7,3,6,50,13,8,1,5,4,6,6,4,4,1,4,4,2,9,3,10,3,1,A02,7,14,1,2,2,16,,87,87,1,6,4,120.654536,24.115702,2
11513,66000,387130000C,(04)23274275,(04)23288582,2025,03,29,11,59,臺中市,大里區,0,1,0,6,2,6,50,13,9,1,5,4,6,6,4,4,5,4,5,1,18,2,9,1,1,C03,7,9,1,10,2,12,,84,84,1,13,4,120.713601,24.085851,2
11514,66000,387130000C,(04)23274275,(04)23288582,2025,03,29,12,4,臺中市,北區,0,0,0,7,,,50,,,,,,,,,,,,,,13,,,,,B11,,,1,,1,,,7,7,1,13,4,120.685275,24.161398,3
11515,66000,387130000C,(04)23274275,(04)23288582,2025,03,29,12,4,臺中市,沙鹿區,0,0,0,7,,,30,,,,,,,,,,,,,,17,,,,,B03,,,1,,9,,,8,8,1,6,4,120.562042,24.236496,3
11516,66000,387130000C,(04)23274275,(04)23288582,2025,03,29,12,6,臺中市,太平區,0,1,0,7,2,6,50,4,2,1,5,4,6,6,2,1,5,5,5,2,16,3,10,2,1,C03,7,1,1,10,2,14,,51,51,1,12,4,120.7153,24.152068,2
11517,66000,387130000C,(04)23274275,(04)23288582,2025,03,29,12,6,臺中市,清水區,0,0,0,7,,,50,,,,,,,,,,,,,,16,,,,,B03,,,1,,1,,,13,13,1,13,4,120.577301,24.266652,3
11518,66000,387130000C,(04)23274275,(04)23288582,2025,03,29,12,7,臺中市,北屯區,0,1,0,7,2,6,50,3,1,1,5,4,6,6,4,4,10,5,5,2,17,2,9,2,1,C03,7,9,1,10,2,12,,15,15,1,12,4,120.730357,24.175643,2
11519,66000,387130000C,(04)23274275,(04)23288582,2025,03,29,12,9,臺中市,南屯區,0,0,0,7,,,50,,,,,,,,,,,,,,,,,,,A11,,,1,,1,,,40,40,1,13,4,120.633626,24.145906,3
11520,66000,387130000C,(04)23274275,(04)23288582,2025,03,29,12,9,臺中市,北屯區,0,1,0,7,2,6,50,13,9,1,5,4,6,6,4,4,1,4,5,2,13,2,9,1,1,C03,7,9,1,10,2,11,,7,7,1,12,4,120.684621,24.172432,2
11521,66000,387130000C,(04)23274275,(04)23288582,2025,03,29,12,11,臺中市,大里區,0,0,0,7,,,40,,,,,,,,,,,,,,14,,,,,B03,,,1,,2,,,49,49,1,13,4,120.683857,24.109731,3
11522,66000,387130000C,(04)23274275,(04)23288582,2025,03,29,12,11,臺中市,大里區,0,2,0,6,2,6,50,13,14,1,5,4,6,6,4,4,5,4,4,1,18,2,9,1,1,C03,7,9,1,10,2,12,,84,84,1,13,4,120.708993,24.094481,2
11523,66000,387130000C,(04)23274275,(04)23288582,2025,03,29,12,12,臺中市,烏日區,0,0,0,7,,,50,,,,,,,,,,,,,,12,,,,,B03,,,1,,2,,,50,50,1,6,4,120.635904,24.104296,3
11524,66000,387130000C,(04)23274275,(04)23288582,2025,03,29,12,15,臺中市,沙鹿區,0,1,0,7,2,6,50,5,1,1,5,4,6,6,2,1,1,4,5,1,17,3,10,3,1,B03,7,1,1,8,2,1,,51,51,1,12,4,120.571828,24.242257,2
11525,66000,387130000C,(04)23274275,(04)23288582,2025,03,29,12,15,臺中市,大甲區,0,0,0,7,,,40,,,,,,,,,,,,,,,,,,,A41,,,1,,1,,,50,50,1,12,4,120.616022,24.335463,4
11526,66000,387130000C,(04)23274275,(04)23288582,2025,03,29,12,16,臺中市,西區,0,1,0,7,2,6,50,3,1,1,5,4,6,6,4,4,10,5,5,2,16,2,9,2,1,C03,7,9,1,10,2,14,,6,6,1,12,4,120.664302,24.144325,2
11527,66000,387130000C,(04)23274275,(04)23288582,2025,03,29,12,20,臺中市,北區,0,0,0,7,,,30,,,,,,,,,,,,,,14,,,,,B03,,,1,,1,,,60,60,1,13,4,120.685092,24.162422,3
11528,66000,387130000C,(04)23274275,(04)23288582,2025,03,29,12,21,臺中市,南屯區,0,1,0,7,3,6,50,13,9,1,5,4,6,6,1,1,1,4,5,2,12,2,9,1,1,C03,7,7,1,10,2,12,,20,20,1,12,4,120.646681,24.153613,2
11529,66000,387130000C,(04)23274275,(04)23288582,2025,03,29,12,21,臺中市,南屯區,0,0,0,7,,,50,,,,,,,,,,,,,,,,,,,B03,,,1,,1,,,50,50,1,13,4,120.640632,24.134693,3
11530,66000,387130000C,(04)23274275,(04)23288582,2025,03,29,12,22,臺中市,大甲區,0,0,0,7,,,60,,,,,,,,,,,,,,13,,,,,F03,,,1,,1,,,43,43,1,13,4,120.623351,24.344117,3
11531,66000,387130000C,(04)23274275,(04)23288582,2025,03,29,12,23,臺中市,東區,0,1,0,6,3,6,50,4,4,1,5,4,6,6,2,1,5,4,5,2,17,2,9,2,1,C03,7,9,1,10,2,13,,84,84,1,13,4,120.682918,24.134425,2
11532,66000,387130000C,(04)23274275,(04)23288582,2025,03,29,12,25,臺中市,西區,0,0,0,6,3,6,50,3,9,1,5,4,6,6,4,4,4,1,5,2,12,,,,,B02,,,1,,2,,,84,84,1,13,4,120.671227,24.137899,3
11533,66000,387130000C,(04)23274275,(04)23288582,2025,03,29,12,25,臺中市,太平區,0,2,0,7,3,6,50,4,1,1,5,4,6,6,2,1,10,5,5,2,15,2,9,1,1,C03,7,9,1,10,2,11,,21,21,1,12,4,120.730788,24.112213,2
11534,66000,387130000C,(04)23274275,(04)23288582,2025,03,29,12,27,臺中市,南屯區,0,1,0,7,1,6,50,11,5,1,5,4,6,6,4,4,1,2,5,2,12,3,10,5,4,B03,7,5,1,8,2,2,,47,47,1,13,4,120.646416,24.126122,2
11535,66000,387130000C,(04)23274275,(04)23288582,2025,03,29,12,28,臺中市,西區,0,1,0,7,2,6,50,13,9,1,5,4,6,6,4,4,10,4,5,2,13,2,9,1,1,C03,7,9,1,10,2,11,,7,7,1,13,4,120.662769,24.143474,2
11536,66000,387130000C,(04)23274275,(04)23288582,2025,03,29,12,29,臺中市,西區,0,0,0,7,,,50,,,,,,,,,,,,,,14,,,,,B03,,,1,,1,,,49,49,1,12,4,120.674796,24.135389,3
11537,66000,387130000C,(04)23274275,(04)23288582,2025,03,29,12,30,臺中市,太平區,0,0,0,7,,,50,,,,,,,,,,,,,,17,,,,,B12,,,1,,11,,,50,50,1,13,4,120.718835,24.151417,3
11538,66000,387130000C,(04)23274275,(04)23288582,2025,03,29,12,31,臺中市,沙鹿區,0,1,0,7,2,6,40,3,1,1,5,4,6,6,1,1,5,4,4,2,17,3,10,3,1,B03,7,5,1,8,2,2,,47,47,1,13,4,120.569397,24.210371,2
11539,66000,387130000C,(04)23274275,(04)23288582,2025,03,29,12,31,臺中市,沙鹿區,0,1,0,7,3,6,50,4,1,1,5,4,3,3,4,4,10,5,5,2,15,2,1,4,1,C03,7,9,3,19,9,11,,12,12,1,12,4,120.566917,24.249837,2
11540,66000,387130000C,(04)23274275,(04)23288582,2025,03,29,12,32,臺中市,太平區,0,0,0,7,,,40,,,,,,,,,,,,,,13,,,,,B03,,,1,,1,,,7,7,1,13,4,120.710725,24.141557,3
11541,66000,387130000C,(04)23274275,(04)23288582,2025,03,29,12,33,臺中市,西屯區,0,1,0,7,2,6,40,4,4,1,5,4,6,6,2,1,3,4,1,2,13,2,8,2,1,C03,7,9,1,10,2,11,,7,7,1,12,4,120.646078,24.164362,2
11542,66000,387130000C,(04)23274275,(04)23288582,2025,03,29,12,34,臺中市,北區,0,0,0,7,3,9,50,4,1,1,5,4,6,6,2,,10,5,5,2,17,,,,,C03,,,3,,2,,,59,59,1,13,4,120.676567,24.160407,3
11543,66000,387130000C,(04)23274275,(04)23288582,2025,03,29,12,34,臺中市,大甲區,0,0,0,7,,,50,,,,,,,,,,,,,,,,,,,B12,,,1,,1,,,8,8,1,12,4,120.618799,24.343169,3
11544,66000,387130000C,(04)23274275,(04)23288582,2025,03,29,12,35,臺中市,東區,0,1,0,7,1,6,50,4,1,1,5,4,6,6,1,1,10,5,5,2,17,2,9,1,1,C03,7,6,1,10,2,13,,48,48,1,12,4,120.696864,24.144694,2
11545,66000,387130000C,(04)23274275,(04)23288582,2025,03,29,12,37,臺中市,潭子區,0,0,0,7,,,50,,,,,,,,,,,,,,11,,,,,C03,,,1,,2,,,51,51,1,13,4,120.699849,24.194312,3
11546,66000,387130000C,(04)23274275,(04)23288582,2025,03,29,12,37,臺中市,北區,0,2,0,7,2,6,50,3,9,1,5,4,6,6,4,4,10,4,5,2,16,2,9,5,4,C03,7,6,1,10,2,13,,48,48,1,13,4,120.677789,24.166348,2
11547,66000,387130000C,(04)23274275,(04)23288582,2025,03,29,12,39,臺中市,沙鹿區,0,0,0,7,,,50,,,,,,,,,,,,,,12,,,,,B12,,,,,2,,,50,50,1,12,4,120.565643,24.212568,3
11548,66000,387130000C,(04)23274275,(04)23288582,2025,03,29,12,44,臺中市,霧峰區,0,1,0,7,3,6,0,13,7,1,5,4,6,6,4,4,3,2,4,2,6,2,9,6,5,H01,8,18,7,21,10,17,,97,97,1,12,5,120.700009,24.073665,2
11549,66000,387130000C,(04)23274275,(04)23288582,2025,03,29,12,46,臺中市,北屯區,0,1,0,7,2,6,50,13,9,1,5,4,6,6,4,4,1,4,5,2,12,3,10,5,4,B03,7,9,1,8,9,2,,8,8,2,6,4,120.670944,24.174327,2
11550,66000,387130000C,(04)23274275,(04)23288582,2025,03,29,12,46,臺中市,梧棲區,0,0,0,7,,,50,,,,,,,,,,,,,,12,,,,,B03,,,1,,2,,,84,84,1,12,4,120.529949,24.255368,3
11551,66000,387130000C,(04)23274275,(04)23288582,2025,03,29,12,48,臺中市,北屯區,0,1,0,6,2,6,50,3,1,1,5,4,6,6,4,4,5,5,5,2,16,3,10,3,1,B03,7,5,1,8,2,8,,14,14,1,12,4,120.710387,24.181354,2
11552,66000,387130000C,(04)23274275,(04)23288582,2025,03,29,12,48,臺中市,大里區,0,1,0,7,2,6,50,13,9,1,5,4,6,6,1,1,9,4,5,1,30,2,9,1,1,C03,7,14,5,19,7,12,,54,54,1,12,4,120.699909,24.104611,2
11553,66000,387130000C,(04)23274275,(04)23288582,2025,03,29,12,53,臺中市,東區,0,1,0,7,3,6,50,4,1,1,5,4,6,6,4,4,5,5,5,2,12,3,10,3,1,B03,7,5,1,8,2,2,,47,47,1,12,4,120.707956,24.139977,2
11554,66000,387130000C,(04)23274275,(04)23288582,2025,03,29,13,2,臺中市,北區,0,0,0,7,,,50,,,,,,,,,,,,,,16,,,,,C03,,,1,,9,,,38,38,2,13,4,120.68633,24.15521,3
11555,66000,387130000C,(04)23274275,(04)23288582,2025,03,29,13,4,臺中市,太平區,0,1,0,7,2,6,80,13,7,1,5,4,6,6,4,4,1,4,5,1,13,3,10,3,1,B03,7,9,1,8,1,1,,7,7,1,12,4,120.715799,24.152531,2
11556,66000,387130000C,(04)23274275,(04)23288582,2025,03,29,13,5,臺中市,大肚區,0,1,0,7,2,6,30,4,2,1,5,4,6,6,4,4,10,5,5,2,18,2,9,5,4,F02,7,5,7,21,7,15,,59,59,1,12,4,120.578579,24.173026,2
11557,66000,387130000C,(04)23274275,(04)23288582,2025,03,29,13,9,臺中市,潭子區,0,0,0,7,,,50,,,,,,,,,,,,,,,,,,,B03,,,1,,2,,,49,49,1,13,4,120.709844,24.210387,3
11558,66000,387130000C,(04)23274275,(04)23288582,2025,03,29,13,11,臺中市,北屯區,0,0,0,7,,,50,,,,,,,,,,,,,,,,,,,B03,,,1,,9,,,84,84,1,12,4,120.712919,24.172994,3
11559,66000,387130000C,(04)23274275,(04)23288582,2025,03,29,13,12,臺中市,太平區,0,0,0,7,,,50,,,,,,,,,,,,,,,,,,,B03,,,1,,2,,,59,59,1,12,4,120.702444,24.153583,3
11560,66000,387130000C,(04)23274275,(04)23288582,2025,03,29,13,12,臺中市,神岡區,0,1,0,7,3,6,50,13,7,1,5,4,6,6,4,4,5,4,4,1,16,3,10,3,1,B03,7,1,1,8,2,4,,51,51,1,13,4,120.674412,24.251983,2
11561,66000,387130000C,(04)23274275,(04)23288582,2025,03,29,13,14,臺中市,西屯區,0,0,0,7,,,50,,,,,,,,,,,,,,16,,,,,B03,,,1,,1,,,11,11,1,13,4,120.608091,24.158274,3
11562,66000,387130000C,(04)23274275,(04)23288582,2025,03,29,13,15,臺中市,北屯區,0,0,0,7,,,50,,,,,,,,,,,,,,,,,,,B03,,,1,,2,,,49,49,1,12,4,120.692132,24.17737,3
11563,66000,387130000C,(04)23274275,(04)23288582,2025,03,29,13,17,臺中市,太平區,0,2,0,7,2,6,50,13,9,1,5,4,6,6,4,4,5,4,5,1,16,2,8,2,1,C03,7,1,1,10,2,14,,51,51,1,13,4,120.71924,24.131237,2
11564,66000,387130000C,(04)23274275,(04)23288582,2025,03,29,13,19,臺中市,大雅區,0,2,0,7,1,6,50,13,9,1,5,4,6,6,4,4,5,5,5,1,3,2,8,6,5,H01,8,18,7,21,10,17,,95,95,1,13,5,120.625509,24.236607,2
11565,66000,387130000C,(04)23274275,(04)23288582,2025,03,29,13,25,臺中市,北屯區,0,0,0,7,,,50,,,,,,,,,,,,,,,,,,,B03,,,1,,11,,,84,84,1,12,4,120.692958,24.168219,3
11566,66000,387130000C,(04)23274275,(04)23288582,2025,03,29,13,29,臺中市,北屯區,0,0,0,7,,,30,,,,,,,,,,,,,,,,,,,B03,,,1,,2,,,84,84,1,12,4,120.71806,24.176831,3
11567,66000,387130000C,(04)23274275,(04)23288582,2025,03,29,13,29,臺中市,西屯區,0,1,0,6,2,6,50,4,1,1,5,4,6,6,2,1,10,5,5,2,16,3,10,3,1,B03,7,5,1,8,2,2,,11,11,1,12,4,120.636528,24.170784,2
11568,66000,387130000C,(04)23274275,(04)23288582,2025,03,29,13,29,臺中市,豐原區,0,0,0,7,,,50,,,,,,,,,,,,,,9,,,,,B03,,,1,,2,,,87,87,1,12,4,120.73608,24.251072,3
11569,66000,387130000C,(04)23274275,(04)23288582,2025,03,29,13,31,臺中市,南區,0,1,0,7,3,6,50,3,2,1,5,4,6,6,4,4,10,5,5,2,17,3,10,3,1,B03,7,1,1,8,2,7,,51,51,1,13,4,120.661365,24.130203,2
11570,66000,387130000C,(04)23274275,(04)23288582,2025,03,29,13,33,臺中市,西區,0,0,0,7,,,50,,,,,,,,,,,,,,,,,,,C03,,,1,,1,,,84,84,1,12,4,120.676127,24.135876,3
11571,66000,387130000C,(04)23274275,(04)23288582,2025,03,29,13,33,臺中市,豐原區,0,0,0,6,,,50,,,,,,,,,,,,,,13,,,,,B03,,,1,,2,,,88,88,1,13,4,120.701697,24.249233,3
11572,66000,387130000C,(04)23274275,(04)23288582,2025,03,29,13,37,臺中市,太平區,0,0,0,7,,,50,,,,,,,,,,,,,,17,,,,,B12,,,1,,2,,,84,84,1,12,4,120.721926,24.131011,3
11573,66000,387130000C,(04)23274275,(04)23288582,2025,03,29,13,37,臺中市,豐原區,0,0,0,7,,,40,,,,,,,,,,,,,,17,,,,,B11,,,1,,2,,,84,84,1,13,4,120.752088,24.271642,3
11574,66000,387130000C,(04)23274275,(04)23288582,2025,03,29,13,41,臺中市,烏日區,0,0,0,7,,,50,,,,,,,,,,,,,,14,,,,,B03,,,1,,1,,,49,49,1,6,4,120.614175,24.108672,3
11575,66000,387130000C,(04)23274275,(04)23288582,2025,03,29,13,42,臺中市,西區,0,0,0,7,,,30,,,,,,,,,,,,,,,,,,,B03,,,1,,2,,,49,49,1,6,4,120.667206,24.148141,3
11576,66000,387130000C,(04)23274275,(04)23288582,2025,03,29,13,44,臺中市,南屯區,0,0,0,7,,,50,,,,,,,,,,,,,,13,,,,,B03,,,1,,1,,,59,59,1,12,4,120.622084,24.150306,3
11577,66000,387130000C,(04)23274275,(04)23288582,2025,03,29,13,45,臺中市,南區,0,1,0,6,3,6,50,4,1,1,5,4,6,6,2,1,10,5,5,2,16,2,9,2,1,C03,7,5,1,10,2,11,,87,87,1,13,4,120.662687,24.126984,2
11578,66000,387130000C,(04)23274275,(04)23288582,2025,03,29,13,48,臺中市,大雅區,0,2,0,7,1,6,30,13,9,1,5,4,6,6,4,4,10,5,5,1,30,2,9,1,1,C03,7,9,1,10,2,12,,84,84,1,13,4,120.66056,24.217227,2
11579,66000,387130000C,(04)23274275,(04)23288582,2025,03,29,13,52,臺中市,北屯區,0,0,0,7,,,50,,,,,,,,,,,,,,13,,,,,C03,,,1,,1,,,7,7,1,6,4,120.696935,24.170967,4
11580,66000,387130000C,(04)23274275,(04)23288582,2025,03,29,13,56,臺中市,南屯區,0,2,0,7,3,6,50,13,9,1,5,4,6,6,1,1,5,2,5,2,16,2,9,1,1,C03,7,6,1,10,2,12,,36,36,1,12,4,120.652952,24.153539,2
11581,66000,387130000C,(04)23274275,(04)23288582,2025,03,29,13,58,臺中市,大雅區,0,0,0,7,,,60,,,,,,,,,,,,,,12,,,,,B03,,,1,,2,,,40,40,1,13,4,120.64706,24.221665,3
11582,66000,387130000C,(04)23274275,(04)23288582,2025,03,29,14,5,臺中市,外埔區,0,0,0,7,3,6,50,3,2,1,5,4,6,6,1,1,5,4,5,1,17,3,10,3,1,B02,7,5,1,8,2,8,,8,8,1,6,4,120.646782,24.346495,3
11583,66000,387130000C,(04)23274275,(04)23288582,2025,03,29,14,7,臺中市,北屯區,0,2,0,7,3,6,50,4,1,1,5,4,6,6,2,1,10,5,5,2,18,2,9,2,1,C03,7,9,1,10,2,14,,84,84,1,12,4,120.685679,24.175769,2
11584,66000,387130000C,(04)23274275,(04)23288582,2025,03,29,14,10,臺中市,南區,0,1,0,7,1,6,50,13,7,1,5,4,6,6,4,4,1,4,5,2,17,2,9,1,1,C03,7,8,1,10,2,14,,40,40,1,12,4,120.677283,24.129811,2
11585,66000,387130000C,(04)23274275,(04)23288582,2025,03,29,14,12,臺中市,太平區,0,0,0,7,,,50,,,,,,,,,,,,,,,,,,,B03,,,1,,1,,,7,7,1,12,4,120.712015,24.144555,3
11586,66000,387130000C,(04)23274275,(04)23288582,2025,03,29,14,22,臺中市,北區,0,3,0,7,2,6,50,4,2,1,5,4,6,6,2,1,10,5,5,2,13,2,9,2,1,C03,7,9,1,10,2,11,,84,84,1,13,4,120.670359,24.162687,2
11587,66000,387130000C,(04)23274275,(04)23288582,2025,03,29,14,22,臺中市,北屯區,0,2,0,7,3,6,40,13,7,1,5,4,6,6,4,4,10,4,5,2,13,3,10,3,1,B03,7,9,1,8,2,1,,7,7,1,12,4,120.68847,24.201012,2
11588,66000,387130000C,(04)23274275,(04)23288582,2025,03,29,14,24,臺中市,大甲區,0,1,0,7,2,6,40,3,9,1,5,4,6,6,4,4,4,3,5,1,15,2,9,1,1,C03,7,9,1,10,2,11,,12,12,1,12,4,120.620098,24.342223,2
11589,66000,387130000C,(04)23274275,(04)23288582,2025,03,29,14,25,臺中市,豐原區,0,1,0,7,1,6,50,4,1,1,5,4,6,6,1,1,5,4,4,2,17,3,10,3,1,B03,7,9,1,8,2,8,,7,7,1,6,4,120.710695,24.250578,2
11590,66000,387130000C,(04)23274275,(04)23288582,2025,03,29,14,37,臺中市,中區,0,0,0,7,,,50,,,,,,,,,,,,,,,,,,,C03,,,5,,1,,,7,7,1,12,4,120.681535,24.144834,3
11591,66000,387130000C,(04)23274275,(04)23288582,2025,03,29,14,44,臺中市,豐原區,0,2,0,7,3,6,50,3,1,1,5,4,6,6,4,4,10,5,5,2,17,2,4,2,1,C03,7,6,1,10,2,14,,14,14,1,13,4,120.74268,24.250823,2
11592,66000,387130000C,(04)23274275,(04)23288582,2025,03,29,14,50,臺中市,大雅區,0,0,0,7,,,30,,,,,,,,,,,,,,,,,,,B02,,,1,,2,,,82,82,1,13,1,120.631981,24.238008,3
11593,66000,387130000C,(04)23274275,(04)23288582,2025,03,29,14,50,臺中市,西區,0,0,0,7,,,50,,,,,,,,,,,,,,,,,,,B03,,,1,8,1,,,84,84,1,13,4,120.668689,24.151518,3
11594,66000,387130000C,(04)23274275,(04)23288582,2025,03,29,14,50,臺中市,南屯區,0,0,0,7,,,40,,,,,,,,,,,,,,,,,,,B13,,,1,,2,,,49,49,1,13,4,120.636936,24.143082,3
11595,66000,387130000C,(04)23274275,(04)23288582,2025,03,29,14,51,臺中市,大里區,0,1,0,6,3,6,30,13,9,1,5,4,6,6,4,4,10,5,5,2,17,3,10,3,1,B03,7,1,1,8,2,4,,51,51,1,12,4,120.691748,24.086579,2
11596,66000,387130000C,(04)23274275,(04)23288582,2025,03,29,14,54,臺中市,西區,0,0,0,7,,,50,,,,,,,,,,,,,,,,,,,,,,,,,,,87,87,1,,4,120.666324,24.148947,3
11597,66000,387130000C,(04)23274275,(04)23288582,2025,03,29,14,57,臺中市,大里區,0,0,0,7,,,40,,,,,,,,,,,,,,11,,,,,B03,,,1,,9,,,8,8,1,13,4,120.672679,24.115109,3
11598,66000,387130000C,(04)23274275,(04)23288582,2025,03,29,14,58,臺中市,南屯區,0,1,0,7,1,6,50,13,7,1,5,4,6,6,4,4,9,4,4,2,11,3,10,5,4,B03,7,11,1,7,2,5,,45,45,1,13,4,120.612072,24.149464,2
11599,66000,387130000C,(04)23274275,(04)23288582,2025,03,29,14,58,臺中市,北屯區,0,0,0,7,,,50,,,,,,,,,,,,,,,,,,,,,,,,,,,119,119,1,,,120.740319,24.178559,3
11600,66000,387130000C,(04)23274275,(04)23288582,2025,03,29,15,0,臺中市,烏日區,0,0,0,7,,,40,,,,,,,,,,,,,,17,,,,,A12,,,1,,2,,,93,93,1,13,4,120.647451,24.079201,3