﻿序號,縣市別代碼,機關代碼,市話,傳真,年,月,日,時,分,縣市,區,死亡數量,受傷數量,2-30,天候,道路照明設備,道路類別,道路速限,道路型態,事故位置,路面鋪裝,路面狀態,路面缺陷,障礙物,視距,號誌種類,號誌動作,分向設施,快車道或一般車道間,快慢車道間,路面邊線,事故類型及型態,受傷程度,主要傷處,保護裝備,行動電話或功能裝置,當事者區分_類別,車輛用途,當事者行動狀態,駕照狀態,駕照種類,飲酒情形,車輛撞擊部位最初,車輛撞擊部位其他,肇事因素個別,肇事因素主要,肇事逃逸,職業,共享經濟或外送平台,GPS座標X,GPS座標Y,事故類別
11601,66000,387130000C,(04)23274275,(04)23288582,2025,03,29,15,0,臺中市,后里區,0,0,0,7,2,6,40,13,14,1,5,4,6,6,4,4,10,5,5,1,25,3,10,3,1,A12,7,9,1,3,1,6,,8,8,1,12,4,120.694832,24.290975,3
11602,66000,387130000C,(04)23274275,(04)23288582,2025,03,29,15,4,臺中市,南區,0,0,0,7,,,50,,,,,,,,,,,,,,17,,,,,B03,,,1,,2,,,59,59,1,13,4,120.664389,24.124836,3
11603,66000,387130000C,(04)23274275,(04)23288582,2025,03,29,15,4,臺中市,南屯區,0,0,0,7,,,50,,,,,,,,,,,,,,16,,,,,B03,,,1,,2,,,20,20,1,12,4,120.636495,24.151365,3
11604,66000,387130000C,(04)23274275,(04)23288582,2025,03,29,15,8,臺中市,南區,0,0,0,7,,,50,,,,,,,,,,,,,,13,,,,,B03,,,1,,2,,,84,84,1,12,4,120.6702,24.118625,3
11605,66000,387130000C,(04)23274275,(04)23288582,2025,03,29,15,9,臺中市,大里區,0,0,0,7,,,50,,,,,,,,,,,,,,12,,,,,A02,,,1,,2,,,2,2,1,6,4,120.695353,24.096881,3
11606,66000,387130000C,(04)23274275,(04)23288582,2025,03,29,15,10,臺中市,北屯區,0,0,0,7,,,50,,,,,,,,,,,,,,,,,,,H04,,,7,,2,,,109,109,1,12,5,120.713198,24.172144,3
11607,66000,387130000C,(04)23274275,(04)23288582,2025,03,29,15,11,臺中市,東區,0,0,0,7,,,50,,,,,,,,,,,,,,17,,,,,B03,,,1,,1,,,50,50,1,12,4,120.695061,24.136935,3
11608,66000,387130000C,(04)23274275,(04)23288582,2025,03,29,15,12,臺中市,南區,0,2,0,7,3,6,50,3,1,1,5,4,6,6,3,1,5,5,5,2,16,2,9,2,1,C03,7,1,1,10,2,13,,51,51,1,12,4,120.666816,24.115799,2
11609,66000,387130000C,(04)23274275,(04)23288582,2025,03,29,15,12,臺中市,西屯區,0,0,0,7,,,50,,,,,,,,,,,,,,17,,,,,C03,,,1,,1,,,87,87,1,12,4,120.645078,24.178657,3
11610,66000,387130000C,(04)23274275,(04)23288582,2025,03,29,15,14,臺中市,北區,0,1,0,7,2,6,40,4,1,1,5,4,6,6,1,1,10,5,5,2,16,2,9,5,4,C03,7,6,1,10,2,14,,48,48,1,13,4,120.690667,24.158832,2
11611,66000,387130000C,(04)23274275,(04)23288582,2025,03,29,15,17,臺中市,北屯區,0,2,0,7,3,6,50,3,1,1,5,4,6,6,4,4,10,5,5,2,16,2,9,2,1,C03,7,5,3,19,2,12,,20,20,1,13,4,120.696362,24.181272,2
11612,66000,387130000C,(04)23274275,(04)23288582,2025,03,29,15,18,臺中市,霧峰區,0,1,0,7,3,6,30,13,9,1,5,4,6,6,4,4,10,5,5,1,13,2,8,1,1,C03,7,9,1,10,2,11,,84,84,1,5,4,120.714468,24.076598,2
11613,66000,387130000C,(04)23274275,(04)23288582,2025,03,29,15,20,臺中市,東區,0,1,0,7,3,6,50,11,9,1,5,4,6,6,4,4,10,5,5,2,12,3,10,3,1,B03,7,4,1,8,2,6,,1,1,1,13,4,120.708292,24.133889,2
11614,66000,387130000C,(04)23274275,(04)23288582,2025,03,29,15,23,臺中市,大安區,0,1,0,7,3,6,50,13,9,1,5,4,6,6,4,4,10,5,5,2,17,3,10,3,1,B03,7,14,1,8,2,2,,77,77,1,6,4,120.587672,24.344058,2
11615,66000,387130000C,(04)23274275,(04)23288582,2025,03,29,15,25,臺中市,太平區,0,1,0,7,2,6,80,13,7,1,5,4,6,6,4,4,1,4,5,1,13,3,10,3,1,B03,7,9,1,8,2,1,,7,7,1,12,4,120.716065,24.152964,2
11616,66000,387130000C,(04)23274275,(04)23288582,2025,03,29,15,26,臺中市,東區,0,1,0,6,2,6,50,3,1,1,5,4,6,6,4,4,10,5,5,2,13,2,8,2,1,C03,7,9,1,10,1,11,,7,7,1,13,4,120.69537,24.14276,2
11617,66000,387130000C,(04)23274275,(04)23288582,2025,03,29,15,30,臺中市,霧峰區,0,0,0,7,,,30,,,,,,,,,,,,,,,,,,,B03,,,1,,2,,,49,49,1,13,4,120.695293,24.043112,3
11618,66000,387130000C,(04)23274275,(04)23288582,2025,03,29,15,30,臺中市,外埔區,0,0,0,7,3,6,30,13,9,1,5,4,6,6,4,4,10,5,5,2,14,3,10,3,1,B03,7,2,1,8,2,3,,49,49,1,6,4,120.651802,24.329272,3
11619,66000,387130000C,(04)23274275,(04)23288582,2025,03,29,15,32,臺中市,南屯區,0,0,0,7,,,40,,,,,,,,,,,,,,12,,,,,B03,,,1,,1,,,50,50,1,12,4,120.641947,24.145489,3
11620,66000,387130000C,(04)23274275,(04)23288582,2025,03,29,15,34,臺中市,神岡區,0,1,0,7,1,6,30,13,9,1,5,4,6,6,4,4,10,5,5,2,13,2,9,1,4,C03,7,9,1,10,2,11,,7,7,1,12,4,120.685046,24.249925,2
11621,66000,387130000C,(04)23274275,(04)23288582,2025,03,29,15,35,臺中市,后里區,0,1,0,6,2,6,50,4,1,1,5,4,6,6,1,1,5,5,5,1,3,3,10,3,1,B03,7,6,1,8,2,5,,87,87,1,12,4,120.724967,24.308901,2
11622,66000,387130000C,(04)23274275,(04)23288582,2025,03,29,15,45,臺中市,龍井區,0,0,0,7,2,6,50,13,9,1,5,4,6,6,2,1,5,2,5,1,13,3,10,3,1,B12,7,9,1,8,1,1,,7,7,1,6,4,120.585062,24.184619,3
11623,66000,387130000C,(04)23274275,(04)23288582,2025,03,29,15,46,臺中市,西區,0,1,0,7,2,6,50,3,1,1,5,4,6,6,4,4,5,4,5,2,17,2,9,2,1,C03,7,4,3,19,9,13,,84,84,1,12,4,120.657737,24.151049,2
11624,66000,387130000C,(04)23274275,(04)23288582,2025,03,29,15,47,臺中市,太平區,0,0,0,7,,,50,,,,,,,,,,,,,,13,,,,,C03,,,1,,1,,,84,84,1,13,4,120.733713,24.156941,3
11625,66000,387130000C,(04)23274275,(04)23288582,2025,03,29,15,52,臺中市,東區,0,1,0,7,3,6,50,13,9,1,5,4,6,6,4,4,9,5,5,2,17,2,9,2,1,C03,7,9,1,10,2,16,,84,84,1,6,4,120.689465,24.1464,2
11626,66000,387130000C,(04)23274275,(04)23288582,2025,03,29,15,53,臺中市,北區,0,1,0,7,2,6,50,13,9,1,5,4,6,6,4,4,5,5,5,2,9,2,9,6,5,H01,8,20,7,21,10,17,,109,109,1,2,5,120.684116,24.147231,2
11627,66000,387130000C,(04)23274275,(04)23288582,2025,03,29,15,54,臺中市,北屯區,0,0,0,7,,,50,,,,,,,,,,,,,,,,,,,B03,,,1,,1,,,84,84,1,12,4,120.71083,24.174825,3
11628,66000,387130000C,(04)23274275,(04)23288582,2025,03,29,15,54,臺中市,大肚區,0,1,0,7,2,6,70,3,1,1,5,4,6,6,4,4,1,5,5,2,16,3,10,3,1,B03,7,5,1,8,2,2,,11,11,1,6,4,120.550149,24.139227,2
11629,66000,387130000C,(04)23274275,(04)23288582,2025,03,29,15,55,臺中市,西屯區,0,0,0,7,2,6,30,13,9,1,5,4,6,6,4,4,10,5,5,2,25,,,,,A12,,,1,,2,,,8,8,1,13,4,120.642098,24.172142,3
11630,66000,387130000C,(04)23274275,(04)23288582,2025,03,29,15,56,臺中市,北屯區,0,1,0,6,2,6,50,13,7,1,5,4,6,6,1,1,5,5,4,2,13,2,8,1,1,C03,7,9,1,10,2,11,,7,7,1,6,4,120.724465,24.169461,2
11631,66000,387130000C,(04)23274275,(04)23288582,2025,03,29,15,58,臺中市,沙鹿區,0,2,0,6,2,6,50,4,1,1,5,4,6,6,1,1,10,5,5,2,16,3,10,3,1,B03,7,5,1,8,2,2,,11,11,1,6,4,120.56721,24.208798,2
11632,66000,387130000C,(04)23274275,(04)23288582,2025,03,29,16,3,臺中市,大甲區,0,0,0,7,,,40,,,,,,,,,,,,,,,,,,,C03,,,1,,1,,,8,8,1,12,4,120.61816,24.351399,4
11633,66000,387130000C,(04)23274275,(04)23288582,2025,03,29,16,5,臺中市,南屯區,0,0,0,7,,,50,,,,,,,,,,,,,,14,,,,,B03,,,1,,1,,,49,49,1,13,4,120.6495,24.141807,3
11634,66000,387130000C,(04)23274275,(04)23288582,2025,03,29,16,10,臺中市,中區,0,0,0,6,,,50,,,,,,,,,,,,,,,,,,,B03,,,1,,2,,,50,50,1,12,4,120.678936,24.143453,3
11635,66000,387130000C,(04)23274275,(04)23288582,2025,03,29,16,11,臺中市,清水區,0,1,0,7,2,6,40,4,1,1,5,4,6,6,1,1,1,2,4,1,16,2,9,2,1,C03,7,6,1,10,2,12,,26,26,1,13,4,120.536703,24.266826,2
11636,66000,387130000C,(04)23274275,(04)23288582,2025,03,29,16,15,臺中市,西區,0,0,0,7,,,50,,,,,,,,,,,,,,,,,,,C03,,,1,10,1,,,84,84,1,13,4,120.663241,24.14681,3
11637,66000,387130000C,(04)23274275,(04)23288582,2025,03,29,16,22,臺中市,北屯區,0,0,0,7,,,50,,,,,,,,,,,,,,9,,,,,B03,,,1,,1,,,51,51,1,6,4,120.694254,24.172493,4
11638,66000,387130000C,(04)23274275,(04)23288582,2025,03,29,16,25,臺中市,西區,0,1,0,7,1,6,50,4,1,1,5,4,6,6,1,1,10,5,5,2,9,3,10,5,4,B01,7,1,1,4,2,1,,10,10,1,12,4,120.671879,24.149002,2
11639,66000,387130000C,(04)23274275,(04)23288582,2025,03,29,16,25,臺中市,西區,0,0,0,7,,,40,,,,,,,,,,,,,,14,,,,,B03,,,1,,2,,,49,49,1,12,4,120.657595,24.148385,3
11640,66000,387130000C,(04)23274275,(04)23288582,2025,03,29,16,25,臺中市,神岡區,0,1,0,7,3,6,30,4,1,1,5,4,6,6,4,4,10,5,5,2,16,3,10,3,1,B12,7,6,1,8,2,5,,14,14,1,13,4,120.657498,24.271504,2
11641,66000,387130000C,(04)23274275,(04)23288582,2025,03,29,16,26,臺中市,北屯區,0,1,0,6,2,6,50,4,1,1,5,4,6,6,2,1,10,5,5,2,17,3,10,3,1,B03,7,5,1,8,2,16,,47,47,1,6,4,120.685303,24.170844,2
11642,66000,387130000C,(04)23274275,(04)23288582,2025,03,29,16,28,臺中市,北區,0,0,0,7,2,6,50,13,9,1,5,4,6,6,4,4,5,4,5,2,17,3,10,3,1,B03,7,9,1,8,2,5,,8,8,1,12,4,120.681737,24.167062,3
11643,66000,387130000C,(04)23274275,(04)23288582,2025,03,29,16,35,臺中市,南區,0,1,0,7,2,6,50,4,2,1,5,4,6,6,1,1,9,5,5,2,17,3,10,3,1,B03,7,14,1,8,2,2,,74,74,1,13,4,120.673224,24.128828,2
11644,66000,387130000C,(04)23274275,(04)23288582,2025,03,29,16,38,臺中市,沙鹿區,0,1,0,6,2,6,50,3,1,1,5,4,6,6,1,1,10,5,5,2,16,3,10,3,1,B03,7,6,1,8,2,8,,11,11,1,6,4,120.570535,24.217277,2
11645,66000,387130000C,(04)23274275,(04)23288582,2025,03,29,16,40,臺中市,大雅區,0,1,0,7,1,6,50,3,1,1,5,4,6,6,4,4,5,5,5,2,17,3,10,3,1,B03,7,6,1,8,2,1,,14,14,1,13,4,120.645958,24.222356,2
11646,66000,387130000C,(04)23274275,(04)23288582,2025,03,29,16,46,臺中市,龍井區,0,2,0,7,2,6,40,5,2,1,5,4,6,6,1,1,3,5,4,2,20,2,9,2,1,C03,7,9,1,10,2,11,,59,59,1,5,4,120.580126,24.188779,2
11647,66000,387130000C,(04)23274275,(04)23288582,2025,03,29,16,50,臺中市,潭子區,0,1,0,6,3,6,50,4,1,1,5,4,6,6,3,1,10,5,5,2,15,3,10,3,1,B03,7,9,1,8,2,5,,24,24,1,13,4,120.70412,24.210968,2
11648,66000,387130000C,(04)23274275,(04)23288582,2025,03,29,16,50,臺中市,南屯區,0,0,0,7,,,50,,,,,,,,,,,,,,17,,,,,B03,,,1,,1,,,8,8,1,12,4,120.641415,24.14145,3
11649,66000,387130000C,(04)23274275,(04)23288582,2025,03,29,16,53,臺中市,西屯區,0,1,0,7,2,6,50,13,9,1,5,4,6,6,4,4,5,4,5,2,13,3,10,5,4,C03,7,9,1,10,2,11,12,59,59,1,12,4,120.62036,24.186936,2
11650,66000,387130000C,(04)23274275,(04)23288582,2025,03,29,16,58,臺中市,北屯區,0,0,0,7,,,50,,,,,,,,,,,,,,,,,,,C03,,,1,,2,,,7,7,1,12,4,120.676344,24.184374,3
11651,66000,387130000C,(04)23274275,(04)23288582,2025,03,29,17,5,臺中市,南屯區,0,2,0,7,1,6,50,13,9,1,5,4,6,6,1,1,3,2,5,2,12,2,9,1,1,C03,7,9,1,10,2,14,,84,84,1,12,4,120.606757,24.148088,2
11652,66000,387130000C,(04)23274275,(04)23288582,2025,03,29,17,7,臺中市,潭子區,0,1,0,6,2,6,50,3,8,1,5,4,6,6,1,1,1,4,4,1,17,3,10,3,1,B03,7,11,1,8,2,5,,20,20,1,13,4,120.693094,24.216047,2
11653,66000,387130000C,(04)23274275,(04)23288582,2025,03,29,17,7,臺中市,西區,0,1,0,7,1,6,50,4,1,1,5,4,6,6,1,1,10,5,5,2,17,2,9,5,4,C03,7,6,1,10,2,11,,36,36,1,12,4,120.662396,24.155533,2
11654,66000,387130000C,(04)23274275,(04)23288582,2025,03,29,17,11,臺中市,沙鹿區,0,1,0,7,2,6,50,4,2,1,5,4,6,6,4,4,8,3,5,2,17,2,9,5,4,C03,7,1,1,10,2,14,,51,51,1,13,4,120.56086,24.23745,2
11655,66000,387130000C,(04)23274275,(04)23288582,2025,03,29,17,15,臺中市,西屯區,0,1,0,7,2,6,50,13,9,1,5,4,6,6,4,4,1,4,5,2,16,3,10,3,1,B03,7,5,1,8,2,5,,20,20,1,12,4,120.64474,24.171037,2
11656,66000,387130000C,(04)23274275,(04)23288582,2025,03,29,17,15,臺中市,大里區,0,0,0,7,,,50,,,,,,,,,,,,,,17,,,,,B03,,,1,,2,,,8,8,1,12,4,120.679731,24.101513,3
11657,66000,387130000C,(04)23274275,(04)23288582,2025,03,29,17,16,臺中市,大里區,0,0,0,7,,,50,,,,,,,,,,,,,,17,,,,,B03,,,1,,2,,,8,8,1,13,4,120.677281,24.101228,3
11658,66000,387130000C,(04)23274275,(04)23288582,2025,03,29,17,17,臺中市,太平區,0,0,0,7,,,40,,,,,,,,,,,,,,17,,,,,C03,,,1,,2,,,50,50,1,12,4,120.717096,24.152067,3
11659,66000,387130000C,(04)23274275,(04)23288582,2025,03,29,17,18,臺中市,西區,0,0,0,7,,,50,,,,,,,,,,,,,,17,,,,,B03,,,1,,1,,,8,8,1,12,4,120.657265,24.141255,3
11660,66000,387130000C,(04)23274275,(04)23288582,2025,03,29,17,18,臺中市,西屯區,0,0,0,7,,,50,,,,,,,,,,,,,,14,,,,,B03,,,1,,2,,,49,49,1,13,4,120.636006,24.159668,3
11661,66000,387130000C,(04)23274275,(04)23288582,2025,03,29,17,25,臺中市,西區,0,2,0,7,2,6,50,13,7,1,5,4,6,6,4,4,1,4,4,2,13,2,9,1,1,C03,7,9,5,19,2,11,,7,7,1,6,4,120.656951,24.150618,2
11662,66000,387130000C,(04)23274275,(04)23288582,2025,03,29,17,26,臺中市,西屯區,0,0,0,7,,,80,,,,,,,,,,,,,,13,,,,,B03,,,1,,1,,,7,7,1,12,4,120.631351,24.168452,3
11663,66000,387130000C,(04)23274275,(04)23288582,2025,03,29,17,36,臺中市,南屯區,0,2,0,7,2,6,50,13,9,1,5,4,6,6,4,4,9,5,5,2,17,2,9,1,1,C03,7,1,1,10,2,11,,51,51,1,13,4,120.611473,24.14578,2
11664,66000,387130000C,(04)23274275,(04)23288582,2025,03,29,17,36,臺中市,豐原區,0,1,0,7,3,6,50,3,1,1,5,4,6,6,3,1,5,5,5,1,17,2,9,1,4,C03,7,6,1,10,2,11,,48,48,1,12,4,120.719045,24.257351,2
11665,66000,387130000C,(04)23274275,(04)23288582,2025,03,29,17,41,臺中市,豐原區,0,0,0,7,,,50,,,,,,,,,,,,,,13,,,,,B03,,,1,,2,,,7,7,1,13,4,120.721019,24.251601,3
11666,66000,387130000C,(04)23274275,(04)23288582,2025,03,29,17,42,臺中市,北屯區,0,0,0,7,,,50,,,,,,,,,,,,,,19,,,,,B03,,,3,,2,,,59,59,1,13,4,120.658116,24.185753,3
11667,66000,387130000C,(04)23274275,(04)23288582,2025,03,29,17,45,臺中市,西屯區,0,0,0,7,1,6,50,4,2,1,5,4,6,6,1,1,9,5,5,2,13,,,,,C03,,,1,,1,,,7,7,1,13,4,120.641802,24.178201,3
11668,66000,387130000C,(04)23274275,(04)23288582,2025,03,29,17,47,臺中市,西區,0,1,0,7,1,6,50,4,9,1,5,4,6,6,4,4,10,5,5,2,17,3,10,5,4,C03,7,9,1,10,2,11,,7,7,1,12,4,120.675372,24.138107,2
11669,66000,387130000C,(04)23274275,(04)23288582,2025,03,29,17,55,臺中市,北屯區,0,0,0,7,,,50,,,,,,,,,,,,,,17,,,,,B03,,,1,,2,,,50,50,1,12,4,120.685311,24.168621,3
11670,66000,387130000C,(04)23274275,(04)23288582,2025,03,29,17,57,臺中市,大甲區,0,1,0,7,3,6,50,13,9,1,5,4,6,6,4,4,5,5,5,1,17,2,9,1,1,C03,7,9,1,10,2,11,,7,7,1,6,4,120.620917,24.351665,2
11671,66000,387130000C,(04)23274275,(04)23288582,2025,03,29,17,58,臺中市,大里區,0,0,0,7,,,50,,,,,,,,,,,,,,13,,,,,B03,,,1,,5,,,7,7,1,13,4,120.676658,24.097864,3
11672,66000,387130000C,(04)23274275,(04)23288582,2025,03,29,18,7,臺中市,南區,0,2,0,7,1,6,50,4,1,1,5,4,6,6,2,1,10,5,5,2,16,3,10,2,1,C03,7,9,1,10,2,12,,27,27,1,13,4,120.681897,24.133974,2
11673,66000,387130000C,(04)23274275,(04)23288582,2025,03,29,18,7,臺中市,龍井區,0,0,0,7,1,6,50,13,9,1,5,4,6,6,4,4,10,5,5,2,12,3,10,3,1,B03,7,9,1,8,1,8,,84,84,1,6,4,120.592069,24.181789,3
11674,66000,387130000C,(04)23274275,(04)23288582,2025,03,29,18,10,臺中市,北區,0,0,0,7,,,50,,,,,,,,,,,,,,11,,,,,B03,,,1,,2,4,,8,8,1,12,4,120.686207,24.165876,4
11675,66000,387130000C,(04)23274275,(04)23288582,2025,03,29,18,15,臺中市,大里區,0,0,0,7,,,50,,,,,,,,,,,,,,13,,,,,B03,,,5,,2,,,7,7,1,13,4,120.694597,24.111591,3
11676,66000,387130000C,(04)23274275,(04)23288582,2025,03,29,18,17,臺中市,西區,0,0,0,7,,,50,,,,,,,,,,,,,,17,,,,,B03,,,1,,1,,,85,85,1,12,4,120.667737,24.148139,3
11677,66000,387130000C,(04)23274275,(04)23288582,2025,03,29,18,26,臺中市,北屯區,0,0,0,7,,,50,,,,,,,,,,,,,,,,,,,B03,,,1,,1,,,45,45,1,12,4,120.706562,24.183849,4
11678,66000,387130000C,(04)23274275,(04)23288582,2025,03,29,18,28,臺中市,南屯區,0,0,0,7,,,50,,,,,,,,,,,,,,11,,,,,B03,,,1,,9,,,4,4,1,13,4,120.636346,24.146235,3
11679,66000,387130000C,(04)23274275,(04)23288582,2025,03,29,18,36,臺中市,南區,0,1,0,7,1,6,50,4,1,1,5,4,6,6,1,1,10,5,5,2,17,3,10,3,1,B03,7,6,1,8,2,15,,11,11,1,13,4,120.648907,24.119279,2
11680,66000,387130000C,(04)23274275,(04)23288582,2025,03,29,18,36,臺中市,北屯區,0,1,0,6,1,6,50,4,1,1,5,4,6,6,1,1,10,5,5,2,13,2,8,1,1,C03,7,9,1,10,2,11,,7,7,1,6,4,120.690391,24.185434,2
11681,66000,387130000C,(04)23274275,(04)23288582,2025,03,29,18,38,臺中市,北區,0,0,0,7,,,50,,,,,,,,,,,,,,13,,,,,B03,,,1,,1,,,59,59,1,12,4,120.684347,24.157739,3
11682,66000,387130000C,(04)23274275,(04)23288582,2025,03,29,18,38,臺中市,沙鹿區,0,0,0,7,,,50,,,,,,,,,,,,,,17,,,,,B03,,,1,,1,,,47,47,1,6,4,120.559324,24.236441,3
11683,66000,387130000C,(04)23274275,(04)23288582,2025,03,29,18,39,臺中市,南屯區,0,1,0,7,2,6,50,4,1,1,5,4,6,6,2,1,1,4,4,2,16,3,10,3,1,B03,7,6,1,8,2,6,,11,11,1,13,4,120.646808,24.148836,2
11684,66000,387130000C,(04)23274275,(04)23288582,2025,03,29,18,41,臺中市,大里區,0,1,0,7,1,6,50,3,1,1,5,4,6,6,4,4,10,5,5,2,17,3,10,3,1,B03,7,6,1,8,1,5,,14,14,1,12,4,120.682894,24.105512,2
11685,66000,387130000C,(04)23274275,(04)23288582,2025,03,29,18,43,臺中市,沙鹿區,0,0,0,7,,,50,,,,,,,,,,,,,,,,,,,B03,,,1,,1,,,7,7,1,6,4,120.564384,24.24177,3
11686,66000,387130000C,(04)23274275,(04)23288582,2025,03,29,18,46,臺中市,潭子區,0,1,0,7,1,6,60,13,8,1,5,4,6,6,4,4,1,4,4,1,13,2,7,1,1,C03,7,9,1,10,2,11,,8,8,1,12,4,120.705139,24.212644,2
11687,66000,387130000C,(04)23274275,(04)23288582,2025,03,29,18,54,臺中市,西屯區,0,2,0,7,1,6,50,13,9,1,5,4,6,6,4,4,5,4,4,2,2,2,9,2,1,C03,7,9,1,10,2,11,,8,8,1,12,4,120.611185,24.170745,2
11688,66000,387130000C,(04)23274275,(04)23288582,2025,03,29,18,55,臺中市,太平區,0,2,0,7,1,6,50,13,8,1,5,4,6,6,4,4,10,4,4,1,13,3,10,3,1,B03,7,9,1,8,2,1,,7,7,1,12,4,120.710557,24.139459,2
11689,66000,387130000C,(04)23274275,(04)23288582,2025,03,29,18,56,臺中市,大里區,0,0,0,7,,,50,,,,,,,,,,,,,,17,,,,,B03,,,1,,2,,,51,51,1,12,4,120.678404,24.108603,3
11690,66000,387130000C,(04)23274275,(04)23288582,2025,03,29,18,58,臺中市,大里區,0,3,0,7,1,6,50,4,1,1,5,4,6,6,2,1,10,5,5,2,3,3,10,3,1,B12,7,6,1,8,2,1,,10,10,1,13,4,120.702804,24.088187,2
11691,66000,387130000C,(04)23274275,(04)23288582,2025,03,29,19,1,臺中市,西屯區,0,0,0,7,,,50,,,,,,,,,,,,,,14,,,,,B03,,,1,,9,,,8,8,1,12,4,120.651637,24.172176,3
11692,66000,387130000C,(04)23274275,(04)23288582,2025,03,29,19,4,臺中市,中區,0,0,0,7,,,50,,,,,,,,,,,,,,13,,,,,B03,,,1,,1,,,7,7,1,12,4,120.685665,24.14046,3
11693,66000,387130000C,(04)23274275,(04)23288582,2025,03,29,19,7,臺中市,烏日區,0,2,0,7,1,6,50,5,1,1,5,4,6,6,4,4,1,4,5,1,12,2,9,1,1,C03,7,9,1,10,2,12,,7,7,1,6,4,120.644127,24.109543,2
11694,66000,387130000C,(04)23274275,(04)23288582,2025,03,29,19,11,臺中市,西屯區,0,1,0,7,1,6,50,13,9,1,5,4,6,6,4,4,1,4,5,2,16,3,10,5,4,B03,7,14,1,4,2,2,,85,85,1,13,4,120.640903,24.167283,2
11695,66000,387130000C,(04)23274275,(04)23288582,2025,03,29,19,15,臺中市,太平區,0,0,0,7,,,50,,,,,,,,,,,,,,,,,,,B03,,,1,,2,,,40,40,1,12,4,120.721822,24.142525,3
11696,66000,387130000C,(04)23274275,(04)23288582,2025,03,29,19,18,臺中市,大甲區,0,0,0,7,,,50,,,,,,,,,,,,,,,,,,,B03,,,1,,1,,,49,49,1,12,4,120.624969,24.344579,3
11697,66000,387130000C,(04)23274275,(04)23288582,2025,03,29,19,22,臺中市,西屯區,0,1,0,6,1,6,50,5,1,1,5,4,6,6,1,1,10,5,5,2,16,2,9,5,4,C03,7,6,1,10,2,14,,48,48,1,12,4,120.658794,24.1761,2
11698,66000,387130000C,(04)23274275,(04)23288582,2025,03,29,19,34,臺中市,西屯區,0,1,0,7,1,6,50,3,1,1,5,4,6,6,1,1,9,5,5,2,12,2,8,1,1,C03,7,9,1,10,2,14,,7,7,1,13,4,120.624856,24.179894,2
11699,66000,387130000C,(04)23274275,(04)23288582,2025,03,29,19,45,臺中市,東區,0,0,0,7,,,50,,,,,,,,,,,,,,17,,,,,B12,,,1,,2,,,84,84,1,12,4,120.697752,24.15122,3
11700,66000,387130000C,(04)23274275,(04)23288582,2025,03,29,19,47,臺中市,大里區,0,0,0,7,,,50,,,,,,,,,,,,,,,,,,,B12,,,1,,1,,,49,49,1,13,4,120.690962,24.091869,3
11701,66000,387130000C,(04)23274275,(04)23288582,2025,03,29,19,51,臺中市,西屯區,0,0,0,7,,,30,,,,,,,,,,,,,,14,,,,,B03,,,1,,1,,,49,49,1,12,4,120.651319,24.17505,3
11702,66000,387130000C,(04)23274275,(04)23288582,2025,03,29,19,53,臺中市,烏日區,0,0,0,7,,,30,,,,,,,,,,,,,,17,,,,,B03,,,1,,2,,,51,51,1,6,4,120.616684,24.113986,3
11703,66000,387130000C,(04)23274275,(04)23288582,2025,03,29,19,55,臺中市,龍井區,0,0,0,7,,,30,,,,,,,,,,,,,,,,,,,B03,,,1,,1,,,59,59,1,13,4,120.519447,24.199437,3
11704,66000,387130000C,(04)23274275,(04)23288582,2025,03,29,19,59,臺中市,南區,0,0,0,7,,,50,,,,,,,,,,,,,,,,,,,C03,,,1,,2,,,84,84,1,12,4,120.651954,24.114702,4
11705,66000,387130000C,(04)23274275,(04)23288582,2025,03,29,20,0,臺中市,南屯區,0,0,0,6,1,6,40,13,8,1,5,4,6,6,4,4,9,5,4,2,12,,,,,B03,,,1,,9,,,50,50,2,12,4,120.650491,24.138728,3
11706,66000,387130000C,(04)23274275,(04)23288582,2025,03,29,20,5,臺中市,北屯區,0,0,0,7,,,50,,,,,,,,,,,,,,,,,,,B03,,,1,,9,,,84,84,1,12,4,120.709071,24.186547,3
11707,66000,387130000C,(04)23274275,(04)23288582,2025,03,29,20,6,臺中市,太平區,0,1,0,7,1,6,50,3,1,1,5,4,6,6,4,4,10,5,5,2,16,3,10,1,1,F03,7,9,7,21,2,11,,7,7,1,6,4,120.717438,24.119767,2
11708,66000,387130000C,(04)23274275,(04)23288582,2025,03,29,20,15,臺中市,太平區,0,0,0,7,,,50,,,,,,,,,,,,,,,,,,,B03,,,1,,2,,,7,7,1,12,4,120.729063,24.113667,3
11709,66000,387130000C,(04)23274275,(04)23288582,2025,03,29,20,23,臺中市,西區,0,3,0,6,1,6,50,4,1,1,5,4,6,6,4,4,10,5,5,2,17,2,9,1,1,C03,7,9,1,10,2,11,,12,12,1,12,4,120.658836,24.149021,2
11710,66000,387130000C,(04)23274275,(04)23288582,2025,03,29,20,27,臺中市,沙鹿區,0,0,0,6,,,60,,,,,,,,,,,,,,,,,,,B03,,,1,,2,,,51,51,1,13,4,120.602178,24.249068,3
11711,66000,387130000C,(04)23274275,(04)23288582,2025,03,29,20,33,臺中市,太平區,0,2,0,7,1,6,50,4,1,1,5,4,6,6,4,4,10,5,5,2,3,2,8,6,5,H01,8,16,7,21,10,17,,95,95,1,12,5,120.724654,24.141611,2