﻿序號,縣市別代碼,機關代碼,市話,傳真,年,月,日,時,分,縣市,區,死亡數量,受傷數量,2-30,天候,道路照明設備,道路類別,道路速限,道路型態,事故位置,路面鋪裝,路面狀態,路面缺陷,障礙物,視距,號誌種類,號誌動作,分向設施,快車道或一般車道間,快慢車道間,路面邊線,事故類型及型態,受傷程度,主要傷處,保護裝備,行動電話或功能裝置,當事者區分_類別,車輛用途,當事者行動狀態,駕照狀態,駕照種類,飲酒情形,車輛撞擊部位最初,車輛撞擊部位其他,肇事因素個別,肇事因素主要,肇事逃逸,職業,共享經濟或外送平台,GPS座標X,GPS座標Y,事故類別
11712,66000,387130000C,(04)23274275,(04)23288582,2025,03,29,20,35,臺中市,北區,0,0,0,7,,,30,,,,,,,,,,,,,,14,,,,,B03,,,1,,1,,,49,49,1,12,4,120.691887,24.157163,4
11713,66000,387130000C,(04)23274275,(04)23288582,2025,03,29,20,43,臺中市,北屯區,0,0,0,7,,,50,,,,,,,,,,,,,,13,,,,,B03,,,1,,1,,,59,59,1,13,4,120.690514,24.165082,3
11714,66000,387130000C,(04)23274275,(04)23288582,2025,03,29,20,45,臺中市,北屯區,0,1,0,7,1,6,50,13,9,1,5,4,6,6,4,4,10,4,5,2,13,4,11,1,1,C03,7,4,6,20,11,11,,34,34,1,6,4,120.70783,24.181766,2
11715,66000,387130000C,(04)23274275,(04)23288582,2025,03,29,20,46,臺中市,南屯區,0,0,0,7,,,50,,,,,,,,,,,,,,17,,,,,B03,,,1,,2,,,84,84,1,12,4,120.652822,24.152162,3
11716,66000,387130000C,(04)23274275,(04)23288582,2025,03,29,20,52,臺中市,西屯區,0,0,0,7,,,40,,,,,,,,,,,,,,16,,,,,C03,,,1,,2,,,7,7,1,12,4,120.616888,24.182518,3
11717,66000,387130000C,(04)23274275,(04)23288582,2025,03,29,20,53,臺中市,大里區,0,0,0,7,,,50,,,,,,,,,,,,,,12,,,,,B03,,,1,,2,,,35,35,1,13,4,120.689997,24.092755,3
11718,66000,387130000C,(04)23274275,(04)23288582,2025,03,29,20,57,臺中市,大安區,0,0,0,7,,,40,,,,,,,,,,,,,,12,,,,,B03,,,1,,2,,,8,8,1,13,4,120.585911,24.345079,3
11719,66000,387130000C,(04)23274275,(04)23288582,2025,03,29,20,58,臺中市,新社區,0,0,0,7,,,50,,,,,,,,,,,,,,17,,,,,B03,,,1,,1,,,59,59,1,13,4,120.80762,24.24246,3
11720,66000,387130000C,(04)23274275,(04)23288582,2025,03,29,20,59,臺中市,南區,0,0,0,7,,,30,,,,,,,,,,,,,,17,,,,,B03,,,1,,2,,,49,49,1,12,4,120.653456,24.12281,3
11721,66000,387130000C,(04)23274275,(04)23288582,2025,03,29,21,0,臺中市,西屯區,0,0,0,7,,,40,,,,,,,,,,,,,,14,,,,,B12,,,1,,1,,,85,85,1,13,4,120.66188,24.175945,3
11722,66000,387130000C,(04)23274275,(04)23288582,2025,03,29,21,4,臺中市,西區,0,1,0,7,1,6,50,4,1,1,5,4,6,6,1,1,10,5,5,2,17,2,9,5,4,C03,7,9,3,19,2,14,,84,84,1,12,4,120.655065,24.148697,2
11723,66000,387130000C,(04)23274275,(04)23288582,2025,03,29,21,9,臺中市,北屯區,0,1,0,6,1,6,50,4,1,1,5,4,6,6,1,1,10,5,5,2,16,3,10,3,1,B02,7,6,1,4,2,5,,11,11,1,6,4,120.683698,24.193646,2
11724,66000,387130000C,(04)23274275,(04)23288582,2025,03,29,21,9,臺中市,西屯區,0,1,0,7,1,6,50,4,1,1,5,4,6,6,2,1,10,5,5,2,3,3,10,3,1,B03,7,6,1,8,2,5,,10,10,1,12,4,120.611283,24.192014,2
11725,66000,387130000C,(04)23274275,(04)23288582,2025,03,29,21,13,臺中市,大甲區,0,1,0,7,1,6,50,3,2,1,5,4,6,6,4,4,5,4,4,1,12,2,8,1,1,C03,7,9,1,10,2,12,,59,59,1,12,4,120.630785,24.346273,2
11726,66000,387130000C,(04)23274275,(04)23288582,2025,03,29,21,14,臺中市,東區,0,1,0,7,3,6,50,11,9,1,5,4,6,6,4,4,9,4,4,1,18,2,9,2,1,C03,7,9,1,10,2,12,,87,87,1,13,4,120.686711,24.145614,2
11727,66000,387130000C,(04)23274275,(04)23288582,2025,03,29,21,14,臺中市,北屯區,0,0,0,6,,,50,,,,,,,,,,,,,,17,,,,,B03,,,1,,2,,,50,50,1,6,4,120.718838,24.172649,3
11728,66000,387130000C,(04)23274275,(04)23288582,2025,03,29,21,15,臺中市,大里區,0,1,0,7,1,6,50,5,1,1,5,4,6,6,2,1,5,4,4,1,16,2,8,5,4,C03,7,6,1,10,2,11,,26,26,1,13,4,120.68983,24.113086,2
11729,66000,387130000C,(04)23274275,(04)23288582,2025,03,29,21,20,臺中市,沙鹿區,0,0,0,7,,,50,,,,,,,,,,,,,,17,,,,,B02,,,1,,2,,,51,51,1,13,4,120.567016,24.228373,3
11730,66000,387130000C,(04)23274275,(04)23288582,2025,03,29,21,37,臺中市,北屯區,0,1,0,7,1,6,50,13,9,1,5,4,6,6,4,4,1,4,5,2,13,2,8,2,1,C03,7,9,1,10,2,11,,7,7,1,12,4,120.685347,24.174132,2
11731,66000,387130000C,(04)23274275,(04)23288582,2025,03,29,21,44,臺中市,北屯區,0,1,0,7,1,6,50,4,1,1,5,4,6,6,1,1,10,5,5,2,16,3,10,3,1,B03,7,11,1,8,2,1,,25,25,1,13,4,120.733316,24.161155,2
11732,66000,387130000C,(04)23274275,(04)23288582,2025,03,29,22,0,臺中市,大雅區,0,1,0,7,1,6,70,13,8,1,5,4,6,6,4,4,1,3,4,1,17,3,10,1,1,C03,7,9,1,10,2,15,,84,84,1,13,4,120.642493,24.228642,2
11733,66000,387130000C,(04)23274275,(04)23288582,2025,03,29,22,9,臺中市,北屯區,0,0,0,7,,,50,,,,,,,,,,,,,,17,,,,,B03,,,1,,9,,,84,84,2,6,4,120.694886,24.174504,3
11734,66000,387130000C,(04)23274275,(04)23288582,2025,03,29,22,19,臺中市,北區,0,0,0,7,,,50,,,,,,,,,,,,,,,,,,,B03,,,1,,2,,,84,84,1,12,4,120.686576,24.159813,3
11735,66000,387130000C,(04)23274275,(04)23288582,2025,03,29,22,27,臺中市,中區,0,1,0,7,1,6,50,4,1,1,5,4,6,6,4,4,5,4,4,1,13,3,10,3,1,B03,7,9,1,8,2,1,,84,84,1,13,4,120.679535,24.146732,2
11736,66000,387130000C,(04)23274275,(04)23288582,2025,03,29,22,32,臺中市,西屯區,0,0,0,7,,,70,,,,,,,,,,,,,,13,,,,,B02,,,1,,1,,,59,59,1,12,4,120.619278,24.181202,3
11737,66000,387130000C,(04)23274275,(04)23288582,2025,03,29,22,37,臺中市,北區,0,0,0,7,1,6,30,13,9,1,5,4,6,6,4,4,10,5,5,2,17,3,10,1,1,C03,7,3,1,10,2,11,,50,50,1,12,4,120.676106,24.161667,3
11738,66000,387130000C,(04)23274275,(04)23288582,2025,03,29,22,55,臺中市,西屯區,0,0,0,7,1,6,50,4,2,1,5,4,6,6,2,1,9,4,4,2,13,,,,,B03,,,1,,1,,,58,58,1,13,4,120.637283,24.173182,3
11739,66000,387130000C,(04)23274275,(04)23288582,2025,03,29,22,58,臺中市,北區,0,0,0,7,,,50,,,,,,,,,,,,,,,,,,,C03,,,1,,2,,,84,84,1,13,4,120.682779,24.162915,3
11740,66000,387130000C,(04)23274275,(04)23288582,2025,03,29,23,2,臺中市,西屯區,0,2,0,7,1,6,50,5,1,1,5,4,6,6,1,1,10,5,5,2,16,2,9,1,1,C04,7,5,1,10,2,13,,47,47,1,12,4,120.646692,24.155593,2
11741,66000,387130000C,(04)23274275,(04)23288582,2025,03,29,23,10,臺中市,西屯區,0,1,0,7,1,6,50,13,9,1,5,4,5,3,2,1,5,4,5,1,18,,,,,,,,,,,,,119,119,1,,,120.623859,24.185509,2
11742,66000,387130000C,(04)23274275,(04)23288582,2025,03,29,23,56,臺中市,南區,0,0,0,7,,,50,,,,,,,,,,,,,,,,,,,C03,,,1,,1,,,7,7,1,12,4,120.670047,24.126452,3
11743,66000,387130000C,(04)23274275,(04)23288582,2025,03,30,0,7,臺中市,太平區,0,1,0,7,1,6,30,13,9,1,5,4,6,6,4,4,10,5,5,1,28,2,9,5,4,C03,7,9,1,10,2,11,,58,58,1,5,4,120.729125,24.140932,2
11744,66000,387130000C,(04)23274275,(04)23288582,2025,03,30,0,10,臺中市,清水區,0,0,0,6,,,50,,,,,,,,,,,,,,,,,,,B03,,,1,,1,,,49,49,1,12,4,120.551331,24.265541,3
11745,66000,387130000C,(04)23274275,(04)23288582,2025,03,30,0,11,臺中市,南屯區,0,1,0,7,1,6,50,3,1,1,5,4,6,6,4,4,10,5,5,2,17,3,10,1,1,C03,7,5,1,10,2,12,,84,84,1,6,4,120.620972,24.144885,2
11746,66000,387130000C,(04)23274275,(04)23288582,2025,03,30,0,50,臺中市,龍井區,0,0,0,6,,,50,,,,,,,,,,,,,,13,,,,,B03,,,1,,1,,,7,7,1,6,4,120.592839,24.182524,4
11747,66000,387130000C,(04)23274275,(04)23288582,2025,03,30,1,12,臺中市,南區,0,0,0,7,,,50,,,,,,,,,,,,,,28,,,,,B03,,,5,,2,,,84,84,1,12,4,120.670027,24.119918,4
11748,66000,387130000C,(04)23274275,(04)23288582,2025,03,30,1,34,臺中市,西屯區,0,2,0,6,1,6,50,4,1,1,5,4,5,3,3,1,10,4,5,1,12,2,1,3,1,B03,7,7,1,8,2,2,,87,87,1,12,4,120.636945,24.181501,2
11749,66000,387130000C,(04)23274275,(04)23288582,2025,03,30,1,56,臺中市,西屯區,0,2,0,7,1,6,50,13,9,1,5,4,6,6,1,1,1,4,5,2,13,2,8,3,1,B03,7,9,1,8,2,1,,59,59,1,12,4,120.65075,24.16653,2
11750,66000,387130000C,(04)23274275,(04)23288582,2025,03,30,4,33,臺中市,中區,0,0,0,7,,,50,,,,,,,,,,,,,,,,,,,B03,,,1,,1,,,84,84,1,12,4,120.682162,24.139903,3
11751,66000,387130000C,(04)23274275,(04)23288582,2025,03,30,5,7,臺中市,西屯區,0,0,0,6,,,50,,,,,,,,,,,,,,30,,,,,B01,,,1,,1,,,50,50,1,12,4,120.621529,24.185426,3
11752,66000,387130000C,(04)23274275,(04)23288582,2025,03,30,5,42,臺中市,烏日區,0,1,0,6,1,6,50,13,9,1,5,4,6,6,4,4,5,4,5,1,16,3,10,3,1,B03,7,11,1,8,2,4,8,45,45,1,6,4,120.631193,24.099642,2
11753,66000,387130000C,(04)23274275,(04)23288582,2025,03,30,6,10,臺中市,西屯區,0,1,0,5,2,6,80,13,9,1,4,4,6,6,4,4,1,4,5,2,20,2,9,3,1,B03,7,9,1,8,2,1,,88,88,1,12,4,120.652717,24.198587,2
11754,66000,387130000C,(04)23274275,(04)23288582,2025,03,30,6,16,臺中市,神岡區,0,1,0,5,1,6,60,5,2,1,4,4,6,6,1,1,1,4,4,1,18,2,9,1,4,C03,7,5,1,10,2,14,,84,84,1,12,4,120.694296,24.232793,2
11755,66000,387130000C,(04)23274275,(04)23288582,2025,03,30,6,33,臺中市,新社區,0,1,0,5,2,6,30,3,1,1,4,4,6,6,4,4,10,5,5,1,17,3,10,5,4,B03,7,6,1,8,2,4,,12,12,1,13,4,120.808087,24.223898,2
11756,66000,387130000C,(04)23274275,(04)23288582,2025,03,30,6,49,臺中市,西屯區,0,0,0,5,,,50,,,,,,,,,,,,,,16,,,,,B03,,,1,,1,,,14,14,1,12,4,120.647772,24.155638,3
11757,66000,387130000C,(04)23274275,(04)23288582,2025,03,30,7,21,臺中市,太平區,0,1,0,5,2,6,50,13,9,1,4,4,6,6,4,4,9,5,5,1,16,3,10,3,1,B03,7,6,1,8,2,8,,65,65,1,13,4,120.725578,24.118045,2
11758,66000,387130000C,(04)23274275,(04)23288582,2025,03,30,7,33,臺中市,北區,0,0,0,5,,,50,,,,,,,,,,,,,,23,,,,,B03,,,1,,2,,,84,84,1,13,4,120.684775,24.162513,3
11759,66000,387130000C,(04)23274275,(04)23288582,2025,03,30,7,36,臺中市,霧峰區,0,1,0,5,2,6,40,5,1,1,4,4,6,6,1,3,10,5,5,2,15,3,10,5,4,B03,7,9,1,8,2,5,,15,15,1,12,4,120.686626,24.053691,2
11760,66000,387130000C,(04)23274275,(04)23288582,2025,03,30,7,37,臺中市,神岡區,0,1,0,5,2,6,50,4,1,1,4,4,6,6,2,1,10,5,5,2,16,3,10,5,4,B03,7,5,1,8,2,7,,12,12,1,13,4,120.674257,24.252661,2
11761,66000,387130000C,(04)23274275,(04)23288582,2025,03,30,7,40,臺中市,東勢區,0,0,0,5,,,30,,,,,,,,,,,,,,,,,,,B03,,,1,,2,,,84,84,1,12,4,120.894217,24.221368,3
11762,66000,387130000C,(04)23274275,(04)23288582,2025,03,30,7,44,臺中市,烏日區,0,1,0,5,2,6,30,3,2,1,4,4,3,3,4,4,10,5,5,2,17,2,9,5,4,C03,7,5,1,10,2,12,,84,84,1,13,4,120.603351,24.114598,2
11763,66000,387130000C,(04)23274275,(04)23288582,2025,03,30,7,52,臺中市,東區,0,0,0,5,,,50,,,,,,,,,,,,,,14,,,,,B03,,,1,,2,,,49,49,1,6,4,120.696528,24.150016,3
11764,66000,387130000C,(04)23274275,(04)23288582,2025,03,30,8,4,臺中市,豐原區,0,1,0,6,2,6,50,13,9,1,5,4,6,6,2,1,1,2,5,2,17,3,10,3,1,B03,7,7,1,8,9,16,,35,35,1,12,4,120.706345,24.250058,2
11765,66000,387130000C,(04)23274275,(04)23288582,2025,03,30,8,5,臺中市,北屯區,0,1,0,5,3,6,50,3,1,1,4,4,6,6,1,1,10,5,5,2,18,2,9,2,1,C03,7,9,1,10,2,14,,84,84,1,12,4,120.706684,24.167254,2
11766,66000,387130000C,(04)23274275,(04)23288582,2025,03,30,8,19,臺中市,后里區,0,1,0,5,2,6,50,4,2,1,4,4,6,6,1,1,9,4,5,1,18,2,9,1,1,C03,7,5,1,10,2,12,,54,54,1,6,4,120.723549,24.323493,2
11767,66000,387130000C,(04)23274275,(04)23288582,2025,03,30,8,25,臺中市,沙鹿區,0,1,0,5,3,6,50,13,9,1,4,4,6,6,4,4,5,5,5,2,12,3,10,1,1,C03,7,9,1,10,2,12,,8,8,1,6,4,120.559172,24.239383,2
11768,66000,387130000C,(04)23274275,(04)23288582,2025,03,30,8,28,臺中市,龍井區,0,1,0,5,2,6,40,3,1,1,4,4,6,6,4,4,5,5,5,2,13,2,9,2,1,C03,7,9,1,10,2,11,,6,6,1,6,4,120.573047,24.191958,2
11769,66000,387130000C,(04)23274275,(04)23288582,2025,03,30,8,38,臺中市,西屯區,0,1,0,5,2,6,30,3,8,1,4,4,6,6,4,4,10,5,5,2,17,3,10,1,1,C02,7,5,1,9,2,16,,85,85,1,12,4,120.601991,24.182767,2
11770,66000,387130000C,(04)23274275,(04)23288582,2025,03,30,8,46,臺中市,大雅區,0,1,0,5,1,6,40,13,8,1,4,4,6,6,4,4,1,5,4,1,18,2,8,1,1,F03,7,9,7,21,2,14,,84,84,1,13,4,120.646738,24.222107,2
11771,66000,387130000C,(04)23274275,(04)23288582,2025,03,30,8,50,臺中市,北區,0,1,0,5,3,9,50,18,24,1,4,4,6,6,4,4,10,5,5,2,18,2,9,5,4,F01,7,15,7,21,2,14,,59,59,1,13,4,120.684322,24.151718,2
11772,66000,387130000C,(04)23274275,(04)23288582,2025,03,30,8,55,臺中市,北屯區,0,0,0,5,,,50,,,,,,,,,,,,,,12,,,,,B03,,,1,8,2,,,84,84,1,6,4,120.723668,24.179593,3
11773,66000,387130000C,(04)23274275,(04)23288582,2025,03,30,8,58,臺中市,潭子區,0,0,0,5,,,50,,,,,,,,,,,,,,,,,,,B03,,,1,,2,,,51,51,1,13,4,120.704586,24.19401,3
11774,66000,387130000C,(04)23274275,(04)23288582,2025,03,30,8,58,臺中市,霧峰區,0,1,0,5,2,6,50,3,1,1,4,4,6,6,4,4,10,5,5,2,18,2,9,1,1,C03,7,5,1,10,2,12,,1,1,1,6,4,120.720443,24.03965,2
11775,66000,387130000C,(04)23274275,(04)23288582,2025,03,30,9,0,臺中市,烏日區,0,0,0,5,,,50,,,,,,,,,,,,,,2,,,,,B03,,,1,,1,,,8,8,1,6,4,120.618688,24.116058,3
11776,66000,387130000C,(04)23274275,(04)23288582,2025,03,30,9,4,臺中市,西屯區,0,1,0,5,2,6,50,4,1,1,4,4,6,6,2,1,10,5,5,2,16,3,10,5,4,B03,7,6,1,8,2,5,,11,11,1,13,4,120.64227,24.177771,2
11777,66000,387130000C,(04)23274275,(04)23288582,2025,03,30,9,5,臺中市,西屯區,0,1,0,7,2,6,50,3,1,1,4,4,6,6,4,4,10,5,5,2,17,2,9,1,1,C03,7,9,1,10,2,16,,84,84,1,13,4,120.646543,24.171315,2
11778,66000,387130000C,(04)23274275,(04)23288582,2025,03,30,9,13,臺中市,南屯區,0,0,0,5,,,50,,,,,,,,,,,,,,12,,,,,B03,,,1,,1,,,59,59,1,12,4,120.626726,24.145224,3
11779,66000,387130000C,(04)23274275,(04)23288582,2025,03,30,9,20,臺中市,西區,0,1,0,5,2,6,30,13,9,1,4,4,6,6,4,4,10,5,5,2,17,3,10,3,1,B03,7,1,1,8,2,5,,51,51,1,13,4,120.672452,24.141945,2
11780,66000,387130000C,(04)23274275,(04)23288582,2025,03,30,9,25,臺中市,南屯區,0,1,0,5,2,6,50,4,2,1,4,4,6,6,1,1,9,5,5,2,17,3,10,3,1,B03,7,11,1,8,2,2,,45,45,1,13,4,120.640702,24.14426,2
11781,66000,387130000C,(04)23274275,(04)23288582,2025,03,30,9,28,臺中市,大雅區,0,1,0,5,2,6,70,3,8,1,4,4,6,6,3,1,1,4,4,1,17,2,8,1,1,C03,7,9,1,9,2,11,,6,6,1,13,4,120.631538,24.239847,2
11782,66000,387130000C,(04)23274275,(04)23288582,2025,03,30,9,35,臺中市,大肚區,0,1,0,5,2,6,50,3,1,1,4,4,6,6,4,4,10,5,5,2,16,3,10,3,1,B03,7,6,1,8,2,8,,84,84,1,6,4,120.548518,24.148396,2
11783,66000,387130000C,(04)23274275,(04)23288582,2025,03,30,9,38,臺中市,大雅區,0,0,0,5,,,30,,,,,,,,,,,,,,,,,,,C03,,,1,,1,,,84,84,1,13,4,120.645948,24.22937,3
11784,66000,387130000C,(04)23274275,(04)23288582,2025,03,30,9,41,臺中市,豐原區,0,1,0,5,2,6,50,3,2,1,4,4,6,6,1,1,1,2,5,2,12,2,9,1,4,C03,7,7,1,10,2,12,,84,84,1,13,4,120.705909,24.249853,2
11785,66000,387130000C,(04)23274275,(04)23288582,2025,03,30,9,47,臺中市,北屯區,0,0,0,7,,,50,,,,,,,,,,,,,,,,,,,B03,,,1,,1,,,26,26,1,12,4,120.719616,24.180108,3
11786,66000,387130000C,(04)23274275,(04)23288582,2025,03,30,9,54,臺中市,沙鹿區,0,1,0,5,2,6,40,3,1,1,4,4,6,6,1,1,3,4,3,2,18,2,9,1,1,C03,7,9,1,10,2,12,,84,84,1,13,4,120.580347,24.219844,2
11787,66000,387130000C,(04)23274275,(04)23288582,2025,03,30,9,54,臺中市,梧棲區,0,0,0,6,,,50,,,,,,,,,,,,,,14,,,,,B03,,,1,,2,,,49,49,1,6,4,120.536028,24.253489,3
11788,66000,387130000C,(04)23274275,(04)23288582,2025,03,30,9,57,臺中市,沙鹿區,0,0,0,7,,,50,,,,,,,,,,,,,,14,,,,,B03,,,1,,2,,,49,49,1,6,4,120.597575,24.249482,3
11789,66000,387130000C,(04)23274275,(04)23288582,2025,03,30,10,0,臺中市,潭子區,0,0,0,7,,,50,,,,,,,,,,,,,,,,,,,C03,,,1,,2,,,84,84,1,13,4,120.685251,24.225144,3
11790,66000,387130000C,(04)23274275,(04)23288582,2025,03,30,10,0,臺中市,南屯區,0,0,0,5,3,6,50,13,8,1,4,4,6,6,4,4,5,5,4,2,12,,,,,B03,,,1,,1,,,40,40,1,12,4,120.607697,24.126548,3
11791,66000,387130000C,(04)23274275,(04)23288582,2025,03,30,10,2,臺中市,南屯區,0,1,0,5,1,6,40,13,7,1,4,4,6,6,4,4,5,4,4,2,12,2,7,5,4,C03,7,8,1,10,2,13,,40,40,1,13,4,120.638496,24.140059,2
11792,66000,387130000C,(04)23274275,(04)23288582,2025,03,30,10,5,臺中市,南區,0,0,0,5,,,50,,,,,,,,,,,,,,,,,,,B12,,,1,,1,,,49,49,1,13,4,120.672999,24.124154,3
11793,66000,387130000C,(04)23274275,(04)23288582,2025,03,30,10,5,臺中市,西屯區,0,0,0,6,,,60,,,,,,,,,,,,,,,,,,,B03,,,1,,2,,,34,34,1,12,4,120.603727,24.186299,3
11794,66000,387130000C,(04)23274275,(04)23288582,2025,03,30,10,6,臺中市,大肚區,0,2,0,5,2,6,50,13,9,1,4,4,6,6,2,1,5,4,5,1,16,2,3,2,1,C03,7,8,1,10,2,12,,34,34,1,6,4,120.581173,24.174265,2
11795,66000,387130000C,(04)23274275,(04)23288582,2025,03,30,10,13,臺中市,西區,0,2,0,6,2,6,50,4,2,1,4,4,6,6,2,1,5,4,4,2,12,2,9,6,1,F01,7,8,7,21,2,14,,40,40,1,12,4,120.665269,24.149019,2
11796,66000,387130000C,(04)23274275,(04)23288582,2025,03,30,10,13,臺中市,南屯區,0,0,0,5,,,50,,,,,,,,,,,,,,17,,,,,B03,,,1,,1,,,8,8,1,6,4,120.6268,24.115665,3
11797,66000,387130000C,(04)23274275,(04)23288582,2025,03,30,10,15,臺中市,南區,0,1,0,5,1,9,50,4,1,1,4,4,6,6,4,4,10,5,5,2,15,2,9,1,1,C03,7,9,1,10,2,12,,15,15,1,12,4,120.674761,24.124955,2
11798,66000,387130000C,(04)23274275,(04)23288582,2025,03,30,10,20,臺中市,太平區,0,1,0,5,2,6,50,3,1,1,4,4,6,6,4,4,5,5,4,1,14,3,10,3,1,B03,7,2,1,8,9,3,,49,49,1,12,4,120.727779,24.150464,2
11799,66000,387130000C,(04)23274275,(04)23288582,2025,03,30,10,25,臺中市,清水區,0,1,0,7,3,6,30,4,2,1,5,4,6,6,4,4,5,5,5,1,17,2,9,2,1,C03,7,9,1,10,2,16,,12,12,1,12,4,120.569179,24.259278,2
11800,66000,387130000C,(04)23274275,(04)23288582,2025,03,30,10,35,臺中市,南區,0,0,0,7,,,50,,,,,,,,,,,,,,,,,,,C03,,,1,,2,,,84,84,1,6,4,120.660714,24.132678,3
11801,66000,387130000C,(04)23274275,(04)23288582,2025,03,30,10,36,臺中市,中區,0,1,0,5,2,6,50,4,1,1,4,4,6,6,1,1,5,4,5,2,17,2,9,1,1,C03,7,9,1,10,2,14,,84,84,1,13,4,120.680994,24.14383,2
11802,66000,387130000C,(04)23274275,(04)23288582,2025,03,30,10,40,臺中市,北屯區,0,0,0,7,,,50,,,,,,,,,,,,,,,,,,,B03,,,1,,9,,,84,84,1,11,4,120.67043,24.178475,3
11803,66000,387130000C,(04)23274275,(04)23288582,2025,03,30,10,44,臺中市,北屯區,0,0,0,7,,,50,,,,,,,,,,,,,,13,,,,,B03,,,1,,1,,,1,1,1,6,4,120.713467,24.160704,4
11804,66000,387130000C,(04)23274275,(04)23288582,2025,03,30,10,45,臺中市,太平區,0,0,0,7,,,30,,,,,,,,,,,,,,,,,,,B12,,,1,,2,,,84,84,1,12,4,120.737253,24.120544,3
11805,66000,387130000C,(04)23274275,(04)23288582,2025,03,30,10,46,臺中市,西屯區,0,1,0,6,2,6,30,4,1,1,4,4,6,6,4,4,10,5,5,2,17,3,10,2,1,C03,7,5,1,10,2,16,,14,14,1,12,4,120.638206,24.181907,2
11806,66000,387130000C,(04)23274275,(04)23288582,2025,03,30,10,48,臺中市,西區,0,0,0,7,,,40,,,,,,,,,,,,,,14,,,,,B03,,,1,,1,,,49,49,1,12,4,120.66331,24.156916,3
11807,66000,387130000C,(04)23274275,(04)23288582,2025,03,30,10,50,臺中市,烏日區,0,1,0,5,2,6,50,13,9,1,4,4,6,6,4,4,5,4,5,1,18,2,9,5,4,C03,7,9,1,10,2,14,,84,84,1,13,4,120.641105,24.09582,2
11808,66000,387130000C,(04)23274275,(04)23288582,2025,03,30,10,51,臺中市,太平區,0,2,0,5,2,6,50,3,1,1,4,4,6,6,3,1,10,5,5,2,16,3,10,3,1,B12,7,5,1,8,2,5,,84,84,1,12,4,120.742047,24.131044,2
11809,66000,387130000C,(04)23274275,(04)23288582,2025,03,30,10,52,臺中市,西屯區,0,2,0,6,2,6,50,13,9,1,4,4,6,6,4,4,1,4,5,2,13,2,9,1,1,C03,7,9,1,10,2,11,,7,7,1,12,4,120.651294,24.166211,2
11810,66000,387130000C,(04)23274275,(04)23288582,2025,03,30,10,55,臺中市,大肚區,0,1,0,6,2,6,50,13,9,1,4,4,6,6,4,4,5,4,4,2,17,2,8,2,1,C03,7,9,1,10,2,12,11,84,84,1,6,4,120.571991,24.160253,2
11811,66000,387130000C,(04)23274275,(04)23288582,2025,03,30,10,57,臺中市,南區,0,1,0,6,2,6,50,3,1,1,4,4,6,6,4,4,10,5,5,2,16,3,10,3,1,B03,7,5,1,8,2,16,,47,47,1,12,4,120.671344,24.130576,2
11812,66000,387130000C,(04)23274275,(04)23288582,2025,03,30,10,57,臺中市,豐原區,0,1,0,6,2,6,50,5,1,1,4,4,6,6,1,1,5,5,4,2,17,3,10,2,1,C03,7,9,1,10,2,16,,85,85,1,6,4,120.715871,24.254462,2
11813,66000,387130000C,(04)23274275,(04)23288582,2025,03,30,10,58,臺中市,太平區,0,2,0,6,2,6,80,13,7,1,4,4,6,6,4,4,1,4,5,1,13,3,10,3,1,B03,7,9,1,8,2,5,,7,7,1,12,4,120.715938,24.153498,2
11814,66000,387130000C,(04)23274275,(04)23288582,2025,03,30,11,3,臺中市,霧峰區,0,3,0,6,2,6,50,13,9,1,4,4,6,6,4,4,5,5,5,1,16,2,8,2,1,C03,7,6,1,10,2,11,,39,39,1,13,4,120.695437,24.065803,2
11815,66000,387130000C,(04)23274275,(04)23288582,2025,03,30,11,8,臺中市,豐原區,0,0,0,6,,,50,,,,,,,,,,,,,,,,,,,B03,,,1,,2,,,77,77,1,13,4,120.714526,24.249712,3
11816,66000,387130000C,(04)23274275,(04)23288582,2025,03,30,11,9,臺中市,北屯區,0,0,0,7,,,50,,,,,,,,,,,,,,16,,,,,B03,,,1,,2,,,32,32,1,12,4,120.707589,24.186528,3
11817,66000,387130000C,(04)23274275,(04)23288582,2025,03,30,11,10,臺中市,西屯區,0,2,0,7,2,6,50,3,2,1,5,4,6,6,4,4,10,5,5,2,12,2,9,1,1,C03,7,11,1,10,2,14,,45,45,1,13,4,120.646808,24.173168,2
11818,66000,387130000C,(04)23274275,(04)23288582,2025,03,30,11,10,臺中市,大甲區,0,0,0,7,,,40,,,,,,,,,,,,,,,,,,,B03,,,1,,1,,,84,84,1,12,4,120.623717,24.343625,3
11819,66000,387130000C,(04)23274275,(04)23288582,2025,03,30,11,14,臺中市,太平區,0,1,0,6,2,6,50,4,1,1,4,4,6,6,4,4,5,4,4,1,30,3,10,1,1,C03,7,9,1,10,2,12,,84,84,1,12,4,120.728798,24.097961,2
11820,66000,387130000C,(04)23274275,(04)23288582,2025,03,30,11,19,臺中市,北屯區,0,0,0,7,,,50,,,,,,,,,,,,,,13,,,,,B03,,,1,8,2,,,84,84,1,6,4,120.665363,24.200827,3
11821,66000,387130000C,(04)23274275,(04)23288582,2025,03,30,11,22,臺中市,中區,0,0,0,5,,,50,,,,,,,,,,,,,,,,,,,F01,,,1,,2,,,84,84,1,12,4,120.681535,24.144834,3