﻿序號,縣市別代碼,機關代碼,市話,傳真,年,月,日,時,分,縣市,區,死亡數量,受傷數量,2-30,天候,道路照明設備,道路類別,道路速限,道路型態,事故位置,路面鋪裝,路面狀態,路面缺陷,障礙物,視距,號誌種類,號誌動作,分向設施,快車道或一般車道間,快慢車道間,路面邊線,事故類型及型態,受傷程度,主要傷處,保護裝備,行動電話或功能裝置,當事者區分_類別,車輛用途,當事者行動狀態,駕照狀態,駕照種類,飲酒情形,車輛撞擊部位最初,車輛撞擊部位其他,肇事因素個別,肇事因素主要,肇事逃逸,職業,共享經濟或外送平台,GPS座標X,GPS座標Y,事故類別
12151,66000,387130000C,(04)23274275,(04)23288582,2025,03,31,8,52,臺中市,東區,0,1,0,5,2,6,50,13,9,1,4,4,6,6,4,4,5,4,5,2,18,2,9,1,1,C03,7,9,1,10,2,12,,84,84,1,12,4,120.683403,24.133525,2
12152,66000,387130000C,(04)23274275,(04)23288582,2025,03,31,8,54,臺中市,北屯區,0,0,0,5,,,50,,,,,,,,,,,,,,14,,,,,B03,,,1,,2,,,49,49,1,12,4,120.665932,24.182228,3
12153,66000,387130000C,(04)23274275,(04)23288582,2025,03,31,8,56,臺中市,南區,0,1,0,5,2,6,50,3,1,1,3,4,6,6,1,1,10,5,5,2,16,3,10,3,1,B03,7,6,1,8,2,5,,48,48,1,6,4,120.681095,24.119189,2
12154,66000,387130000C,(04)23274275,(04)23288582,2025,03,31,8,58,臺中市,豐原區,0,1,0,5,3,6,50,13,9,1,4,4,6,6,4,4,1,4,5,1,17,2,9,1,1,C03,7,9,1,10,2,12,,7,7,1,13,4,120.709926,24.237023,2
12155,66000,387130000C,(04)23274275,(04)23288582,2025,03,31,8,59,臺中市,西屯區,0,1,0,5,2,6,50,13,9,1,4,4,6,6,4,4,5,5,5,2,17,2,9,2,1,C03,7,15,1,10,2,12,,84,84,1,12,4,120.638963,24.180002,2
12156,66000,387130000C,(04)23274275,(04)23288582,2025,03,31,9,0,臺中市,南屯區,0,0,0,7,,,10,,,,,,,,,,,,,,17,,,,,C03,,,1,,9,,,59,59,1,12,4,120.650091,24.142773,3
12157,66000,387130000C,(04)23274275,(04)23288582,2025,03,31,9,0,臺中市,梧棲區,0,0,0,6,,,50,,,,,,,,,,,,,,11,,,,,B03,,,1,,1,,,8,8,1,13,4,120.530822,24.253387,3
12158,66000,387130000C,(04)23274275,(04)23288582,2025,03,31,9,1,臺中市,潭子區,0,1,0,5,3,6,30,13,9,1,4,4,6,6,4,4,10,5,5,2,28,2,9,2,1,C04,7,9,1,10,2,11,,59,59,1,13,4,120.677575,24.212496,2
12159,66000,387130000C,(04)23274275,(04)23288582,2025,03,31,9,1,臺中市,西屯區,0,1,0,5,2,6,30,3,1,1,4,4,6,6,4,4,10,5,5,2,16,3,10,5,1,C03,7,9,1,10,2,12,,84,84,1,12,4,120.640887,24.177313,2
12160,66000,387130000C,(04)23274275,(04)23288582,2025,03,31,9,4,臺中市,北屯區,0,2,0,5,2,6,50,4,1,1,4,4,5,2,4,4,10,5,5,2,18,2,9,1,1,C03,7,15,1,10,2,14,,43,43,1,6,4,120.700564,24.185246,2
12161,66000,387130000C,(04)23274275,(04)23288582,2025,03,31,9,9,臺中市,北區,0,1,0,7,3,6,50,3,24,1,4,4,6,6,4,4,10,5,5,2,18,2,9,5,4,C03,7,9,1,10,2,14,,59,59,1,13,4,120.687644,24.155744,2
12162,66000,387130000C,(04)23274275,(04)23288582,2025,03,31,9,10,臺中市,大里區,0,1,0,5,2,6,50,5,2,1,4,4,6,6,1,1,1,3,4,1,17,3,10,3,1,B03,7,6,1,8,2,1,,26,26,1,6,4,120.686316,24.092995,2
12163,66000,387130000C,(04)23274275,(04)23288582,2025,03,31,9,11,臺中市,神岡區,0,1,0,5,2,6,50,13,9,1,4,4,6,6,4,4,5,4,4,2,17,2,9,5,4,C03,7,1,1,10,2,11,,51,51,1,13,4,120.671945,24.255436,2
12164,66000,387130000C,(04)23274275,(04)23288582,2025,03,31,9,12,臺中市,大雅區,0,0,0,5,,,60,,,,,,,,,,,,,,13,,,,,B12,,,1,,2,,,84,84,1,13,4,120.648137,24.219595,3
12165,66000,387130000C,(04)23274275,(04)23288582,2025,03,31,9,12,臺中市,大里區,0,0,0,7,,,30,,,,,,,,,,,,,,11,,,,,B03,,,1,,2,,,8,8,1,12,4,120.691578,24.118217,3
12166,66000,387130000C,(04)23274275,(04)23288582,2025,03,31,9,12,臺中市,烏日區,0,1,0,5,2,6,50,13,9,1,4,4,6,6,4,4,5,5,4,2,6,2,9,6,5,H01,8,20,7,21,10,17,,95,95,1,6,5,120.639102,24.112154,2
12167,66000,387130000C,(04)23274275,(04)23288582,2025,03,31,9,17,臺中市,北屯區,0,1,0,5,3,6,40,13,8,1,4,4,6,6,4,4,9,5,4,2,13,2,9,1,1,C03,7,9,1,10,2,11,,84,84,1,12,4,120.672599,24.193286,2
12168,66000,387130000C,(04)23274275,(04)23288582,2025,03,31,9,19,臺中市,北屯區,0,1,0,5,3,6,50,13,9,1,4,4,6,6,4,4,5,5,5,2,12,3,10,3,1,B03,7,9,1,8,2,4,,85,85,1,6,4,120.672802,24.177811,2
12169,66000,387130000C,(04)23274275,(04)23288582,2025,03,31,9,20,臺中市,南屯區,0,0,0,5,3,6,40,13,9,1,4,4,6,6,1,1,5,5,4,2,12,,,,,C03,,,3,,9,,,42,42,2,12,4,120.612764,24.13896,3
12170,66000,387130000C,(04)23274275,(04)23288582,2025,03,31,9,20,臺中市,西屯區,0,0,0,5,,,50,,,,,,,,,,,,,,17,,,,,B12,,,1,,2,,,50,50,1,13,4,120.635789,24.164471,3
12171,66000,387130000C,(04)23274275,(04)23288582,2025,03,31,9,22,臺中市,太平區,0,0,0,5,,,30,,,,,,,,,,,,,,17,,,,,B03,,,1,,2,,,84,84,1,12,4,120.700083,24.151529,3
12172,66000,387130000C,(04)23274275,(04)23288582,2025,03,31,9,27,臺中市,南屯區,0,1,0,5,3,6,50,13,7,1,4,4,6,6,4,4,1,4,4,2,17,3,10,5,4,B03,7,8,1,8,2,16,,40,40,1,6,4,120.63829,24.151648,2
12173,66000,387130000C,(04)23274275,(04)23288582,2025,03,31,9,33,臺中市,南屯區,0,1,0,7,2,6,50,13,9,1,4,4,6,6,4,4,10,4,5,2,18,2,9,2,1,C03,7,9,1,10,2,11,,59,59,1,12,4,120.619264,24.15788,2
12174,66000,387130000C,(04)23274275,(04)23288582,2025,03,31,9,33,臺中市,西屯區,0,1,0,7,2,6,30,4,1,1,5,4,6,6,4,4,10,5,5,2,15,2,9,5,4,F03,7,9,7,21,1,16,,84,84,1,13,4,120.652235,24.162054,2
12175,66000,387130000C,(04)23274275,(04)23288582,2025,03,31,9,35,臺中市,龍井區,0,0,0,7,,,40,,,,,,,,,,,,,,12,,,,,B03,,,1,,2,,,59,59,1,6,4,120.54701,24.200047,3
12176,66000,387130000C,(04)23274275,(04)23288582,2025,03,31,9,38,臺中市,南區,0,0,0,7,,,50,,,,,,,,,,,,,,,,,,,B03,,,1,,1,,,7,7,1,13,4,120.655457,24.115199,3
12177,66000,387130000C,(04)23274275,(04)23288582,2025,03,31,9,38,臺中市,西屯區,0,1,0,5,2,6,40,13,8,1,4,4,6,6,4,4,5,5,4,2,17,3,10,5,1,B03,7,1,1,8,2,16,,51,51,1,12,4,120.635562,24.1679,2
12178,66000,387130000C,(04)23274275,(04)23288582,2025,03,31,9,39,臺中市,沙鹿區,0,1,0,5,2,6,30,4,1,1,4,4,6,6,4,4,5,5,5,2,15,2,9,1,1,C03,7,9,1,10,2,11,,12,12,1,13,4,120.569113,24.242362,2
12179,66000,387130000C,(04)23274275,(04)23288582,2025,03,31,9,40,臺中市,北區,0,0,0,5,,,50,,,,,,,,,,,,,,17,,,,,B03,,,5,,1,,,84,84,1,13,4,120.673629,24.159416,3
12180,66000,387130000C,(04)23274275,(04)23288582,2025,03,31,9,49,臺中市,西區,0,0,0,5,,,50,,,,,,,,,,,,,,,,,,,B03,,,1,,9,,,84,84,2,6,4,120.660598,24.158036,3
12181,66000,387130000C,(04)23274275,(04)23288582,2025,03,31,9,50,臺中市,大雅區,0,0,0,5,,,30,,,,,,,,,,,,,,,,,,,B12,,,1,,1,,,73,73,1,12,4,120.646834,24.206985,3
12182,66000,387130000C,(04)23274275,(04)23288582,2025,03,31,9,50,臺中市,烏日區,0,0,0,7,,,30,,,,,,,,,,,,,,14,,,,,B02,,,1,,2,,,49,49,1,6,4,120.632545,24.108056,3
12183,66000,387130000C,(04)23274275,(04)23288582,2025,03,31,9,54,臺中市,龍井區,0,0,0,7,,,0,,,,,,,,,,,,,,14,,,,,B03,,,1,,2,,,49,49,1,6,4,120.546219,24.19242,3
12184,66000,387130000C,(04)23274275,(04)23288582,2025,03,31,9,58,臺中市,霧峰區,0,1,0,6,2,6,50,13,14,1,4,4,6,6,4,4,5,5,5,1,18,2,9,5,4,C03,7,9,1,10,2,16,,84,84,1,12,4,120.709458,24.080698,2
12185,66000,387130000C,(04)23274275,(04)23288582,2025,03,31,9,58,臺中市,太平區,0,0,0,6,2,6,50,13,9,1,4,4,6,6,4,4,9,5,5,2,17,3,10,3,1,B03,7,1,1,8,2,8,,51,51,1,6,4,120.712075,24.127545,3
12186,66000,387130000C,(04)23274275,(04)23288582,2025,03,31,10,0,臺中市,東勢區,0,0,0,6,,,50,,,,,,,,,,,,,,,,,,,B12,,,1,,1,,,51,51,1,12,4,120.832129,24.247691,3
12187,66000,387130000C,(04)23274275,(04)23288582,2025,03,31,10,2,臺中市,北區,0,1,0,5,2,6,50,4,2,1,4,4,6,6,2,1,10,5,5,2,11,3,10,3,1,B03,7,6,1,8,2,5,,11,11,1,13,4,120.686865,24.163212,2
12188,66000,387130000C,(04)23274275,(04)23288582,2025,03,31,10,7,臺中市,烏日區,0,1,0,6,1,6,50,13,7,1,4,4,6,6,4,4,5,5,4,2,17,3,10,3,1,B12,7,1,1,8,2,8,,51,51,1,6,4,120.638153,24.10457,2
12189,66000,387130000C,(04)23274275,(04)23288582,2025,03,31,10,10,臺中市,沙鹿區,0,0,0,7,,,60,,,,,,,,,,,,,,12,,,,,B12,,,1,,2,,,40,40,1,6,4,120.561991,24.208101,3
12190,66000,387130000C,(04)23274275,(04)23288582,2025,03,31,10,13,臺中市,南區,0,0,0,6,,,50,,,,,,,,,,,,,,,,,,,B03,,,1,,1,,,59,59,1,13,4,120.655457,24.115199,3
12191,66000,387130000C,(04)23274275,(04)23288582,2025,03,31,10,18,臺中市,西區,0,1,0,5,2,6,50,4,1,1,4,4,6,6,1,1,10,5,5,2,18,2,9,1,1,C03,7,6,1,10,2,14,,84,84,1,6,4,120.670484,24.152219,2
12192,66000,387130000C,(04)23274275,(04)23288582,2025,03,31,10,20,臺中市,大雅區,0,0,0,5,,,30,,,,,,,,,,,,,,11,,,,,A12,,,1,,2,,,8,8,1,13,4,120.658333,24.230771,3
12193,66000,387130000C,(04)23274275,(04)23288582,2025,03,31,10,25,臺中市,西屯區,0,0,0,5,,,50,,,,,,,,,,,,,,17,,,,,B03,,,1,,1,,,8,8,1,13,4,120.627467,24.158424,3
12194,66000,387130000C,(04)23274275,(04)23288582,2025,03,31,10,29,臺中市,太平區,0,1,0,6,3,6,50,4,1,1,4,4,6,6,1,1,10,5,5,2,16,3,10,3,1,B12,7,6,1,8,2,6,,11,11,1,12,4,120.715336,24.119648,2
12195,66000,387130000C,(04)23274275,(04)23288582,2025,03,31,10,30,臺中市,龍井區,0,0,0,6,,,30,,,,,,,,,,,,,,9,,,,,B03,,,1,,2,,,8,8,1,6,4,120.591813,24.18029,3
12196,66000,387130000C,(04)23274275,(04)23288582,2025,03,31,10,33,臺中市,梧棲區,0,0,0,6,,,50,,,,,,,,,,,,,,13,,,,,B03,,,1,,2,,,59,59,1,13,4,120.532257,24.262029,3
12197,66000,387130000C,(04)23274275,(04)23288582,2025,03,31,10,37,臺中市,外埔區,0,1,0,6,2,6,40,13,8,1,5,4,6,6,4,4,9,4,4,1,16,3,10,3,1,B03,7,14,1,8,2,1,,20,20,1,12,4,120.638166,24.341374,2
12198,66000,387130000C,(04)23274275,(04)23288582,2025,03,31,10,38,臺中市,南屯區,0,0,0,7,,,50,,,,,,,,,,,,,,13,,,,,B13,,,1,,1,,,7,7,1,6,4,120.646715,24.127054,3
12199,66000,387130000C,(04)23274275,(04)23288582,2025,03,31,10,43,臺中市,神岡區,0,0,0,7,,,50,,,,,,,,,,,,,,20,,,,,B03,,,1,,2,,,59,59,1,12,4,120.685166,24.241632,3
12200,66000,387130000C,(04)23274275,(04)23288582,2025,03,31,10,48,臺中市,北屯區,0,1,0,5,2,6,50,13,7,1,4,4,6,6,4,4,5,4,4,2,18,3,10,1,1,C03,7,1,1,10,11,16,,51,51,1,6,2,120.683532,24.169699,2
12201,66000,387130000C,(04)23274275,(04)23288582,2025,03,31,10,49,臺中市,大肚區,0,1,0,6,2,6,50,4,1,1,4,4,6,6,2,1,10,5,5,2,16,2,9,1,1,C03,7,9,1,10,2,14,,84,84,1,6,4,120.544318,24.154261,2
12202,66000,387130000C,(04)23274275,(04)23288582,2025,03,31,10,56,臺中市,西區,0,1,0,6,2,6,60,3,1,1,4,4,6,6,4,4,1,4,1,2,13,2,8,2,1,C03,7,9,1,10,2,11,,7,7,1,12,4,120.661587,24.155869,2
12203,66000,387130000C,(04)23274275,(04)23288582,2025,03,31,11,0,臺中市,北屯區,0,0,0,7,,,50,,,,,,,,,,,,,,,,,,,B03,,,1,,9,,,49,49,1,12,4,120.71817,24.182075,3
12204,66000,387130000C,(04)23274275,(04)23288582,2025,03,31,11,3,臺中市,潭子區,0,1,0,5,2,6,50,13,9,1,4,4,6,6,4,4,9,5,5,2,11,3,10,3,1,B03,7,1,1,8,2,7,,51,51,1,13,4,120.697937,24.197561,2
12205,66000,387130000C,(04)23274275,(04)23288582,2025,03,31,11,13,臺中市,西屯區,0,0,0,5,,,40,,,,,,,,,,,,,,13,,,,,B03,,,1,,1,,,87,87,1,13,4,120.644661,24.195483,3
12206,66000,387130000C,(04)23274275,(04)23288582,2025,03,31,11,13,臺中市,西屯區,0,0,0,6,,,50,,,,,,,,,,,,,,12,,,,,B03,,,1,,1,,,40,40,1,12,4,120.649769,24.163095,3
12207,66000,387130000C,(04)23274275,(04)23288582,2025,03,31,11,15,臺中市,北屯區,0,1,0,6,3,6,50,5,1,1,4,4,6,6,2,1,10,5,5,2,16,3,10,3,1,B03,7,5,1,8,2,2,,84,84,1,6,4,120.690304,24.183651,2
12208,66000,387130000C,(04)23274275,(04)23288582,2025,03,31,11,17,臺中市,北屯區,0,1,0,6,2,6,50,3,1,1,4,4,6,6,4,4,10,5,5,2,16,3,10,3,1,B03,7,6,1,8,2,4,,14,14,1,12,4,120.710008,24.183827,2
12209,66000,387130000C,(04)23274275,(04)23288582,2025,03,31,11,18,臺中市,北區,0,1,0,7,2,6,50,3,1,1,5,4,6,6,4,4,5,4,4,2,17,3,10,5,1,B03,7,6,1,8,2,5,,14,14,1,13,4,120.665453,24.159301,2
12210,66000,387130000C,(04)23274275,(04)23288582,2025,03,31,11,27,臺中市,西屯區,0,0,0,6,,,30,,,,,,,,,,,,,,30,,,,,H03,,,7,,10,,,109,109,1,13,5,120.652263,24.164685,3
12211,66000,387130000C,(04)23274275,(04)23288582,2025,03,31,11,29,臺中市,南屯區,0,1,0,5,3,6,50,13,9,1,4,4,6,6,4,4,5,4,5,2,13,2,9,5,4,C03,7,9,1,10,2,11,12,7,7,1,6,4,120.633193,24.145788,2
12212,66000,387130000C,(04)23274275,(04)23288582,2025,03,31,11,30,臺中市,東區,0,0,0,6,1,6,50,13,8,1,5,4,6,6,4,4,5,4,4,2,30,3,10,3,1,B03,7,1,1,8,1,5,,84,84,1,12,4,120.699169,24.138779,3
12213,66000,387130000C,(04)23274275,(04)23288582,2025,03,31,11,35,臺中市,南區,0,0,0,7,,,50,,,,,,,,,,,,,,17,,,,,B03,,,1,,2,,,76,76,1,6,4,120.655155,24.13459,3
12214,66000,387130000C,(04)23274275,(04)23288582,2025,03,31,11,36,臺中市,霧峰區,0,0,0,7,,,50,,,,,,,,,,,,,,17,,,,,B03,,,1,,2,,,8,8,1,6,4,120.699322,24.059242,3
12215,66000,387130000C,(04)23274275,(04)23288582,2025,03,31,11,40,臺中市,西區,0,0,0,6,3,6,50,4,1,1,5,4,6,6,2,1,10,5,5,2,12,,,,,B02,,,1,,1,,,45,45,1,13,4,120.661743,24.150827,3
12216,66000,387130000C,(04)23274275,(04)23288582,2025,03,31,11,40,臺中市,南屯區,0,1,0,7,2,6,50,4,2,1,5,4,6,6,2,1,5,4,4,2,17,3,10,3,1,B12,7,5,1,8,3,5,,85,85,1,12,4,120.645071,24.132065,2
12217,66000,387130000C,(04)23274275,(04)23288582,2025,03,31,11,42,臺中市,西屯區,0,1,0,5,2,6,40,3,1,1,4,4,6,6,4,4,10,5,1,2,12,3,10,3,1,B03,7,5,1,8,2,2,,84,84,1,12,4,120.616682,24.182272,2
12218,66000,387130000C,(04)23274275,(04)23288582,2025,03,31,11,42,臺中市,西屯區,0,2,0,6,2,6,30,4,9,1,4,4,5,6,4,4,10,5,5,1,15,2,9,2,1,C03,7,9,3,19,2,12,,12,12,1,12,4,120.633056,24.194455,2
12219,66000,387130000C,(04)23274275,(04)23288582,2025,03,31,11,42,臺中市,大肚區,0,1,0,6,2,6,30,4,1,1,5,4,6,6,4,4,10,5,5,2,18,2,9,2,4,C03,7,12,1,10,2,14,,59,59,1,6,4,120.563061,24.127364,2
12220,66000,387130000C,(04)23274275,(04)23288582,2025,03,31,11,45,臺中市,大雅區,0,2,0,7,3,6,30,4,1,1,5,4,6,6,4,4,4,5,5,1,17,2,9,1,1,C03,7,9,1,10,2,14,,20,20,1,13,4,120.65215,24.227423,2
12221,66000,387130000C,(04)23274275,(04)23288582,2025,03,31,11,50,臺中市,西屯區,0,0,0,7,,,50,,,,,,,,,,,,,,14,,,,,B12,,,1,,1,,,49,49,1,12,4,120.638719,24.178194,3
12222,66000,387130000C,(04)23274275,(04)23288582,2025,03,31,11,55,臺中市,東區,0,0,0,6,1,6,50,3,1,1,5,4,6,6,1,1,10,5,5,2,13,3,10,1,1,C03,7,5,1,10,1,11,,84,84,1,12,4,120.686877,24.136117,3
12223,66000,387130000C,(04)23274275,(04)23288582,2025,03,31,11,55,臺中市,霧峰區,0,0,0,7,,,50,,,,,,,,,,,,,,,,,,,C03,,,1,,3,,,51,51,1,12,4,120.677774,24.0645,3
12224,66000,387130000C,(04)23274275,(04)23288582,2025,03,31,11,56,臺中市,南屯區,0,0,0,7,,,50,,,,,,,,,,,,,,13,,,,,B03,,,1,,1,,,59,59,1,12,4,120.638124,24.148802,3
12225,66000,387130000C,(04)23274275,(04)23288582,2025,03,31,11,58,臺中市,北區,0,0,0,7,3,9,50,3,1,1,5,4,6,6,4,4,10,5,5,2,17,,,,,B11,,,1,,1,,,49,49,1,13,4,120.666265,24.160421,3
12226,66000,387130000C,(04)23274275,(04)23288582,2025,03,31,12,1,臺中市,沙鹿區,0,1,0,7,2,6,50,13,9,1,5,4,6,6,4,4,5,5,5,2,18,2,9,2,1,C03,7,12,1,9,11,14,,82,82,1,7,4,120.552729,24.230454,2
12227,66000,387130000C,(04)23274275,(04)23288582,2025,03,31,12,6,臺中市,南區,0,0,0,7,,,40,,,,,,,,,,,,,,14,,,,,B03,,,1,,2,,,49,49,1,12,4,120.679466,24.131234,3
12228,66000,387130000C,(04)23274275,(04)23288582,2025,03,31,12,11,臺中市,西屯區,0,0,0,5,,,40,,,,,,,,,,,,,,12,,,,,B12,,,1,,1,,,8,8,1,12,4,120.637759,24.166029,3
12229,66000,387130000C,(04)23274275,(04)23288582,2025,03,31,12,15,臺中市,豐原區,0,0,0,7,,,30,,,,,,,,,,,,,,14,,,,,B03,,,1,,2,,,49,49,1,12,4,120.721766,24.251643,3
12230,66000,387130000C,(04)23274275,(04)23288582,2025,03,31,12,16,臺中市,北區,0,0,0,7,,,50,,,,,,,,,,,,,,17,,,,,C03,,,1,,1,,,87,87,1,13,4,120.681134,24.159532,3
12231,66000,387130000C,(04)23274275,(04)23288582,2025,03,31,12,20,臺中市,北區,0,0,0,6,,,40,,,,,,,,,,,,,,17,,,,,C03,,,1,,2,,,40,40,1,13,4,120.682219,24.15287,3
12232,66000,387130000C,(04)23274275,(04)23288582,2025,03,31,12,21,臺中市,北屯區,0,2,0,6,2,6,50,3,1,1,5,4,6,6,4,4,5,4,5,2,13,2,9,1,1,C03,7,9,1,10,2,11,,7,7,1,6,4,120.670212,24.188741,2
12233,66000,387130000C,(04)23274275,(04)23288582,2025,03,31,12,24,臺中市,北區,0,2,0,7,3,9,50,4,1,1,5,4,6,6,4,4,10,5,5,2,17,2,7,5,4,C03,7,9,1,10,2,14,,13,13,1,13,4,120.684381,24.153137,2
12234,66000,387130000C,(04)23274275,(04)23288582,2025,03,31,12,25,臺中市,大甲區,0,0,0,7,,,50,,,,,,,,,,,,,,,,,,,B12,,,1,,2,,,20,20,1,6,4,120.617669,24.346772,3
12235,66000,387130000C,(04)23274275,(04)23288582,2025,03,31,12,26,臺中市,太平區,0,0,0,5,,,30,,,,,,,,,,,,,,17,,,,,A12,,,1,,2,,,49,49,1,12,4,120.721609,24.130116,3
12236,66000,387130000C,(04)23274275,(04)23288582,2025,03,31,12,28,臺中市,西屯區,0,0,0,7,,,50,,,,,,,,,,,,,,16,,,,,B12,,,1,,1,,,15,15,1,12,4,120.639602,24.187299,3
12237,66000,387130000C,(04)23274275,(04)23288582,2025,03,31,12,29,臺中市,西區,0,0,0,7,,,50,,,,,,,,,,,,,,,,,,,B03,,,1,,1,,,50,50,1,6,4,120.655288,24.147559,3
12238,66000,387130000C,(04)23274275,(04)23288582,2025,03,31,12,40,臺中市,西屯區,0,1,0,6,2,6,50,13,9,1,5,4,6,6,4,4,2,4,5,2,17,3,10,5,4,A12,7,15,1,3,2,4,,76,76,1,13,4,120.614686,24.186293,2
12239,66000,387130000C,(04)23274275,(04)23288582,2025,03,31,12,42,臺中市,豐原區,0,1,0,6,2,6,50,13,9,1,5,4,6,6,4,4,10,5,5,2,17,3,10,5,4,B03,7,6,1,8,2,8,,84,84,1,12,4,120.717487,24.261147,2
12240,66000,387130000C,(04)23274275,(04)23288582,2025,03,31,12,44,臺中市,沙鹿區,0,0,0,7,,,1,,,,,,,,,,,,,,17,,,,,B03,,,1,,2,,,59,59,1,6,4,120.55165,24.231901,3
12241,66000,387130000C,(04)23274275,(04)23288582,2025,03,31,12,44,臺中市,沙鹿區,0,0,0,6,,,30,,,,,,,,,,,,,,,,,,,C03,,,1,,2,,,7,7,1,13,4,120.575109,24.231942,3
12242,66000,387130000C,(04)23274275,(04)23288582,2025,03,31,12,47,臺中市,南屯區,0,0,0,6,,,50,,,,,,,,,,,,,,,,,,,B03,,,1,,2,,,84,84,1,13,4,120.608223,24.138652,3
12243,66000,387130000C,(04)23274275,(04)23288582,2025,03,31,12,49,臺中市,梧棲區,0,1,0,7,2,6,50,4,2,1,5,4,6,6,4,4,1,2,4,2,12,2,9,2,1,C03,7,8,1,10,2,14,,40,40,1,12,4,120.5404,24.244521,2
12244,66000,387130000C,(04)23274275,(04)23288582,2025,03,31,12,54,臺中市,大甲區,0,2,0,7,3,6,50,3,1,1,5,4,6,6,4,4,10,5,5,2,17,3,10,5,4,C03,7,6,1,10,2,13,,14,14,1,12,4,120.63151,24.430075,2
12245,66000,387130000C,(04)23274275,(04)23288582,2025,03,31,13,0,臺中市,沙鹿區,0,1,0,7,3,6,50,13,9,1,5,4,6,6,4,4,1,4,4,2,12,3,10,1,1,C03,7,8,1,10,2,14,,40,40,1,13,4,120.559514,24.234653,2
12246,66000,387130000C,(04)23274275,(04)23288582,2025,03,31,13,4,臺中市,南屯區,0,1,0,7,2,6,50,3,1,1,5,4,6,6,4,4,10,5,5,2,17,3,10,3,1,B03,7,6,1,8,2,1,,14,14,1,12,4,120.607669,24.146594,2
12247,66000,387130000C,(04)23274275,(04)23288582,2025,03,31,13,5,臺中市,南區,0,1,0,7,2,6,50,4,1,1,5,4,6,6,2,1,10,5,5,2,16,3,10,3,1,B03,7,5,5,19,2,2,,11,11,1,12,4,120.650302,24.115825,2
12248,66000,387130000C,(04)23274275,(04)23288582,2025,03,31,13,5,臺中市,豐原區,0,0,0,6,2,6,50,3,9,1,5,4,6,6,4,4,5,5,4,2,12,3,10,3,1,A12,7,9,1,7,2,6,,8,8,1,12,4,120.705627,24.253413,3
12249,66000,387130000C,(04)23274275,(04)23288582,2025,03,31,13,8,臺中市,大里區,0,0,0,5,,,50,,,,,,,,,,,,,,12,,,,,B12,,,1,,2,,,57,57,1,6,4,120.697808,24.106547,3
12250,66000,387130000C,(04)23274275,(04)23288582,2025,03,31,13,13,臺中市,北屯區,0,0,0,7,,,50,,,,,,,,,,,,,,12,,,,,B03,,,1,,1,,,40,40,1,6,4,120.686307,24.180677,3
12251,66000,387130000C,(04)23274275,(04)23288582,2025,03,31,13,15,臺中市,北屯區,0,0,0,7,,,30,,,,,,,,,,,,,,17,,,,,B03,,,1,,1,,,58,58,1,6,4,120.699477,24.169529,3
12252,66000,387130000C,(04)23274275,(04)23288582,2025,03,31,13,15,臺中市,清水區,0,0,0,7,,,50,,,,,,,,,,,,,,,,,,,A11,,,1,,2,,,84,84,1,12,4,120.562516,24.310687,3
12253,66000,387130000C,(04)23274275,(04)23288582,2025,03,31,13,20,臺中市,北區,0,0,0,7,,,50,,,,,,,,,,,,,,17,,,,,B03,,,5,,1,,,8,8,1,13,4,120.674983,24.147842,3
12254,66000,387130000C,(04)23274275,(04)23288582,2025,03,31,13,21,臺中市,沙鹿區,0,1,0,7,2,6,50,3,2,1,5,4,6,6,4,4,8,3,5,2,17,3,10,5,4,B03,7,1,1,8,2,16,,51,51,1,13,4,120.565577,24.248195,2
12255,66000,387130000C,(04)23274275,(04)23288582,2025,03,31,13,24,臺中市,北屯區,0,4,0,6,3,6,40,5,1,1,5,4,6,6,2,1,10,5,5,2,16,2,7,1,1,C03,7,6,1,10,2,14,,48,48,1,12,4,120.676875,24.176939,2
12256,66000,387130000C,(04)23274275,(04)23288582,2025,03,31,13,25,臺中市,中區,0,2,0,6,3,6,50,4,1,1,5,4,6,6,1,1,10,5,5,2,12,2,9,1,1,C03,7,15,1,10,2,12,,84,84,1,6,4,120.675692,24.141754,2
12257,66000,387130000C,(04)23274275,(04)23288582,2025,03,31,13,37,臺中市,北屯區,0,1,0,6,3,6,30,13,9,1,5,4,6,6,4,4,10,5,5,2,12,2,8,3,1,B03,7,9,3,19,2,5,,84,84,1,6,4,120.674694,24.178284,2
12258,66000,387130000C,(04)23274275,(04)23288582,2025,03,31,13,40,臺中市,西區,0,0,0,6,,,50,,,,,,,,,,,,,,,,,,,B03,,,1,,9,,,8,8,1,12,4,120.673108,24.148393,3
12259,66000,387130000C,(04)23274275,(04)23288582,2025,03,31,13,45,臺中市,太平區,0,1,0,6,2,6,40,13,12,1,5,4,6,6,4,4,5,5,4,1,17,3,10,5,1,B03,7,13,1,8,2,8,,76,76,1,12,4,120.720653,24.149235,2
12260,66000,387130000C,(04)23274275,(04)23288582,2025,03,31,13,46,臺中市,太平區,0,1,0,7,3,6,40,3,1,1,5,4,6,6,4,4,10,5,5,2,13,3,10,3,1,B12,7,9,1,8,2,1,,59,59,1,6,4,120.732929,24.125593,2