﻿序號,縣市別代碼,機關代碼,市話,傳真,年,月,日,時,分,縣市,區,死亡數量,受傷數量,2-30,天候,道路照明設備,道路類別,道路速限,道路型態,事故位置,路面鋪裝,路面狀態,路面缺陷,障礙物,視距,號誌種類,號誌動作,分向設施,快車道或一般車道間,快慢車道間,路面邊線,事故類型及型態,受傷程度,主要傷處,保護裝備,行動電話或功能裝置,當事者區分_類別,車輛用途,當事者行動狀態,駕照狀態,駕照種類,飲酒情形,車輛撞擊部位最初,車輛撞擊部位其他,肇事因素個別,肇事因素主要,肇事逃逸,職業,共享經濟或外送平台,GPS座標X,GPS座標Y,事故類別
12261,66000,387130000C,(04)23274275,(04)23288582,2025,03,31,13,50,臺中市,大雅區,0,0,0,7,,,50,,,,,,,,,,,,,,,,,,,B12,,,1,,2,,,7,7,1,13,4,120.645263,24.225553,3
12262,66000,387130000C,(04)23274275,(04)23288582,2025,03,31,13,53,臺中市,北屯區,0,0,0,6,,,50,,,,,,,,,,,,,,13,,,,,A12,,,1,,2,,,7,7,1,6,4,120.67627,24.20131,3
12263,66000,387130000C,(04)23274275,(04)23288582,2025,03,31,13,53,臺中市,西屯區,0,0,0,7,,,50,,,,,,,,,,,,,,13,,,,,B12,,,1,,1,,,58,58,1,6,4,120.644268,24.171377,3
12264,66000,387130000C,(04)23274275,(04)23288582,2025,03,31,13,58,臺中市,南區,0,1,0,7,2,6,50,13,9,1,5,4,6,6,4,4,5,4,5,2,13,3,10,3,1,B03,7,9,1,8,1,1,,84,84,1,12,4,120.657247,24.13228,2
12265,66000,387130000C,(04)23274275,(04)23288582,2025,03,31,13,58,臺中市,南屯區,0,0,0,7,,,50,,,,,,,,,,,,,,14,,,,,B03,,,1,,1,,,49,49,1,12,4,120.648418,24.149954,3
12266,66000,387130000C,(04)23274275,(04)23288582,2025,03,31,14,0,臺中市,神岡區,0,0,0,7,,,50,,,,,,,,,,,,,,16,,,,,B03,,,1,,2,,,51,51,1,12,4,120.712285,24.256886,3
12267,66000,387130000C,(04)23274275,(04)23288582,2025,03,31,14,1,臺中市,東區,0,1,0,6,2,6,50,3,1,1,5,4,6,6,4,4,10,5,5,2,12,3,10,3,1,A42,7,5,1,1,2,5,,8,8,1,6,4,120.703361,24.125414,2
12268,66000,387130000C,(04)23274275,(04)23288582,2025,03,31,14,4,臺中市,大里區,0,0,0,6,,,50,,,,,,,,,,,,,,13,,,,,B03,,,1,,2,,,7,7,1,12,4,120.680411,24.095267,3
12269,66000,387130000C,(04)23274275,(04)23288582,2025,03,31,14,8,臺中市,北屯區,0,0,0,7,,,50,,,,,,,,,,,,,,,,,,,B12,,,1,,1,,,59,59,1,12,4,120.702935,24.182221,3
12270,66000,387130000C,(04)23274275,(04)23288582,2025,03,31,14,17,臺中市,北區,0,1,0,7,2,6,50,5,1,1,5,4,6,6,1,1,10,5,5,2,13,2,9,5,4,C03,7,9,1,10,3,11,,84,84,1,13,4,120.681579,24.155194,2
12271,66000,387130000C,(04)23274275,(04)23288582,2025,03,31,14,18,臺中市,霧峰區,0,3,0,6,2,6,50,13,8,1,5,4,6,6,4,4,3,4,4,1,13,2,7,5,4,B03,7,5,1,10,2,6,,47,47,1,12,4,120.694528,24.050412,2
12272,66000,387130000C,(04)23274275,(04)23288582,2025,03,31,14,22,臺中市,太平區,0,0,0,6,2,6,40,13,9,5,5,4,6,6,4,4,5,5,5,2,11,3,10,3,1,B02,7,9,1,8,2,4,,39,39,1,6,4,120.714507,24.122906,3
12273,66000,387130000C,(04)23274275,(04)23288582,2025,03,31,14,30,臺中市,西區,0,0,0,7,,,60,,,,,,,,,,,,,,,,,,,B03,,,1,,2,,,84,84,1,6,4,120.659429,24.156328,3
12274,66000,387130000C,(04)23274275,(04)23288582,2025,03,31,14,41,臺中市,北區,0,1,0,7,2,6,50,3,2,1,5,4,6,6,4,4,10,5,5,2,9,3,10,5,4,B03,7,9,6,20,1,15,,84,84,1,13,4,120.672926,24.172745,2
12275,66000,387130000C,(04)23274275,(04)23288582,2025,03,31,14,45,臺中市,大里區,0,0,0,7,,,50,,,,,,,,,,,,,,,,,,,B12,,,1,,2,,,59,59,1,12,4,120.696878,24.097785,3
12276,66000,387130000C,(04)23274275,(04)23288582,2025,03,31,14,51,臺中市,潭子區,0,0,0,7,,,50,,,,,,,,,,,,,,,,,,,B03,,,1,,2,,,59,59,1,13,4,120.703036,24.200877,3
12277,66000,387130000C,(04)23274275,(04)23288582,2025,03,31,14,51,臺中市,大里區,0,0,0,7,,,50,,,,,,,,,,,,,,17,,,,,B03,,,1,,1,,,51,51,1,12,4,120.716675,24.097477,3
12278,66000,387130000C,(04)23274275,(04)23288582,2025,03,31,14,54,臺中市,南屯區,0,1,0,7,2,6,50,4,1,1,5,4,6,6,2,1,10,5,5,2,16,2,8,1,1,C03,7,6,1,10,2,11,,48,48,1,13,4,120.634095,24.158268,2
12279,66000,387130000C,(04)23274275,(04)23288582,2025,03,31,14,55,臺中市,烏日區,0,0,0,7,,,50,,,,,,,,,,,,,,,,,,,B12,,,1,,1,,,40,40,1,13,4,120.649129,24.093503,3
12280,66000,387130000C,(04)23274275,(04)23288582,2025,03,31,15,6,臺中市,北區,0,1,0,7,2,6,0,13,21,4,5,4,6,6,4,4,10,5,5,2,14,3,10,3,1,B03,7,2,1,8,2,3,,49,49,1,13,4,120.677057,24.17311,2
12281,66000,387130000C,(04)23274275,(04)23288582,2025,03,31,15,10,臺中市,龍井區,0,0,0,7,,,50,,,,,,,,,,,,,,,,,,,B03,,,1,,1,,,84,84,1,6,4,120.525667,24.216767,3
12282,66000,387130000C,(04)23274275,(04)23288582,2025,03,31,15,20,臺中市,東區,0,0,0,7,,,50,,,,,,,,,,,,,,13,,,,,B03,,,1,,2,,,84,84,1,12,4,120.691886,24.142895,3
12283,66000,387130000C,(04)23274275,(04)23288582,2025,03,31,15,20,臺中市,大里區,0,0,0,6,,,50,,,,,,,,,,,,,,14,,,,,B12,,,1,,2,,,49,49,1,12,4,120.68468,24.093322,3
12284,66000,387130000C,(04)23274275,(04)23288582,2025,03,31,15,21,臺中市,豐原區,0,1,0,7,3,6,30,3,2,1,5,4,6,6,4,4,1,4,5,1,17,3,10,2,1,C03,7,6,1,10,11,16,,14,14,1,12,4,120.715102,24.244628,2
12285,66000,387130000C,(04)23274275,(04)23288582,2025,03,31,15,23,臺中市,沙鹿區,0,1,0,6,2,6,50,4,1,1,5,4,6,6,1,1,3,4,5,2,17,2,9,3,1,B02,7,9,1,8,2,1,,7,7,1,13,4,120.589962,24.250106,2
12286,66000,387130000C,(04)23274275,(04)23288582,2025,03,31,15,28,臺中市,烏日區,0,0,0,7,,,70,,,,,,,,,,,,,,14,,,,,B03,,,1,,2,,,49,49,1,6,4,120.606365,24.108641,3
12287,66000,387130000C,(04)23274275,(04)23288582,2025,03,31,15,37,臺中市,大甲區,0,0,0,7,,,50,,,,,,,,,,,,,,13,,,,,B03,,,1,,2,,,7,7,1,6,4,120.628605,24.345698,3
12288,66000,387130000C,(04)23274275,(04)23288582,2025,03,31,15,43,臺中市,沙鹿區,0,1,0,7,2,6,40,13,8,1,5,4,6,6,4,4,3,3,3,1,17,3,10,5,4,B03,7,9,1,8,2,2,,8,8,1,13,4,120.573348,24.230843,2
12289,66000,387130000C,(04)23274275,(04)23288582,2025,03,31,15,45,臺中市,西屯區,0,0,0,6,,,50,,,,,,,,,,,,,,13,,,,,B03,,,5,,1,,,7,7,1,12,4,120.646454,24.164454,3
12290,66000,387130000C,(04)23274275,(04)23288582,2025,03,31,15,47,臺中市,西屯區,0,0,0,7,,,50,,,,,,,,,,,,,,17,,,,,B03,,,1,,2,,,8,8,1,13,4,120.614174,24.189708,3
12291,66000,387130000C,(04)23274275,(04)23288582,2025,03,31,15,48,臺中市,潭子區,0,0,0,6,,,30,,,,,,,,,,,,,,,,,,,B03,,,1,,2,,,59,59,1,12,4,120.679609,24.214818,3
12292,66000,387130000C,(04)23274275,(04)23288582,2025,03,31,15,49,臺中市,西屯區,0,0,0,7,,,50,,,,,,,,,,,,,,14,,,,,B03,,,1,,2,,,49,49,1,12,4,120.653387,24.162828,3
12293,66000,387130000C,(04)23274275,(04)23288582,2025,03,31,15,50,臺中市,東區,0,0,0,7,,,50,,,,,,,,,,,,,,17,,,,,A11,,,1,,1,,,7,7,1,13,4,120.699174,24.129641,3
12294,66000,387130000C,(04)23274275,(04)23288582,2025,03,31,15,50,臺中市,太平區,0,0,0,7,,,80,,,,,,,,,,,,,,,,,,,B03,,,1,,1,,,7,7,1,12,4,120.717623,24.157176,3
12295,66000,387130000C,(04)23274275,(04)23288582,2025,03,31,15,51,臺中市,南區,0,0,0,7,,,30,,,,,,,,,,,,,,17,,,,,,,,,,,,,86,86,1,,,120.688267,24.126549,4
12296,66000,387130000C,(04)23274275,(04)23288582,2025,03,31,15,51,臺中市,梧棲區,0,1,0,7,3,6,40,13,9,1,5,4,6,6,4,4,10,4,4,2,16,3,10,3,1,B03,7,1,1,8,2,4,,51,51,1,6,4,120.537506,24.250416,2
12297,66000,387130000C,(04)23274275,(04)23288582,2025,03,31,15,54,臺中市,北區,0,0,0,6,,,50,,,,,,,,,,,,,,,,,,,A11,,,1,,2,,,8,8,1,12,4,120.685292,24.149941,3
12298,66000,387130000C,(04)23274275,(04)23288582,2025,03,31,16,3,臺中市,西屯區,0,3,0,6,2,6,40,4,1,1,5,4,6,6,2,1,1,4,1,2,13,2,9,1,1,C03,7,9,1,10,2,11,,7,7,1,13,4,120.655911,24.158976,2
12299,66000,387130000C,(04)23274275,(04)23288582,2025,03,31,16,9,臺中市,西屯區,0,0,0,7,,,50,,,,,,,,,,,,,,17,,,,,B12,,,1,,1,,,85,85,1,13,4,120.603453,24.186182,3
12300,66000,387130000C,(04)23274275,(04)23288582,2025,03,31,16,14,臺中市,霧峰區,0,1,0,7,2,6,50,13,7,1,5,4,6,6,4,4,5,5,4,1,12,2,9,1,1,C03,7,11,1,10,2,12,,39,39,1,12,4,120.699405,24.070548,2
12301,66000,387130000C,(04)23274275,(04)23288582,2025,03,31,16,14,臺中市,大肚區,0,0,0,6,,,50,,,,,,,,,,,,,,16,,,,,B12,,,1,,2,,,65,65,1,6,4,120.577139,24.165096,3
12302,66000,387130000C,(04)23274275,(04)23288582,2025,03,31,16,15,臺中市,北區,0,1,0,6,2,6,50,3,1,1,5,4,6,6,1,1,10,5,5,2,17,2,9,1,1,C03,7,9,1,8,2,11,,59,59,1,12,4,120.677359,24.167258,2
12303,66000,387130000C,(04)23274275,(04)23288582,2025,03,31,16,17,臺中市,南屯區,0,0,0,7,,,50,,,,,,,,,,,,,,,,,,,B03,,,1,,2,,,40,40,1,12,4,120.649927,24.140002,3
12304,66000,387130000C,(04)23274275,(04)23288582,2025,03,31,16,18,臺中市,南區,0,2,0,7,2,6,30,4,1,1,5,4,6,6,4,4,10,5,5,2,15,2,9,2,1,C03,7,9,1,9,2,11,,15,15,1,12,4,120.681744,24.130294,2
12305,66000,387130000C,(04)23274275,(04)23288582,2025,03,31,16,19,臺中市,北區,0,0,0,7,,,50,,,,,,,,,,,,,,17,,,,,B12,,,1,,1,,,8,8,1,12,4,120.678668,24.15839,3
12306,66000,387130000C,(04)23274275,(04)23288582,2025,03,31,16,19,臺中市,西屯區,0,0,0,7,,,50,,,,,,,,,,,,,,13,,,,,C03,,,1,,2,,,7,7,1,13,4,120.651816,24.165933,3
12307,66000,387130000C,(04)23274275,(04)23288582,2025,03,31,16,25,臺中市,南屯區,0,0,0,7,,,50,,,,,,,,,,,,,,17,,,,,B03,,,1,,1,,,59,59,1,12,4,120.611696,24.139031,3
12308,66000,387130000C,(04)23274275,(04)23288582,2025,03,31,16,25,臺中市,太平區,0,1,0,6,2,6,50,3,1,1,5,4,6,6,4,4,5,5,4,1,16,3,10,2,1,C03,7,6,1,10,2,12,,11,11,1,12,4,120.717767,24.148714,2
12309,66000,387130000C,(04)23274275,(04)23288582,2025,03,31,16,25,臺中市,大肚區,0,0,0,7,,,70,,,,,,,,,,,,,,,,,,,B12,,,1,,2,,,7,7,1,6,4,120.549438,24.140263,3
12310,66000,387130000C,(04)23274275,(04)23288582,2025,03,31,16,26,臺中市,豐原區,0,1,0,6,2,6,50,4,19,1,5,4,6,6,1,1,5,5,5,2,3,3,10,3,1,B03,7,6,1,8,2,5,,10,10,1,12,4,120.716731,24.248085,2
12311,66000,387130000C,(04)23274275,(04)23288582,2025,03,31,16,27,臺中市,大里區,0,0,0,7,,,40,,,,,,,,,,,,,,13,,,,,B03,,,1,,2,,,7,7,1,13,4,120.692785,24.103673,3
12312,66000,387130000C,(04)23274275,(04)23288582,2025,03,31,16,37,臺中市,南區,0,1,0,7,2,6,50,13,7,1,5,4,6,6,4,4,5,5,4,2,17,2,9,1,1,C03,7,9,1,10,2,11,,84,84,1,12,4,120.658718,24.125134,2
12313,66000,387130000C,(04)23274275,(04)23288582,2025,03,31,16,40,臺中市,神岡區,0,0,0,6,,,50,,,,,,,,,,,,,,11,,,,,B02,,,1,,2,,,86,86,1,12,4,120.685408,24.241736,3
12314,66000,387130000C,(04)23274275,(04)23288582,2025,03,31,16,47,臺中市,潭子區,0,0,0,7,,,50,,,,,,,,,,,,,,,,,,,B12,,,1,,2,,,8,8,1,13,4,120.681183,24.207602,3
12315,66000,387130000C,(04)23274275,(04)23288582,2025,03,31,16,52,臺中市,清水區,0,0,0,5,2,6,60,4,2,1,5,4,6,6,1,1,8,3,4,1,13,,,,,B03,,,1,,1,,,7,7,1,12,4,120.600241,24.309502,3
12316,66000,387130000C,(04)23274275,(04)23288582,2025,03,31,16,56,臺中市,北屯區,0,0,0,7,,,50,,,,,,,,,,,,,,,,,,,B03,,,1,,9,,,7,7,1,12,4,120.683441,24.191549,3
12317,66000,387130000C,(04)23274275,(04)23288582,2025,03,31,16,58,臺中市,南屯區,0,0,0,7,,,50,,,,,,,,,,,,,,13,,,,,B03,,,1,,1,,,7,7,1,12,4,120.617439,24.159198,3
12318,66000,387130000C,(04)23274275,(04)23288582,2025,03,31,16,58,臺中市,西屯區,0,0,0,7,,,50,,,,,,,,,,,,,,,,,,,B03,,,1,,2,,,49,49,1,12,4,120.608179,24.185913,3
12319,66000,387130000C,(04)23274275,(04)23288582,2025,03,31,17,0,臺中市,北區,0,2,0,7,2,6,50,13,9,1,5,4,6,6,4,4,5,4,5,2,16,3,10,3,1,B03,7,5,1,8,2,2,,58,58,1,13,4,120.686003,24.147382,2
12320,66000,387130000C,(04)23274275,(04)23288582,2025,03,31,17,0,臺中市,烏日區,0,0,0,7,,,50,,,,,,,,,,,,,,30,,,,,B03,,,1,,2,,,84,84,1,6,4,120.630831,24.105334,3
12321,66000,387130000C,(04)23274275,(04)23288582,2025,03,31,17,2,臺中市,北區,0,0,0,5,,,50,,,,,,,,,,,,,,,,,,,C03,,,1,,1,,,8,8,1,12,4,120.677213,24.163114,3
12322,66000,387130000C,(04)23274275,(04)23288582,2025,03,31,17,4,臺中市,北區,0,0,0,5,,,50,,,,,,,,,,,,,,14,,,,,B03,,,1,,2,,,51,51,1,12,4,120.675064,24.147418,3
12323,66000,387130000C,(04)23274275,(04)23288582,2025,03,31,17,5,臺中市,東區,0,0,0,7,,,50,,,,,,,,,,,,,,12,,,,,B03,,,1,,2,,,40,40,1,12,4,120.705302,24.130285,3
12324,66000,387130000C,(04)23274275,(04)23288582,2025,03,31,17,5,臺中市,南屯區,0,1,0,6,2,6,50,13,7,1,5,4,6,6,4,4,9,5,4,2,18,2,9,2,1,C03,7,9,1,10,2,16,,59,59,1,13,4,120.651045,24.130571,2
12325,66000,387130000C,(04)23274275,(04)23288582,2025,03,31,17,6,臺中市,潭子區,0,0,0,6,,,30,,,,,,,,,,,,,,,,,,,B12,,,1,,10,,,49,49,1,12,4,120.692345,24.226396,4
12326,66000,387130000C,(04)23274275,(04)23288582,2025,03,31,17,7,臺中市,南屯區,0,0,0,7,,,50,,,,,,,,,,,,,,12,,,,,B12,,,1,,9,,,20,20,1,12,4,120.653016,24.139489,3
12327,66000,387130000C,(04)23274275,(04)23288582,2025,03,31,17,8,臺中市,南屯區,0,1,0,7,2,6,50,4,1,1,5,4,6,6,2,1,9,4,5,2,12,3,10,3,1,B03,7,6,1,8,2,4,,48,48,1,12,4,120.649983,24.133345,2
12328,66000,387130000C,(04)23274275,(04)23288582,2025,03,31,17,8,臺中市,太平區,0,1,0,6,2,6,50,13,14,1,5,4,6,6,4,4,5,4,5,1,16,2,8,1,1,C03,7,9,1,10,2,14,,84,84,1,6,4,120.713126,24.158612,2
12329,66000,387130000C,(04)23274275,(04)23288582,2025,03,31,17,8,臺中市,豐原區,0,0,0,7,,,50,,,,,,,,,,,,,,17,,,,,B03,,,1,,2,,,84,84,1,12,4,120.702443,24.237417,3
12330,66000,387130000C,(04)23274275,(04)23288582,2025,03,31,17,10,臺中市,梧棲區,0,0,0,7,,,50,,,,,,,,,,,,,,13,,,,,F03,,,7,,2,,,7,7,1,6,4,120.523343,24.236674,3
12331,66000,387130000C,(04)23274275,(04)23288582,2025,03,31,17,11,臺中市,沙鹿區,0,0,0,5,,,60,,,,,,,,,,,,,,,,,,,,,,,,,,,86,86,1,,,120.581491,24.209044,3
12332,66000,387130000C,(04)23274275,(04)23288582,2025,03,31,17,14,臺中市,大雅區,0,2,0,5,3,6,50,13,7,1,4,4,6,6,4,4,5,5,4,2,17,2,8,2,1,C03,7,11,1,10,2,14,,46,46,1,12,4,120.639192,24.218107,2
12333,66000,387130000C,(04)23274275,(04)23288582,2025,03,31,17,15,臺中市,西屯區,0,1,0,6,1,6,50,3,1,1,5,4,6,6,4,4,10,5,5,2,18,2,9,2,4,C03,7,9,1,10,2,12,,59,59,1,12,4,120.594031,24.184475,2
12334,66000,387130000C,(04)23274275,(04)23288582,2025,03,31,17,15,臺中市,后里區,0,0,0,6,,,50,,,,,,,,,,,,,,12,,,,,A11,,,1,,2,,,8,8,1,12,4,120.69663,24.313049,3
12335,66000,387130000C,(04)23274275,(04)23288582,2025,03,31,17,16,臺中市,南屯區,0,0,0,7,,,50,,,,,,,,,,,,,,,,,,,B03,,,1,,1,,,59,59,1,12,4,120.623673,24.149823,3
12336,66000,387130000C,(04)23274275,(04)23288582,2025,03,31,17,16,臺中市,龍井區,0,0,0,6,,,50,,,,,,,,,,,,,,,,,,,C03,,,1,,2,,,59,59,1,6,4,120.525017,24.204588,3
12337,66000,387130000C,(04)23274275,(04)23288582,2025,03,31,17,18,臺中市,北屯區,0,0,0,7,,,50,,,,,,,,,,,,,,,,,,,B03,,,1,,2,,,20,20,1,12,4,120.7225,24.170341,3
12338,66000,387130000C,(04)23274275,(04)23288582,2025,03,31,17,19,臺中市,太平區,0,0,0,6,,,30,,,,,,,,,,,,,,,,,,,C03,,,1,,1,,,7,7,1,12,4,120.725539,24.142145,3
12339,66000,387130000C,(04)23274275,(04)23288582,2025,03,31,17,23,臺中市,大肚區,0,1,0,6,2,6,30,3,9,1,5,4,6,6,4,4,5,5,5,1,13,3,10,3,1,B03,7,9,1,8,2,1,,59,59,1,6,4,120.539085,24.152947,2
12340,66000,387130000C,(04)23274275,(04)23288582,2025,03,31,17,24,臺中市,南屯區,0,1,0,6,1,6,50,4,2,1,5,4,6,6,1,1,1,4,4,2,18,2,9,2,1,C03,7,9,1,10,2,14,,84,84,1,12,4,120.640958,24.151162,2
12341,66000,387130000C,(04)23274275,(04)23288582,2025,03,31,17,25,臺中市,豐原區,0,1,0,6,2,6,50,3,1,1,5,4,6,6,4,4,10,5,5,2,16,3,10,5,4,B03,7,5,1,8,2,6,,14,14,1,12,4,120.71641,24.243461,2
12342,66000,387130000C,(04)23274275,(04)23288582,2025,03,31,17,26,臺中市,潭子區,0,2,0,5,1,6,50,3,1,1,4,4,6,6,1,1,5,5,5,1,17,2,8,2,1,C03,7,1,5,19,2,14,,51,51,1,13,4,120.697897,24.194676,2
12343,66000,387130000C,(04)23274275,(04)23288582,2025,03,31,17,27,臺中市,南區,0,0,0,5,,,40,,,,,,,,,,,,,,11,,,,,C03,,,1,,2,,,84,84,1,13,4,120.656736,24.11387,3
12344,66000,387130000C,(04)23274275,(04)23288582,2025,03,31,17,27,臺中市,霧峰區,0,0,0,7,,,50,,,,,,,,,,,,,,17,,,,,B03,,,1,,1,,,8,8,1,6,4,120.693709,24.037816,3
12345,66000,387130000C,(04)23274275,(04)23288582,2025,03,31,17,29,臺中市,北屯區,0,0,0,5,,,50,,,,,,,,,,,,,,13,,,,,B03,,,1,,1,,,84,84,1,12,4,120.721586,24.182438,3
12346,66000,387130000C,(04)23274275,(04)23288582,2025,03,31,17,29,臺中市,太平區,0,1,0,6,2,6,50,13,9,1,5,4,6,6,4,4,5,5,5,1,16,3,10,2,1,C03,7,1,1,10,2,14,,51,51,1,12,4,120.724814,24.142083,2
12347,66000,387130000C,(04)23274275,(04)23288582,2025,03,31,17,31,臺中市,北屯區,0,0,0,6,,,50,,,,,,,,,,,,,,13,,,,,C03,,,1,,1,,,7,7,1,12,4,120.722201,24.175533,3
12348,66000,387130000C,(04)23274275,(04)23288582,2025,03,31,17,36,臺中市,南區,0,0,0,7,,,50,,,,,,,,,,,,,,13,,,,,C03,,,1,,1,,,7,7,1,13,4,120.654971,24.135105,3
12349,66000,387130000C,(04)23274275,(04)23288582,2025,03,31,17,38,臺中市,東區,0,0,0,7,,,50,,,,,,,,,,,,,,17,,,,,B12,,,5,,1,,,84,84,1,12,4,120.697126,24.140863,3
12350,66000,387130000C,(04)23274275,(04)23288582,2025,03,31,17,38,臺中市,西屯區,0,2,0,7,1,6,50,13,9,1,5,4,6,6,4,4,5,2,5,2,12,2,9,2,4,C03,7,8,1,10,2,14,,8,8,1,13,4,120.651079,24.157612,2
12351,66000,387130000C,(04)23274275,(04)23288582,2025,03,31,17,39,臺中市,東區,0,2,0,5,1,6,50,3,1,1,4,4,6,6,4,4,10,5,5,2,17,2,9,2,1,C03,7,6,1,10,2,13,,11,11,1,13,4,120.687323,24.141522,2
12352,66000,387130000C,(04)23274275,(04)23288582,2025,03,31,17,41,臺中市,潭子區,0,3,0,6,1,6,60,4,1,1,5,4,6,6,1,1,1,4,5,1,17,2,9,2,1,C03,7,12,1,10,2,12,,84,84,1,13,4,120.708055,24.227679,2
12353,66000,387130000C,(04)23274275,(04)23288582,2025,03,31,17,45,臺中市,東區,0,2,0,5,2,6,50,4,1,1,4,4,6,6,4,4,5,5,5,2,16,3,10,3,1,B03,7,6,1,8,2,8,,14,14,1,13,4,120.691673,24.127677,2
12354,66000,387130000C,(04)23274275,(04)23288582,2025,03,31,17,45,臺中市,南區,0,0,0,7,,,30,,,,,,,,,,,,,,17,,,,,C03,,,1,,1,,,50,50,1,13,4,120.656857,24.131394,3
12355,66000,387130000C,(04)23274275,(04)23288582,2025,03,31,17,45,臺中市,沙鹿區,0,1,0,6,1,6,50,4,1,1,5,4,6,6,1,1,10,4,4,2,12,2,9,1,1,F03,7,8,7,21,2,14,,36,36,1,13,4,120.559404,24.236384,2
12356,66000,387130000C,(04)23274275,(04)23288582,2025,03,31,17,46,臺中市,沙鹿區,0,1,0,5,1,6,70,3,1,1,4,4,6,6,1,1,10,5,5,2,16,3,10,3,1,B03,7,5,1,8,2,6,,47,47,1,12,4,120.621054,24.242287,2
12357,66000,387130000C,(04)23274275,(04)23288582,2025,03,31,17,47,臺中市,石岡區,0,0,0,7,,,70,,,,,,,,,,,,,,,,,,,B03,,,1,,1,,,84,84,1,12,4,120.790721,24.273097,3
12358,66000,387130000C,(04)23274275,(04)23288582,2025,03,31,17,50,臺中市,太平區,0,0,1,6,2,6,50,3,19,1,5,4,6,6,2,1,1,4,5,2,3,3,10,3,1,B03,7,6,1,8,2,1,,10,10,1,6,4,120.721857,24.144162,2
12359,66000,387130000C,(04)23274275,(04)23288582,2025,03,31,17,52,臺中市,烏日區,0,2,0,7,2,6,30,4,1,1,5,4,6,6,4,4,10,5,5,2,17,3,10,5,4,C03,7,9,3,19,2,12,,12,12,1,6,4,120.64064,24.079078,2
12360,66000,387130000C,(04)23274275,(04)23288582,2025,03,31,17,52,臺中市,神岡區,0,1,0,5,1,6,50,5,1,1,4,4,6,6,1,1,5,4,5,1,17,3,10,5,4,B03,7,6,1,8,2,16,,11,11,1,12,4,120.657417,24.264439,2
12361,66000,387130000C,(04)23274275,(04)23288582,2025,03,31,17,53,臺中市,豐原區,0,0,0,5,,,50,,,,,,,,,,,,,,13,,,,,B03,,,1,,1,,,7,7,1,12,4,120.700594,24.248849,3
12362,66000,387130000C,(04)23274275,(04)23288582,2025,03,31,17,54,臺中市,大雅區,0,0,0,7,,,50,,,,,,,,,,,,,,,,,,,B12,,,1,,1,,,84,84,1,13,4,120.648838,24.226095,3
12363,66000,387130000C,(04)23274275,(04)23288582,2025,03,31,17,54,臺中市,霧峰區,0,0,0,7,,,60,,,,,,,,,,,,,,,,,,,B03,,,1,,2,,,7,7,1,6,4,120.69583,24.012342,3
12364,66000,387130000C,(04)23274275,(04)23288582,2025,03,31,17,55,臺中市,中區,0,0,0,7,,,50,,,,,,,,,,,,,,13,,,,,C03,,,1,,1,,,58,58,1,12,4,120.678724,24.147089,3
12365,66000,387130000C,(04)23274275,(04)23288582,2025,03,31,17,55,臺中市,大甲區,0,0,0,5,,,50,,,,,,,,,,,,,,,,,,,,,,,,,,,114,114,1,,,120.626364,24.344512,3
12366,66000,387130000C,(04)23274275,(04)23288582,2025,03,31,17,56,臺中市,烏日區,0,1,0,7,1,6,50,4,1,1,5,4,6,6,1,1,10,5,5,2,15,2,9,6,1,F01,7,9,7,21,2,11,,87,87,1,6,4,120.639221,24.104791,2
12367,66000,387130000C,(04)23274275,(04)23288582,2025,03,31,17,58,臺中市,北屯區,0,2,0,6,1,6,30,3,1,1,5,4,6,6,4,4,1,4,5,2,16,3,10,3,1,B03,7,5,1,8,2,8,,12,12,1,12,4,120.689327,24.201289,2
12368,66000,387130000C,(04)23274275,(04)23288582,2025,03,31,18,1,臺中市,西區,0,1,0,7,1,6,50,13,9,1,4,4,6,6,4,4,5,4,5,2,13,2,8,1,1,C03,7,9,1,10,2,11,,7,7,1,6,4,120.658108,24.146622,2
12369,66000,387130000C,(04)23274275,(04)23288582,2025,03,31,18,1,臺中市,北區,0,1,0,5,1,6,50,18,9,1,4,4,6,6,4,4,2,5,4,2,17,3,10,3,1,B02,7,9,1,8,2,8,,84,84,1,12,4,120.67926,24.155731,2
12370,66000,387130000C,(04)23274275,(04)23288582,2025,03,31,18,2,臺中市,西屯區,0,0,0,7,,,50,,,,,,,,,,,,,,13,,,,,B03,,,1,,2,,,7,7,1,12,4,120.651995,24.206449,3
12371,66000,387130000C,(04)23274275,(04)23288582,2025,03,31,18,3,臺中市,大甲區,0,1,0,5,1,6,50,4,1,1,4,4,6,6,4,4,5,5,5,1,15,2,9,2,1,C03,7,9,1,10,2,11,,15,15,1,6,4,120.620233,24.353834,2
12372,66000,387130000C,(04)23274275,(04)23288582,2025,03,31,18,5,臺中市,沙鹿區,0,0,0,7,,,50,,,,,,,,,,,,,,13,,,,,B12,,,1,,2,,,7,7,1,13,4,120.568238,24.207607,3
12373,66000,387130000C,(04)23274275,(04)23288582,2025,03,31,18,6,臺中市,北屯區,0,0,0,7,,,50,,,,,,,,,,,,,,,,,,,B03,,,1,,9,,,50,50,1,12,4,120.699263,24.184191,3