﻿序號,縣市別代碼,機關代碼,市話,傳真,年,月,日,時,分,縣市,區,死亡數量,受傷數量,2-30,天候,道路照明設備,道路類別,道路速限,道路型態,事故位置,路面鋪裝,路面狀態,路面缺陷,障礙物,視距,號誌種類,號誌動作,分向設施,快車道或一般車道間,快慢車道間,路面邊線,事故類型及型態,受傷程度,主要傷處,保護裝備,行動電話或功能裝置,當事者區分_類別,車輛用途,當事者行動狀態,駕照狀態,駕照種類,飲酒情形,車輛撞擊部位最初,車輛撞擊部位其他,肇事因素個別,肇事因素主要,肇事逃逸,職業,共享經濟或外送平台,GPS座標X,GPS座標Y,事故類別
12374,66000,387130000C,(04)23274275,(04)23288582,2025,03,31,18,7,臺中市,新社區,0,1,0,5,1,6,50,13,9,1,4,4,6,6,4,4,9,5,5,1,12,3,10,5,4,B03,7,4,1,8,2,2,,8,8,1,13,4,120.808132,24.252322,2
12375,66000,387130000C,(04)23274275,(04)23288582,2025,03,31,18,12,臺中市,南屯區,0,0,0,7,,,50,,,,,,,,,,,,,,,,,,,B03,,,1,,1,,,59,59,1,12,4,120.646376,24.135928,4
12376,66000,387130000C,(04)23274275,(04)23288582,2025,03,31,18,14,臺中市,豐原區,0,0,0,5,,,50,,,,,,,,,,,,,,13,,,,,B03,,,1,,2,,,56,56,1,12,4,120.722621,24.282659,3
12377,66000,387130000C,(04)23274275,(04)23288582,2025,03,31,18,15,臺中市,西屯區,0,1,0,6,1,6,50,13,8,1,5,4,6,6,4,4,1,4,4,2,12,2,8,1,1,C03,7,7,1,10,1,12,,40,40,1,13,4,120.63808,24.163205,2
12378,66000,387130000C,(04)23274275,(04)23288582,2025,03,31,18,16,臺中市,東區,0,1,0,6,1,6,50,3,1,1,5,4,6,6,4,4,9,4,5,2,17,3,10,2,1,C03,7,6,1,10,2,11,,84,84,1,13,4,120.695418,24.149736,2
12379,66000,387130000C,(04)23274275,(04)23288582,2025,03,31,18,16,臺中市,南區,0,1,0,7,2,6,50,4,1,1,5,4,6,6,1,1,10,5,5,2,16,2,9,2,1,C03,7,4,1,10,2,12,,1,1,1,12,4,120.676065,24.127064,2
12380,66000,387130000C,(04)23274275,(04)23288582,2025,03,31,18,16,臺中市,西屯區,0,1,0,5,2,6,50,3,2,1,4,4,6,6,4,4,1,4,5,2,17,2,9,5,4,C03,7,12,1,10,2,14,,82,82,1,13,4,120.646338,24.169339,2
12381,66000,387130000C,(04)23274275,(04)23288582,2025,03,31,18,16,臺中市,西屯區,0,0,0,5,1,6,40,13,8,1,5,4,6,6,4,4,1,5,1,2,13,,,,,C03,,,1,,1,,,7,7,1,13,4,120.627415,24.206219,3
12382,66000,387130000C,(04)23274275,(04)23288582,2025,03,31,18,17,臺中市,北區,0,0,0,5,,,50,,,,,,,,,,,,,,13,,,,,B03,,,1,,2,,,7,7,1,13,4,120.673354,24.167285,3
12383,66000,387130000C,(04)23274275,(04)23288582,2025,03,31,18,17,臺中市,龍井區,0,0,0,6,,,40,,,,,,,,,,,,,,15,,,,,C03,,,1,,2,,,21,21,1,6,4,120.585748,24.18628,3
12384,66000,387130000C,(04)23274275,(04)23288582,2025,03,31,18,18,臺中市,大里區,0,1,0,6,1,6,50,4,19,1,5,4,6,6,2,1,10,5,5,2,3,3,10,3,1,B12,7,6,1,8,2,5,,10,10,1,12,4,120.696673,24.111076,2
12385,66000,387130000C,(04)23274275,(04)23288582,2025,03,31,18,19,臺中市,太平區,0,0,0,7,,,50,,,,,,,,,,,,,,2,,,,,B03,,,1,,2,,,84,84,1,12,4,120.734125,24.143753,3
12386,66000,387130000C,(04)23274275,(04)23288582,2025,03,31,18,20,臺中市,西屯區,0,0,0,5,,,50,,,,,,,,,,,,,,13,,,,,B03,,,1,,1,,,7,7,1,12,4,120.615369,24.183119,3
12387,66000,387130000C,(04)23274275,(04)23288582,2025,03,31,18,20,臺中市,西屯區,0,0,0,7,,,30,,,,,,,,,,,,,,,,,,,B03,,,1,,2,,,49,49,1,12,4,120.647834,24.182854,3
12388,66000,387130000C,(04)23274275,(04)23288582,2025,03,31,18,20,臺中市,豐原區,0,1,0,5,1,6,50,13,9,1,4,4,6,6,4,4,1,4,5,1,17,3,10,5,4,B03,7,14,1,8,2,7,,77,77,1,12,4,120.719506,24.243195,2
12389,66000,387130000C,(04)23274275,(04)23288582,2025,03,31,18,22,臺中市,太平區,0,0,0,6,1,6,50,13,9,1,5,4,6,6,4,4,5,5,5,2,17,3,10,1,1,C03,7,1,3,19,2,12,,84,84,1,6,4,120.733357,24.14236,3
12390,66000,387130000C,(04)23274275,(04)23288582,2025,03,31,18,24,臺中市,西區,0,0,0,6,,,50,,,,,,,,,,,,,,,,,,,B03,,,1,,2,,,84,84,1,12,4,120.6626,24.140217,3
12391,66000,387130000C,(04)23274275,(04)23288582,2025,03,31,18,24,臺中市,西屯區,0,0,0,6,,,60,,,,,,,,,,,,,,13,,,,,B03,,,1,,1,,,59,59,1,13,4,120.635558,24.172013,3
12392,66000,387130000C,(04)23274275,(04)23288582,2025,03,31,18,24,臺中市,西屯區,0,1,0,6,1,6,30,4,1,1,5,4,6,6,4,4,10,5,5,2,16,3,10,3,1,B03,7,6,1,8,2,4,,14,14,1,12,4,120.657756,24.160339,2
12393,66000,387130000C,(04)23274275,(04)23288582,2025,03,31,18,26,臺中市,北屯區,0,1,0,5,1,6,50,5,1,1,4,4,6,6,2,1,10,5,5,2,17,2,7,1,1,C03,7,9,1,10,2,12,,84,84,1,12,4,120.699447,24.182714,2
12394,66000,387130000C,(04)23274275,(04)23288582,2025,03,31,18,26,臺中市,太平區,0,1,0,6,1,6,30,4,1,1,5,4,6,6,4,4,10,5,5,2,17,2,9,1,1,C03,7,9,1,10,2,11,,12,12,1,12,4,120.723067,24.151394,2
12395,66000,387130000C,(04)23274275,(04)23288582,2025,03,31,18,28,臺中市,北屯區,0,0,0,6,,,50,,,,,,,,,,,,,,11,,,,,C03,,,1,,1,,,39,39,1,12,4,120.699666,24.165293,3
12396,66000,387130000C,(04)23274275,(04)23288582,2025,03,31,18,29,臺中市,南區,0,0,0,7,,,50,,,,,,,,,,,,,,17,,,,,B03,,,1,,2,,,84,84,1,12,4,120.650161,24.120513,3
12397,66000,387130000C,(04)23274275,(04)23288582,2025,03,31,18,30,臺中市,南屯區,0,0,0,7,,,50,,,,,,,,,,,,,,13,,,,,B03,,,1,,2,,,7,7,1,12,4,120.622888,24.140467,3
12398,66000,387130000C,(04)23274275,(04)23288582,2025,03,31,18,31,臺中市,北屯區,0,1,0,7,1,6,50,4,1,1,5,4,6,6,3,1,10,5,5,2,16,2,9,1,1,C03,7,9,1,10,2,11,,24,24,1,6,4,120.670476,24.177047,2
12399,66000,387130000C,(04)23274275,(04)23288582,2025,03,31,18,38,臺中市,西區,0,0,0,7,,,50,,,,,,,,,,,,,,13,,,,,C03,,,1,,1,,,7,7,1,12,4,120.657235,24.144091,3
12400,66000,387130000C,(04)23274275,(04)23288582,2025,03,31,18,38,臺中市,北區,0,0,0,7,,,50,,,,,,,,,,,,,,16,,,,,C03,,,1,,1,,,11,11,1,13,4,120.688731,24.165033,3
12401,66000,387130000C,(04)23274275,(04)23288582,2025,03,31,18,40,臺中市,北屯區,0,0,0,6,,,50,,,,,,,,,,,,,,13,,,,,B03,,,1,,1,,,84,84,1,6,4,120.685965,24.178281,3
12402,66000,387130000C,(04)23274275,(04)23288582,2025,03,31,18,40,臺中市,沙鹿區,0,1,0,6,1,6,40,13,12,1,5,4,6,6,4,4,1,4,4,2,13,3,10,1,1,C03,7,9,1,10,2,11,,7,7,1,12,4,120.564682,24.205967,2
12403,66000,387130000C,(04)23274275,(04)23288582,2025,03,31,18,40,臺中市,沙鹿區,0,1,0,6,1,6,50,3,1,1,5,4,6,6,4,4,10,4,4,2,17,3,10,3,1,B03,7,6,1,8,2,8,,48,48,1,13,4,120.575877,24.21472,2
12404,66000,387130000C,(04)23274275,(04)23288582,2025,03,31,18,42,臺中市,西屯區,0,0,0,7,,,50,,,,,,,,,,,,,,17,,,,,B03,,,1,,9,,,59,59,1,13,4,120.644935,24.172157,3
12405,66000,387130000C,(04)23274275,(04)23288582,2025,03,31,18,44,臺中市,北屯區,0,1,0,6,3,6,50,5,1,1,5,4,6,6,4,4,10,5,5,2,17,3,10,3,1,B03,7,1,1,8,2,4,,51,51,1,12,4,120.671578,24.17518,2
12406,66000,387130000C,(04)23274275,(04)23288582,2025,03,31,18,45,臺中市,南屯區,0,2,0,7,1,6,50,4,1,1,5,4,6,6,1,1,10,5,5,2,13,2,9,2,1,C03,7,9,1,10,2,11,,7,7,1,12,4,120.622903,24.145423,2
12407,66000,387130000C,(04)23274275,(04)23288582,2025,03,31,18,45,臺中市,北屯區,0,0,0,7,,,50,,,,,,,,,,,,,,12,,,,,B03,,,1,,1,,,8,8,1,12,4,120.686134,24.181032,3
12408,66000,387130000C,(04)23274275,(04)23288582,2025,03,31,18,45,臺中市,烏日區,0,0,0,7,,,50,,,,,,,,,,,,,,16,,,,,C03,,,1,,2,,,11,11,1,6,4,120.644169,24.085755,3
12409,66000,387130000C,(04)23274275,(04)23288582,2025,03,31,18,46,臺中市,北區,0,1,0,7,1,6,50,4,2,1,5,4,6,6,2,1,3,4,4,2,13,3,10,1,1,C03,7,9,1,10,2,12,,7,7,1,12,4,120.691892,24.15993,2
12410,66000,387130000C,(04)23274275,(04)23288582,2025,03,31,18,50,臺中市,潭子區,0,0,0,6,,,30,,,,,,,,,,,,,,,,,,,B03,,,1,,2,,,51,51,1,13,4,120.693413,24.221867,3
12411,66000,387130000C,(04)23274275,(04)23288582,2025,03,31,18,51,臺中市,大里區,0,0,0,7,,,50,,,,,,,,,,,,,,13,,,,,B03,,,1,,2,,,7,7,1,13,4,120.698448,24.10953,3
12412,66000,387130000C,(04)23274275,(04)23288582,2025,03,31,18,52,臺中市,神岡區,0,0,0,6,,,50,,,,,,,,,,,,,,17,,,,,B03,,,1,,1,,,47,47,1,12,4,120.695651,24.23972,3
12413,66000,387130000C,(04)23274275,(04)23288582,2025,03,31,18,53,臺中市,北屯區,0,0,0,6,,,50,,,,,,,,,,,,,,13,,,,,C03,,,1,,1,,,7,7,1,12,4,120.703113,24.169592,3
12414,66000,387130000C,(04)23274275,(04)23288582,2025,03,31,18,53,臺中市,西屯區,0,1,0,5,1,6,50,11,9,1,4,4,6,6,4,4,9,4,5,2,13,3,10,5,4,C03,7,9,1,10,2,11,,7,7,1,13,4,120.605336,24.193136,2
12415,66000,387130000C,(04)23274275,(04)23288582,2025,03,31,18,58,臺中市,西屯區,0,1,0,6,1,6,30,4,1,1,5,4,6,6,4,4,10,5,5,2,15,2,8,1,1,C03,7,9,1,10,2,11,,15,15,1,13,4,120.663459,24.175922,2
12416,66000,387130000C,(04)23274275,(04)23288582,2025,03,31,18,58,臺中市,烏日區,0,0,0,7,,,50,,,,,,,,,,,,,,,,,,,B03,,,1,,1,,,84,84,1,13,4,120.624204,24.102876,3
12417,66000,387130000C,(04)23274275,(04)23288582,2025,03,31,19,0,臺中市,梧棲區,0,0,0,7,,,30,,,,,,,,,,,,,,30,,,,,B03,,,1,,1,,,85,85,1,12,4,120.532588,24.244096,3
12418,66000,387130000C,(04)23274275,(04)23288582,2025,03,31,19,1,臺中市,北屯區,0,2,0,6,1,6,50,3,2,1,4,4,6,6,4,4,5,5,4,2,12,2,8,2,1,C03,7,7,1,10,2,12,,40,40,1,6,4,120.691359,24.164956,2
12419,66000,387130000C,(04)23274275,(04)23288582,2025,03,31,19,3,臺中市,潭子區,0,0,0,5,,,80,,,,,,,,,,,,,,,,,,,B03,,,1,,2,,,84,84,1,12,4,120.696555,24.201,3
12420,66000,387130000C,(04)23274275,(04)23288582,2025,03,31,19,10,臺中市,南屯區,0,0,0,7,,,50,,,,,,,,,,,,,,16,,,,,C03,,,1,,2,,,1,1,1,13,4,120.652111,24.143821,3
12421,66000,387130000C,(04)23274275,(04)23288582,2025,03,31,19,10,臺中市,北屯區,0,1,0,7,1,6,50,4,1,1,5,4,6,6,4,4,10,5,5,2,15,2,9,1,1,C01,7,9,1,9,2,12,,15,15,1,6,4,120.706654,24.181319,2
12422,66000,387130000C,(04)23274275,(04)23288582,2025,03,31,19,12,臺中市,潭子區,0,1,0,6,1,6,50,3,2,1,4,4,6,6,4,4,5,5,5,2,17,3,10,2,1,C03,7,9,1,10,2,14,,39,39,1,13,4,120.698486,24.198141,2
12423,66000,387130000C,(04)23274275,(04)23288582,2025,03,31,19,12,臺中市,烏日區,0,1,0,7,1,6,50,13,14,1,5,4,6,6,4,4,1,4,5,1,17,2,8,4,2,F02,7,9,7,21,2,11,,62,62,1,4,1,120.638228,24.107728,2
12424,66000,387130000C,(04)23274275,(04)23288582,2025,03,31,19,13,臺中市,北屯區,0,0,0,7,,,50,,,,,,,,,,,,,,,,,,,B03,,,1,,2,,,49,49,1,12,4,120.718558,24.170169,3
12425,66000,387130000C,(04)23274275,(04)23288582,2025,03,31,19,13,臺中市,沙鹿區,0,1,0,6,1,6,60,3,2,1,5,4,6,6,1,1,3,3,3,1,17,3,10,5,4,B12,7,5,1,7,2,2,,38,38,1,13,4,120.581146,24.209774,2
12426,66000,387130000C,(04)23274275,(04)23288582,2025,03,31,19,14,臺中市,西屯區,0,1,0,7,1,6,50,3,2,1,5,4,6,6,4,4,5,4,5,2,13,2,9,1,1,C03,7,9,1,10,2,11,,7,7,1,12,4,120.644942,24.178102,2
12427,66000,387130000C,(04)23274275,(04)23288582,2025,03,31,19,20,臺中市,北屯區,0,0,0,5,,,50,,,,,,,,,,,,,,,,,,,B03,,,1,,1,,,51,51,1,12,4,120.668149,24.186655,3
12428,66000,387130000C,(04)23274275,(04)23288582,2025,03,31,19,22,臺中市,南屯區,0,0,0,7,,,50,,,,,,,,,,,,,,13,,,,,B03,,,1,,2,,,59,59,1,12,4,120.622879,24.148211,3
12429,66000,387130000C,(04)23274275,(04)23288582,2025,03,31,19,22,臺中市,霧峰區,0,0,0,7,,,60,,,,,,,,,,,,,,,,,,,B03,,,1,,1,,,51,51,1,6,4,120.696271,24.053702,3
12430,66000,387130000C,(04)23274275,(04)23288582,2025,03,31,19,23,臺中市,北屯區,0,1,0,7,1,6,50,3,1,1,4,4,6,6,1,1,10,5,5,2,16,3,10,3,1,B03,7,6,1,8,2,2,,11,11,1,12,4,120.681142,24.176377,2
12431,66000,387130000C,(04)23274275,(04)23288582,2025,03,31,19,23,臺中市,西屯區,0,0,0,6,,,50,,,,,,,,,,,,,,12,,,,,B02,,,1,,1,,,40,40,1,12,4,120.61559,24.189122,3
12432,66000,387130000C,(04)23274275,(04)23288582,2025,03,31,19,26,臺中市,北區,0,0,0,5,,,50,,,,,,,,,,,,,,,,,,,B03,,,1,,2,,,49,49,1,12,4,120.678711,24.150974,4
12433,66000,387130000C,(04)23274275,(04)23288582,2025,03,31,19,29,臺中市,西屯區,0,0,0,5,1,6,50,4,2,1,5,4,6,6,1,1,4,5,4,1,12,,,,,B12,,,1,,1,,,4,4,1,12,4,120.658216,24.164869,3
12434,66000,387130000C,(04)23274275,(04)23288582,2025,03,31,19,31,臺中市,沙鹿區,0,2,0,5,1,6,40,13,8,1,4,4,6,6,4,4,1,4,1,1,13,2,9,1,1,C03,7,9,1,10,2,11,,7,7,1,12,4,120.576845,24.22535,2
12435,66000,387130000C,(04)23274275,(04)23288582,2025,03,31,19,34,臺中市,霧峰區,0,1,0,6,1,6,50,3,1,1,5,4,6,6,4,4,10,5,5,1,17,3,10,3,1,B03,7,9,1,8,2,1,,7,7,1,13,4,120.695205,24.05961,2
12436,66000,387130000C,(04)23274275,(04)23288582,2025,03,31,19,35,臺中市,北屯區,0,1,0,6,1,6,50,13,9,1,5,4,6,6,4,4,1,4,5,2,13,2,8,2,1,C03,7,8,1,10,2,11,,43,43,1,6,4,120.693521,24.164108,2
12437,66000,387130000C,(04)23274275,(04)23288582,2025,03,31,19,39,臺中市,豐原區,0,0,0,5,,,0,,,,,,,,,,,,,,17,,,,,F01,,,7,,2,,,84,84,1,12,4,120.721012,24.252529,3
12438,66000,387130000C,(04)23274275,(04)23288582,2025,03,31,19,41,臺中市,西區,0,0,0,7,,,,,,,,,,,,,,,,,17,,,,,,,,,,,,,86,86,1,,,120.656602,24.147164,4
12439,66000,387130000C,(04)23274275,(04)23288582,2025,03,31,19,41,臺中市,龍井區,0,0,0,6,,,50,,,,,,,,,,,,,,13,,,,,B03,,,1,,1,,,56,56,1,12,4,120.582073,24.17641,3
12440,66000,387130000C,(04)23274275,(04)23288582,2025,03,31,19,43,臺中市,北屯區,0,0,0,6,,,30,,,,,,,,,,,,,,14,,,,,B12,,,1,,1,,,49,49,1,12,4,120.6992,24.174526,3
12441,66000,387130000C,(04)23274275,(04)23288582,2025,03,31,19,44,臺中市,沙鹿區,0,1,0,7,1,6,50,5,1,1,4,4,6,6,1,1,10,5,5,2,12,3,10,1,1,C03,7,9,1,10,2,12,,8,8,1,13,4,120.560333,24.234333,2
12442,66000,387130000C,(04)23274275,(04)23288582,2025,03,31,19,55,臺中市,龍井區,0,0,0,6,,,50,,,,,,,,,,,,,,19,,,,,B03,,,1,,2,,,43,43,1,6,4,120.581697,24.190225,3
12443,66000,387130000C,(04)23274275,(04)23288582,2025,03,31,19,57,臺中市,北屯區,0,0,0,7,,,50,,,,,,,,,,,,,,13,,,,,B03,,,1,,1,,,58,58,1,6,4,120.681362,24.17624,3
12444,66000,387130000C,(04)23274275,(04)23288582,2025,03,31,19,58,臺中市,潭子區,0,0,0,5,,,50,,,,,,,,,,,,,,,,,,,B03,,,1,,2,,,45,45,1,12,4,120.719796,24.218178,3
12445,66000,387130000C,(04)23274275,(04)23288582,2025,03,31,20,1,臺中市,太平區,0,2,0,7,1,6,50,4,1,1,5,4,6,6,2,1,10,5,5,2,15,2,9,1,1,C03,7,9,1,10,2,12,14,21,21,1,11,4,120.719133,24.115767,2
12446,66000,387130000C,(04)23274275,(04)23288582,2025,03,31,20,3,臺中市,中區,0,2,0,7,2,6,50,4,1,1,5,4,6,6,2,1,10,5,5,2,16,2,8,1,1,C03,7,6,1,10,2,14,,48,48,1,6,4,120.678815,24.147178,2
12447,66000,387130000C,(04)23274275,(04)23288582,2025,03,31,20,12,臺中市,太平區,0,1,0,6,1,6,50,5,1,1,5,4,6,6,1,1,10,5,5,2,17,3,10,5,4,B03,7,6,1,8,2,2,,11,11,1,6,4,120.724779,24.149643,2
12448,66000,387130000C,(04)23274275,(04)23288582,2025,03,31,20,14,臺中市,南區,0,2,0,6,1,6,50,13,9,1,5,4,6,6,4,4,9,4,5,1,17,2,8,2,1,C03,7,1,1,10,2,11,,51,51,1,13,4,120.680954,24.129171,2
12449,66000,387130000C,(04)23274275,(04)23288582,2025,03,31,20,14,臺中市,南屯區,0,0,0,7,,,50,,,,,,,,,,,,,,,,,,,A05,,,1,,1,,,7,7,1,12,4,120.610789,24.136509,3
12450,66000,387130000C,(04)23274275,(04)23288582,2025,03,31,20,14,臺中市,太平區,0,1,0,5,1,6,50,4,1,1,4,4,6,6,1,1,10,5,5,2,17,3,10,3,1,B03,7,6,1,8,2,1,,11,11,1,12,4,120.722376,24.112618,2
12451,66000,387130000C,(04)23274275,(04)23288582,2025,03,31,20,15,臺中市,梧棲區,0,1,0,6,1,6,50,13,9,1,5,4,6,6,4,4,9,5,5,2,17,2,1,2,1,C03,7,9,1,10,2,11,,59,59,1,6,4,120.554122,24.238763,2
12452,66000,387130000C,(04)23274275,(04)23288582,2025,03,31,20,21,臺中市,潭子區,0,1,0,5,1,6,50,4,1,1,4,4,6,6,4,4,5,5,5,2,15,3,10,3,1,B03,7,9,1,8,2,1,,12,12,1,13,4,120.701752,24.188282,2
12453,66000,387130000C,(04)23274275,(04)23288582,2025,03,31,20,25,臺中市,南區,0,0,0,7,,,50,,,,,,,,,,,,,,17,,,,,B03,,,1,,2,,,39,39,1,12,4,120.676724,24.132782,3
12454,66000,387130000C,(04)23274275,(04)23288582,2025,03,31,20,36,臺中市,大里區,0,1,0,6,1,6,50,3,1,1,4,4,3,6,4,4,10,5,5,2,17,3,10,3,1,B03,7,6,1,8,2,5,,20,20,1,12,4,120.700353,24.110301,2
12455,66000,387130000C,(04)23274275,(04)23288582,2025,03,31,20,40,臺中市,大雅區,0,0,0,7,,,40,,,,,,,,,,,,,,,,,,,B03,,,1,,2,,,82,82,1,12,4,120.64527,24.226008,3
12456,66000,387130000C,(04)23274275,(04)23288582,2025,03,31,20,40,臺中市,大里區,0,1,0,6,1,6,50,13,7,1,5,4,6,6,4,4,5,4,4,2,16,2,7,5,4,C04,7,6,1,10,2,11,,20,20,1,13,4,120.690357,24.10145,2
12457,66000,387130000C,(04)23274275,(04)23288582,2025,03,31,20,41,臺中市,潭子區,0,0,0,6,,,30,,,,,,,,,,,,,,,,,,,B03,,,1,,2,,,49,49,1,13,4,120.694143,24.217688,3
12458,66000,387130000C,(04)23274275,(04)23288582,2025,03,31,20,47,臺中市,西區,0,0,0,7,,,50,,,,,,,,,,,,,,,,,,,B03,,,1,,2,,,84,84,1,12,4,120.671344,24.147589,3
12459,66000,387130000C,(04)23274275,(04)23288582,2025,03,31,20,55,臺中市,沙鹿區,0,1,0,5,1,6,30,9,11,1,4,4,6,6,4,4,10,5,5,2,18,2,9,2,1,C03,7,12,1,10,2,14,,7,7,1,13,4,120.558446,24.242074,2
12460,66000,387130000C,(04)23274275,(04)23288582,2025,03,31,21,6,臺中市,北區,0,1,0,7,1,6,50,4,1,1,5,4,6,6,1,1,5,5,5,2,17,3,10,5,1,C03,7,9,1,10,2,11,,21,21,1,13,4,120.680853,24.149177,2
12461,66000,387130000C,(04)23274275,(04)23288582,2025,03,31,21,10,臺中市,豐原區,0,1,0,6,1,6,50,3,1,1,4,4,6,6,4,4,5,4,4,2,3,3,10,3,1,B03,7,6,1,8,2,1,,10,10,1,12,4,120.706184,24.246684,2
12462,66000,387130000C,(04)23274275,(04)23288582,2025,03,31,21,12,臺中市,南屯區,0,0,0,7,,,50,,,,,,,,,,,,,,13,,,,,B03,,,1,,1,,,7,7,1,12,4,120.646581,24.146431,3
12463,66000,387130000C,(04)23274275,(04)23288582,2025,03,31,21,12,臺中市,西屯區,0,0,0,7,,,30,,,,,,,,,,,,,,17,,,,,B03,,,1,,1,,,42,42,1,12,4,120.645653,24.181853,3
12464,66000,387130000C,(04)23274275,(04)23288582,2025,03,31,21,13,臺中市,中區,0,0,0,7,,,50,,,,,,,,,,,,,,,,,,,C03,,,1,,1,,,84,84,1,12,4,120.677608,24.146078,3
12465,66000,387130000C,(04)23274275,(04)23288582,2025,03,31,21,20,臺中市,東勢區,0,0,0,5,,,60,,,,,,,,,,,,,,17,,,,,C03,,,1,,1,,,51,51,1,13,4,120.824338,24.257929,3
12466,66000,387130000C,(04)23274275,(04)23288582,2025,03,31,21,45,臺中市,南區,0,3,0,6,1,6,50,4,1,1,5,4,6,6,1,1,10,5,5,2,17,2,6,5,4,C03,7,15,1,10,2,12,,84,84,1,12,4,120.681121,24.127813,2
12467,66000,387130000C,(04)23274275,(04)23288582,2025,03,31,21,49,臺中市,南屯區,0,2,0,5,1,6,50,4,1,1,4,4,6,6,3,1,10,5,5,2,15,2,9,1,1,C03,7,9,1,10,2,12,,24,24,1,6,4,120.641377,24.136076,2
12468,66000,387130000C,(04)23274275,(04)23288582,2025,03,31,21,54,臺中市,沙鹿區,0,1,0,5,1,6,40,13,8,1,4,4,6,6,4,4,1,4,1,1,17,3,10,3,1,B03,7,1,1,6,2,8,,51,51,1,12,4,120.566113,24.238839,2
12469,66000,387130000C,(04)23274275,(04)23288582,2025,03,31,21,59,臺中市,西屯區,0,0,0,5,3,9,50,4,2,1,4,4,6,6,2,1,1,4,1,2,17,,,,,,,,,,,,,86,86,1,,,120.657598,24.157801,3
12470,66000,387130000C,(04)23274275,(04)23288582,2025,03,31,22,2,臺中市,霧峰區,0,1,0,7,1,6,50,13,9,1,5,4,6,6,4,4,5,5,5,2,18,2,9,1,1,C03,7,9,1,10,2,12,,84,84,1,6,4,120.701763,24.060682,2
12471,66000,387130000C,(04)23274275,(04)23288582,2025,03,31,22,4,臺中市,潭子區,0,1,0,6,1,6,50,13,14,1,5,4,6,6,4,4,1,4,4,1,17,2,9,3,1,B03,7,7,1,8,2,1,,84,84,1,13,4,120.680712,24.216148,2
12472,66000,387130000C,(04)23274275,(04)23288582,2025,03,31,22,5,臺中市,梧棲區,0,1,0,5,1,6,50,13,9,1,4,4,6,6,4,4,5,5,5,1,18,2,9,1,1,C03,7,9,1,10,2,14,,43,43,1,6,4,120.537181,24.242893,2
12473,66000,387130000C,(04)23274275,(04)23288582,2025,03,31,22,18,臺中市,北屯區,0,1,0,5,1,6,50,3,19,1,4,4,6,6,1,1,10,5,5,2,1,3,10,3,3,B03,7,6,1,8,2,8,,10,10,1,12,4,120.719098,24.174906,2
12474,66000,387130000C,(04)23274275,(04)23288582,2025,03,31,22,35,臺中市,南區,0,1,0,5,1,6,50,3,1,1,4,4,6,6,1,1,5,2,5,1,13,3,10,3,1,B03,7,9,1,8,2,8,,7,7,1,13,4,120.657716,24.125269,2
12475,66000,387130000C,(04)23274275,(04)23288582,2025,03,31,22,42,臺中市,太平區,0,0,0,5,1,6,40,,,,,,,,,,,,,,,,,,,B03,,,1,,2,4,,8,8,1,12,4,120.71457,24.122941,3
12476,66000,387130000C,(04)23274275,(04)23288582,2025,03,31,22,50,臺中市,南屯區,0,0,0,5,,,50,,,,,,,,,,,,,,,,,,,B03,,,1,,1,,,49,49,1,12,4,120.647348,24.153511,3
12477,66000,387130000C,(04)23274275,(04)23288582,2025,03,31,22,59,臺中市,潭子區,0,0,0,5,,,30,,,,,,,,,,,,,,,,,,,B02,,,1,,2,,,49,49,1,13,4,120.709049,24.21053,3
12478,66000,387130000C,(04)23274275,(04)23288582,2025,03,31,22,59,臺中市,大里區,0,0,0,5,,,50,,,,,,,,,,,,,,17,,,,,B03,,,1,,2,,,54,54,1,13,4,120.689089,24.087843,3
12479,66000,387130000C,(04)23274275,(04)23288582,2025,03,31,23,23,臺中市,西屯區,0,0,0,5,,,40,,,,,,,,,,,,,,16,,,,,B01,,,1,,1,,,40,40,1,13,4,120.655386,24.15909,3
12480,66000,387130000C,(04)23274275,(04)23288582,2025,03,31,23,28,臺中市,西區,0,1,0,5,1,6,40,5,2,1,4,4,6,6,1,1,1,2,1,2,30,2,9,1,1,C03,7,9,1,10,2,11,,84,84,1,12,4,120.664032,24.154854,2
12481,66000,387130000C,(04)23274275,(04)23288582,2025,03,31,23,32,臺中市,南區,0,1,0,5,1,6,50,4,2,1,4,4,6,6,2,1,3,4,5,2,26,2,9,1,1,C03,7,9,1,10,2,11,,84,84,1,5,4,120.678537,24.128182,2
12482,66000,387130000C,(04)23274275,(04)23288582,2025,03,31,23,42,臺中市,北屯區,0,0,0,5,,,50,,,,,,,,,,,,,,,,,,,B12,,,1,,1,,,84,84,1,13,4,120.662813,24.197538,4
12483,66000,387130000C,(04)23274275,(04)23288582,2025,03,31,23,45,臺中市,太平區,0,2,0,5,1,6,40,3,2,1,4,4,6,6,4,4,5,4,4,1,2,2,9,1,1,C03,7,9,1,10,2,11,,84,84,1,6,4,120.714551,24.145816,2
12484,66000,387130000C,(04)23274275,(04)23288582,2025,03,31,23,53,臺中市,大里區,0,1,0,5,3,6,30,4,1,1,4,4,6,6,4,4,10,5,5,2,15,2,9,2,1,C03,7,9,1,10,2,11,,20,20,1,13,4,120.707331,24.085552